ISO-10303-21;
HEADER;
/* Generated by software containing ST-Developer
 * from STEP Tools, Inc. (www.steptools.com) 
 */

FILE_DESCRIPTION(
/* description */ (''),
/* implementation_level */ '2;1');

FILE_NAME(
/* name */ 'Momentary Push Button.step',
/* time_stamp */ '2025-12-29T11:46:17+01:00',
/* author */ (''),
/* organization */ (''),
/* preprocessor_version */ 'ST-DEVELOPER v20.1',
/* originating_system */ 'Autodesk Translation Framework v14.21.0.0',
/* authorisation */ '');

FILE_SCHEMA (('AUTOMOTIVE_DESIGN { 1 0 10303 214 3 1 1 }'));
ENDSEC;

DATA;
#10=MECHANICAL_DESIGN_GEOMETRIC_PRESENTATION_REPRESENTATION('',(#21,#22,
#23,#24,#25,#26,#27,#28,#29,#30,#31,#32,#33),#12248);
#11=ITEM_DEFINED_TRANSFORMATION($,$,#3245,#3463);
#12=(
REPRESENTATION_RELATIONSHIP($,$,#12259,#12258)
REPRESENTATION_RELATIONSHIP_WITH_TRANSFORMATION(#11)
SHAPE_REPRESENTATION_RELATIONSHIP()
);
#13=CONTEXT_DEPENDENT_SHAPE_REPRESENTATION(#12,#12257);
#14=NEXT_ASSEMBLY_USAGE_OCCURRENCE('Verschraubung:1','Verschraubung:1',
'Verschraubung:1',#12261,#12262,'Verschraubung:1');
#15=(
BOUNDED_SURFACE()
B_SPLINE_SURFACE(5,2,((#11753,#11754,#11755,#11756,#11757,#11758,#11759,
#11760,#11761),(#11762,#11763,#11764,#11765,#11766,#11767,#11768,#11769,
#11770),(#11771,#11772,#11773,#11774,#11775,#11776,#11777,#11778,#11779),
(#11780,#11781,#11782,#11783,#11784,#11785,#11786,#11787,#11788),(#11789,
#11790,#11791,#11792,#11793,#11794,#11795,#11796,#11797),(#11798,#11799,
#11800,#11801,#11802,#11803,#11804,#11805,#11806),(#11807,#11808,#11809,
#11810,#11811,#11812,#11813,#11814,#11815),(#11816,#11817,#11818,#11819,
#11820,#11821,#11822,#11823,#11824),(#11825,#11826,#11827,#11828,#11829,
#11830,#11831,#11832,#11833),(#11834,#11835,#11836,#11837,#11838,#11839,
#11840,#11841,#11842),(#11843,#11844,#11845,#11846,#11847,#11848,#11849,
#11850,#11851),(#11852,#11853,#11854,#11855,#11856,#11857,#11858,#11859,
#11860),(#11861,#11862,#11863,#11864,#11865,#11866,#11867,#11868,#11869),
(#11870,#11871,#11872,#11873,#11874,#11875,#11876,#11877,#11878),(#11879,
#11880,#11881,#11882,#11883,#11884,#11885,#11886,#11887),(#11888,#11889,
#11890,#11891,#11892,#11893,#11894,#11895,#11896),(#11897,#11898,#11899,
#11900,#11901,#11902,#11903,#11904,#11905),(#11906,#11907,#11908,#11909,
#11910,#11911,#11912,#11913,#11914),(#11915,#11916,#11917,#11918,#11919,
#11920,#11921,#11922,#11923),(#11924,#11925,#11926,#11927,#11928,#11929,
#11930,#11931,#11932),(#11933,#11934,#11935,#11936,#11937,#11938,#11939,
#11940,#11941),(#11942,#11943,#11944,#11945,#11946,#11947,#11948,#11949,
#11950),(#11951,#11952,#11953,#11954,#11955,#11956,#11957,#11958,#11959),
(#11960,#11961,#11962,#11963,#11964,#11965,#11966,#11967,#11968),(#11969,
#11970,#11971,#11972,#11973,#11974,#11975,#11976,#11977),(#11978,#11979,
#11980,#11981,#11982,#11983,#11984,#11985,#11986),(#11987,#11988,#11989,
#11990,#11991,#11992,#11993,#11994,#11995),(#11996,#11997,#11998,#11999,
#12000,#12001,#12002,#12003,#12004),(#12005,#12006,#12007,#12008,#12009,
#12010,#12011,#12012,#12013),(#12014,#12015,#12016,#12017,#12018,#12019,
#12020,#12021,#12022),(#12023,#12024,#12025,#12026,#12027,#12028,#12029,
#12030,#12031),(#12032,#12033,#12034,#12035,#12036,#12037,#12038,#12039,
#12040),(#12041,#12042,#12043,#12044,#12045,#12046,#12047,#12048,#12049),
(#12050,#12051,#12052,#12053,#12054,#12055,#12056,#12057,#12058),(#12059,
#12060,#12061,#12062,#12063,#12064,#12065,#12066,#12067),(#12068,#12069,
#12070,#12071,#12072,#12073,#12074,#12075,#12076),(#12077,#12078,#12079,
#12080,#12081,#12082,#12083,#12084,#12085),(#12086,#12087,#12088,#12089,
#12090,#12091,#12092,#12093,#12094),(#12095,#12096,#12097,#12098,#12099,
#12100,#12101,#12102,#12103),(#12104,#12105,#12106,#12107,#12108,#12109,
#12110,#12111,#12112),(#12113,#12114,#12115,#12116,#12117,#12118,#12119,
#12120,#12121),(#12122,#12123,#12124,#12125,#12126,#12127,#12128,#12129,
#12130),(#12131,#12132,#12133,#12134,#12135,#12136,#12137,#12138,#12139),
(#12140,#12141,#12142,#12143,#12144,#12145,#12146,#12147,#12148),(#12149,
#12150,#12151,#12152,#12153,#12154,#12155,#12156,#12157)),.UNSPECIFIED.,
 .F.,.T.,.F.)
B_SPLINE_SURFACE_WITH_KNOTS((6,1,1,1,1,1,1,1,1,1,1,1,1,1,1,1,1,1,1,1,1,
1,1,1,1,1,1,1,1,1,1,1,1,1,1,1,1,1,1,1,6),(3,2,2,2,3),(-1.,-0.975000000000001,
-0.950000000000001,-0.925,-0.9,-0.875,-0.85,-0.825,-0.8,-0.775,-0.75,-0.725,
-0.7,-0.675,-0.65,-0.625,-0.6,-0.575,-0.55,-0.525,-0.5,-0.475,-0.45,-0.425,
-0.4,-0.375,-0.35,-0.325,-0.3,-0.275,-0.25,-0.225,-0.2,-0.175,-0.15,-0.125,
-0.1,-0.075,-0.05,-0.025,0.),(0.,1.5707963267949,3.14159265358979,4.71238898038469,
6.28318530717959),.UNSPECIFIED.)
GEOMETRIC_REPRESENTATION_ITEM()
RATIONAL_B_SPLINE_SURFACE(((1.,0.707106781186548,1.,0.707106781186548,1.,
0.707106781186548,1.,0.707106781186548,1.),(1.,0.707106781186548,1.,0.707106781186548,
1.,0.707106781186548,1.,0.707106781186548,1.),(1.,0.707106781186548,1.,
0.707106781186548,1.,0.707106781186548,1.,0.707106781186548,1.),(1.,0.707106781186548,
1.,0.707106781186548,1.,0.707106781186548,1.,0.707106781186548,1.),(1.,
0.707106781186548,1.,0.707106781186548,1.,0.707106781186548,1.,0.707106781186548,
1.),(1.,0.707106781186548,1.,0.707106781186548,1.,0.707106781186548,1.,
0.707106781186548,1.),(1.,0.707106781186548,1.,0.707106781186548,1.,0.707106781186548,
1.,0.707106781186548,1.),(1.,0.707106781186548,1.,0.707106781186548,1.,
0.707106781186548,1.,0.707106781186548,1.),(1.,0.707106781186548,1.,0.707106781186548,
1.,0.707106781186548,1.,0.707106781186548,1.),(1.,0.707106781186548,1.,
0.707106781186548,1.,0.707106781186548,1.,0.707106781186548,1.),(1.,0.707106781186548,
1.,0.707106781186548,1.,0.707106781186548,1.,0.707106781186548,1.),(1.,
0.707106781186548,1.,0.707106781186548,1.,0.707106781186548,1.,0.707106781186548,
1.),(1.,0.707106781186548,1.,0.707106781186548,1.,0.707106781186548,1.,
0.707106781186548,1.),(1.,0.707106781186548,1.,0.707106781186548,1.,0.707106781186548,
1.,0.707106781186548,1.),(1.,0.707106781186548,1.,0.707106781186548,1.,
0.707106781186548,1.,0.707106781186548,1.),(1.,0.707106781186548,1.,0.707106781186548,
1.,0.707106781186548,1.,0.707106781186548,1.),(1.,0.707106781186548,1.,
0.707106781186548,1.,0.707106781186548,1.,0.707106781186548,1.),(1.,0.707106781186548,
1.,0.707106781186548,1.,0.707106781186548,1.,0.707106781186548,1.),(1.,
0.707106781186548,1.,0.707106781186548,1.,0.707106781186548,1.,0.707106781186548,
1.),(1.,0.707106781186548,1.,0.707106781186548,1.,0.707106781186548,1.,
0.707106781186548,1.),(1.,0.707106781186548,1.,0.707106781186548,1.,0.707106781186548,
1.,0.707106781186548,1.),(1.,0.707106781186548,1.,0.707106781186548,1.,
0.707106781186548,1.,0.707106781186548,1.),(1.,0.707106781186548,1.,0.707106781186548,
1.,0.707106781186548,1.,0.707106781186548,1.),(1.,0.707106781186548,1.,
0.707106781186548,1.,0.707106781186548,1.,0.707106781186548,1.),(1.,0.707106781186548,
1.,0.707106781186548,1.,0.707106781186548,1.,0.707106781186548,1.),(1.,
0.707106781186548,1.,0.707106781186548,1.,0.707106781186548,1.,0.707106781186548,
1.),(1.,0.707106781186548,1.,0.707106781186548,1.,0.707106781186548,1.,
0.707106781186548,1.),(1.,0.707106781186548,1.,0.707106781186548,1.,0.707106781186548,
1.,0.707106781186548,1.),(1.,0.707106781186548,1.,0.707106781186548,1.,
0.707106781186548,1.,0.707106781186548,1.),(1.,0.707106781186548,1.,0.707106781186548,
1.,0.707106781186548,1.,0.707106781186548,1.),(1.,0.707106781186548,1.,
0.707106781186548,1.,0.707106781186548,1.,0.707106781186548,1.),(1.,0.707106781186548,
1.,0.707106781186548,1.,0.707106781186548,1.,0.707106781186548,1.),(1.,
0.707106781186548,1.,0.707106781186548,1.,0.707106781186548,1.,0.707106781186548,
1.),(1.,0.707106781186548,1.,0.707106781186548,1.,0.707106781186548,1.,
0.707106781186548,1.),(1.,0.707106781186548,1.,0.707106781186548,1.,0.707106781186548,
1.,0.707106781186548,1.),(1.,0.707106781186548,1.,0.707106781186548,1.,
0.707106781186548,1.,0.707106781186548,1.),(1.,0.707106781186548,1.,0.707106781186548,
1.,0.707106781186548,1.,0.707106781186548,1.),(1.,0.707106781186548,1.,
0.707106781186548,1.,0.707106781186548,1.,0.707106781186548,1.),(1.,0.707106781186548,
1.,0.707106781186548,1.,0.707106781186548,1.,0.707106781186548,1.),(1.,
0.707106781186548,1.,0.707106781186548,1.,0.707106781186548,1.,0.707106781186548,
1.),(1.,0.707106781186548,1.,0.707106781186548,1.,0.707106781186548,1.,
0.707106781186548,1.),(1.,0.707106781186548,1.,0.707106781186548,1.,0.707106781186548,
1.,0.707106781186548,1.),(1.,0.707106781186548,1.,0.707106781186548,1.,
0.707106781186548,1.,0.707106781186548,1.),(1.,0.707106781186548,1.,0.707106781186548,
1.,0.707106781186548,1.,0.707106781186548,1.),(1.,0.707106781186548,1.,
0.707106781186548,1.,0.707106781186548,1.,0.707106781186548,1.)))
REPRESENTATION_ITEM('')
SURFACE()
);
#16=(
BOUNDED_SURFACE()
B_SPLINE_SURFACE(2,2,((#12213,#12214,#12215,#12216,#12217,#12218,#12219,
#12220,#12221),(#12222,#12223,#12224,#12225,#12226,#12227,#12228,#12229,
#12230),(#12231,#12232,#12233,#12234,#12235,#12236,#12237,#12238,#12239)),
 .UNSPECIFIED.,.F.,.T.,.F.)
B_SPLINE_SURFACE_WITH_KNOTS((3,3),(3,2,2,2,3),(0.923807391285724,1.66431495517424),
(-3.14159265358979,-1.5707963267949,0.,1.5707963267949,3.14159265358979),
 .UNSPECIFIED.)
GEOMETRIC_REPRESENTATION_ITEM()
RATIONAL_B_SPLINE_SURFACE(((1.,0.707106781186548,1.,0.707106781186548,1.,
0.707106781186548,1.,0.707106781186548,1.),(0.932235544116228,0.659190074907716,
0.932235544116228,0.659190074907716,0.932235544116228,0.659190074907716,
0.932235544116228,0.659190074907716,0.932235544116228),(1.,0.707106781186548,
1.,0.707106781186548,1.,0.707106781186548,1.,0.707106781186548,1.)))
REPRESENTATION_ITEM('')
SURFACE()
);
#17=SHAPE_REPRESENTATION_RELATIONSHIP('SRR','None',#12259,#19);
#18=SHAPE_REPRESENTATION_RELATIONSHIP('SRR','None',#12258,#20);
#19=ADVANCED_BREP_SHAPE_REPRESENTATION('',(#34),#12247);
#20=ADVANCED_BREP_SHAPE_REPRESENTATION('',(#35),#12246);
#21=STYLED_ITEM('',(#12273),#34);
#22=STYLED_ITEM('',(#12274),#3145);
#23=STYLED_ITEM('',(#12274),#3146);
#24=STYLED_ITEM('',(#12274),#3149);
#25=STYLED_ITEM('',(#12274),#3152);
#26=STYLED_ITEM('',(#12274),#3153);
#27=STYLED_ITEM('',(#12274),#3162);
#28=STYLED_ITEM('',(#12274),#3163);
#29=STYLED_ITEM('',(#12274),#3164);
#30=STYLED_ITEM('',(#12274),#3165);
#31=STYLED_ITEM('',(#12275),#3228);
#32=STYLED_ITEM('',(#12275),#3229);
#33=STYLED_ITEM('',(#12273),#35);
#34=MANIFOLD_SOLID_BREP('K\X\F6rper1',#3230);
#35=MANIFOLD_SOLID_BREP('K\X\F6rper1',#3231);
#36=(
BOUNDED_CURVE()
B_SPLINE_CURVE(2,(#6365,#6366,#6367),.UNSPECIFIED.,.F.,.F.)
B_SPLINE_CURVE_WITH_KNOTS((3,3),(0.0181705222402237,0.146178371822381),
 .UNSPECIFIED.)
CURVE()
GEOMETRIC_REPRESENTATION_ITEM()
RATIONAL_B_SPLINE_CURVE((1.00072041705509,1.00289780862523,1.))
REPRESENTATION_ITEM('')
);
#37=(
BOUNDED_CURVE()
B_SPLINE_CURVE(2,(#6368,#6369,#6370),.UNSPECIFIED.,.F.,.F.)
B_SPLINE_CURVE_WITH_KNOTS((3,3),(0.,0.128007849582156),.UNSPECIFIED.)
CURVE()
GEOMETRIC_REPRESENTATION_ITEM()
RATIONAL_B_SPLINE_CURVE((1.,1.00289780862521,1.00072041705508))
REPRESENTATION_ITEM('')
);
#38=(
BOUNDED_CURVE()
B_SPLINE_CURVE(2,(#6373,#6374,#6375),.UNSPECIFIED.,.F.,.F.)
B_SPLINE_CURVE_WITH_KNOTS((3,3),(0.0181705222402246,0.146178371822381),
 .UNSPECIFIED.)
CURVE()
GEOMETRIC_REPRESENTATION_ITEM()
RATIONAL_B_SPLINE_CURVE((1.00072041705507,1.00289780862517,1.))
REPRESENTATION_ITEM('')
);
#39=(
BOUNDED_CURVE()
B_SPLINE_CURVE(2,(#6376,#6377,#6378),.UNSPECIFIED.,.F.,.F.)
B_SPLINE_CURVE_WITH_KNOTS((3,3),(0.,0.128007849582158),.UNSPECIFIED.)
CURVE()
GEOMETRIC_REPRESENTATION_ITEM()
RATIONAL_B_SPLINE_CURVE((1.,1.00289780862525,1.00072041705509))
REPRESENTATION_ITEM('')
);
#40=(
BOUNDED_CURVE()
B_SPLINE_CURVE(2,(#6381,#6382,#6383),.UNSPECIFIED.,.F.,.F.)
B_SPLINE_CURVE_WITH_KNOTS((3,3),(0.0181705222402234,0.146178371822381),
 .UNSPECIFIED.)
CURVE()
GEOMETRIC_REPRESENTATION_ITEM()
RATIONAL_B_SPLINE_CURVE((1.0007204170551,1.00289780862529,1.))
REPRESENTATION_ITEM('')
);
#41=(
BOUNDED_CURVE()
B_SPLINE_CURVE(2,(#6384,#6385,#6386),.UNSPECIFIED.,.F.,.F.)
B_SPLINE_CURVE_WITH_KNOTS((3,3),(0.,0.128007849582158),.UNSPECIFIED.)
CURVE()
GEOMETRIC_REPRESENTATION_ITEM()
RATIONAL_B_SPLINE_CURVE((1.,1.00289780862529,1.0007204170551))
REPRESENTATION_ITEM('')
);
#42=(
BOUNDED_CURVE()
B_SPLINE_CURVE(2,(#6389,#6390,#6391),.UNSPECIFIED.,.F.,.F.)
B_SPLINE_CURVE_WITH_KNOTS((3,3),(0.0181705222402237,0.146178371822381),
 .UNSPECIFIED.)
CURVE()
GEOMETRIC_REPRESENTATION_ITEM()
RATIONAL_B_SPLINE_CURVE((1.00072041705509,1.00289780862524,1.))
REPRESENTATION_ITEM('')
);
#43=(
BOUNDED_CURVE()
B_SPLINE_CURVE(2,(#6392,#6393,#6394),.UNSPECIFIED.,.F.,.F.)
B_SPLINE_CURVE_WITH_KNOTS((3,3),(0.,0.128007849582158),.UNSPECIFIED.)
CURVE()
GEOMETRIC_REPRESENTATION_ITEM()
RATIONAL_B_SPLINE_CURVE((1.,1.00289780862527,1.00072041705509))
REPRESENTATION_ITEM('')
);
#44=(
BOUNDED_CURVE()
B_SPLINE_CURVE(2,(#6397,#6398,#6399),.UNSPECIFIED.,.F.,.F.)
B_SPLINE_CURVE_WITH_KNOTS((3,3),(0.,0.128007849582159),.UNSPECIFIED.)
CURVE()
GEOMETRIC_REPRESENTATION_ITEM()
RATIONAL_B_SPLINE_CURVE((1.,1.00289780862538,1.00072041705512))
REPRESENTATION_ITEM('')
);
#45=(
BOUNDED_CURVE()
B_SPLINE_CURVE(2,(#6400,#6401,#6402),.UNSPECIFIED.,.F.,.F.)
B_SPLINE_CURVE_WITH_KNOTS((3,3),(0.0181705222402227,0.146178371822381),
 .UNSPECIFIED.)
CURVE()
GEOMETRIC_REPRESENTATION_ITEM()
RATIONAL_B_SPLINE_CURVE((1.00072041705511,1.00289780862533,1.))
REPRESENTATION_ITEM('')
);
#46=(
BOUNDED_CURVE()
B_SPLINE_CURVE(2,(#6405,#6406,#6407),.UNSPECIFIED.,.F.,.F.)
B_SPLINE_CURVE_WITH_KNOTS((3,3),(0.018170522240223,0.146178371822381),
 .UNSPECIFIED.)
CURVE()
GEOMETRIC_REPRESENTATION_ITEM()
RATIONAL_B_SPLINE_CURVE((1.0007204170551,1.0028978086253,1.))
REPRESENTATION_ITEM('')
);
#47=(
BOUNDED_CURVE()
B_SPLINE_CURVE(2,(#6408,#6409,#6410),.UNSPECIFIED.,.F.,.F.)
B_SPLINE_CURVE_WITH_KNOTS((3,3),(0.,0.128007849582155),.UNSPECIFIED.)
CURVE()
GEOMETRIC_REPRESENTATION_ITEM()
RATIONAL_B_SPLINE_CURVE((1.,1.00289780862504,1.00072041705504))
REPRESENTATION_ITEM('')
);
#48=(
BOUNDED_CURVE()
B_SPLINE_CURVE(5,(#12159,#12160,#12161,#12162,#12163,#12164,#12165,#12166,
#12167,#12168,#12169,#12170,#12171,#12172,#12173,#12174,#12175,#12176,#12177,
#12178,#12179,#12180,#12181,#12182,#12183,#12184,#12185,#12186,#12187,#12188,
#12189,#12190,#12191,#12192,#12193,#12194,#12195,#12196,#12197,#12198,#12199,
#12200,#12201,#12202,#12203),.UNSPECIFIED.,.F.,.F.)
B_SPLINE_CURVE_WITH_KNOTS((6,1,1,1,1,1,1,1,1,1,1,1,1,1,1,1,1,1,1,1,1,1,
1,1,1,1,1,1,1,1,1,1,1,1,1,1,1,1,1,1,6),(0.,0.025,0.05,0.075,0.1,0.125,0.15,
0.175,0.2,0.225,0.25,0.275,0.3,0.325,0.35,0.375,0.4,0.425,0.45,0.475,0.5,
0.525,0.55,0.575,0.6,0.625,0.65,0.675,0.7,0.725,0.75,0.775,0.8,0.825,0.85,
0.875,0.9,0.925,0.950000000000001,0.975000000000001,1.),.UNSPECIFIED.)
CURVE()
GEOMETRIC_REPRESENTATION_ITEM()
RATIONAL_B_SPLINE_CURVE((1.,1.,1.,1.,1.,1.,1.,1.,1.,1.,1.,1.,1.,1.,1.,1.,
1.,1.,1.,1.,1.,1.,1.,1.,1.,1.,1.,1.,1.,1.,1.,1.,1.,1.,1.,1.,1.,1.,1.,1.,
1.,1.,1.,1.,1.))
REPRESENTATION_ITEM('')
);
#49=CONICAL_SURFACE('',#3331,7.77320114547176,0.685799098188003);
#50=CONICAL_SURFACE('',#3332,7.77320114547176,0.685799098188003);
#51=CONICAL_SURFACE('',#3333,7.77320114547176,0.685799098188003);
#52=CONICAL_SURFACE('',#3334,7.77320114547176,0.685799098188003);
#53=CONICAL_SURFACE('',#3335,7.77320114547176,0.685799098188003);
#54=CONICAL_SURFACE('',#3336,7.77320114547176,0.685799098188003);
#55=B_SPLINE_SURFACE_WITH_KNOTS('',3,3,((#4673,#4674,#4675,#4676),(#4677,
#4678,#4679,#4680),(#4681,#4682,#4683,#4684),(#4685,#4686,#4687,#4688)),
 .UNSPECIFIED.,.F.,.F.,.F.,(4,4),(4,4),(0.,0.426829268292683),(-0.175,3.22658566531686E-16),
 .UNSPECIFIED.);
#56=B_SPLINE_SURFACE_WITH_KNOTS('',3,3,((#4838,#4839,#4840,#4841),(#4842,
#4843,#4844,#4845),(#4846,#4847,#4848,#4849),(#4850,#4851,#4852,#4853)),
 .UNSPECIFIED.,.F.,.F.,.F.,(4,4),(4,4),(0.,0.426829268292683),(-0.175,8.84708972748172E-16),
 .UNSPECIFIED.);
#57=B_SPLINE_SURFACE_WITH_KNOTS('',3,3,((#4871,#4872,#4873,#4874),(#4875,
#4876,#4877,#4878),(#4879,#4880,#4881,#4882),(#4883,#4884,#4885,#4886)),
 .UNSPECIFIED.,.F.,.F.,.F.,(4,4),(4,4),(0.,0.426829268292683),(-0.175,2.02553012177117E-17),
 .UNSPECIFIED.);
#58=B_SPLINE_SURFACE_WITH_KNOTS('',3,3,((#4904,#4905,#4906,#4907),(#4908,
#4909,#4910,#4911),(#4912,#4913,#4914,#4915),(#4916,#4917,#4918,#4919)),
 .UNSPECIFIED.,.F.,.F.,.F.,(4,4),(4,4),(0.,0.426829268292683),(-0.175,2.63677968348475E-16),
 .UNSPECIFIED.);
#59=B_SPLINE_SURFACE_WITH_KNOTS('',3,3,((#4937,#4938,#4939,#4940),(#4941,
#4942,#4943,#4944),(#4945,#4946,#4947,#4948),(#4949,#4950,#4951,#4952)),
 .UNSPECIFIED.,.F.,.F.,.F.,(4,4),(4,4),(0.,0.426829268292683),(-0.175,4.37150315946155E-16),
 .UNSPECIFIED.);
#60=B_SPLINE_SURFACE_WITH_KNOTS('',3,3,((#4970,#4971,#4972,#4973),(#4974,
#4975,#4976,#4977),(#4978,#4979,#4980,#4981),(#4982,#4983,#4984,#4985)),
 .UNSPECIFIED.,.F.,.F.,.F.,(4,4),(4,4),(0.,0.426829268292683),(-0.175,1.628909424764E-18),
 .UNSPECIFIED.);
#61=B_SPLINE_SURFACE_WITH_KNOTS('',3,3,((#5003,#5004,#5005,#5006),(#5007,
#5008,#5009,#5010),(#5011,#5012,#5013,#5014),(#5015,#5016,#5017,#5018)),
 .UNSPECIFIED.,.F.,.F.,.F.,(4,4),(4,4),(0.,0.426829268292683),(-0.175,1.00613961606655E-16),
 .UNSPECIFIED.);
#62=B_SPLINE_SURFACE_WITH_KNOTS('',3,3,((#5036,#5037,#5038,#5039),(#5040,
#5041,#5042,#5043),(#5044,#5045,#5046,#5047),(#5048,#5049,#5050,#5051)),
 .UNSPECIFIED.,.F.,.F.,.F.,(4,4),(4,4),(0.,0.426829268292683),(-0.175,6.93889390390723E-18),
 .UNSPECIFIED.);
#63=B_SPLINE_SURFACE_WITH_KNOTS('',3,3,((#5069,#5070,#5071,#5072),(#5073,
#5074,#5075,#5076),(#5077,#5078,#5079,#5080),(#5081,#5082,#5083,#5084)),
 .UNSPECIFIED.,.F.,.F.,.F.,(4,4),(4,4),(0.,0.426829268292683),(-0.175,3.12250225675825E-16),
 .UNSPECIFIED.);
#64=B_SPLINE_SURFACE_WITH_KNOTS('',3,3,((#5102,#5103,#5104,#5105),(#5106,
#5107,#5108,#5109),(#5110,#5111,#5112,#5113),(#5114,#5115,#5116,#5117)),
 .UNSPECIFIED.,.F.,.F.,.F.,(4,4),(4,4),(0.,0.426829268292683),(-0.175,1.01006731043511E-16),
 .UNSPECIFIED.);
#65=B_SPLINE_SURFACE_WITH_KNOTS('',3,3,((#5137,#5138,#5139,#5140),(#5141,
#5142,#5143,#5144),(#5145,#5146,#5147,#5148),(#5149,#5150,#5151,#5152)),
 .UNSPECIFIED.,.F.,.F.,.F.,(4,4),(4,4),(0.,0.426829268292683),(-0.175,1.56125112837913E-16),
 .UNSPECIFIED.);
#66=B_SPLINE_SURFACE_WITH_KNOTS('',3,3,((#5170,#5171,#5172,#5173),(#5174,
#5175,#5176,#5177),(#5178,#5179,#5180,#5181),(#5182,#5183,#5184,#5185)),
 .UNSPECIFIED.,.F.,.F.,.F.,(4,4),(4,4),(0.,0.426829268292683),(-0.175,1.08940634291343E-15),
 .UNSPECIFIED.);
#67=B_SPLINE_SURFACE_WITH_KNOTS('',3,3,((#5203,#5204,#5205,#5206),(#5207,
#5208,#5209,#5210),(#5211,#5212,#5213,#5214),(#5215,#5216,#5217,#5218)),
 .UNSPECIFIED.,.F.,.F.,.F.,(4,4),(4,4),(0.,0.426829268292683),(-0.175,3.4276641976755E-17),
 .UNSPECIFIED.);
#68=B_SPLINE_SURFACE_WITH_KNOTS('',3,3,((#5236,#5237,#5238,#5239),(#5240,
#5241,#5242,#5243),(#5244,#5245,#5246,#5247),(#5248,#5249,#5250,#5251)),
 .UNSPECIFIED.,.F.,.F.,.F.,(4,4),(4,4),(0.,0.426829268292683),(-0.175,0.),
 .UNSPECIFIED.);
#69=B_SPLINE_SURFACE_WITH_KNOTS('',3,3,((#5302,#5303,#5304,#5305,#5306,
#5307,#5308,#5309,#5310,#5311,#5312,#5313,#5314,#5315,#5316,#5317,#5318,
#5319,#5320,#5321,#5322,#5323,#5324,#5325,#5326,#5327,#5328,#5329,#5330,
#5331,#5332,#5333,#5334,#5335,#5336,#5337,#5338,#5339,#5340,#5341,#5342,
#5343,#5344,#5345,#5346,#5347,#5348,#5349,#5350,#5351,#5352,#5353,#5354,
#5355,#5356,#5357,#5358,#5359,#5360,#5361,#5362,#5363,#5364,#5365,#5366,
#5367,#5368,#5369,#5370,#5371,#5372),(#5373,#5374,#5375,#5376,#5377,#5378,
#5379,#5380,#5381,#5382,#5383,#5384,#5385,#5386,#5387,#5388,#5389,#5390,
#5391,#5392,#5393,#5394,#5395,#5396,#5397,#5398,#5399,#5400,#5401,#5402,
#5403,#5404,#5405,#5406,#5407,#5408,#5409,#5410,#5411,#5412,#5413,#5414,
#5415,#5416,#5417,#5418,#5419,#5420,#5421,#5422,#5423,#5424,#5425,#5426,
#5427,#5428,#5429,#5430,#5431,#5432,#5433,#5434,#5435,#5436,#5437,#5438,
#5439,#5440,#5441,#5442,#5443),(#5444,#5445,#5446,#5447,#5448,#5449,#5450,
#5451,#5452,#5453,#5454,#5455,#5456,#5457,#5458,#5459,#5460,#5461,#5462,
#5463,#5464,#5465,#5466,#5467,#5468,#5469,#5470,#5471,#5472,#5473,#5474,
#5475,#5476,#5477,#5478,#5479,#5480,#5481,#5482,#5483,#5484,#5485,#5486,
#5487,#5488,#5489,#5490,#5491,#5492,#5493,#5494,#5495,#5496,#5497,#5498,
#5499,#5500,#5501,#5502,#5503,#5504,#5505,#5506,#5507,#5508,#5509,#5510,
#5511,#5512,#5513,#5514),(#5515,#5516,#5517,#5518,#5519,#5520,#5521,#5522,
#5523,#5524,#5525,#5526,#5527,#5528,#5529,#5530,#5531,#5532,#5533,#5534,
#5535,#5536,#5537,#5538,#5539,#5540,#5541,#5542,#5543,#5544,#5545,#5546,
#5547,#5548,#5549,#5550,#5551,#5552,#5553,#5554,#5555,#5556,#5557,#5558,
#5559,#5560,#5561,#5562,#5563,#5564,#5565,#5566,#5567,#5568,#5569,#5570,
#5571,#5572,#5573,#5574,#5575,#5576,#5577,#5578,#5579,#5580,#5581,#5582,
#5583,#5584,#5585)),.UNSPECIFIED.,.F.,.F.,.F.,(4,4),(4,1,1,1,1,1,1,1,1,
1,1,1,1,1,1,1,1,1,1,1,1,1,1,1,1,1,1,1,1,1,1,1,1,1,1,1,1,1,1,1,1,1,1,1,1,
1,1,1,1,1,1,1,1,1,1,1,1,1,1,1,1,1,1,1,1,1,1,1,4),(0.,0.0470736768481069),
(11.8060259208722,12.2990616670946,12.7920974133169,13.2851331595393,13.7781689057617,
14.2712046519841,14.7642403982065,15.2572761444289,15.7503118906512,16.2433476368736,
16.736383383096,17.2294191293184,17.7224548755408,18.2154906217632,18.7085263679855,
19.2015621142079,19.6945978604303,20.1876336066527,20.6806693528751,21.1737050990974,
21.6667408453198,22.1597765915422,22.6528123377646,23.145848083987,23.6388838302094,
24.1319195764317,24.6249553226541,25.1179910688765,25.6110268150989,26.1040625613213,
26.5970983075436,27.090134053766,27.5831697999884,28.0762055462108,28.5692412924332,
29.0622770386556,29.5553127848779,30.0483485311003,30.5413842773227,31.0344200235451,
31.5274557697675,32.0204915159899,32.5135272622122,33.0065630084346,33.499598754657,
33.9926345008794,34.4856702471018,34.9787059933241,35.4717417395465,35.9647774857689,
36.4578132319913,36.9508489782137,37.4438847244361,37.9369204706584,38.4299562168808,
38.9229919631032,39.4160277093256,39.909063455548,40.4020992017703,40.8951349479927,
41.3881706942151,41.8812064404375,42.3742421866599,42.8672779328823,43.3603136791046,
43.853349425327,44.3463851715494,44.8394209177718,45.3324566639942),
 .UNSPECIFIED.);
#70=B_SPLINE_SURFACE_WITH_KNOTS('',3,3,((#5820,#5821,#5822,#5823,#5824,
#5825,#5826,#5827,#5828,#5829,#5830,#5831,#5832,#5833,#5834,#5835,#5836,
#5837,#5838,#5839,#5840,#5841,#5842,#5843,#5844,#5845,#5846,#5847,#5848,
#5849,#5850,#5851,#5852,#5853,#5854,#5855,#5856,#5857,#5858,#5859,#5860,
#5861,#5862,#5863,#5864,#5865,#5866,#5867,#5868,#5869,#5870,#5871,#5872,
#5873,#5874,#5875,#5876,#5877,#5878,#5879,#5880,#5881,#5882,#5883,#5884,
#5885,#5886,#5887,#5888,#5889,#5890),(#5891,#5892,#5893,#5894,#5895,#5896,
#5897,#5898,#5899,#5900,#5901,#5902,#5903,#5904,#5905,#5906,#5907,#5908,
#5909,#5910,#5911,#5912,#5913,#5914,#5915,#5916,#5917,#5918,#5919,#5920,
#5921,#5922,#5923,#5924,#5925,#5926,#5927,#5928,#5929,#5930,#5931,#5932,
#5933,#5934,#5935,#5936,#5937,#5938,#5939,#5940,#5941,#5942,#5943,#5944,
#5945,#5946,#5947,#5948,#5949,#5950,#5951,#5952,#5953,#5954,#5955,#5956,
#5957,#5958,#5959,#5960,#5961),(#5962,#5963,#5964,#5965,#5966,#5967,#5968,
#5969,#5970,#5971,#5972,#5973,#5974,#5975,#5976,#5977,#5978,#5979,#5980,
#5981,#5982,#5983,#5984,#5985,#5986,#5987,#5988,#5989,#5990,#5991,#5992,
#5993,#5994,#5995,#5996,#5997,#5998,#5999,#6000,#6001,#6002,#6003,#6004,
#6005,#6006,#6007,#6008,#6009,#6010,#6011,#6012,#6013,#6014,#6015,#6016,
#6017,#6018,#6019,#6020,#6021,#6022,#6023,#6024,#6025,#6026,#6027,#6028,
#6029,#6030,#6031,#6032),(#6033,#6034,#6035,#6036,#6037,#6038,#6039,#6040,
#6041,#6042,#6043,#6044,#6045,#6046,#6047,#6048,#6049,#6050,#6051,#6052,
#6053,#6054,#6055,#6056,#6057,#6058,#6059,#6060,#6061,#6062,#6063,#6064,
#6065,#6066,#6067,#6068,#6069,#6070,#6071,#6072,#6073,#6074,#6075,#6076,
#6077,#6078,#6079,#6080,#6081,#6082,#6083,#6084,#6085,#6086,#6087,#6088,
#6089,#6090,#6091,#6092,#6093,#6094,#6095,#6096,#6097,#6098,#6099,#6100,
#6101,#6102,#6103)),.UNSPECIFIED.,.F.,.F.,.F.,(4,4),(4,1,1,1,1,1,1,1,1,
1,1,1,1,1,1,1,1,1,1,1,1,1,1,1,1,1,1,1,1,1,1,1,1,1,1,1,1,1,1,1,1,1,1,1,1,
1,1,1,1,1,1,1,1,1,1,1,1,1,1,1,1,1,1,1,1,1,1,1,4),(0.,0.0470736768481069),
(14.6051732544946,15.0982090007169,15.5912447469393,16.0842804931617,16.5773162393841,
17.0703519856065,17.5633877318288,18.0564234780512,18.5494592242736,19.042494970496,
19.5355307167184,20.0285664629408,20.5216022091631,21.0146379553855,21.5076737016079,
22.0007094478303,22.4937451940527,22.9867809402751,23.4798166864974,23.9728524327198,
24.4658881789422,24.9589239251646,25.451959671387,25.9449954176093,26.4380311638317,
26.9310669100541,27.4241026562765,27.9171384024989,28.4101741487213,28.9032098949436,
29.396245641166,29.8892813873884,30.3823171336108,30.8753528798332,31.3683886260556,
31.8614243722779,32.3544601185003,32.8474958647227,33.3405316109451,33.8335673571675,
34.3266031033898,34.8196388496122,35.3126745958346,35.805710342057,36.2987460882794,
36.7917818345018,37.2848175807241,37.7778533269465,38.2708890731689,38.7639248193913,
39.2569605656137,39.749996311836,40.2430320580584,40.7360678042808,41.2291035505032,
41.7221392967256,42.215175042948,42.7082107891703,43.2012465353927,43.6942822816151,
44.1873180278375,44.6803537740599,45.1733895202823,45.6664252665046,46.159461012727,
46.6524967589494,47.1455325051718,47.6385682513942,48.1316039976166),
 .UNSPECIFIED.);
#71=B_SPLINE_SURFACE_WITH_KNOTS('',3,3,((#7164,#7165,#7166,#7167,#7168,
#7169,#7170,#7171,#7172,#7173,#7174,#7175,#7176,#7177,#7178,#7179,#7180,
#7181,#7182,#7183,#7184,#7185,#7186,#7187,#7188,#7189,#7190,#7191,#7192,
#7193,#7194,#7195,#7196,#7197,#7198,#7199,#7200,#7201,#7202,#7203,#7204,
#7205,#7206,#7207,#7208,#7209,#7210,#7211,#7212,#7213,#7214,#7215,#7216,
#7217,#7218,#7219,#7220,#7221,#7222,#7223,#7224,#7225,#7226,#7227,#7228,
#7229,#7230,#7231,#7232,#7233,#7234,#7235,#7236,#7237,#7238,#7239,#7240,
#7241,#7242,#7243,#7244,#7245,#7246,#7247,#7248,#7249,#7250,#7251,#7252,
#7253,#7254,#7255,#7256,#7257,#7258,#7259,#7260,#7261,#7262,#7263,#7264,
#7265,#7266,#7267,#7268,#7269,#7270,#7271,#7272,#7273,#7274,#7275,#7276,
#7277,#7278,#7279,#7280,#7281,#7282,#7283,#7284,#7285,#7286,#7287,#7288,
#7289,#7290,#7291,#7292,#7293,#7294,#7295,#7296,#7297,#7298,#7299,#7300,
#7301,#7302,#7303,#7304,#7305,#7306,#7307,#7308,#7309,#7310,#7311,#7312,
#7313,#7314,#7315,#7316,#7317,#7318,#7319,#7320,#7321,#7322),(#7323,#7324,
#7325,#7326,#7327,#7328,#7329,#7330,#7331,#7332,#7333,#7334,#7335,#7336,
#7337,#7338,#7339,#7340,#7341,#7342,#7343,#7344,#7345,#7346,#7347,#7348,
#7349,#7350,#7351,#7352,#7353,#7354,#7355,#7356,#7357,#7358,#7359,#7360,
#7361,#7362,#7363,#7364,#7365,#7366,#7367,#7368,#7369,#7370,#7371,#7372,
#7373,#7374,#7375,#7376,#7377,#7378,#7379,#7380,#7381,#7382,#7383,#7384,
#7385,#7386,#7387,#7388,#7389,#7390,#7391,#7392,#7393,#7394,#7395,#7396,
#7397,#7398,#7399,#7400,#7401,#7402,#7403,#7404,#7405,#7406,#7407,#7408,
#7409,#7410,#7411,#7412,#7413,#7414,#7415,#7416,#7417,#7418,#7419,#7420,
#7421,#7422,#7423,#7424,#7425,#7426,#7427,#7428,#7429,#7430,#7431,#7432,
#7433,#7434,#7435,#7436,#7437,#7438,#7439,#7440,#7441,#7442,#7443,#7444,
#7445,#7446,#7447,#7448,#7449,#7450,#7451,#7452,#7453,#7454,#7455,#7456,
#7457,#7458,#7459,#7460,#7461,#7462,#7463,#7464,#7465,#7466,#7467,#7468,
#7469,#7470,#7471,#7472,#7473,#7474,#7475,#7476,#7477,#7478,#7479,#7480,
#7481),(#7482,#7483,#7484,#7485,#7486,#7487,#7488,#7489,#7490,#7491,#7492,
#7493,#7494,#7495,#7496,#7497,#7498,#7499,#7500,#7501,#7502,#7503,#7504,
#7505,#7506,#7507,#7508,#7509,#7510,#7511,#7512,#7513,#7514,#7515,#7516,
#7517,#7518,#7519,#7520,#7521,#7522,#7523,#7524,#7525,#7526,#7527,#7528,
#7529,#7530,#7531,#7532,#7533,#7534,#7535,#7536,#7537,#7538,#7539,#7540,
#7541,#7542,#7543,#7544,#7545,#7546,#7547,#7548,#7549,#7550,#7551,#7552,
#7553,#7554,#7555,#7556,#7557,#7558,#7559,#7560,#7561,#7562,#7563,#7564,
#7565,#7566,#7567,#7568,#7569,#7570,#7571,#7572,#7573,#7574,#7575,#7576,
#7577,#7578,#7579,#7580,#7581,#7582,#7583,#7584,#7585,#7586,#7587,#7588,
#7589,#7590,#7591,#7592,#7593,#7594,#7595,#7596,#7597,#7598,#7599,#7600,
#7601,#7602,#7603,#7604,#7605,#7606,#7607,#7608,#7609,#7610,#7611,#7612,
#7613,#7614,#7615,#7616,#7617,#7618,#7619,#7620,#7621,#7622,#7623,#7624,
#7625,#7626,#7627,#7628,#7629,#7630,#7631,#7632,#7633,#7634,#7635,#7636,
#7637,#7638,#7639,#7640),(#7641,#7642,#7643,#7644,#7645,#7646,#7647,#7648,
#7649,#7650,#7651,#7652,#7653,#7654,#7655,#7656,#7657,#7658,#7659,#7660,
#7661,#7662,#7663,#7664,#7665,#7666,#7667,#7668,#7669,#7670,#7671,#7672,
#7673,#7674,#7675,#7676,#7677,#7678,#7679,#7680,#7681,#7682,#7683,#7684,
#7685,#7686,#7687,#7688,#7689,#7690,#7691,#7692,#7693,#7694,#7695,#7696,
#7697,#7698,#7699,#7700,#7701,#7702,#7703,#7704,#7705,#7706,#7707,#7708,
#7709,#7710,#7711,#7712,#7713,#7714,#7715,#7716,#7717,#7718,#7719,#7720,
#7721,#7722,#7723,#7724,#7725,#7726,#7727,#7728,#7729,#7730,#7731,#7732,
#7733,#7734,#7735,#7736,#7737,#7738,#7739,#7740,#7741,#7742,#7743,#7744,
#7745,#7746,#7747,#7748,#7749,#7750,#7751,#7752,#7753,#7754,#7755,#7756,
#7757,#7758,#7759,#7760,#7761,#7762,#7763,#7764,#7765,#7766,#7767,#7768,
#7769,#7770,#7771,#7772,#7773,#7774,#7775,#7776,#7777,#7778,#7779,#7780,
#7781,#7782,#7783,#7784,#7785,#7786,#7787,#7788,#7789,#7790,#7791,#7792,
#7793,#7794,#7795,#7796,#7797,#7798,#7799)),.UNSPECIFIED.,.F.,.F.,.F.,(4,
4),(4,1,1,1,1,1,1,1,1,1,1,1,1,1,1,1,1,1,1,1,1,1,1,1,1,1,1,1,1,1,1,1,1,1,
1,1,1,1,1,1,1,1,1,1,1,1,1,1,1,1,1,1,1,1,1,1,1,1,1,1,1,1,1,1,1,1,1,1,1,1,
1,1,1,1,1,1,1,1,1,1,1,1,1,1,1,1,1,1,1,1,1,1,1,1,1,1,1,1,1,1,1,1,1,1,1,1,
1,1,1,1,1,1,1,1,1,1,1,1,1,1,1,1,1,1,1,1,1,1,1,1,1,1,1,1,1,1,1,1,1,1,1,1,
1,1,1,1,1,1,1,1,1,1,1,1,1,1,4),(0.,0.0522063207412026),(13.9250401648804,
14.4193342092761,14.9136282536718,15.4079222980676,15.9022163424633,16.396510386859,
16.8908044312547,17.3850984756504,17.8793925200461,18.3736865644418,18.8679806088375,
19.3622746532332,19.8565686976289,20.3508627420246,20.8451567864203,21.339450830816,
21.8337448752117,22.3280389196074,22.8223329640031,23.3166270083988,23.8109210527945,
24.3052150971902,24.7995091415859,25.2938031859816,25.7880972303773,26.282391274773,
26.7766853191687,27.2709793635644,27.7652734079601,28.2595674523558,28.7538614967515,
29.2481555411472,29.742449585543,30.2367436299387,30.7310376743344,31.2253317187301,
31.7196257631258,32.2139198075215,32.7082138519172,33.2025078963129,33.6968019407086,
34.1910959851043,34.6853900295,35.1796840738957,35.6739781182914,36.1682721626871,
36.6625662070828,37.1568602514785,37.6511542958742,38.1454483402699,38.6397423846656,
39.1340364290613,39.628330473457,40.1226245178527,40.6169185622484,41.1112126066441,
41.6055066510398,42.0998006954355,42.5940947398312,43.088388784227,43.5826828286227,
44.0769768730184,44.5712709174141,45.0655649618098,45.5598590062055,46.0541530506012,
46.5484470949969,47.0427411393926,47.5370351837883,48.031329228184,48.5256232725797,
49.0199173169754,49.5142113613711,50.0085054057668,50.5027994501625,50.9970934945582,
51.4913875389539,51.9856815833496,52.4799756277453,52.974269672141,53.4685637165367,
53.9628577609324,54.4571518053281,54.9514458497238,55.4457398941195,55.9400339385152,
56.4343279829109,56.9286220273066,57.4229160717023,57.917210116098,58.4115041604938,
58.9057982048895,59.4000922492852,59.8943862936809,60.3886803380766,60.8829743824723,
61.377268426868,61.8715624712637,62.3658565156594,62.8601505600551,63.3544446044508,
63.8487386488465,64.3430326932422,64.8373267376379,65.3316207820336,65.8259148264293,
66.320208870825,66.8145029152207,67.3087969596164,67.8030910040121,68.2973850484078,
68.7916790928035,69.2859731371992,69.7802671815949,70.2745612259906,70.7688552703863,
71.263149314782,71.7574433591778,72.2517374035735,72.7460314479692,73.2403254923649,
73.7346195367606,74.2289135811563,74.723207625552,75.2175016699477,75.7117957143434,
76.2060897587391,76.7003838031348,77.1946778475305,77.6889718919262,78.1832659363219,
78.6775599807176,79.1718540251133,79.666148069509,80.1604421139047,80.6547361583004,
81.1490302026961,81.6433242470918,82.1376182914875,82.6319123358832,83.1262063802789,
83.6205004246746,84.1147944690703,84.609088513466,85.1033825578617,85.5976766022575,
86.0919706466532,86.5862646910489,87.0805587354446,87.5748527798403,88.069146824236,
88.5634408686317,89.0577349130274,89.5520289574231,90.0463230018188,90.5406170462145,
91.0349110906102),.UNSPECIFIED.);
#72=B_SPLINE_SURFACE_WITH_KNOTS('',3,3,((#10375,#10376,#10377,#10378,#10379,
#10380,#10381,#10382,#10383,#10384,#10385,#10386,#10387,#10388,#10389,#10390,
#10391,#10392,#10393,#10394,#10395,#10396,#10397,#10398,#10399,#10400,#10401,
#10402,#10403,#10404,#10405,#10406,#10407,#10408,#10409,#10410,#10411,#10412,
#10413,#10414,#10415,#10416,#10417,#10418,#10419,#10420,#10421,#10422,#10423,
#10424,#10425,#10426,#10427,#10428,#10429,#10430,#10431,#10432,#10433,#10434,
#10435,#10436,#10437,#10438,#10439,#10440,#10441,#10442,#10443,#10444,#10445,
#10446,#10447,#10448,#10449,#10450,#10451,#10452,#10453,#10454,#10455,#10456,
#10457,#10458,#10459,#10460,#10461,#10462,#10463,#10464,#10465,#10466,#10467,
#10468,#10469,#10470,#10471,#10472,#10473,#10474,#10475,#10476,#10477,#10478,
#10479,#10480,#10481,#10482,#10483,#10484,#10485,#10486,#10487,#10488,#10489,
#10490,#10491,#10492,#10493,#10494,#10495,#10496,#10497,#10498,#10499,#10500,
#10501,#10502,#10503,#10504,#10505,#10506,#10507,#10508,#10509,#10510,#10511,
#10512,#10513,#10514,#10515,#10516,#10517,#10518,#10519,#10520,#10521,#10522,
#10523,#10524,#10525,#10526,#10527,#10528,#10529,#10530,#10531,#10532,#10533),
(#10534,#10535,#10536,#10537,#10538,#10539,#10540,#10541,#10542,#10543,
#10544,#10545,#10546,#10547,#10548,#10549,#10550,#10551,#10552,#10553,#10554,
#10555,#10556,#10557,#10558,#10559,#10560,#10561,#10562,#10563,#10564,#10565,
#10566,#10567,#10568,#10569,#10570,#10571,#10572,#10573,#10574,#10575,#10576,
#10577,#10578,#10579,#10580,#10581,#10582,#10583,#10584,#10585,#10586,#10587,
#10588,#10589,#10590,#10591,#10592,#10593,#10594,#10595,#10596,#10597,#10598,
#10599,#10600,#10601,#10602,#10603,#10604,#10605,#10606,#10607,#10608,#10609,
#10610,#10611,#10612,#10613,#10614,#10615,#10616,#10617,#10618,#10619,#10620,
#10621,#10622,#10623,#10624,#10625,#10626,#10627,#10628,#10629,#10630,#10631,
#10632,#10633,#10634,#10635,#10636,#10637,#10638,#10639,#10640,#10641,#10642,
#10643,#10644,#10645,#10646,#10647,#10648,#10649,#10650,#10651,#10652,#10653,
#10654,#10655,#10656,#10657,#10658,#10659,#10660,#10661,#10662,#10663,#10664,
#10665,#10666,#10667,#10668,#10669,#10670,#10671,#10672,#10673,#10674,#10675,
#10676,#10677,#10678,#10679,#10680,#10681,#10682,#10683,#10684,#10685,#10686,
#10687,#10688,#10689,#10690,#10691,#10692),(#10693,#10694,#10695,#10696,
#10697,#10698,#10699,#10700,#10701,#10702,#10703,#10704,#10705,#10706,#10707,
#10708,#10709,#10710,#10711,#10712,#10713,#10714,#10715,#10716,#10717,#10718,
#10719,#10720,#10721,#10722,#10723,#10724,#10725,#10726,#10727,#10728,#10729,
#10730,#10731,#10732,#10733,#10734,#10735,#10736,#10737,#10738,#10739,#10740,
#10741,#10742,#10743,#10744,#10745,#10746,#10747,#10748,#10749,#10750,#10751,
#10752,#10753,#10754,#10755,#10756,#10757,#10758,#10759,#10760,#10761,#10762,
#10763,#10764,#10765,#10766,#10767,#10768,#10769,#10770,#10771,#10772,#10773,
#10774,#10775,#10776,#10777,#10778,#10779,#10780,#10781,#10782,#10783,#10784,
#10785,#10786,#10787,#10788,#10789,#10790,#10791,#10792,#10793,#10794,#10795,
#10796,#10797,#10798,#10799,#10800,#10801,#10802,#10803,#10804,#10805,#10806,
#10807,#10808,#10809,#10810,#10811,#10812,#10813,#10814,#10815,#10816,#10817,
#10818,#10819,#10820,#10821,#10822,#10823,#10824,#10825,#10826,#10827,#10828,
#10829,#10830,#10831,#10832,#10833,#10834,#10835,#10836,#10837,#10838,#10839,
#10840,#10841,#10842,#10843,#10844,#10845,#10846,#10847,#10848,#10849,#10850,
#10851),(#10852,#10853,#10854,#10855,#10856,#10857,#10858,#10859,#10860,
#10861,#10862,#10863,#10864,#10865,#10866,#10867,#10868,#10869,#10870,#10871,
#10872,#10873,#10874,#10875,#10876,#10877,#10878,#10879,#10880,#10881,#10882,
#10883,#10884,#10885,#10886,#10887,#10888,#10889,#10890,#10891,#10892,#10893,
#10894,#10895,#10896,#10897,#10898,#10899,#10900,#10901,#10902,#10903,#10904,
#10905,#10906,#10907,#10908,#10909,#10910,#10911,#10912,#10913,#10914,#10915,
#10916,#10917,#10918,#10919,#10920,#10921,#10922,#10923,#10924,#10925,#10926,
#10927,#10928,#10929,#10930,#10931,#10932,#10933,#10934,#10935,#10936,#10937,
#10938,#10939,#10940,#10941,#10942,#10943,#10944,#10945,#10946,#10947,#10948,
#10949,#10950,#10951,#10952,#10953,#10954,#10955,#10956,#10957,#10958,#10959,
#10960,#10961,#10962,#10963,#10964,#10965,#10966,#10967,#10968,#10969,#10970,
#10971,#10972,#10973,#10974,#10975,#10976,#10977,#10978,#10979,#10980,#10981,
#10982,#10983,#10984,#10985,#10986,#10987,#10988,#10989,#10990,#10991,#10992,
#10993,#10994,#10995,#10996,#10997,#10998,#10999,#11000,#11001,#11002,#11003,
#11004,#11005,#11006,#11007,#11008,#11009,#11010)),.UNSPECIFIED.,.F.,.F.,
 .F.,(4,4),(4,1,1,1,1,1,1,1,1,1,1,1,1,1,1,1,1,1,1,1,1,1,1,1,1,1,1,1,1,1,
1,1,1,1,1,1,1,1,1,1,1,1,1,1,1,1,1,1,1,1,1,1,1,1,1,1,1,1,1,1,1,1,1,1,1,1,
1,1,1,1,1,1,1,1,1,1,1,1,1,1,1,1,1,1,1,1,1,1,1,1,1,1,1,1,1,1,1,1,1,1,1,1,
1,1,1,1,1,1,1,1,1,1,1,1,1,1,1,1,1,1,1,1,1,1,1,1,1,1,1,1,1,1,1,1,1,1,1,1,
1,1,1,1,1,1,1,1,1,1,1,1,1,1,1,1,1,1,4),(0.,0.0522063207412026),(11.1972783085593,
11.694180029393,12.1910817502267,12.6879834710604,13.1848851918942,13.6817869127279,
14.1786886335616,14.6755903543953,15.172492075229,15.6693937960627,16.1662955168964,
16.6631972377301,17.1600989585638,17.6570006793975,18.1539024002312,18.6508041210649,
19.1477058418986,19.6446075627323,20.1415092835661,20.6384110043998,21.1353127252335,
21.6322144460672,22.1291161669009,22.6260178877346,23.1229196085683,23.619821329402,
24.1167230502357,24.6136247710694,25.1105264919031,25.6074282127368,26.1043299335705,
26.6012316544042,27.0981333752379,27.5950350960717,28.0919368169054,28.5888385377391,
29.0857402585728,29.5826419794065,30.0795437002402,30.5764454210739,31.0733471419076,
31.5702488627413,32.067150583575,32.5640523044087,33.0609540252424,33.5578557460761,
34.0547574669098,34.5516591877436,35.0485609085773,35.545462629411,36.0423643502447,
36.5392660710784,37.0361677919121,37.5330695127458,38.0299712335795,38.5268729544132,
39.0237746752469,39.5206763960806,40.0175781169143,40.514479837748,41.0113815585817,
41.5082832794155,42.0051850002492,42.5020867210829,42.9989884419166,43.4958901627503,
43.992791883584,44.4896936044177,44.9865953252514,45.4834970460851,45.9803987669188,
46.4773004877525,46.9742022085862,47.4711039294199,47.9680056502536,48.4649073710873,
48.961809091921,49.4587108127548,49.9556125335885,50.4525142544222,50.9494159752559,
51.4463176960896,51.9432194169233,52.440121137757,52.9370228585907,53.4339245794244,
53.9308263002581,54.4277280210918,54.9246297419255,55.4215314627592,55.9184331835929,
56.4153349044267,56.9122366252604,57.4091383460941,57.9060400669278,58.4029417877615,
58.8998435085952,59.3967452294289,59.8936469502626,60.3905486710963,60.88745039193,
61.3843521127637,61.8812538335974,62.3781555544311,62.8750572752648,63.3719589960985,
63.8688607169323,64.365762437766,64.8626641585997,65.3595658794334,65.8564676002671,
66.3533693211008,66.8502710419345,67.3471727627682,67.8440744836019,68.3409762044356,
68.8378779252693,69.334779646103,69.8316813669367,70.3285830877705,70.8254848086042,
71.3223865294379,71.8192882502716,72.3161899711053,72.813091691939,73.3099934127727,
73.8068951336064,74.3037968544401,74.8006985752738,75.2976002961075,75.7945020169412,
76.2914037377749,76.7883054586086,77.2852071794424,77.7821089002761,78.2790106211098,
78.7759123419435,79.2728140627772,79.7697157836109,80.2666175044446,80.7635192252783,
81.260420946112,81.7573226669457,82.2542243877794,82.7511261086131,83.2480278294468,
83.7449295502805,84.2418312711143,84.738732991948,85.2356347127817,85.7325364336154,
86.2294381544491,86.7263398752828,87.2232415961165,87.7201433169502,88.2170450377839,
88.7139467586176),.UNSPECIFIED.);
#73=B_SPLINE_SURFACE_WITH_KNOTS('',3,3,((#11691,#11692,#11693,#11694),(#11695,
#11696,#11697,#11698),(#11699,#11700,#11701,#11702),(#11703,#11704,#11705,
#11706)),.UNSPECIFIED.,.F.,.F.,.F.,(4,4),(4,4),(0.,0.0184402046407422),
(91.253383814315,91.9832308874495),.UNSPECIFIED.);
#74=FACE_BOUND('',#351,.T.);
#75=FACE_BOUND('',#400,.T.);
#76=FACE_BOUND('',#415,.T.);
#77=FACE_BOUND('',#430,.T.);
#78=FACE_BOUND('',#436,.T.);
#79=FACE_BOUND('',#439,.T.);
#80=FACE_BOUND('',#451,.T.);
#81=FACE_BOUND('',#485,.T.);
#82=FACE_BOUND('',#486,.T.);
#83=FACE_BOUND('',#516,.T.);
#84=PLANE('',#3260);
#85=PLANE('',#3262);
#86=PLANE('',#3279);
#87=PLANE('',#3281);
#88=PLANE('',#3282);
#89=PLANE('',#3284);
#90=PLANE('',#3285);
#91=PLANE('',#3287);
#92=PLANE('',#3288);
#93=PLANE('',#3290);
#94=PLANE('',#3291);
#95=PLANE('',#3293);
#96=PLANE('',#3294);
#97=PLANE('',#3296);
#98=PLANE('',#3297);
#99=PLANE('',#3299);
#100=PLANE('',#3300);
#101=PLANE('',#3302);
#102=PLANE('',#3303);
#103=PLANE('',#3305);
#104=PLANE('',#3306);
#105=PLANE('',#3309);
#106=PLANE('',#3310);
#107=PLANE('',#3312);
#108=PLANE('',#3313);
#109=PLANE('',#3315);
#110=PLANE('',#3316);
#111=PLANE('',#3318);
#112=PLANE('',#3322);
#113=PLANE('',#3324);
#114=PLANE('',#3337);
#115=PLANE('',#3338);
#116=PLANE('',#3339);
#117=PLANE('',#3340);
#118=PLANE('',#3342);
#119=PLANE('',#3343);
#120=PLANE('',#3344);
#121=PLANE('',#3361);
#122=PLANE('',#3363);
#123=PLANE('',#3369);
#124=PLANE('',#3370);
#125=PLANE('',#3374);
#126=PLANE('',#3375);
#127=PLANE('',#3376);
#128=PLANE('',#3377);
#129=PLANE('',#3378);
#130=PLANE('',#3379);
#131=PLANE('',#3380);
#132=PLANE('',#3381);
#133=PLANE('',#3382);
#134=PLANE('',#3383);
#135=PLANE('',#3384);
#136=PLANE('',#3385);
#137=PLANE('',#3386);
#138=PLANE('',#3387);
#139=PLANE('',#3394);
#140=PLANE('',#3396);
#141=PLANE('',#3397);
#142=PLANE('',#3399);
#143=PLANE('',#3400);
#144=PLANE('',#3401);
#145=PLANE('',#3402);
#146=PLANE('',#3403);
#147=PLANE('',#3404);
#148=PLANE('',#3405);
#149=PLANE('',#3406);
#150=PLANE('',#3407);
#151=PLANE('',#3408);
#152=PLANE('',#3409);
#153=PLANE('',#3410);
#154=PLANE('',#3411);
#155=PLANE('',#3412);
#156=PLANE('',#3413);
#157=PLANE('',#3414);
#158=PLANE('',#3415);
#159=PLANE('',#3416);
#160=PLANE('',#3417);
#161=PLANE('',#3418);
#162=PLANE('',#3419);
#163=PLANE('',#3420);
#164=PLANE('',#3421);
#165=PLANE('',#3422);
#166=PLANE('',#3423);
#167=PLANE('',#3449);
#168=PLANE('',#3452);
#169=FACE_OUTER_BOUND('',#340,.T.);
#170=FACE_OUTER_BOUND('',#341,.T.);
#171=FACE_OUTER_BOUND('',#342,.T.);
#172=FACE_OUTER_BOUND('',#343,.T.);
#173=FACE_OUTER_BOUND('',#344,.T.);
#174=FACE_OUTER_BOUND('',#345,.T.);
#175=FACE_OUTER_BOUND('',#346,.T.);
#176=FACE_OUTER_BOUND('',#347,.T.);
#177=FACE_OUTER_BOUND('',#348,.T.);
#178=FACE_OUTER_BOUND('',#349,.T.);
#179=FACE_OUTER_BOUND('',#350,.T.);
#180=FACE_OUTER_BOUND('',#352,.T.);
#181=FACE_OUTER_BOUND('',#353,.T.);
#182=FACE_OUTER_BOUND('',#354,.T.);
#183=FACE_OUTER_BOUND('',#355,.T.);
#184=FACE_OUTER_BOUND('',#356,.T.);
#185=FACE_OUTER_BOUND('',#357,.T.);
#186=FACE_OUTER_BOUND('',#358,.T.);
#187=FACE_OUTER_BOUND('',#359,.T.);
#188=FACE_OUTER_BOUND('',#360,.T.);
#189=FACE_OUTER_BOUND('',#361,.T.);
#190=FACE_OUTER_BOUND('',#362,.T.);
#191=FACE_OUTER_BOUND('',#363,.T.);
#192=FACE_OUTER_BOUND('',#364,.T.);
#193=FACE_OUTER_BOUND('',#365,.T.);
#194=FACE_OUTER_BOUND('',#366,.T.);
#195=FACE_OUTER_BOUND('',#367,.T.);
#196=FACE_OUTER_BOUND('',#368,.T.);
#197=FACE_OUTER_BOUND('',#369,.T.);
#198=FACE_OUTER_BOUND('',#370,.T.);
#199=FACE_OUTER_BOUND('',#371,.T.);
#200=FACE_OUTER_BOUND('',#372,.T.);
#201=FACE_OUTER_BOUND('',#373,.T.);
#202=FACE_OUTER_BOUND('',#374,.T.);
#203=FACE_OUTER_BOUND('',#375,.T.);
#204=FACE_OUTER_BOUND('',#376,.T.);
#205=FACE_OUTER_BOUND('',#377,.T.);
#206=FACE_OUTER_BOUND('',#378,.T.);
#207=FACE_OUTER_BOUND('',#379,.T.);
#208=FACE_OUTER_BOUND('',#380,.T.);
#209=FACE_OUTER_BOUND('',#381,.T.);
#210=FACE_OUTER_BOUND('',#382,.T.);
#211=FACE_OUTER_BOUND('',#383,.T.);
#212=FACE_OUTER_BOUND('',#384,.T.);
#213=FACE_OUTER_BOUND('',#385,.T.);
#214=FACE_OUTER_BOUND('',#386,.T.);
#215=FACE_OUTER_BOUND('',#387,.T.);
#216=FACE_OUTER_BOUND('',#388,.T.);
#217=FACE_OUTER_BOUND('',#389,.T.);
#218=FACE_OUTER_BOUND('',#390,.T.);
#219=FACE_OUTER_BOUND('',#391,.T.);
#220=FACE_OUTER_BOUND('',#392,.T.);
#221=FACE_OUTER_BOUND('',#393,.T.);
#222=FACE_OUTER_BOUND('',#394,.T.);
#223=FACE_OUTER_BOUND('',#395,.T.);
#224=FACE_OUTER_BOUND('',#396,.T.);
#225=FACE_OUTER_BOUND('',#397,.T.);
#226=FACE_OUTER_BOUND('',#398,.T.);
#227=FACE_OUTER_BOUND('',#399,.T.);
#228=FACE_OUTER_BOUND('',#401,.T.);
#229=FACE_OUTER_BOUND('',#402,.T.);
#230=FACE_OUTER_BOUND('',#403,.T.);
#231=FACE_OUTER_BOUND('',#404,.T.);
#232=FACE_OUTER_BOUND('',#405,.T.);
#233=FACE_OUTER_BOUND('',#406,.T.);
#234=FACE_OUTER_BOUND('',#407,.T.);
#235=FACE_OUTER_BOUND('',#408,.T.);
#236=FACE_OUTER_BOUND('',#409,.T.);
#237=FACE_OUTER_BOUND('',#410,.T.);
#238=FACE_OUTER_BOUND('',#411,.T.);
#239=FACE_OUTER_BOUND('',#412,.T.);
#240=FACE_OUTER_BOUND('',#413,.T.);
#241=FACE_OUTER_BOUND('',#414,.T.);
#242=FACE_OUTER_BOUND('',#416,.T.);
#243=FACE_OUTER_BOUND('',#417,.T.);
#244=FACE_OUTER_BOUND('',#418,.T.);
#245=FACE_OUTER_BOUND('',#419,.T.);
#246=FACE_OUTER_BOUND('',#420,.T.);
#247=FACE_OUTER_BOUND('',#421,.T.);
#248=FACE_OUTER_BOUND('',#422,.T.);
#249=FACE_OUTER_BOUND('',#423,.T.);
#250=FACE_OUTER_BOUND('',#424,.T.);
#251=FACE_OUTER_BOUND('',#425,.T.);
#252=FACE_OUTER_BOUND('',#426,.T.);
#253=FACE_OUTER_BOUND('',#427,.T.);
#254=FACE_OUTER_BOUND('',#428,.T.);
#255=FACE_OUTER_BOUND('',#429,.T.);
#256=FACE_OUTER_BOUND('',#431,.T.);
#257=FACE_OUTER_BOUND('',#432,.T.);
#258=FACE_OUTER_BOUND('',#433,.T.);
#259=FACE_OUTER_BOUND('',#434,.T.);
#260=FACE_OUTER_BOUND('',#435,.T.);
#261=FACE_OUTER_BOUND('',#437,.T.);
#262=FACE_OUTER_BOUND('',#438,.T.);
#263=FACE_OUTER_BOUND('',#440,.T.);
#264=FACE_OUTER_BOUND('',#441,.T.);
#265=FACE_OUTER_BOUND('',#442,.T.);
#266=FACE_OUTER_BOUND('',#443,.T.);
#267=FACE_OUTER_BOUND('',#444,.T.);
#268=FACE_OUTER_BOUND('',#445,.T.);
#269=FACE_OUTER_BOUND('',#446,.T.);
#270=FACE_OUTER_BOUND('',#447,.T.);
#271=FACE_OUTER_BOUND('',#448,.T.);
#272=FACE_OUTER_BOUND('',#449,.T.);
#273=FACE_OUTER_BOUND('',#450,.T.);
#274=FACE_OUTER_BOUND('',#452,.T.);
#275=FACE_OUTER_BOUND('',#453,.T.);
#276=FACE_OUTER_BOUND('',#454,.T.);
#277=FACE_OUTER_BOUND('',#455,.T.);
#278=FACE_OUTER_BOUND('',#456,.T.);
#279=FACE_OUTER_BOUND('',#457,.T.);
#280=FACE_OUTER_BOUND('',#458,.T.);
#281=FACE_OUTER_BOUND('',#459,.T.);
#282=FACE_OUTER_BOUND('',#460,.T.);
#283=FACE_OUTER_BOUND('',#461,.T.);
#284=FACE_OUTER_BOUND('',#462,.T.);
#285=FACE_OUTER_BOUND('',#463,.T.);
#286=FACE_OUTER_BOUND('',#464,.T.);
#287=FACE_OUTER_BOUND('',#465,.T.);
#288=FACE_OUTER_BOUND('',#466,.T.);
#289=FACE_OUTER_BOUND('',#467,.T.);
#290=FACE_OUTER_BOUND('',#468,.T.);
#291=FACE_OUTER_BOUND('',#469,.T.);
#292=FACE_OUTER_BOUND('',#470,.T.);
#293=FACE_OUTER_BOUND('',#471,.T.);
#294=FACE_OUTER_BOUND('',#472,.T.);
#295=FACE_OUTER_BOUND('',#473,.T.);
#296=FACE_OUTER_BOUND('',#474,.T.);
#297=FACE_OUTER_BOUND('',#475,.T.);
#298=FACE_OUTER_BOUND('',#476,.T.);
#299=FACE_OUTER_BOUND('',#477,.T.);
#300=FACE_OUTER_BOUND('',#478,.T.);
#301=FACE_OUTER_BOUND('',#479,.T.);
#302=FACE_OUTER_BOUND('',#480,.T.);
#303=FACE_OUTER_BOUND('',#481,.T.);
#304=FACE_OUTER_BOUND('',#482,.T.);
#305=FACE_OUTER_BOUND('',#483,.T.);
#306=FACE_OUTER_BOUND('',#484,.T.);
#307=FACE_OUTER_BOUND('',#487,.T.);
#308=FACE_OUTER_BOUND('',#488,.T.);
#309=FACE_OUTER_BOUND('',#489,.T.);
#310=FACE_OUTER_BOUND('',#490,.T.);
#311=FACE_OUTER_BOUND('',#491,.T.);
#312=FACE_OUTER_BOUND('',#492,.T.);
#313=FACE_OUTER_BOUND('',#493,.T.);
#314=FACE_OUTER_BOUND('',#494,.T.);
#315=FACE_OUTER_BOUND('',#495,.T.);
#316=FACE_OUTER_BOUND('',#496,.T.);
#317=FACE_OUTER_BOUND('',#497,.T.);
#318=FACE_OUTER_BOUND('',#498,.T.);
#319=FACE_OUTER_BOUND('',#499,.T.);
#320=FACE_OUTER_BOUND('',#500,.T.);
#321=FACE_OUTER_BOUND('',#501,.T.);
#322=FACE_OUTER_BOUND('',#502,.T.);
#323=FACE_OUTER_BOUND('',#503,.T.);
#324=FACE_OUTER_BOUND('',#504,.T.);
#325=FACE_OUTER_BOUND('',#505,.T.);
#326=FACE_OUTER_BOUND('',#506,.T.);
#327=FACE_OUTER_BOUND('',#507,.T.);
#328=FACE_OUTER_BOUND('',#508,.T.);
#329=FACE_OUTER_BOUND('',#509,.T.);
#330=FACE_OUTER_BOUND('',#510,.T.);
#331=FACE_OUTER_BOUND('',#511,.T.);
#332=FACE_OUTER_BOUND('',#512,.T.);
#333=FACE_OUTER_BOUND('',#513,.T.);
#334=FACE_OUTER_BOUND('',#514,.T.);
#335=FACE_OUTER_BOUND('',#515,.T.);
#336=FACE_OUTER_BOUND('',#517,.T.);
#337=FACE_OUTER_BOUND('',#518,.T.);
#338=FACE_OUTER_BOUND('',#519,.T.);
#339=FACE_OUTER_BOUND('',#520,.T.);
#340=EDGE_LOOP('',(#2020,#2021,#2022,#2023));
#341=EDGE_LOOP('',(#2024,#2025,#2026,#2027));
#342=EDGE_LOOP('',(#2028,#2029,#2030,#2031));
#343=EDGE_LOOP('',(#2032,#2033,#2034,#2035));
#344=EDGE_LOOP('',(#2036,#2037,#2038,#2039));
#345=EDGE_LOOP('',(#2040,#2041,#2042,#2043));
#346=EDGE_LOOP('',(#2044,#2045,#2046,#2047));
#347=EDGE_LOOP('',(#2048,#2049,#2050,#2051));
#348=EDGE_LOOP('',(#2052,#2053,#2054,#2055));
#349=EDGE_LOOP('',(#2056,#2057,#2058,#2059));
#350=EDGE_LOOP('',(#2060));
#351=EDGE_LOOP('',(#2061,#2062,#2063,#2064,#2065,#2066));
#352=EDGE_LOOP('',(#2067,#2068,#2069,#2070));
#353=EDGE_LOOP('',(#2071,#2072,#2073,#2074));
#354=EDGE_LOOP('',(#2075,#2076,#2077,#2078,#2079,#2080,#2081,#2082,#2083,
#2084,#2085,#2086,#2087,#2088,#2089,#2090,#2091,#2092,#2093,#2094,#2095,
#2096,#2097,#2098,#2099,#2100,#2101,#2102,#2103,#2104,#2105,#2106,#2107,
#2108,#2109,#2110,#2111,#2112,#2113,#2114,#2115,#2116,#2117,#2118,#2119,
#2120));
#355=EDGE_LOOP('',(#2121,#2122,#2123,#2124));
#356=EDGE_LOOP('',(#2125,#2126,#2127,#2128));
#357=EDGE_LOOP('',(#2129,#2130,#2131,#2132));
#358=EDGE_LOOP('',(#2133,#2134,#2135,#2136));
#359=EDGE_LOOP('',(#2137,#2138,#2139,#2140));
#360=EDGE_LOOP('',(#2141,#2142,#2143,#2144));
#361=EDGE_LOOP('',(#2145,#2146,#2147,#2148));
#362=EDGE_LOOP('',(#2149,#2150,#2151,#2152));
#363=EDGE_LOOP('',(#2153,#2154,#2155,#2156));
#364=EDGE_LOOP('',(#2157,#2158,#2159,#2160));
#365=EDGE_LOOP('',(#2161,#2162,#2163,#2164));
#366=EDGE_LOOP('',(#2165,#2166,#2167,#2168));
#367=EDGE_LOOP('',(#2169,#2170,#2171,#2172));
#368=EDGE_LOOP('',(#2173,#2174,#2175,#2176));
#369=EDGE_LOOP('',(#2177,#2178,#2179,#2180));
#370=EDGE_LOOP('',(#2181,#2182,#2183,#2184));
#371=EDGE_LOOP('',(#2185,#2186,#2187,#2188));
#372=EDGE_LOOP('',(#2189,#2190,#2191,#2192));
#373=EDGE_LOOP('',(#2193,#2194,#2195,#2196));
#374=EDGE_LOOP('',(#2197,#2198,#2199,#2200));
#375=EDGE_LOOP('',(#2201,#2202,#2203,#2204));
#376=EDGE_LOOP('',(#2205,#2206,#2207,#2208));
#377=EDGE_LOOP('',(#2209,#2210,#2211,#2212));
#378=EDGE_LOOP('',(#2213,#2214,#2215,#2216));
#379=EDGE_LOOP('',(#2217,#2218,#2219,#2220));
#380=EDGE_LOOP('',(#2221,#2222,#2223,#2224));
#381=EDGE_LOOP('',(#2225,#2226,#2227,#2228));
#382=EDGE_LOOP('',(#2229,#2230,#2231,#2232,#2233,#2234));
#383=EDGE_LOOP('',(#2235,#2236,#2237,#2238));
#384=EDGE_LOOP('',(#2239,#2240,#2241,#2242));
#385=EDGE_LOOP('',(#2243,#2244,#2245,#2246));
#386=EDGE_LOOP('',(#2247,#2248,#2249,#2250));
#387=EDGE_LOOP('',(#2251,#2252,#2253,#2254));
#388=EDGE_LOOP('',(#2255,#2256,#2257,#2258));
#389=EDGE_LOOP('',(#2259,#2260,#2261,#2262));
#390=EDGE_LOOP('',(#2263,#2264,#2265,#2266));
#391=EDGE_LOOP('',(#2267,#2268,#2269,#2270));
#392=EDGE_LOOP('',(#2271,#2272,#2273,#2274));
#393=EDGE_LOOP('',(#2275,#2276,#2277,#2278));
#394=EDGE_LOOP('',(#2279,#2280,#2281,#2282,#2283,#2284,#2285,#2286,#2287,
#2288,#2289,#2290,#2291,#2292,#2293,#2294,#2295,#2296,#2297,#2298,#2299,
#2300,#2301,#2302,#2303,#2304,#2305,#2306,#2307,#2308,#2309,#2310,#2311,
#2312,#2313,#2314,#2315,#2316,#2317,#2318,#2319,#2320,#2321,#2322,#2323,
#2324));
#395=EDGE_LOOP('',(#2325,#2326,#2327,#2328));
#396=EDGE_LOOP('',(#2329,#2330,#2331,#2332));
#397=EDGE_LOOP('',(#2333,#2334,#2335,#2336,#2337,#2338,#2339,#2340,#2341,
#2342,#2343,#2344,#2345,#2346));
#398=EDGE_LOOP('',(#2347,#2348,#2349,#2350,#2351,#2352,#2353,#2354,#2355,
#2356,#2357,#2358,#2359,#2360));
#399=EDGE_LOOP('',(#2361,#2362,#2363,#2364,#2365,#2366,#2367,#2368,#2369,
#2370,#2371,#2372));
#400=EDGE_LOOP('',(#2373,#2374,#2375,#2376));
#401=EDGE_LOOP('',(#2377,#2378,#2379));
#402=EDGE_LOOP('',(#2380,#2381,#2382));
#403=EDGE_LOOP('',(#2383,#2384,#2385));
#404=EDGE_LOOP('',(#2386,#2387,#2388));
#405=EDGE_LOOP('',(#2389,#2390,#2391));
#406=EDGE_LOOP('',(#2392,#2393,#2394));
#407=EDGE_LOOP('',(#2395,#2396,#2397,#2398,#2399,#2400));
#408=EDGE_LOOP('',(#2401,#2402,#2403,#2404,#2405,#2406));
#409=EDGE_LOOP('',(#2407,#2408,#2409,#2410,#2411,#2412));
#410=EDGE_LOOP('',(#2413,#2414,#2415,#2416,#2417,#2418));
#411=EDGE_LOOP('',(#2419,#2420,#2421,#2422));
#412=EDGE_LOOP('',(#2423,#2424,#2425,#2426,#2427,#2428));
#413=EDGE_LOOP('',(#2429,#2430,#2431,#2432,#2433,#2434));
#414=EDGE_LOOP('',(#2435));
#415=EDGE_LOOP('',(#2436,#2437,#2438,#2439));
#416=EDGE_LOOP('',(#2440,#2441,#2442,#2443));
#417=EDGE_LOOP('',(#2444,#2445,#2446,#2447));
#418=EDGE_LOOP('',(#2448,#2449,#2450,#2451));
#419=EDGE_LOOP('',(#2452,#2453,#2454,#2455));
#420=EDGE_LOOP('',(#2456,#2457,#2458,#2459));
#421=EDGE_LOOP('',(#2460,#2461,#2462,#2463));
#422=EDGE_LOOP('',(#2464,#2465,#2466,#2467));
#423=EDGE_LOOP('',(#2468,#2469,#2470,#2471));
#424=EDGE_LOOP('',(#2472,#2473,#2474,#2475));
#425=EDGE_LOOP('',(#2476,#2477,#2478,#2479));
#426=EDGE_LOOP('',(#2480,#2481,#2482,#2483));
#427=EDGE_LOOP('',(#2484,#2485,#2486,#2487));
#428=EDGE_LOOP('',(#2488,#2489,#2490,#2491));
#429=EDGE_LOOP('',(#2492,#2493,#2494,#2495,#2496,#2497));
#430=EDGE_LOOP('',(#2498,#2499,#2500,#2501));
#431=EDGE_LOOP('',(#2502,#2503,#2504,#2505));
#432=EDGE_LOOP('',(#2506,#2507,#2508,#2509));
#433=EDGE_LOOP('',(#2510,#2511,#2512,#2513));
#434=EDGE_LOOP('',(#2514,#2515,#2516,#2517));
#435=EDGE_LOOP('',(#2518,#2519,#2520,#2521,#2522,#2523));
#436=EDGE_LOOP('',(#2524,#2525,#2526,#2527));
#437=EDGE_LOOP('',(#2528,#2529,#2530,#2531));
#438=EDGE_LOOP('',(#2532,#2533,#2534,#2535,#2536,#2537));
#439=EDGE_LOOP('',(#2538,#2539,#2540,#2541));
#440=EDGE_LOOP('',(#2542,#2543,#2544,#2545));
#441=EDGE_LOOP('',(#2546,#2547,#2548,#2549));
#442=EDGE_LOOP('',(#2550,#2551,#2552,#2553));
#443=EDGE_LOOP('',(#2554,#2555,#2556,#2557));
#444=EDGE_LOOP('',(#2558,#2559,#2560,#2561));
#445=EDGE_LOOP('',(#2562,#2563,#2564,#2565));
#446=EDGE_LOOP('',(#2566,#2567,#2568,#2569));
#447=EDGE_LOOP('',(#2570,#2571,#2572,#2573));
#448=EDGE_LOOP('',(#2574,#2575,#2576,#2577));
#449=EDGE_LOOP('',(#2578,#2579,#2580,#2581));
#450=EDGE_LOOP('',(#2582,#2583,#2584,#2585,#2586,#2587));
#451=EDGE_LOOP('',(#2588,#2589,#2590,#2591));
#452=EDGE_LOOP('',(#2592,#2593,#2594,#2595));
#453=EDGE_LOOP('',(#2596,#2597,#2598,#2599));
#454=EDGE_LOOP('',(#2600,#2601,#2602,#2603,#2604,#2605,#2606,#2607,#2608));
#455=EDGE_LOOP('',(#2609,#2610,#2611,#2612,#2613));
#456=EDGE_LOOP('',(#2614,#2615,#2616));
#457=EDGE_LOOP('',(#2617,#2618,#2619));
#458=EDGE_LOOP('',(#2620,#2621,#2622,#2623,#2624,#2625,#2626,#2627,#2628,
#2629,#2630,#2631,#2632,#2633,#2634,#2635,#2636,#2637,#2638,#2639,#2640,
#2641,#2642,#2643,#2644,#2645,#2646,#2647,#2648,#2649,#2650,#2651,#2652,
#2653,#2654,#2655,#2656,#2657,#2658,#2659,#2660,#2661,#2662,#2663,#2664,
#2665,#2666,#2667,#2668,#2669,#2670,#2671,#2672,#2673,#2674,#2675,#2676,
#2677,#2678,#2679,#2680,#2681,#2682,#2683,#2684,#2685,#2686));
#459=EDGE_LOOP('',(#2687,#2688,#2689,#2690));
#460=EDGE_LOOP('',(#2691,#2692,#2693,#2694));
#461=EDGE_LOOP('',(#2695,#2696,#2697,#2698));
#462=EDGE_LOOP('',(#2699,#2700,#2701,#2702));
#463=EDGE_LOOP('',(#2703,#2704,#2705,#2706));
#464=EDGE_LOOP('',(#2707,#2708,#2709,#2710));
#465=EDGE_LOOP('',(#2711,#2712,#2713,#2714));
#466=EDGE_LOOP('',(#2715,#2716,#2717,#2718));
#467=EDGE_LOOP('',(#2719,#2720,#2721,#2722));
#468=EDGE_LOOP('',(#2723,#2724,#2725,#2726));
#469=EDGE_LOOP('',(#2727,#2728,#2729,#2730));
#470=EDGE_LOOP('',(#2731,#2732,#2733,#2734));
#471=EDGE_LOOP('',(#2735,#2736,#2737,#2738));
#472=EDGE_LOOP('',(#2739,#2740,#2741,#2742));
#473=EDGE_LOOP('',(#2743,#2744,#2745,#2746));
#474=EDGE_LOOP('',(#2747,#2748,#2749,#2750));
#475=EDGE_LOOP('',(#2751,#2752,#2753,#2754));
#476=EDGE_LOOP('',(#2755,#2756,#2757,#2758));
#477=EDGE_LOOP('',(#2759,#2760,#2761,#2762));
#478=EDGE_LOOP('',(#2763,#2764,#2765,#2766));
#479=EDGE_LOOP('',(#2767,#2768,#2769,#2770));
#480=EDGE_LOOP('',(#2771,#2772,#2773,#2774));
#481=EDGE_LOOP('',(#2775,#2776,#2777,#2778,#2779,#2780));
#482=EDGE_LOOP('',(#2781,#2782,#2783,#2784));
#483=EDGE_LOOP('',(#2785,#2786,#2787,#2788));
#484=EDGE_LOOP('',(#2789));
#485=EDGE_LOOP('',(#2790,#2791,#2792,#2793));
#486=EDGE_LOOP('',(#2794,#2795,#2796,#2797));
#487=EDGE_LOOP('',(#2798,#2799,#2800,#2801,#2802,#2803,#2804,#2805,#2806,
#2807,#2808,#2809,#2810,#2811,#2812,#2813,#2814,#2815,#2816,#2817,#2818,
#2819,#2820,#2821,#2822,#2823,#2824,#2825,#2826,#2827,#2828,#2829,#2830,
#2831,#2832,#2833,#2834,#2835,#2836,#2837,#2838,#2839,#2840,#2841,#2842,
#2843,#2844,#2845,#2846,#2847,#2848,#2849,#2850,#2851,#2852,#2853,#2854,
#2855,#2856,#2857,#2858,#2859,#2860,#2861,#2862,#2863));
#488=EDGE_LOOP('',(#2864,#2865,#2866,#2867));
#489=EDGE_LOOP('',(#2868,#2869,#2870,#2871));
#490=EDGE_LOOP('',(#2872,#2873,#2874,#2875));
#491=EDGE_LOOP('',(#2876,#2877,#2878,#2879));
#492=EDGE_LOOP('',(#2880,#2881,#2882,#2883));
#493=EDGE_LOOP('',(#2884,#2885,#2886,#2887));
#494=EDGE_LOOP('',(#2888,#2889,#2890,#2891));
#495=EDGE_LOOP('',(#2892,#2893,#2894,#2895));
#496=EDGE_LOOP('',(#2896,#2897,#2898,#2899));
#497=EDGE_LOOP('',(#2900,#2901,#2902,#2903));
#498=EDGE_LOOP('',(#2904,#2905,#2906,#2907));
#499=EDGE_LOOP('',(#2908,#2909,#2910,#2911));
#500=EDGE_LOOP('',(#2912,#2913,#2914,#2915));
#501=EDGE_LOOP('',(#2916,#2917,#2918,#2919));
#502=EDGE_LOOP('',(#2920,#2921,#2922,#2923));
#503=EDGE_LOOP('',(#2924,#2925,#2926,#2927));
#504=EDGE_LOOP('',(#2928,#2929,#2930,#2931));
#505=EDGE_LOOP('',(#2932,#2933,#2934,#2935));
#506=EDGE_LOOP('',(#2936,#2937,#2938,#2939));
#507=EDGE_LOOP('',(#2940,#2941,#2942,#2943));
#508=EDGE_LOOP('',(#2944,#2945,#2946,#2947));
#509=EDGE_LOOP('',(#2948,#2949,#2950,#2951));
#510=EDGE_LOOP('',(#2952,#2953,#2954,#2955));
#511=EDGE_LOOP('',(#2956,#2957,#2958,#2959));
#512=EDGE_LOOP('',(#2960,#2961,#2962));
#513=EDGE_LOOP('',(#2963,#2964,#2965,#2966,#2967));
#514=EDGE_LOOP('',(#2968,#2969,#2970,#2971));
#515=EDGE_LOOP('',(#2972));
#516=EDGE_LOOP('',(#2973,#2974,#2975,#2976,#2977,#2978));
#517=EDGE_LOOP('',(#2979,#2980,#2981,#2982,#2983));
#518=EDGE_LOOP('',(#2984,#2985,#2986,#2987,#2988,#2989));
#519=EDGE_LOOP('',(#2990,#2991,#2992,#2993,#2994,#2995));
#520=EDGE_LOOP('',(#2996,#2997,#2998,#2999));
#521=CIRCLE('',#3247,5.54863);
#522=CIRCLE('',#3252,5.54863);
#523=CIRCLE('',#3254,5.9563);
#524=CIRCLE('',#3259,5.9563);
#525=CIRCLE('',#3261,8.2);
#526=CIRCLE('',#3264,8.2);
#527=CIRCLE('',#3265,8.2);
#528=CIRCLE('',#3266,8.2);
#529=CIRCLE('',#3267,8.2);
#530=CIRCLE('',#3268,8.2);
#531=CIRCLE('',#3269,8.2);
#532=CIRCLE('',#3270,8.2);
#533=CIRCLE('',#3271,8.2);
#534=CIRCLE('',#3272,8.2);
#535=CIRCLE('',#3273,8.2);
#536=CIRCLE('',#3274,8.2);
#537=CIRCLE('',#3275,8.2);
#538=CIRCLE('',#3276,8.2);
#539=CIRCLE('',#3277,8.2);
#540=CIRCLE('',#3278,8.2);
#541=CIRCLE('',#3280,6.45);
#542=CIRCLE('',#3283,6.45);
#543=CIRCLE('',#3286,6.45);
#544=CIRCLE('',#3289,6.45);
#545=CIRCLE('',#3292,6.45);
#546=CIRCLE('',#3295,6.45);
#547=CIRCLE('',#3298,6.45);
#548=CIRCLE('',#3301,6.45);
#549=CIRCLE('',#3304,6.45);
#550=CIRCLE('',#3307,6.45);
#551=CIRCLE('',#3308,6.45);
#552=CIRCLE('',#3311,6.45);
#553=CIRCLE('',#3314,6.45);
#554=CIRCLE('',#3317,6.45);
#555=CIRCLE('',#3320,6.45);
#556=CIRCLE('',#3321,6.45);
#557=CIRCLE('',#3325,7.58746533066186);
#558=CIRCLE('',#3326,7.58746533066186);
#559=CIRCLE('',#3327,7.58746533066186);
#560=CIRCLE('',#3328,7.58746533066186);
#561=CIRCLE('',#3329,7.58746533066186);
#562=CIRCLE('',#3330,7.58746533066186);
#563=CIRCLE('',#3346,5.46989);
#564=CIRCLE('',#3359,0.1);
#565=CIRCLE('',#3360,0.1);
#566=CIRCLE('',#3362,0.1);
#567=CIRCLE('',#3365,0.1);
#568=CIRCLE('',#3367,0.1);
#569=CIRCLE('',#3368,0.1);
#570=CIRCLE('',#3371,0.1);
#571=CIRCLE('',#3373,0.1);
#572=CIRCLE('',#3389,5.7);
#573=CIRCLE('',#3390,5.7);
#574=CIRCLE('',#3391,5.7);
#575=CIRCLE('',#3392,5.7);
#576=CIRCLE('',#3393,5.7);
#577=CIRCLE('',#3395,5.92201);
#578=CIRCLE('',#3425,5.92201);
#579=CIRCLE('',#3450,5.46989);
#580=CIRCLE('',#3453,7.36191852351472);
#581=CIRCLE('',#3455,7.36191852351472);
#582=CIRCLE('',#3456,7.36191852351472);
#583=CIRCLE('',#3457,4.48340483129942);
#584=CIRCLE('',#3458,4.48340483129942);
#585=CIRCLE('',#3460,4.48340483129942);
#586=CIRCLE('',#3461,4.48340483129942);
#587=CIRCLE('',#3462,6.44011003667996);
#588=B_SPLINE_CURVE_WITH_KNOTS('',3,(#4116,#4117,#4118,#4119,#4120,#4121,
#4122,#4123,#4124,#4125,#4126,#4127,#4128,#4129,#4130,#4131,#4132,#4133,
#4134,#4135,#4136,#4137,#4138,#4139,#4140),.UNSPECIFIED.,.F.,.F.,(4,3,3,
3,3,3,3,3,4),(-3.90193734707678,-3.45125022355668,-2.95821447733429,-2.46517873111191,
-1.97214298488953,-1.47910723866715,-0.986071492444763,-0.493035746222382,
0.),.UNSPECIFIED.);
#589=B_SPLINE_CURVE_WITH_KNOTS('',3,(#4143,#4144,#4145,#4146,#4147,#4148,
#4149,#4150,#4151,#4152,#4153,#4154,#4155,#4156,#4157,#4158,#4159,#4160,
#4161,#4162,#4163,#4164,#4165,#4166,#4167,#4168,#4169,#4170,#4171,#4172,
#4173,#4174,#4175,#4176,#4177,#4178,#4179),.UNSPECIFIED.,.F.,.F.,(4,3,3,
3,3,3,3,3,3,3,3,3,4),(1.86313470694139,1.97214298488953,2.46517873111191,
2.95821447733429,3.45125022355668,3.94428596977906,4.43732171600144,4.93035746222383,
5.42339320844621,5.91642895466859,6.40946470089098,6.90250044711336,7.38597532063399),
 .UNSPECIFIED.);
#590=B_SPLINE_CURVE_WITH_KNOTS('',3,(#4184,#4185,#4186,#4187,#4188,#4189,
#4190,#4191,#4192,#4193,#4194,#4195,#4196,#4197,#4198,#4199,#4200,#4201,
#4202,#4203,#4204,#4205,#4206,#4207,#4208,#4209,#4210,#4211,#4212,#4213,
#4214,#4215,#4216,#4217,#4218,#4219,#4220,#4221,#4222,#4223,#4224,#4225,
#4226),.UNSPECIFIED.,.F.,.F.,(4,3,3,3,3,3,3,3,3,3,3,3,3,3,4),(-10.1851226542564,
-9.86071492444765,-9.36767917822527,-8.87464343200288,-8.3816076857805,
-7.88857193955812,-7.39553619333574,-6.90250044711335,-6.40946470089097,
-5.91642895466859,-5.42339320844621,-4.93035746222382,-4.43732171600144,
-3.94428596977906,-3.90193734707678),.UNSPECIFIED.);
#591=B_SPLINE_CURVE_WITH_KNOTS('',3,(#4227,#4228,#4229,#4230,#4231,#4232,
#4233,#4234,#4235,#4236,#4237,#4238,#4239,#4240,#4241,#4242,#4243,#4244,
#4245,#4246,#4247,#4248,#4249,#4250,#4251,#4252,#4253,#4254,#4255,#4256,
#4257,#4258,#4259,#4260,#4261,#4262,#4263,#4264,#4265,#4266,#4267,#4268,
#4269),.UNSPECIFIED.,.F.,.F.,(4,3,3,3,3,3,3,3,3,3,3,3,3,3,4),(7.38597532063399,
7.39553619333574,7.88857193955812,8.38160768578051,8.87464343200288,9.36767917822527,
9.86071492444765,10.35375067067,10.8467864168924,11.3398221631148,11.8328579093372,
12.3258936555596,12.8189294017819,13.3119651480043,13.6691606278136),
 .UNSPECIFIED.);
#592=B_SPLINE_CURVE_WITH_KNOTS('',3,(#4274,#4275,#4276,#4277,#4278,#4279,
#4280,#4281,#4282,#4283,#4284,#4285,#4286,#4287,#4288,#4289,#4290,#4291,
#4292,#4293,#4294,#4295,#4296,#4297,#4298,#4299,#4300,#4301,#4302,#4303,
#4304,#4305,#4306,#4307,#4308,#4309,#4310,#4311,#4312,#4313,#4314,#4315,
#4316),.UNSPECIFIED.,.F.,.F.,(4,3,3,3,3,3,3,3,3,3,3,3,3,3,4),(-16.468307961436,
-16.2701796253386,-15.7771438791162,-15.2841081328938,-14.7910723866715,
-14.2980366404491,-13.8050008942267,-13.3119651480043,-12.8189294017819,
-12.3258936555596,-11.8328579093372,-11.3398221631148,-10.8467864168924,
-10.35375067067,-10.1851226542564),.UNSPECIFIED.);
#593=B_SPLINE_CURVE_WITH_KNOTS('',3,(#4317,#4318,#4319,#4320,#4321,#4322,
#4323,#4324,#4325,#4326,#4327,#4328,#4329,#4330,#4331,#4332,#4333,#4334,
#4335,#4336,#4337,#4338,#4339,#4340,#4341,#4342,#4343,#4344,#4345,#4346,
#4347,#4348,#4349,#4350,#4351,#4352,#4353,#4354,#4355,#4356,#4357,#4358,
#4359),.UNSPECIFIED.,.F.,.F.,(4,3,3,3,3,3,3,3,3,3,3,3,3,3,4),(13.6691606278136,
13.8050008942267,14.2980366404491,14.7910723866715,15.2841081328938,15.7771438791162,
16.2701796253386,16.763215371561,17.2562511177834,17.7492868640058,18.2423226102281,
18.7353583564505,19.2283941026729,19.7214298488953,19.9523459349932),
 .UNSPECIFIED.);
#594=B_SPLINE_CURVE_WITH_KNOTS('',3,(#4364,#4365,#4366,#4367,#4368,#4369,
#4370,#4371,#4372,#4373,#4374,#4375,#4376,#4377,#4378,#4379,#4380,#4381,
#4382,#4383,#4384,#4385,#4386,#4387,#4388,#4389,#4390,#4391,#4392,#4393,
#4394,#4395,#4396,#4397,#4398,#4399,#4400,#4401,#4402,#4403,#4404,#4405,
#4406),.UNSPECIFIED.,.F.,.F.,(4,3,3,3,3,3,3,3,3,3,3,3,3,3,4),(-22.7514932686155,
-22.6796443262296,-22.1866085800072,-21.6935728337848,-21.2005370875624,
-20.7075013413401,-20.2144655951177,-19.7214298488953,-19.2283941026729,
-18.7353583564505,-18.2423226102281,-17.7492868640058,-17.2562511177834,
-16.763215371561,-16.468307961436),.UNSPECIFIED.);
#595=B_SPLINE_CURVE_WITH_KNOTS('',3,(#4407,#4408,#4409,#4410,#4411,#4412,
#4413,#4414,#4415,#4416,#4417,#4418,#4419,#4420,#4421,#4422,#4423,#4424,
#4425,#4426,#4427,#4428,#4429,#4430,#4431,#4432,#4433,#4434,#4435,#4436,
#4437,#4438,#4439,#4440,#4441,#4442,#4443,#4444,#4445,#4446,#4447,#4448,
#4449),.UNSPECIFIED.,.F.,.F.,(4,3,3,3,3,3,3,3,3,3,3,3,3,3,4),(19.9523459349932,
20.2144655951177,20.7075013413401,21.2005370875624,21.6935728337848,22.1866085800072,
22.6796443262296,23.172680072452,23.6657158186744,24.1587515648967,24.6517873111191,
25.1448230573415,25.6378588035639,26.1308945497863,26.2355312421728),
 .UNSPECIFIED.);
#596=B_SPLINE_CURVE_WITH_KNOTS('',3,(#4455,#4456,#4457,#4458,#4459,#4460,
#4461,#4462,#4463,#4464),.UNSPECIFIED.,.F.,.F.,(4,3,3,4),(32.5187165493523,
32.5403592506772,33.0333949968996,33.526430743122),.UNSPECIFIED.);
#597=B_SPLINE_CURVE_WITH_KNOTS('',3,(#4467,#4468,#4469,#4470,#4471,#4472,
#4473,#4474,#4475,#4476,#4477,#4478,#4479,#4480,#4481,#4482,#4483,#4484,
#4485,#4486,#4487,#4488),.UNSPECIFIED.,.F.,.F.,(4,3,3,3,3,3,3,4),(-31.6632960361806,
-31.5542877582325,-31.0612520120101,-30.5682162657877,-30.0751805195653,
-29.5821447733429,-29.0891090271206,-29.0346785757951),.UNSPECIFIED.);
#598=B_SPLINE_CURVE_WITH_KNOTS('',3,(#4494,#4495,#4496,#4497,#4498,#4499,
#4500,#4501,#4502,#4503,#4504,#4505,#4506),.UNSPECIFIED.,.F.,.F.,(4,1,1,
1,1,1,1,1,1,1,4),(40.8407044966673,40.8951349479927,41.3881706942151,41.8812064404375,
42.3742421866599,42.8672779328823,43.3603136791046,43.853349425327,44.3463851715494,
44.8394209177718,45.3324566639942),.UNSPECIFIED.);
#599=B_SPLINE_CURVE_WITH_KNOTS('',3,(#4509,#4510,#4511,#4512,#4513,#4514,
#4515,#4516,#4517,#4518,#4519,#4520,#4521,#4522,#4523),.UNSPECIFIED.,.F.,
 .F.,(4,1,1,1,1,1,1,1,1,1,1,1,4),(40.8407044966673,41.2291035505032,41.7221392967256,
42.215175042948,42.7082107891703,43.2012465353927,43.6942822816151,44.1873180278375,
44.6803537740599,45.1733895202823,45.6664252665046,46.159461012727,46.2684692906752),
 .UNSPECIFIED.);
#600=B_SPLINE_CURVE_WITH_KNOTS('',3,(#4528,#4529,#4530,#4531,#4532,#4533,
#4534,#4535,#4536,#4537,#4538,#4539,#4540,#4541,#4542,#4543),
 .UNSPECIFIED.,.F.,.F.,(4,1,1,1,1,1,1,1,1,1,1,1,1,4),(34.5575191894877,
34.9787059933241,35.4717417395465,35.9647774857689,36.4578132319913,36.9508489782137,
37.4438847244361,37.9369204706584,38.4299562168808,38.9229919631032,39.4160277093256,
39.909063455548,40.4020992017703,40.8407044966673),.UNSPECIFIED.);
#601=B_SPLINE_CURVE_WITH_KNOTS('',3,(#4544,#4545,#4546,#4547,#4548,#4549,
#4550,#4551,#4552,#4553,#4554,#4555,#4556,#4557,#4558,#4559,#4560),
 .UNSPECIFIED.,.F.,.F.,(4,1,1,1,1,1,1,1,1,1,1,1,1,1,4),(34.5575191894877,
34.8196388496122,35.3126745958346,35.805710342057,36.2987460882794,36.7917818345018,
37.2848175807241,37.7778533269465,38.2708890731689,38.7639248193913,39.2569605656137,
39.749996311836,40.2430320580584,40.7360678042808,40.8407044966673),
 .UNSPECIFIED.);
#602=B_SPLINE_CURVE_WITH_KNOTS('',3,(#4565,#4566,#4567,#4568,#4569,#4570,
#4571,#4572,#4573,#4574,#4575,#4576,#4577,#4578,#4579,#4580,#4581),
 .UNSPECIFIED.,.F.,.F.,(4,1,1,1,1,1,1,1,1,1,1,1,1,1,4),(28.2743338823081,
28.5692412924332,29.0622770386556,29.5553127848779,30.0483485311003,30.5413842773227,
31.0344200235451,31.5274557697675,32.0204915159899,32.5135272622122,33.0065630084346,
33.499598754657,33.9926345008794,34.4856702471018,34.5575191894877),
 .UNSPECIFIED.);
#603=B_SPLINE_CURVE_WITH_KNOTS('',3,(#4582,#4583,#4584,#4585,#4586,#4587,
#4588,#4589,#4590,#4591,#4592,#4593,#4594,#4595,#4596,#4597,#4598),
 .UNSPECIFIED.,.F.,.F.,(4,1,1,1,1,1,1,1,1,1,1,1,1,1,4),(28.2743338823081,
28.4101741487213,28.9032098949436,29.396245641166,29.8892813873884,30.3823171336108,
30.8753528798332,31.3683886260556,31.8614243722779,32.3544601185003,32.8474958647227,
33.3405316109451,33.8335673571675,34.3266031033898,34.5575191894877),
 .UNSPECIFIED.);
#604=B_SPLINE_CURVE_WITH_KNOTS('',3,(#4603,#4604,#4605,#4606,#4607,#4608,
#4609,#4610,#4611,#4612,#4613,#4614,#4615,#4616,#4617,#4618,#4619),
 .UNSPECIFIED.,.F.,.F.,(4,1,1,1,1,1,1,1,1,1,1,1,1,1,4),(21.9911485751285,
22.1597765915422,22.6528123377646,23.145848083987,23.6388838302094,24.1319195764317,
24.6249553226541,25.1179910688765,25.6110268150989,26.1040625613213,26.5970983075436,
27.090134053766,27.5831697999884,28.0762055462108,28.2743338823081),
 .UNSPECIFIED.);
#605=B_SPLINE_CURVE_WITH_KNOTS('',3,(#4620,#4621,#4622,#4623,#4624,#4625,
#4626,#4627,#4628,#4629,#4630,#4631,#4632,#4633,#4634,#4635,#4636),
 .UNSPECIFIED.,.F.,.F.,(4,1,1,1,1,1,1,1,1,1,1,1,1,1,4),(21.9911485751285,
22.0007094478303,22.4937451940527,22.9867809402751,23.4798166864974,23.9728524327198,
24.4658881789422,24.9589239251646,25.451959671387,25.9449954176093,26.4380311638317,
26.9310669100541,27.4241026562765,27.9171384024989,28.2743338823081),
 .UNSPECIFIED.);
#606=B_SPLINE_CURVE_WITH_KNOTS('',3,(#4642,#4643,#4644,#4645,#4646,#4647),
 .UNSPECIFIED.,.F.,.F.,(4,1,1,4),(14.6051732544946,15.0982090007169,15.5912447469393,
15.707963267949),.UNSPECIFIED.);
#607=B_SPLINE_CURVE_WITH_KNOTS('',3,(#4650,#4651,#4652,#4653,#4654,#4655,
#4656,#4657),.UNSPECIFIED.,.F.,.F.,(4,1,1,1,1,4),(13.6691606278136,13.7781689057617,
14.2712046519841,14.7642403982065,15.2572761444289,15.707963267949),
 .UNSPECIFIED.);
#608=B_SPLINE_CURVE_WITH_KNOTS('',3,(#4691,#4692,#4693,#4694),
 .UNSPECIFIED.,.F.,.F.,(4,4),(0.,0.293181688456452),.UNSPECIFIED.);
#609=B_SPLINE_CURVE_WITH_KNOTS('',3,(#4696,#4697,#4698,#4699),
 .UNSPECIFIED.,.F.,.F.,(4,4),(0.0746037028562711,0.249603702856271),
 .UNSPECIFIED.);
#610=B_SPLINE_CURVE_WITH_KNOTS('',3,(#4701,#4702,#4703,#4704),
 .UNSPECIFIED.,.F.,.F.,(4,4),(0.,0.426829268292683),.UNSPECIFIED.);
#611=B_SPLINE_CURVE_WITH_KNOTS('',3,(#4718,#4719,#4720,#4721),
 .UNSPECIFIED.,.F.,.F.,(4,4),(0.,0.426829268292683),.UNSPECIFIED.);
#612=B_SPLINE_CURVE_WITH_KNOTS('',3,(#4727,#4728,#4729,#4730),
 .UNSPECIFIED.,.F.,.F.,(4,4),(0.,0.426829268292683),.UNSPECIFIED.);
#613=B_SPLINE_CURVE_WITH_KNOTS('',3,(#4736,#4737,#4738,#4739),
 .UNSPECIFIED.,.F.,.F.,(4,4),(0.,0.426829268292683),.UNSPECIFIED.);
#614=B_SPLINE_CURVE_WITH_KNOTS('',3,(#4745,#4746,#4747,#4748),
 .UNSPECIFIED.,.F.,.F.,(4,4),(0.,0.426829268292683),.UNSPECIFIED.);
#615=B_SPLINE_CURVE_WITH_KNOTS('',3,(#4754,#4755,#4756,#4757),
 .UNSPECIFIED.,.F.,.F.,(4,4),(0.,0.426829268292683),.UNSPECIFIED.);
#616=B_SPLINE_CURVE_WITH_KNOTS('',3,(#4763,#4764,#4765,#4766),
 .UNSPECIFIED.,.F.,.F.,(4,4),(0.,0.426829268292683),.UNSPECIFIED.);
#617=B_SPLINE_CURVE_WITH_KNOTS('',3,(#4772,#4773,#4774,#4775),
 .UNSPECIFIED.,.F.,.F.,(4,4),(0.,0.426829268292683),.UNSPECIFIED.);
#618=B_SPLINE_CURVE_WITH_KNOTS('',3,(#4781,#4782,#4783,#4784),
 .UNSPECIFIED.,.F.,.F.,(4,4),(0.,0.426829268292683),.UNSPECIFIED.);
#619=B_SPLINE_CURVE_WITH_KNOTS('',3,(#4790,#4791,#4792,#4793),
 .UNSPECIFIED.,.F.,.F.,(4,4),(0.,0.426829268292683),.UNSPECIFIED.);
#620=B_SPLINE_CURVE_WITH_KNOTS('',3,(#4802,#4803,#4804,#4805),
 .UNSPECIFIED.,.F.,.F.,(4,4),(0.,0.426829268292683),.UNSPECIFIED.);
#621=B_SPLINE_CURVE_WITH_KNOTS('',3,(#4811,#4812,#4813,#4814),
 .UNSPECIFIED.,.F.,.F.,(4,4),(0.,0.426829268292683),.UNSPECIFIED.);
#622=B_SPLINE_CURVE_WITH_KNOTS('',3,(#4820,#4821,#4822,#4823),
 .UNSPECIFIED.,.F.,.F.,(4,4),(0.,0.426829268292683),.UNSPECIFIED.);
#623=B_SPLINE_CURVE_WITH_KNOTS('',3,(#4829,#4830,#4831,#4832),
 .UNSPECIFIED.,.F.,.F.,(4,4),(0.,0.426829268292683),.UNSPECIFIED.);
#624=B_SPLINE_CURVE_WITH_KNOTS('',3,(#4856,#4857,#4858,#4859),
 .UNSPECIFIED.,.F.,.F.,(4,4),(0.,0.293181688456452),.UNSPECIFIED.);
#625=B_SPLINE_CURVE_WITH_KNOTS('',3,(#4860,#4861,#4862,#4863),
 .UNSPECIFIED.,.F.,.F.,(4,4),(0.141445083942205,0.316445083942205),
 .UNSPECIFIED.);
#626=B_SPLINE_CURVE_WITH_KNOTS('',3,(#4889,#4890,#4891,#4892),
 .UNSPECIFIED.,.F.,.F.,(4,4),(0.,0.293181688456452),.UNSPECIFIED.);
#627=B_SPLINE_CURVE_WITH_KNOTS('',3,(#4893,#4894,#4895,#4896),
 .UNSPECIFIED.,.F.,.F.,(4,4),(0.493530261324381,0.66853026132438),
 .UNSPECIFIED.);
#628=B_SPLINE_CURVE_WITH_KNOTS('',3,(#4922,#4923,#4924,#4925),
 .UNSPECIFIED.,.F.,.F.,(4,4),(0.,0.293181688456452),.UNSPECIFIED.);
#629=B_SPLINE_CURVE_WITH_KNOTS('',3,(#4926,#4927,#4928,#4929),
 .UNSPECIFIED.,.F.,.F.,(4,4),(0.493530261324381,0.668530261324381),
 .UNSPECIFIED.);
#630=B_SPLINE_CURVE_WITH_KNOTS('',3,(#4955,#4956,#4957,#4958),
 .UNSPECIFIED.,.F.,.F.,(4,4),(0.,0.293181688456452),.UNSPECIFIED.);
#631=B_SPLINE_CURVE_WITH_KNOTS('',3,(#4959,#4960,#4961,#4962),
 .UNSPECIFIED.,.F.,.F.,(4,4),(0.493530261324381,0.668530261324382),
 .UNSPECIFIED.);
#632=B_SPLINE_CURVE_WITH_KNOTS('',3,(#4988,#4989,#4990,#4991),
 .UNSPECIFIED.,.F.,.F.,(4,4),(0.,0.293181688456452),.UNSPECIFIED.);
#633=B_SPLINE_CURVE_WITH_KNOTS('',3,(#4992,#4993,#4994,#4995),
 .UNSPECIFIED.,.F.,.F.,(4,4),(0.273629112639959,0.448629112639959),
 .UNSPECIFIED.);
#634=B_SPLINE_CURVE_WITH_KNOTS('',3,(#5021,#5022,#5023,#5024),
 .UNSPECIFIED.,.F.,.F.,(4,4),(0.,0.293181688456452),.UNSPECIFIED.);
#635=B_SPLINE_CURVE_WITH_KNOTS('',3,(#5025,#5026,#5027,#5028),
 .UNSPECIFIED.,.F.,.F.,(4,4),(0.493530261324381,0.668530261324381),
 .UNSPECIFIED.);
#636=B_SPLINE_CURVE_WITH_KNOTS('',3,(#5054,#5055,#5056,#5057),
 .UNSPECIFIED.,.F.,.F.,(4,4),(0.,0.293181688456452),.UNSPECIFIED.);
#637=B_SPLINE_CURVE_WITH_KNOTS('',3,(#5058,#5059,#5060,#5061),
 .UNSPECIFIED.,.F.,.F.,(4,4),(0.493530261324381,0.668530261324381),
 .UNSPECIFIED.);
#638=B_SPLINE_CURVE_WITH_KNOTS('',3,(#5087,#5088,#5089,#5090),
 .UNSPECIFIED.,.F.,.F.,(4,4),(0.,0.293181688456452),.UNSPECIFIED.);
#639=B_SPLINE_CURVE_WITH_KNOTS('',3,(#5091,#5092,#5093,#5094),
 .UNSPECIFIED.,.F.,.F.,(4,4),(0.493530261324381,0.668530261324381),
 .UNSPECIFIED.);
#640=B_SPLINE_CURVE_WITH_KNOTS('',3,(#5120,#5121,#5122,#5123),
 .UNSPECIFIED.,.F.,.F.,(4,4),(0.,0.293181688456452),.UNSPECIFIED.);
#641=B_SPLINE_CURVE_WITH_KNOTS('',3,(#5124,#5125,#5126,#5127),
 .UNSPECIFIED.,.F.,.F.,(4,4),(0.493530261324381,0.668530261324381),
 .UNSPECIFIED.);
#642=B_SPLINE_CURVE_WITH_KNOTS('',3,(#5155,#5156,#5157,#5158),
 .UNSPECIFIED.,.F.,.F.,(4,4),(0.,0.293181688456452),.UNSPECIFIED.);
#643=B_SPLINE_CURVE_WITH_KNOTS('',3,(#5159,#5160,#5161,#5162),
 .UNSPECIFIED.,.F.,.F.,(4,4),(0.493530261324381,0.668530261324381),
 .UNSPECIFIED.);
#644=B_SPLINE_CURVE_WITH_KNOTS('',3,(#5188,#5189,#5190,#5191),
 .UNSPECIFIED.,.F.,.F.,(4,4),(0.,0.293181688456452),.UNSPECIFIED.);
#645=B_SPLINE_CURVE_WITH_KNOTS('',3,(#5192,#5193,#5194,#5195),
 .UNSPECIFIED.,.F.,.F.,(4,4),(0.493530261324382,0.668530261324382),
 .UNSPECIFIED.);
#646=B_SPLINE_CURVE_WITH_KNOTS('',3,(#5221,#5222,#5223,#5224),
 .UNSPECIFIED.,.F.,.F.,(4,4),(0.,0.293181688456452),.UNSPECIFIED.);
#647=B_SPLINE_CURVE_WITH_KNOTS('',3,(#5225,#5226,#5227,#5228),
 .UNSPECIFIED.,.F.,.F.,(4,4),(0.493530261324381,0.668530261324381),
 .UNSPECIFIED.);
#648=B_SPLINE_CURVE_WITH_KNOTS('',3,(#5254,#5255,#5256,#5257),
 .UNSPECIFIED.,.F.,.F.,(4,4),(0.,0.29318168830898),.UNSPECIFIED.);
#649=B_SPLINE_CURVE_WITH_KNOTS('',3,(#5269,#5270,#5271,#5272,#5273,#5274,
#5275,#5276,#5277,#5278,#5279,#5280,#5281,#5282,#5283,#5284,#5285),
 .UNSPECIFIED.,.F.,.F.,(4,1,1,1,1,1,1,1,1,1,1,1,1,1,4),(15.707963267949,
15.7503118906512,16.2433476368736,16.736383383096,17.2294191293184,17.7224548755408,
18.2154906217632,18.7085263679855,19.2015621142079,19.6945978604303,20.1876336066527,
20.6806693528751,21.1737050990974,21.6667408453198,21.9911485751285),
 .UNSPECIFIED.);
#650=B_SPLINE_CURVE_WITH_KNOTS('',3,(#5286,#5287,#5288,#5289,#5290,#5291,
#5292,#5293,#5294,#5295,#5296,#5297,#5298,#5299,#5300,#5301),
 .UNSPECIFIED.,.F.,.F.,(4,1,1,1,1,1,1,1,1,1,1,1,1,4),(15.707963267949,16.0842804931617,
16.5773162393841,17.0703519856065,17.5633877318288,18.0564234780512,18.5494592242736,
19.042494970496,19.5355307167184,20.0285664629408,20.5216022091631,21.0146379553855,
21.5076737016079,21.9911485751285),.UNSPECIFIED.);
#651=B_SPLINE_CURVE_WITH_KNOTS('',3,(#5586,#5587,#5588,#5589,#5590,#5591,
#5592,#5593,#5594,#5595,#5596,#5597,#5598,#5599,#5600,#5601,#5602,#5603,
#5604,#5605,#5606,#5607,#5608,#5609,#5610,#5611,#5612,#5613,#5614,#5615,
#5616,#5617,#5618,#5619,#5620,#5621,#5622,#5623,#5624,#5625,#5626,#5627,
#5628,#5629,#5630,#5631,#5632,#5633,#5634,#5635,#5636,#5637,#5638,#5639,
#5640,#5641,#5642,#5643,#5644,#5645,#5646,#5647,#5648,#5649,#5650,#5651,
#5652,#5653,#5654,#5655,#5656,#5657,#5658,#5659,#5660,#5661,#5662,#5663,
#5664,#5665,#5666,#5667,#5668,#5669,#5670,#5671,#5672,#5673,#5674,#5675,
#5676,#5677,#5678,#5679,#5680,#5681,#5682,#5683,#5684,#5685),
 .UNSPECIFIED.,.F.,.F.,(4,3,3,3,3,3,3,3,3,3,3,3,3,3,3,3,3,3,3,3,3,3,3,3,
3,3,3,3,3,3,3,3,3,4),(0.,0.0499158472143451,0.100387873679625,0.15079743975693,
0.20070683196332,0.223561902385771,0.230124557099324,0.23705674610222,0.287002914112196,
0.292127113653124,0.342016094061985,0.392055790370576,0.438836619156778,
0.451347915232274,0.457917553296151,0.464682347851283,0.51411974127908,
0.563381280112964,0.579179105515386,0.628674132095048,0.657694221213731,
0.675410619045433,0.682256679177779,0.689005277666001,0.737945229626035,
0.786830160055764,0.835016089909625,0.860834845044513,0.875714242471153,
0.882101466480156,0.93069644489171,0.979189825623075,1.02783560287472,1.07648138012637),
 .UNSPECIFIED.);
#652=B_SPLINE_CURVE_WITH_KNOTS('',3,(#5686,#5687,#5688,#5689,#5690,#5691,
#5692,#5693,#5694,#5695,#5696,#5697,#5698,#5699,#5700,#5701,#5702,#5703,
#5704,#5705,#5706,#5707,#5708,#5709,#5710,#5711,#5712,#5713,#5714,#5715,
#5716,#5717,#5718,#5719,#5720,#5721,#5722,#5723,#5724,#5725,#5726,#5727,
#5728,#5729,#5730,#5731,#5732,#5733,#5734,#5735,#5736,#5737,#5738,#5739,
#5740,#5741,#5742,#5743,#5744,#5745,#5746,#5747,#5748,#5749,#5750,#5751,
#5752,#5753,#5754,#5755,#5756,#5757,#5758,#5759,#5760,#5761,#5762,#5763,
#5764,#5765,#5766,#5767,#5768,#5769,#5770,#5771,#5772,#5773,#5774,#5775,
#5776,#5777,#5778,#5779),.UNSPECIFIED.,.F.,.F.,(4,3,3,3,3,3,3,3,3,3,3,3,
3,3,3,3,3,3,3,3,3,3,3,3,3,3,3,3,3,3,3,4),(0.,0.0472892262640831,0.0953294206614342,
0.143791648700969,0.192010484432522,0.213876066353324,0.222442725986462,
0.271345232460524,0.277196150682611,0.325660589407753,0.374582177381267,
0.42087398081082,0.434745362300363,0.444096194633084,0.493358170390501,
0.54288963260845,0.559749391099477,0.609149972749361,0.638925766237187,
0.656689562608547,0.66381651595558,0.670508043395477,0.720295116366063,
0.770327591367286,0.820042953384912,0.847356320651965,0.862944391090188,
0.869489023903353,0.920838415936727,0.971192691270909,1.02303964165388,
1.07488659203685),.UNSPECIFIED.);
#653=B_SPLINE_CURVE_WITH_KNOTS('',3,(#5780,#5781,#5782,#5783,#5784,#5785,
#5786,#5787,#5788,#5789,#5790,#5791,#5792,#5793,#5794,#5795,#5796,#5797,
#5798,#5799,#5800,#5801,#5802,#5803,#5804,#5805,#5806,#5807,#5808,#5809,
#5810,#5811,#5812,#5813,#5814,#5815,#5816,#5817,#5818,#5819),
 .UNSPECIFIED.,.F.,.F.,(4,3,3,3,3,3,3,3,3,3,3,3,3,4),(-29.0346785757951,
-28.5960732808982,-28.1030375346758,-27.6100017884534,-27.116966042231,
-26.6239302960086,-26.1308945497863,-25.6378588035639,-25.1448230573415,
-24.6517873111191,-24.1587515648967,-23.6657158186743,-23.172680072452,
-22.7514932686155),.UNSPECIFIED.);
#654=B_SPLINE_CURVE_WITH_KNOTS('',3,(#6104,#6105,#6106,#6107,#6108,#6109,
#6110,#6111,#6112,#6113,#6114,#6115,#6116,#6117,#6118,#6119,#6120,#6121,
#6122,#6123,#6124,#6125,#6126,#6127,#6128,#6129,#6130,#6131,#6132,#6133,
#6134,#6135,#6136,#6137,#6138,#6139,#6140,#6141,#6142,#6143,#6144,#6145,
#6146,#6147,#6148,#6149,#6150,#6151,#6152,#6153,#6154,#6155,#6156,#6157,
#6158,#6159,#6160,#6161,#6162,#6163,#6164,#6165,#6166,#6167,#6168,#6169,
#6170,#6171,#6172,#6173,#6174,#6175,#6176,#6177,#6178,#6179,#6180,#6181,
#6182,#6183,#6184,#6185,#6186,#6187,#6188,#6189,#6190,#6191,#6192,#6193,
#6194,#6195,#6196,#6197),.UNSPECIFIED.,.F.,.F.,(4,3,3,3,3,3,3,3,3,3,3,3,
3,3,3,3,3,3,3,3,3,3,3,3,3,3,3,3,3,3,3,4),(0.,0.0472891833894678,0.0953293488069538,
0.143791578274448,0.192010431745081,0.213875981934196,0.222442731455824,
0.271345228152581,0.277196150682606,0.325660616831141,0.374582216931798,
0.420874010473717,0.434745468842877,0.444096148380535,0.493358141733526,
0.54288960353554,0.559749391099474,0.609149966340935,0.638925760629813,
0.656689561854302,0.663816510438512,0.670508042406987,0.720295107236566,
0.770327579544578,0.820042942108905,0.847356320651956,0.86294439109398,
0.869489023776957,0.920838415841928,0.971192690926681,1.02303964148176,
1.07488659203684),.UNSPECIFIED.);
#655=B_SPLINE_CURVE_WITH_KNOTS('',3,(#6198,#6199,#6200,#6201,#6202,#6203,
#6204,#6205,#6206,#6207,#6208,#6209,#6210,#6211,#6212,#6213,#6214,#6215,
#6216,#6217,#6218,#6219,#6220,#6221,#6222,#6223,#6224,#6225,#6226,#6227,
#6228,#6229,#6230,#6231,#6232,#6233,#6234,#6235,#6236,#6237),
 .UNSPECIFIED.,.F.,.F.,(4,3,3,3,3,3,3,3,3,3,3,3,3,4),(26.2355312421728,
26.6239302960086,27.116966042231,27.6100017884534,28.1030375346758,28.5960732808982,
29.0891090271206,29.5821447733429,30.0751805195653,30.5682162657877,31.0612520120101,
31.5542877582325,32.0473235044549,32.5187165493523),.UNSPECIFIED.);
#656=B_SPLINE_CURVE_WITH_KNOTS('',3,(#6238,#6239,#6240,#6241,#6242,#6243,
#6244,#6245,#6246,#6247,#6248,#6249,#6250,#6251,#6252,#6253,#6254,#6255,
#6256,#6257,#6258,#6259,#6260,#6261,#6262,#6263,#6264,#6265,#6266,#6267,
#6268,#6269,#6270,#6271,#6272,#6273,#6274,#6275,#6276,#6277,#6278,#6279,
#6280,#6281,#6282,#6283,#6284,#6285,#6286,#6287,#6288,#6289,#6290,#6291,
#6292,#6293,#6294,#6295,#6296,#6297,#6298,#6299,#6300,#6301,#6302,#6303,
#6304,#6305,#6306,#6307,#6308,#6309,#6310,#6311,#6312,#6313,#6314,#6315,
#6316,#6317,#6318,#6319,#6320,#6321,#6322,#6323,#6324,#6325,#6326,#6327,
#6328,#6329,#6330,#6331,#6332,#6333,#6334,#6335,#6336,#6337),
 .UNSPECIFIED.,.F.,.F.,(4,3,3,3,3,3,3,3,3,3,3,3,3,3,3,3,3,3,3,3,3,3,3,3,
3,3,3,3,3,3,3,3,3,4),(0.,0.0499158133222576,0.100387825110657,0.150797406465435,
0.200706825043339,0.223561897195783,0.230124515421867,0.237056738189646,
0.287002912749682,0.292127113653118,0.342016108223949,0.392055805075043,
0.438836630185129,0.451347945885014,0.45791755600006,0.464682349060415,
0.51411974696017,0.563381278753762,0.579179105515384,0.628674130834065,
0.65769422011037,0.675410617904526,0.682256668894882,0.689005276213351,
0.737945226212216,0.786830156391168,0.835016083310391,0.860834845044506,
0.875714242479941,0.882101466331501,0.930696444780218,0.979189824784092,
1.02783560245523,1.07648138012637),.UNSPECIFIED.);
#657=B_SPLINE_CURVE_WITH_KNOTS('',3,(#6430,#6431,#6432,#6433,#6434,#6435,
#6436,#6437,#6438,#6439,#6440,#6441,#6442,#6443),.UNSPECIFIED.,.F.,.F.,
(4,1,1,1,1,1,1,1,1,1,1,4),(84.8230016469244,85.1033825578617,85.5976766022575,
86.0919706466532,86.5862646910489,87.0805587354446,87.5748527798403,88.069146824236,
88.5634408686317,89.0577349130274,89.5520289574231,89.9169506517139),
 .UNSPECIFIED.);
#658=B_SPLINE_CURVE_WITH_KNOTS('',3,(#6446,#6447,#6448,#6449,#6450,#6451,
#6452,#6453,#6454,#6455,#6456),.UNSPECIFIED.,.F.,.F.,(4,1,1,1,1,1,1,1,4),
(84.8230016469244,85.2356347127817,85.7325364336154,86.2294381544491,86.7263398752828,
87.2232415961165,87.7201433169502,88.2170450377839,88.7139467586176),
 .UNSPECIFIED.);
#659=B_SPLINE_CURVE_WITH_KNOTS('',3,(#6461,#6462,#6463,#6464,#6465,#6466,
#6467,#6468,#6469,#6470,#6471,#6472,#6473,#6474,#6475,#6476,#6477),
 .UNSPECIFIED.,.F.,.F.,(4,1,1,1,1,1,1,1,1,1,1,1,1,1,4),(78.5398163397448,
78.6775599807176,79.1718540251133,79.666148069509,80.1604421139047,80.6547361583004,
81.1490302026961,81.6433242470918,82.1376182914875,82.6319123358832,83.1262063802789,
83.6205004246746,84.1147944690703,84.609088513466,84.8230016469244),
 .UNSPECIFIED.);
#660=B_SPLINE_CURVE_WITH_KNOTS('',3,(#6478,#6479,#6480,#6481,#6482,#6483,
#6484,#6485,#6486,#6487,#6488,#6489,#6490,#6491,#6492,#6493,#6494),
 .UNSPECIFIED.,.F.,.F.,(4,1,1,1,1,1,1,1,1,1,1,1,1,1,4),(78.5398163397448,
78.7759123419435,79.2728140627772,79.7697157836109,80.2666175044446,80.7635192252783,
81.260420946112,81.7573226669457,82.2542243877794,82.7511261086131,83.2480278294468,
83.7449295502805,84.2418312711143,84.738732991948,84.8230016469244),
 .UNSPECIFIED.);
#661=B_SPLINE_CURVE_WITH_KNOTS('',3,(#6499,#6500,#6501,#6502,#6503,#6504,
#6505,#6506,#6507,#6508,#6509,#6510,#6511,#6512,#6513,#6514),
 .UNSPECIFIED.,.F.,.F.,(4,1,1,1,1,1,1,1,1,1,1,1,1,4),(72.2566310325652,
72.7460314479692,73.2403254923649,73.7346195367606,74.2289135811563,74.723207625552,
75.2175016699477,75.7117957143434,76.2060897587391,76.7003838031348,77.1946778475305,
77.6889718919262,78.1832659363219,78.5398163397448),.UNSPECIFIED.);
#662=B_SPLINE_CURVE_WITH_KNOTS('',3,(#6515,#6516,#6517,#6518,#6519,#6520,
#6521,#6522,#6523,#6524,#6525,#6526,#6527,#6528,#6529,#6530,#6531),
 .UNSPECIFIED.,.F.,.F.,(4,1,1,1,1,1,1,1,1,1,1,1,1,1,4),(72.2566310325652,
72.3161899711053,72.813091691939,73.3099934127727,73.8068951336064,74.3037968544401,
74.8006985752738,75.2976002961075,75.7945020169412,76.2914037377749,76.7883054586086,
77.2852071794424,77.7821089002761,78.2790106211098,78.5398163397448),
 .UNSPECIFIED.);
#663=B_SPLINE_CURVE_WITH_KNOTS('',3,(#6536,#6537,#6538,#6539,#6540,#6541,
#6542,#6543,#6544,#6545,#6546,#6547,#6548,#6549,#6550,#6551,#6552),
 .UNSPECIFIED.,.F.,.F.,(4,1,1,1,1,1,1,1,1,1,1,1,1,1,4),(65.9734457253856,
66.320208870825,66.8145029152207,67.3087969596164,67.8030910040121,68.2973850484078,
68.7916790928035,69.2859731371992,69.7802671815949,70.2745612259906,70.7688552703863,
71.263149314782,71.7574433591778,72.2517374035735,72.2566310325652),
 .UNSPECIFIED.);
#664=B_SPLINE_CURVE_WITH_KNOTS('',3,(#6553,#6554,#6555,#6556,#6557,#6558,
#6559,#6560,#6561,#6562,#6563,#6564,#6565,#6566,#6567,#6568),
 .UNSPECIFIED.,.F.,.F.,(4,1,1,1,1,1,1,1,1,1,1,1,1,4),(65.9734457253856,
66.3533693211008,66.8502710419345,67.3471727627682,67.8440744836019,68.3409762044356,
68.8378779252693,69.334779646103,69.8316813669367,70.3285830877705,70.8254848086042,
71.3223865294379,71.8192882502716,72.2566310325652),.UNSPECIFIED.);
#665=B_SPLINE_CURVE_WITH_KNOTS('',3,(#6573,#6574,#6575,#6576,#6577,#6578,
#6579,#6580,#6581,#6582,#6583,#6584,#6585,#6586,#6587,#6588,#6589),
 .UNSPECIFIED.,.F.,.F.,(4,1,1,1,1,1,1,1,1,1,1,1,1,1,4),(59.6902604182061,
59.8943862936809,60.3886803380766,60.8829743824723,61.377268426868,61.8715624712637,
62.3658565156594,62.8601505600551,63.3544446044508,63.8487386488465,64.3430326932422,
64.8373267376379,65.3316207820336,65.8259148264293,65.9734457253856),
 .UNSPECIFIED.);
#666=B_SPLINE_CURVE_WITH_KNOTS('',3,(#6590,#6591,#6592,#6593,#6594,#6595,
#6596,#6597,#6598,#6599,#6600,#6601,#6602,#6603,#6604,#6605,#6606),
 .UNSPECIFIED.,.F.,.F.,(4,1,1,1,1,1,1,1,1,1,1,1,1,1,4),(59.690260418206,
59.8936469502626,60.3905486710963,60.88745039193,61.3843521127637,61.8812538335974,
62.3781555544311,62.8750572752648,63.3719589960985,63.8688607169323,64.365762437766,
64.8626641585997,65.3595658794334,65.8564676002671,65.9734457253856),
 .UNSPECIFIED.);
#667=B_SPLINE_CURVE_WITH_KNOTS('',3,(#6611,#6612,#6613,#6614,#6615,#6616,
#6617,#6618,#6619,#6620,#6621,#6622,#6623,#6624,#6625,#6626,#6627),
 .UNSPECIFIED.,.F.,.F.,(4,1,1,1,1,1,1,1,1,1,1,1,1,1,4),(53.4070751110264,
53.4685637165367,53.9628577609324,54.4571518053281,54.9514458497238,55.4457398941195,
55.9400339385152,56.4343279829109,56.9286220273066,57.4229160717023,57.917210116098,
58.4115041604938,58.9057982048895,59.4000922492852,59.6902604182061),
 .UNSPECIFIED.);
#668=B_SPLINE_CURVE_WITH_KNOTS('',3,(#6628,#6629,#6630,#6631,#6632,#6633,
#6634,#6635,#6636,#6637,#6638,#6639,#6640,#6641,#6642,#6643,#6644),
 .UNSPECIFIED.,.F.,.F.,(4,1,1,1,1,1,1,1,1,1,1,1,1,1,4),(53.4070751110264,
53.4339245794244,53.9308263002581,54.4277280210918,54.9246297419255,55.4215314627592,
55.9184331835929,56.4153349044267,56.9122366252604,57.4091383460941,57.9060400669278,
58.4029417877615,58.8998435085952,59.3967452294289,59.690260418206),
 .UNSPECIFIED.);
#669=B_SPLINE_CURVE_WITH_KNOTS('',3,(#6649,#6650,#6651,#6652,#6653,#6654,
#6655,#6656,#6657,#6658,#6659,#6660,#6661,#6662,#6663,#6664),
 .UNSPECIFIED.,.F.,.F.,(4,1,1,1,1,1,1,1,1,1,1,1,1,4),(47.1238898038468,
47.5370351837883,48.031329228184,48.5256232725797,49.0199173169754,49.5142113613711,
50.0085054057668,50.5027994501625,50.9970934945582,51.4913875389539,51.9856815833496,
52.4799756277453,52.974269672141,53.4070751110264),.UNSPECIFIED.);
#670=B_SPLINE_CURVE_WITH_KNOTS('',3,(#6665,#6666,#6667,#6668,#6669,#6670,
#6671,#6672,#6673,#6674,#6675,#6676,#6677,#6678,#6679,#6680),
 .UNSPECIFIED.,.F.,.F.,(4,1,1,1,1,1,1,1,1,1,1,1,1,4),(47.1238898038469,
47.4711039294199,47.9680056502536,48.4649073710873,48.961809091921,49.4587108127548,
49.9556125335885,50.4525142544222,50.9494159752559,51.4463176960896,51.9432194169233,
52.440121137757,52.9370228585907,53.4070751110264),.UNSPECIFIED.);
#671=B_SPLINE_CURVE_WITH_KNOTS('',3,(#6685,#6686,#6687,#6688,#6689,#6690,
#6691,#6692,#6693,#6694,#6695,#6696,#6697,#6698,#6699,#6700,#6701),
 .UNSPECIFIED.,.F.,.F.,(4,1,1,1,1,1,1,1,1,1,1,1,1,1,4),(40.8407044966673,
41.1112126066441,41.6055066510398,42.0998006954355,42.5940947398312,43.088388784227,
43.5826828286227,44.0769768730184,44.5712709174141,45.0655649618098,45.5598590062055,
46.0541530506012,46.5484470949969,47.0427411393926,47.1238898038468),
 .UNSPECIFIED.);
#672=B_SPLINE_CURVE_WITH_KNOTS('',3,(#6702,#6703,#6704,#6705,#6706,#6707,
#6708,#6709,#6710,#6711,#6712,#6713,#6714,#6715,#6716,#6717,#6718),
 .UNSPECIFIED.,.F.,.F.,(4,1,1,1,1,1,1,1,1,1,1,1,1,1,4),(40.8407044966673,
41.0113815585817,41.5082832794155,42.0051850002492,42.5020867210829,42.9989884419166,
43.4958901627503,43.992791883584,44.4896936044177,44.9865953252514,45.4834970460851,
45.9803987669188,46.4773004877525,46.9742022085862,47.1238898038469),
 .UNSPECIFIED.);
#673=B_SPLINE_CURVE_WITH_KNOTS('',3,(#6723,#6724,#6725,#6726,#6727,#6728,
#6729,#6730,#6731,#6732,#6733,#6734,#6735,#6736,#6737,#6738,#6739),
 .UNSPECIFIED.,.F.,.F.,(4,1,1,1,1,1,1,1,1,1,1,1,1,1,4),(34.5575191894877,
34.6853900295,35.1796840738957,35.6739781182914,36.1682721626871,36.6625662070828,
37.1568602514785,37.6511542958742,38.1454483402699,38.6397423846656,39.1340364290613,
39.628330473457,40.1226245178527,40.6169185622484,40.8407044966673),
 .UNSPECIFIED.);
#674=B_SPLINE_CURVE_WITH_KNOTS('',3,(#6740,#6741,#6742,#6743,#6744,#6745,
#6746,#6747,#6748,#6749,#6750,#6751,#6752,#6753,#6754,#6755),
 .UNSPECIFIED.,.F.,.F.,(4,1,1,1,1,1,1,1,1,1,1,1,1,4),(34.5575191894877,
35.0485609085773,35.545462629411,36.0423643502447,36.5392660710784,37.0361677919121,
37.5330695127458,38.0299712335795,38.5268729544132,39.0237746752469,39.5206763960806,
40.0175781169143,40.514479837748,40.8407044966673),.UNSPECIFIED.);
#675=B_SPLINE_CURVE_WITH_KNOTS('',3,(#6760,#6761,#6762,#6763,#6764,#6765,
#6766,#6767,#6768,#6769,#6770,#6771,#6772,#6773,#6774,#6775),
 .UNSPECIFIED.,.F.,.F.,(4,1,1,1,1,1,1,1,1,1,1,1,1,4),(28.2743338823081,
28.7538614967515,29.2481555411472,29.742449585543,30.2367436299387,30.7310376743344,
31.2253317187301,31.7196257631258,32.2139198075215,32.7082138519172,33.2025078963129,
33.6968019407086,34.1910959851043,34.5575191894877),.UNSPECIFIED.);
#676=B_SPLINE_CURVE_WITH_KNOTS('',3,(#6776,#6777,#6778,#6779,#6780,#6781,
#6782,#6783,#6784,#6785,#6786,#6787,#6788,#6789,#6790,#6791,#6792),
 .UNSPECIFIED.,.F.,.F.,(4,1,1,1,1,1,1,1,1,1,1,1,1,1,4),(28.2743338823081,
28.5888385377391,29.0857402585728,29.5826419794065,30.0795437002402,30.5764454210739,
31.0733471419076,31.5702488627413,32.067150583575,32.5640523044087,33.0609540252424,
33.5578557460761,34.0547574669098,34.5516591877436,34.5575191894877),
 .UNSPECIFIED.);
#677=B_SPLINE_CURVE_WITH_KNOTS('',3,(#6797,#6798,#6799,#6800,#6801,#6802,
#6803,#6804,#6805,#6806,#6807,#6808,#6809,#6810,#6811,#6812,#6813),
 .UNSPECIFIED.,.F.,.F.,(4,1,1,1,1,1,1,1,1,1,1,1,1,1,4),(21.9911485751285,
22.3280389196074,22.8223329640031,23.3166270083988,23.8109210527945,24.3052150971902,
24.7995091415859,25.2938031859816,25.7880972303773,26.282391274773,26.7766853191687,
27.2709793635644,27.7652734079601,28.2595674523558,28.2743338823081),
 .UNSPECIFIED.);
#678=B_SPLINE_CURVE_WITH_KNOTS('',3,(#6814,#6815,#6816,#6817,#6818,#6819,
#6820,#6821,#6822,#6823,#6824,#6825,#6826,#6827,#6828,#6829,#6830),
 .UNSPECIFIED.,.F.,.F.,(4,1,1,1,1,1,1,1,1,1,1,1,1,1,4),(21.9911485751285,
22.1291161669009,22.6260178877346,23.1229196085683,23.619821329402,24.1167230502357,
24.6136247710694,25.1105264919031,25.6074282127368,26.1043299335705,26.6012316544042,
27.0981333752379,27.5950350960717,28.0919368169054,28.2743338823081),
 .UNSPECIFIED.);
#679=B_SPLINE_CURVE_WITH_KNOTS('',3,(#6835,#6836,#6837,#6838,#6839,#6840,
#6841,#6842,#6843,#6844,#6845,#6846,#6847,#6848,#6849,#6850,#6851),
 .UNSPECIFIED.,.F.,.F.,(4,1,1,1,1,1,1,1,1,1,1,1,1,1,4),(15.7079632679489,
15.9022163424633,16.396510386859,16.8908044312547,17.3850984756504,17.8793925200461,
18.3736865644418,18.8679806088375,19.3622746532332,19.8565686976289,20.3508627420246,
20.8451567864203,21.339450830816,21.8337448752117,21.9911485751285),
 .UNSPECIFIED.);
#680=B_SPLINE_CURVE_WITH_KNOTS('',3,(#6852,#6853,#6854,#6855,#6856,#6857,
#6858,#6859,#6860,#6861,#6862,#6863,#6864,#6865,#6866,#6867),
 .UNSPECIFIED.,.F.,.F.,(4,1,1,1,1,1,1,1,1,1,1,1,1,4),(15.7079632679489,
16.1662955168964,16.6631972377301,17.1600989585638,17.6570006793975,18.1539024002312,
18.6508041210649,19.1477058418986,19.6446075627323,20.1415092835661,20.6384110043998,
21.1353127252335,21.6322144460672,21.9911485751285),.UNSPECIFIED.);
#681=B_SPLINE_CURVE_WITH_KNOTS('',3,(#6998,#6999,#7000,#7001,#7002,#7003,
#7004,#7005,#7006,#7007),.UNSPECIFIED.,.F.,.F.,(4,3,3,4),(-1.55615306773253,
-1.53532571417819,-1.03842399334447,-1.01463079522177),.UNSPECIFIED.);
#682=B_SPLINE_CURVE_WITH_KNOTS('',3,(#7013,#7014,#7015,#7016,#7017,#7018,
#7019),.UNSPECIFIED.,.F.,.F.,(4,3,4),(1.05164944051386,1.48288213318711,
1.59317171302463),.UNSPECIFIED.);
#683=B_SPLINE_CURVE_WITH_KNOTS('',3,(#7025,#7026,#7027,#7028,#7029,#7030,
#7031,#7032,#7033,#7034,#7035,#7036,#7037,#7038,#7039,#7040,#7041,#7042,
#7043,#7044,#7045,#7046,#7047,#7048,#7049,#7050,#7051,#7052,#7053,#7054,
#7055,#7056,#7057,#7058,#7059,#7060,#7061,#7062,#7063,#7064,#7065,#7066,
#7067,#7068,#7069,#7070,#7071,#7072,#7073,#7074,#7075,#7076,#7077,#7078,
#7079),.UNSPECIFIED.,.F.,.F.,(4,3,3,3,3,3,3,3,3,3,3,3,3,3,3,3,3,3,4),(-1.18002962834547,
-1.12999957018114,-1.07967881502906,-1.03019997657579,-1.02181438305452,
-0.971889644552169,-0.922534022016329,-0.888256152510623,-0.880303706530635,
-0.873633284681733,-0.82460920005325,-0.775096435136596,-0.725753749062554,
-0.676957458728042,-0.665688485689188,-0.655236360536784,-0.648832667782009,
-0.601383538248913,-0.589464647014539),.UNSPECIFIED.);
#684=B_SPLINE_CURVE_WITH_KNOTS('',3,(#7082,#7083,#7084,#7085,#7086,#7087,
#7088,#7089,#7090,#7091,#7092,#7093,#7094,#7095,#7096,#7097,#7098,#7099,
#7100,#7101,#7102,#7103,#7104,#7105,#7106,#7107,#7108,#7109,#7110,#7111,
#7112,#7113,#7114,#7115),.UNSPECIFIED.,.F.,.F.,(4,3,3,3,3,3,3,3,3,3,3,4),
(-0.388351120931685,-0.370673794124934,-0.321186868883927,-0.271403176847485,
-0.24757789501372,-0.233291352696108,-0.225417522335841,-0.175367369415778,
-0.125027660347312,-0.0808009221773661,-0.0305242357650868,0.),
 .UNSPECIFIED.);
#685=B_SPLINE_CURVE_WITH_KNOTS('',3,(#7118,#7119,#7120,#7121,#7122,#7123,
#7124),.UNSPECIFIED.,.F.,.F.,(4,3,4),(-0.592173438937562,-0.543013925182108,
-0.53380063453707),.UNSPECIFIED.);
#686=B_SPLINE_CURVE_WITH_KNOTS('',3,(#7127,#7128,#7129,#7130,#7131,#7132,
#7133,#7134,#7135,#7136,#7137,#7138,#7139,#7140,#7141,#7142,#7143,#7144,
#7145,#7146,#7147,#7148,#7149,#7150,#7151,#7152,#7153,#7154,#7155,#7156,
#7157,#7158,#7159,#7160,#7161,#7162,#7163),.UNSPECIFIED.,.F.,.F.,(4,3,3,
3,3,3,3,3,3,3,3,3,4),(-0.211785069339561,-0.183730878421173,-0.163260971222708,
-0.161998659639023,-0.16159621107182,-0.161340375143991,-0.16110229889913,
-0.160793421795182,-0.160124809299175,-0.155325012882844,-0.110593856587975,
-0.101616588729457,-0.0669182228974381),.UNSPECIFIED.);
#687=B_SPLINE_CURVE_WITH_KNOTS('',3,(#7801,#7802,#7803,#7804,#7805,#7806,
#7807,#7808,#7809,#7810,#7811,#7812,#7813,#7814,#7815,#7816),
 .UNSPECIFIED.,.F.,.F.,(4,3,3,3,3,4),(-4.64983205498616,-4.44864639956133,
-3.95435235516563,-3.46005831076992,-2.96576426637422,-2.60780250824638),
 .UNSPECIFIED.);
#688=B_SPLINE_CURVE_WITH_KNOTS('',3,(#7818,#7819,#7820,#7821,#7822,#7823,
#7824,#7825,#7826,#7827,#7828,#7829,#7830,#7831,#7832,#7833,#7834,#7835,
#7836,#7837,#7838,#7839,#7840,#7841,#7842,#7843,#7844,#7845,#7846,#7847,
#7848,#7849,#7850,#7851,#7852,#7853,#7854,#7855,#7856,#7857,#7858,#7859,
#7860,#7861,#7862,#7863,#7864,#7865,#7866,#7867,#7868,#7869,#7870,#7871,
#7872,#7873,#7874,#7875),.UNSPECIFIED.,.F.,.F.,(4,3,3,3,3,3,3,3,3,3,3,3,
3,3,3,3,3,3,3,4),(-0.323441554014499,-0.28774517612886,-0.251531324605032,
-0.214655181582841,-0.183730878174391,-0.163260971083674,-0.161998659506415,
-0.161596210943291,-0.161340375019271,-0.161102298774926,-0.16079342167084,
-0.160124809175563,-0.155325012762564,-0.150788851947764,-0.107055543818933,
-0.101616588646146,-0.0658397385655506,-0.0303498594554915,-0.00118786640612184,
0.),.UNSPECIFIED.);
#689=B_SPLINE_CURVE_WITH_KNOTS('',3,(#7877,#7878,#7879,#7880,#7881,#7882,
#7883,#7884,#7885,#7886,#7887,#7888,#7889,#7890,#7891,#7892,#7893,#7894,
#7895),.UNSPECIFIED.,.F.,.F.,(4,3,3,3,3,3,4),(-7.79142470857596,-7.41441066593555,
-6.92011662153985,-6.42582257714415,-5.93152853274844,-5.43723448835274,
-5.19919945833034),.UNSPECIFIED.);
#690=B_SPLINE_CURVE_WITH_KNOTS('',3,(#7897,#7898,#7899,#7900,#7901,#7902,
#7903,#7904,#7905,#7906,#7907,#7908,#7909,#7910,#7911,#7912,#7913,#7914,
#7915,#7916,#7917,#7918,#7919,#7920,#7921,#7922,#7923,#7924,#7925,#7926,
#7927,#7928,#7929,#7930,#7931,#7932,#7933,#7934,#7935,#7936,#7937,#7938,
#7939,#7940,#7941,#7942,#7943,#7944,#7945,#7946,#7947,#7948,#7949,#7950,
#7951),.UNSPECIFIED.,.F.,.F.,(4,3,3,3,3,3,3,3,3,3,3,3,3,3,3,3,3,3,4),(-0.323441556601545,
-0.287839488473617,-0.252259594825612,-0.214991741642365,-0.183730879015941,
-0.163260971669492,-0.161998660076694,-0.161596211505385,-0.161340375577691,
-0.161102299334994,-0.160793422230882,-0.160124809732353,-0.155325013302678,
-0.110889258674229,-0.101616588999383,-0.0655630208870839,-0.0300094634140924,
-0.00118786640888629,0.),.UNSPECIFIED.);
#691=B_SPLINE_CURVE_WITH_KNOTS('',3,(#7953,#7954,#7955,#7956,#7957,#7958,
#7959,#7960,#7961,#7962,#7963,#7964,#7965,#7966,#7967,#7968,#7969,#7970,
#7971,#7972,#7973,#7974),.UNSPECIFIED.,.F.,.F.,(4,3,3,3,3,3,3,4),(-10.9330173621657,
-10.8744689767055,-10.3801749323098,-9.88588088791407,-9.39158684351836,
-8.89729279912266,-8.40299875472696,-8.34079211192014),.UNSPECIFIED.);
#692=B_SPLINE_CURVE_WITH_KNOTS('',3,(#7976,#7977,#7978,#7979,#7980,#7981,
#7982,#7983,#7984,#7985,#7986,#7987,#7988,#7989,#7990,#7991,#7992,#7993,
#7994,#7995,#7996,#7997,#7998,#7999,#8000,#8001),.UNSPECIFIED.,.F.,.F.,
(4,2,2,2,2,2,2,2,2,2,2,2,4),(-0.323441554171724,-0.183730878201902,-0.163260971092047,
-0.161998659513813,-0.161596210947913,-0.161340375022784,-0.161102298779133,
-0.160793421675265,-0.160124809179652,-0.155325012766492,-0.101616588649445,
-0.00118786640614174,0.),.UNSPECIFIED.);
#693=B_SPLINE_CURVE_WITH_KNOTS('',3,(#8003,#8004,#8005,#8006,#8007,#8008,
#8009,#8010,#8011,#8012,#8013,#8014,#8015,#8016,#8017,#8018,#8019,#8020,
#8021),.UNSPECIFIED.,.F.,.F.,(4,3,3,3,3,3,4),(-14.0746100157555,-13.8402332430797,
-13.345939198684,-12.8516451542883,-12.3573511098926,-11.8630570654969,
-11.4823847655099),.UNSPECIFIED.);
#694=B_SPLINE_CURVE_WITH_KNOTS('',3,(#8023,#8024,#8025,#8026,#8027,#8028,
#8029,#8030,#8031,#8032,#8033,#8034,#8035,#8036,#8037,#8038,#8039,#8040,
#8041,#8042,#8043,#8044,#8045,#8046,#8047,#8048,#8049,#8050,#8051,#8052,
#8053,#8054,#8055,#8056,#8057,#8058,#8059,#8060,#8061,#8062,#8063,#8064,
#8065,#8066,#8067,#8068,#8069,#8070,#8071,#8072,#8073,#8074,#8075,#8076,
#8077,#8078,#8079,#8080),.UNSPECIFIED.,.F.,.F.,(4,3,3,3,3,3,3,3,3,3,3,3,
3,3,3,3,3,3,3,4),(-0.323441554979614,-0.287752525736991,-0.251570318120076,
-0.214771418721692,-0.183730878684056,-0.16970936608857,-0.163260971526426,
-0.161998659945637,-0.161596211378978,-0.16134037545335,-0.161102299209216,
-0.1607934221047,-0.160124809607434,-0.155325013181483,-0.111349086384434,
-0.101616588920898,-0.0657729015955002,-0.0302584691199118,-0.00118786640826601,
0.),.UNSPECIFIED.);
#695=B_SPLINE_CURVE_WITH_KNOTS('',3,(#8082,#8083,#8084,#8085,#8086,#8087,
#8088,#8089,#8090,#8091,#8092,#8093,#8094,#8095,#8096,#8097,#8098,#8099,
#8100),.UNSPECIFIED.,.F.,.F.,(4,3,3,3,3,3,4),(-17.2162026693453,-16.8059975094539,
-16.3117034650582,-15.8174094206625,-15.3231153762668,-14.8288213318711,
-14.6239774190997),.UNSPECIFIED.);
#696=B_SPLINE_CURVE_WITH_KNOTS('',3,(#8102,#8103,#8104,#8105,#8106,#8107,
#8108,#8109,#8110,#8111,#8112,#8113,#8114,#8115,#8116,#8117,#8118,#8119,
#8120,#8121,#8122,#8123,#8124,#8125,#8126,#8127,#8128,#8129,#8130,#8131,
#8132,#8133,#8134,#8135,#8136,#8137,#8138,#8139,#8140,#8141,#8142,#8143,
#8144,#8145,#8146,#8147,#8148,#8149,#8150,#8151,#8152,#8153,#8154,#8155,
#8156,#8157,#8158,#8159),.UNSPECIFIED.,.F.,.F.,(4,3,3,3,3,3,3,3,3,3,3,3,
3,3,3,3,3,3,3,4),(-0.323441553425677,-0.288057606521959,-0.272018746085322,
-0.23548408870112,-0.19809963076242,-0.183730878093768,-0.16326097107745,
-0.161998659504776,-0.161596210943113,-0.161340375022588,-0.161102298779928,
-0.160793421675391,-0.16012480917945,-0.155325012766407,-0.110807509532995,
-0.101616588650075,-0.065530533899858,-0.0299829049057127,-0.00118786640614092,
0.),.UNSPECIFIED.);
#697=B_SPLINE_CURVE_WITH_KNOTS('',3,(#8161,#8162,#8163,#8164,#8165,#8166,
#8167,#8168,#8169,#8170,#8171,#8172,#8173,#8174,#8175,#8176,#8177,#8178,
#8179,#8180,#8181,#8182),.UNSPECIFIED.,.F.,.F.,(4,3,3,3,3,3,3,4),(-20.3577953229351,
-20.2660558202238,-19.7717617758281,-19.2774677314324,-18.7831736870367,
-18.288879642641,-17.7945855982453,-17.7655700726895),.UNSPECIFIED.);
#698=B_SPLINE_CURVE_WITH_KNOTS('',3,(#8184,#8185,#8186,#8187,#8188,#8189,
#8190,#8191,#8192,#8193,#8194,#8195,#8196,#8197,#8198,#8199,#8200,#8201,
#8202,#8203,#8204,#8205,#8206,#8207,#8208,#8209),.UNSPECIFIED.,.F.,.F.,
(4,2,2,2,2,2,2,2,2,2,2,2,4),(-0.323441555537666,-0.183730878655809,-0.163260971412163,
-0.161998659824898,-0.161596211255381,-0.161340375330695,-0.161102299088201,
-0.160793421983977,-0.160124809486803,-0.155325013066688,-0.101616588866781,
-0.00118786640766714,0.),.UNSPECIFIED.);
#699=B_SPLINE_CURVE_WITH_KNOTS('',3,(#8211,#8212,#8213,#8214,#8215,#8216,
#8217,#8218,#8219,#8220,#8221,#8222,#8223,#8224,#8225,#8226,#8227,#8228,
#8229),.UNSPECIFIED.,.F.,.F.,(4,3,3,3,3,3,4),(-23.4993879765249,-23.2318200865981,
-22.7375260422024,-22.2432319978067,-21.748937953411,-21.2546439090152,
-20.9071627262793),.UNSPECIFIED.);
#700=B_SPLINE_CURVE_WITH_KNOTS('',3,(#8231,#8232,#8233,#8234,#8235,#8236,
#8237,#8238,#8239,#8240,#8241,#8242,#8243,#8244,#8245,#8246,#8247,#8248,
#8249,#8250,#8251,#8252,#8253,#8254,#8255,#8256),.UNSPECIFIED.,.F.,.F.,
(4,2,2,2,2,2,2,2,2,2,2,2,4),(-0.32344155742341,-0.183730878383026,-0.163260970823162,
-0.161998659216918,-0.16159621063955,-0.161340374709313,-0.161102298465012,
-0.160793421362621,-0.160124808869131,-0.155325012464514,-0.101616588443414,
-0.00118786640460011,0.),.UNSPECIFIED.);
#701=B_SPLINE_CURVE_WITH_KNOTS('',3,(#8258,#8259,#8260,#8261,#8262,#8263,
#8264,#8265,#8266,#8267,#8268,#8269,#8270,#8271,#8272,#8273,#8274,#8275,
#8276),.UNSPECIFIED.,.F.,.F.,(4,3,3,3,3,3,4),(-26.6409806301147,-26.1975843529723,
-25.7032903085766,-25.2089962641809,-24.7147022197852,-24.2204081753895,
-24.0487553798691),.UNSPECIFIED.);
#702=B_SPLINE_CURVE_WITH_KNOTS('',3,(#8278,#8279,#8280,#8281,#8282,#8283,
#8284,#8285,#8286,#8287,#8288,#8289,#8290,#8291,#8292,#8293,#8294,#8295,
#8296,#8297,#8298,#8299,#8300,#8301,#8302,#8303),.UNSPECIFIED.,.F.,.F.,
(4,2,2,2,2,2,2,2,2,2,2,2,4),(-0.323441555839786,-0.183730878167829,-0.163260970808601,
-0.161998659215507,-0.161596210644703,-0.161340374716412,-0.161102298470414,
-0.160793421366071,-0.160124808871779,-0.155325012468193,-0.101616588456257,
-0.00118786640461289,0.),.UNSPECIFIED.);
#703=B_SPLINE_CURVE_WITH_KNOTS('',3,(#8305,#8306,#8307,#8308,#8309,#8310,
#8311,#8312,#8313,#8314,#8315,#8316,#8317,#8318,#8319,#8320,#8321,#8322,
#8323),.UNSPECIFIED.,.F.,.F.,(4,3,3,3,3,3,4),(-29.7825732837045,-29.6576426637422,
-29.1633486193465,-28.6690545749508,-28.1747605305551,-27.6804664861594,
-27.1903480334589),.UNSPECIFIED.);
#704=B_SPLINE_CURVE_WITH_KNOTS('',3,(#8325,#8326,#8327,#8328,#8329,#8330,
#8331,#8332,#8333,#8334,#8335,#8336,#8337,#8338,#8339,#8340,#8341,#8342,
#8343,#8344,#8345,#8346,#8347,#8348,#8349,#8350,#8351,#8352,#8353,#8354,
#8355,#8356,#8357,#8358,#8359,#8360,#8361,#8362,#8363,#8364,#8365,#8366,
#8367,#8368,#8369,#8370,#8371,#8372,#8373,#8374,#8375,#8376,#8377,#8378,
#8379,#8380,#8381,#8382),.UNSPECIFIED.,.F.,.F.,(4,3,3,3,3,3,3,3,3,3,3,3,
3,3,3,3,3,3,3,4),(-0.323441555378461,-0.287749903437397,-0.25148641893854,
-0.214461231284284,-0.18373087863711,-0.163260971413925,-0.16199865982823,
-0.161596211261658,-0.161340375332288,-0.161102299085281,-0.160793421980905,
-0.160124809484853,-0.155325013061716,-0.110341707642317,-0.107130460007934,
-0.101616588834294,-0.0660220364015105,-0.0306123416918845,-0.00118786640765799,
0.),.UNSPECIFIED.);
#705=B_SPLINE_CURVE_WITH_KNOTS('',3,(#8384,#8385,#8386,#8387,#8388,#8389,
#8390,#8391,#8392,#8393,#8394,#8395,#8396,#8397,#8398,#8399,#8400,#8401,
#8402),.UNSPECIFIED.,.F.,.F.,(4,3,3,3,3,3,4),(-32.9241659372943,-32.6234069301164,
-32.1291128857207,-31.634818841325,-31.1405247969293,-30.6462307525336,
-30.3319406870487),.UNSPECIFIED.);
#706=B_SPLINE_CURVE_WITH_KNOTS('',3,(#8404,#8405,#8406,#8407,#8408,#8409,
#8410,#8411,#8412,#8413,#8414,#8415,#8416,#8417,#8418,#8419,#8420,#8421,
#8422,#8423,#8424,#8425,#8426,#8427,#8428,#8429),.UNSPECIFIED.,.F.,.F.,
(4,2,2,2,2,2,2,2,2,2,2,2,4),(-0.32344155341893,-0.183730878360957,-0.163260971384726,
-0.161998659814371,-0.161596211249282,-0.16134037532413,-0.161102299083197,
-0.160793421979921,-0.160124809482175,-0.155325013060114,-0.101616588843719,
-0.00118786640764429,0.),.UNSPECIFIED.);
#707=B_SPLINE_CURVE_WITH_KNOTS('',3,(#8431,#8432,#8433,#8434,#8435,#8436,
#8437,#8438,#8439,#8440,#8441,#8442,#8443,#8444,#8445,#8446,#8447,#8448,
#8449),.UNSPECIFIED.,.F.,.F.,(4,3,3,3,3,3,4),(-36.0657585908841,-35.5891711964906,
-35.0948771520949,-34.6005831076993,-34.1062890633035,-33.6119950189078,
-33.4735333406385),.UNSPECIFIED.);
#708=B_SPLINE_CURVE_WITH_KNOTS('',3,(#8451,#8452,#8453,#8454,#8455,#8456,
#8457,#8458,#8459,#8460,#8461,#8462,#8463,#8464,#8465,#8466,#8467,#8468,
#8469,#8470,#8471,#8472,#8473,#8474,#8475,#8476),.UNSPECIFIED.,.F.,.F.,
(4,2,2,2,2,2,2,2,2,2,2,2,4),(-0.323441557949768,-0.183730879203362,-0.163260971686772,
-0.1619986600832,-0.161596211510299,-0.161340375581123,-0.161102299336533,
-0.160793422232069,-0.160124809734065,-0.155325013303677,-0.101616588993081,
-0.00118786640889514,0.),.UNSPECIFIED.);
#709=B_SPLINE_CURVE_WITH_KNOTS('',3,(#8478,#8479,#8480,#8481,#8482,#8483,
#8484,#8485,#8486,#8487,#8488,#8489,#8490,#8491,#8492,#8493,#8494,#8495,
#8496),.UNSPECIFIED.,.F.,.F.,(4,3,3,3,3,3,4),(-39.2073512444739,-39.0492295072606,
-38.5549354628649,-38.0606414184692,-37.5663473740735,-37.0720533296778,
-36.6151259942283),.UNSPECIFIED.);
#710=B_SPLINE_CURVE_WITH_KNOTS('',3,(#8498,#8499,#8500,#8501,#8502,#8503,
#8504,#8505,#8506,#8507,#8508,#8509,#8510,#8511,#8512,#8513,#8514,#8515,
#8516,#8517,#8518,#8519,#8520,#8521,#8522,#8523,#8524,#8525,#8526,#8527,
#8528,#8529,#8530,#8531,#8532,#8533,#8534,#8535,#8536,#8537,#8538,#8539,
#8540,#8541,#8542,#8543,#8544,#8545,#8546,#8547,#8548,#8549,#8550,#8551,
#8552),.UNSPECIFIED.,.F.,.F.,(4,3,3,3,3,3,3,3,3,3,3,3,3,3,3,3,3,3,4),(-0.323441558500436,
-0.287744106614802,-0.251498320202783,-0.214533263094778,-0.183730879818219,
-0.163260972311015,-0.161998660708334,-0.161596212134398,-0.161340376201062,
-0.161102299956656,-0.160793422852497,-0.160124810351677,-0.155325013903486,
-0.126183439608764,-0.101616589395408,-0.0659376595102683,-0.0304889002959695,
-0.00118786641196127,0.),.UNSPECIFIED.);
#711=B_SPLINE_CURVE_WITH_KNOTS('',3,(#8554,#8555,#8556,#8557,#8558,#8559,
#8560,#8561,#8562,#8563,#8564,#8565,#8566,#8567,#8568,#8569,#8570,#8571,
#8572),.UNSPECIFIED.,.F.,.F.,(4,3,3,3,3,3,4),(-42.3489438980637,-42.0149937736348,
-41.5206997292391,-41.0264056848434,-40.5321116404477,-40.037817596052,
-39.7567186478181),.UNSPECIFIED.);
#712=B_SPLINE_CURVE_WITH_KNOTS('',3,(#8574,#8575,#8576,#8577,#8578,#8579,
#8580,#8581,#8582,#8583,#8584,#8585,#8586,#8587,#8588,#8589,#8590,#8591,
#8592,#8593,#8594,#8595,#8596,#8597,#8598,#8599),.UNSPECIFIED.,.F.,.F.,
(4,2,2,2,2,2,2,2,2,2,2,2,4),(-0.323441554474644,-0.183730878510704,-0.163260971401594,
-0.161998659823144,-0.161596211257903,-0.161340375333357,-0.161102299087373,
-0.160793421981488,-0.160124809484639,-0.155325013063691,-0.101616588857189,
-0.00118786640765609,0.),.UNSPECIFIED.);
#713=B_SPLINE_CURVE_WITH_KNOTS('',3,(#8601,#8602,#8603,#8604,#8605,#8606,
#8607,#8608,#8609,#8610,#8611,#8612,#8613,#8614,#8615,#8616,#8617,#8618,
#8619,#8620,#8621,#8622),.UNSPECIFIED.,.F.,.F.,(4,3,3,3,3,3,3,4),(-45.4905365516535,
-45.4750520844047,-44.980758040009,-44.4864639956133,-43.9921699512176,
-43.4978759068219,-43.0035818624262,-42.8983113014079),.UNSPECIFIED.);
#714=B_SPLINE_CURVE_WITH_KNOTS('',3,(#8624,#8625,#8626,#8627,#8628,#8629,
#8630,#8631,#8632,#8633,#8634,#8635,#8636,#8637,#8638,#8639,#8640,#8641,
#8642,#8643,#8644,#8645,#8646,#8647,#8648,#8649,#8650,#8651,#8652,#8653,
#8654,#8655,#8656,#8657,#8658,#8659,#8660,#8661,#8662,#8663,#8664,#8665,
#8666,#8667,#8668,#8669,#8670,#8671,#8672,#8673,#8674,#8675,#8676,#8677,
#8678,#8679,#8680,#8681),.UNSPECIFIED.,.F.,.F.,(4,3,3,3,3,3,3,3,3,3,3,3,
3,3,3,3,3,3,3,4),(-0.323441555651061,-0.287810553476251,-0.251529814139865,
-0.214353925446421,-0.183730878132235,-0.163260970795167,-0.161998659202506,
-0.161596210631839,-0.16134037470653,-0.161102298463381,-0.160793421360078,
-0.160124808865919,-0.155325012462603,-0.110612203206555,-0.101616588454752,
-0.0655050176534553,-0.0429961086963439,-0.00785991092965602,-0.00118786640458369,
0.),.UNSPECIFIED.);
#715=B_SPLINE_CURVE_WITH_KNOTS('',3,(#8683,#8684,#8685,#8686,#8687,#8688,
#8689,#8690,#8691,#8692,#8693,#8694,#8695,#8696,#8697,#8698,#8699,#8700,
#8701),.UNSPECIFIED.,.F.,.F.,(4,3,3,3,3,3,4),(-48.6321292052433,-48.4408163507789,
-47.9465223063832,-47.4522282619875,-46.9579342175918,-46.4636401731961,
-46.0399039549977),.UNSPECIFIED.);
#716=B_SPLINE_CURVE_WITH_KNOTS('',3,(#8703,#8704,#8705,#8706,#8707,#8708,
#8709,#8710,#8711,#8712,#8713,#8714,#8715,#8716,#8717,#8718,#8719,#8720,
#8721,#8722,#8723,#8724,#8725,#8726,#8727,#8728),.UNSPECIFIED.,.F.,.F.,
(4,2,2,2,2,2,2,2,2,2,2,2,4),(-0.323441557520995,-0.183730879150527,-0.16326097168918,
-0.161998660089225,-0.161596211516499,-0.161340375584183,-0.161102299335397,
-0.160793422229904,-0.160124809732661,-0.155325013302328,-0.101616588993606,
-0.00118786640888799,0.),.UNSPECIFIED.);
#717=B_SPLINE_CURVE_WITH_KNOTS('',3,(#8730,#8731,#8732,#8733,#8734,#8735,
#8736,#8737,#8738,#8739,#8740,#8741,#8742,#8743,#8744,#8745,#8746,#8747,
#8748),.UNSPECIFIED.,.F.,.F.,(4,3,3,3,3,3,4),(-51.773721858833,-51.4065806171532,
-50.9122865727575,-50.4179925283618,-49.923698483966,-49.4294044395703,
-49.1814966085875),.UNSPECIFIED.);
#718=B_SPLINE_CURVE_WITH_KNOTS('',3,(#8750,#8751,#8752,#8753,#8754,#8755,
#8756,#8757,#8758,#8759,#8760,#8761,#8762,#8763,#8764,#8765,#8766,#8767,
#8768,#8769,#8770,#8771,#8772,#8773,#8774,#8775),.UNSPECIFIED.,.F.,.F.,
(4,2,2,2,2,2,2,2,2,2,2,2,4),(-0.32344155224483,-0.183730877667489,-0.163260970761613,
-0.161998659196889,-0.161596210633814,-0.161340374706916,-0.161102298466247,
-0.160793421365485,-0.160124808871261,-0.155325012467771,-0.101616588458765,
-0.00118786640460917,0.),.UNSPECIFIED.);
#719=B_SPLINE_CURVE_WITH_KNOTS('',3,(#8777,#8778,#8779,#8780,#8781,#8782,
#8783,#8784,#8785,#8786,#8787,#8788,#8789,#8790,#8791,#8792,#8793,#8794,
#8795,#8796,#8797,#8798),.UNSPECIFIED.,.F.,.F.,(4,3,3,3,3,3,3,4),(-54.9153145124228,
-54.8666389279231,-54.3723448835274,-53.8780508391317,-53.383756794736,
-52.8894627503403,-52.3951687059446,-52.3230892621773),.UNSPECIFIED.);
#720=B_SPLINE_CURVE_WITH_KNOTS('',3,(#8800,#8801,#8802,#8803,#8804,#8805,
#8806,#8807,#8808,#8809,#8810,#8811,#8812,#8813,#8814,#8815,#8816,#8817,
#8818,#8819,#8820,#8821,#8822,#8823,#8824,#8825,#8826,#8827,#8828,#8829,
#8830,#8831,#8832,#8833,#8834,#8835,#8836,#8837,#8838,#8839,#8840,#8841,
#8842,#8843,#8844,#8845,#8846,#8847,#8848,#8849,#8850,#8851,#8852,#8853,
#8854,#8855,#8856,#8857),.UNSPECIFIED.,.F.,.F.,(4,3,3,3,3,3,3,3,3,3,3,3,
3,3,3,3,3,3,3,4),(-0.323441555388071,-0.287785284696049,-0.251503180692761,
-0.214365668751097,-0.183730878107033,-0.163260970805199,-0.161998659215124,
-0.161596210643312,-0.161340374715903,-0.161102298471714,-0.160793421368046,
-0.160124808873595,-0.155325012469168,-0.110561968824934,-0.101616588449951,
-0.0654015576099636,-0.0627307206567641,-0.0274517230566515,-0.00118786640462175,
0.),.UNSPECIFIED.);
#721=B_SPLINE_CURVE_WITH_KNOTS('',3,(#8859,#8860,#8861,#8862,#8863,#8864,
#8865,#8866,#8867,#8868,#8869,#8870,#8871,#8872,#8873,#8874,#8875,#8876,
#8877),.UNSPECIFIED.,.F.,.F.,(4,3,3,3,3,3,4),(-58.0569071660127,-57.8324031942973,
-57.3381091499016,-56.8438151055059,-56.3495210611102,-55.8552270167145,
-55.464681915767),.UNSPECIFIED.);
#722=B_SPLINE_CURVE_WITH_KNOTS('',3,(#8879,#8880,#8881,#8882,#8883,#8884,
#8885,#8886,#8887,#8888,#8889,#8890,#8891,#8892,#8893,#8894,#8895,#8896,
#8897,#8898,#8899,#8900,#8901,#8902,#8903,#8904),.UNSPECIFIED.,.F.,.F.,
(4,2,2,2,2,2,2,2,2,2,2,2,4),(-0.32344155583741,-0.183730878152231,-0.163260970791608,
-0.161998659198229,-0.161596210626088,-0.161340374703069,-0.161102298459626,
-0.160793421355372,-0.160124808861135,-0.155325012456102,-0.101616588431714,
-0.00118786640456104,0.),.UNSPECIFIED.);
#723=B_SPLINE_CURVE_WITH_KNOTS('',3,(#8906,#8907,#8908,#8909,#8910,#8911,
#8912,#8913,#8914,#8915,#8916,#8917,#8918,#8919,#8920,#8921,#8922,#8923,
#8924),.UNSPECIFIED.,.F.,.F.,(4,3,3,3,3,3,4),(-61.1984998196025,-60.7981674606715,
-60.3038734162758,-59.8095793718801,-59.3152853274844,-58.8209912830887,
-58.6062745693568),.UNSPECIFIED.);
#724=B_SPLINE_CURVE_WITH_KNOTS('',3,(#8926,#8927,#8928,#8929,#8930,#8931,
#8932,#8933,#8934,#8935,#8936,#8937,#8938,#8939,#8940,#8941,#8942,#8943,
#8944,#8945,#8946,#8947,#8948,#8949,#8950,#8951),.UNSPECIFIED.,.F.,.F.,
(4,2,2,2,2,2,2,2,2,2,2,2,4),(-0.323441554817105,-0.183730878020281,-0.163260970789126,
-0.16199865920331,-0.161596210637122,-0.161340374710346,-0.161102298464686,
-0.160793421361472,-0.160124808868282,-0.155325012466103,-0.101616588468843,
-0.00118786640459462,0.),.UNSPECIFIED.);
#725=B_SPLINE_CURVE_WITH_KNOTS('',3,(#8953,#8954,#8955,#8956,#8957,#8958,
#8959,#8960,#8961,#8962,#8963,#8964,#8965,#8966,#8967,#8968,#8969,#8970,
#8971,#8972,#8973,#8974),.UNSPECIFIED.,.F.,.F.,(4,3,3,3,3,3,3,4),(-64.3400924731922,
-64.2582257714414,-63.7639317270457,-63.26963768265,-62.7753436382543,-62.2810495938586,
-61.7867555494629,-61.7478672229466),.UNSPECIFIED.);
#726=B_SPLINE_CURVE_WITH_KNOTS('',3,(#8976,#8977,#8978,#8979,#8980,#8981,
#8982,#8983,#8984,#8985,#8986,#8987,#8988,#8989,#8990,#8991,#8992,#8993,
#8994,#8995,#8996,#8997,#8998,#8999,#9000,#9001),.UNSPECIFIED.,.F.,.F.,
(4,2,2,2,2,2,2,2,2,2,2,2,4),(-0.323441556750925,-0.183730878275505,-0.163260970798183,
-0.161998659195408,-0.16159621062508,-0.161340374702134,-0.161102298461654,
-0.160793421360163,-0.160124808866673,-0.155325012463471,-0.101616588457371,
-0.00118786640458647,0.),.UNSPECIFIED.);
#727=B_SPLINE_CURVE_WITH_KNOTS('',3,(#9003,#9004,#9005,#9006,#9007,#9008,
#9009,#9010,#9011,#9012,#9013,#9014,#9015,#9016,#9017,#9018,#9019,#9020,
#9021),.UNSPECIFIED.,.F.,.F.,(4,3,3,3,3,3,4),(-67.481685126782,-67.2239900378157,
-66.72969599342,-66.2354019490243,-65.7411079046286,-65.2468138602329,-64.8894598765364),
 .UNSPECIFIED.);
#728=B_SPLINE_CURVE_WITH_KNOTS('',3,(#9023,#9024,#9025,#9026,#9027,#9028,
#9029,#9030,#9031,#9032,#9033,#9034,#9035,#9036,#9037,#9038,#9039,#9040,
#9041,#9042,#9043,#9044,#9045,#9046,#9047,#9048),.UNSPECIFIED.,.F.,.F.,
(4,2,2,2,2,2,2,2,2,2,2,2,4),(-0.323441557119719,-0.183730879407852,-0.163260972042768,
-0.161998660448787,-0.161596211882263,-0.161340375950011,-0.161102299702052,
-0.160793422597073,-0.160124810098269,-0.155325013657277,-0.101616589227587,
-0.00118786641070602,0.),.UNSPECIFIED.);
#729=B_SPLINE_CURVE_WITH_KNOTS('',3,(#9050,#9051,#9052,#9053,#9054,#9055,
#9056,#9057,#9058,#9059,#9060,#9061,#9062,#9063,#9064,#9065,#9066,#9067,
#9068),.UNSPECIFIED.,.F.,.F.,(4,3,3,3,3,3,4),(-70.6232777803718,-70.1897543041899,
-69.6954602597942,-69.2011662153985,-68.7068721710028,-68.2125781266071,
-68.0310525301262),.UNSPECIFIED.);
#730=B_SPLINE_CURVE_WITH_KNOTS('',3,(#9070,#9071,#9072,#9073,#9074,#9075,
#9076,#9077,#9078,#9079,#9080,#9081,#9082,#9083,#9084,#9085,#9086,#9087,
#9088,#9089,#9090,#9091,#9092,#9093,#9094,#9095),.UNSPECIFIED.,.F.,.F.,
(4,2,2,2,2,2,2,2,2,2,2,2,4),(-0.323441557065327,-0.183730879838644,-0.163260972544376,
-0.161998660952683,-0.161596212385871,-0.161340376459083,-0.161102300212161,
-0.160793423105473,-0.16012481060461,-0.155325014151413,-0.10161658958106,
-0.00118786641321581,0.),.UNSPECIFIED.);
#731=B_SPLINE_CURVE_WITH_KNOTS('',3,(#9097,#9098,#9099,#9100,#9101,#9102,
#9103,#9104,#9105,#9106,#9107,#9108,#9109,#9110,#9111,#9112,#9113,#9114,
#9115,#9116,#9117,#9118),.UNSPECIFIED.,.F.,.F.,(4,3,3,3,3,3,3,4),(-73.7648704339616,
-73.6498126149598,-73.1555185705641,-72.6612245261684,-72.1669304817727,
-71.672636437377,-71.1783423929813,-71.172645183716),.UNSPECIFIED.);
#732=B_SPLINE_CURVE_WITH_KNOTS('',3,(#9120,#9121,#9122,#9123,#9124,#9125,
#9126,#9127,#9128,#9129,#9130,#9131,#9132,#9133,#9134,#9135,#9136,#9137,
#9138,#9139,#9140,#9141,#9142,#9143,#9144,#9145),.UNSPECIFIED.,.F.,.F.,
(4,2,2,2,2,2,2,2,2,2,2,2,4),(-0.32344155777721,-0.183730877350616,-0.163260969587509,
-0.161998657968676,-0.161596209385904,-0.1613403734569,-0.161102297212787,
-0.160793420111615,-0.16012480762367,-0.15532501125905,-0.101616587681589,
-0.00118786639841261,0.),.UNSPECIFIED.);
#733=B_SPLINE_CURVE_WITH_KNOTS('',3,(#9147,#9148,#9149,#9150,#9151,#9152,
#9153,#9154,#9155,#9156,#9157,#9158,#9159,#9160,#9161,#9162,#9163,#9164,
#9165),.UNSPECIFIED.,.F.,.F.,(4,3,3,3,3,3,4),(-76.9064630875514,-76.615576881334,
-76.1212828369383,-75.6269887925426,-75.1326947481469,-74.6384007037512,
-74.3142378373058),.UNSPECIFIED.);
#734=B_SPLINE_CURVE_WITH_KNOTS('',3,(#9167,#9168,#9169,#9170),
 .UNSPECIFIED.,.F.,.F.,(4,4),(-0.323441556294152,-0.202042731792894),
 .UNSPECIFIED.);
#735=B_SPLINE_CURVE_WITH_KNOTS('',3,(#9171,#9172,#9173,#9174,#9175,#9176,
#9177,#9178,#9179,#9180,#9181,#9182,#9183,#9184,#9185,#9186,#9187,#9188,
#9189,#9190,#9191,#9192,#9193,#9194,#9195,#9196,#9197,#9198,#9199,#9200,
#9201,#9202,#9203,#9204,#9205,#9206,#9207,#9208,#9209,#9210,#9211,#9212,
#9213,#9214,#9215,#9216,#9217,#9218,#9219,#9220,#9221,#9222,#9223,#9224,
#9225,#9226,#9227,#9228,#9229,#9230,#9231,#9232,#9233,#9234),
 .UNSPECIFIED.,.F.,.F.,(4,3,3,3,3,3,3,3,3,3,3,3,3,3,3,3,3,3,3,3,3,4),(-1.18199393003399,
-1.13412288293787,-1.11078989093946,-1.07270689175486,-1.05426082730683,
-1.04463954388099,-1.03568049889949,-0.985595899980217,-0.937359484001701,
-0.911855138806876,-0.901627428304779,-0.894287387926458,-0.845646282667229,
-0.8353421032224,-0.787092288685395,-0.738418325049781,-0.69233660387752,
-0.683498070871479,-0.674929473876916,-0.62593454132531,-0.576657622249639,
-0.554091440360739),.UNSPECIFIED.);
#736=B_SPLINE_CURVE_WITH_KNOTS('',3,(#9236,#9237,#9238,#9239,#9240,#9241,
#9242),.UNSPECIFIED.,.F.,.F.,(4,1,1,1,4),(13.9250401648804,14.4193342092761,
14.9136282536718,15.4079222980676,15.7079632679489),.UNSPECIFIED.);
#737=B_SPLINE_CURVE_WITH_KNOTS('',3,(#9243,#9244,#9245,#9246,#9247,#9248,
#9249,#9250,#9251,#9252,#9253,#9254,#9255,#9256,#9257,#9258,#9259,#9260,
#9261,#9262,#9263,#9264,#9265,#9266,#9267,#9268,#9269,#9270,#9271,#9272,
#9273,#9274,#9275,#9276,#9277,#9278,#9279,#9280,#9281,#9282,#9283,#9284,
#9285,#9286,#9287,#9288,#9289,#9290,#9291,#9292,#9293,#9294,#9295,#9296,
#9297),.UNSPECIFIED.,.F.,.F.,(4,3,3,3,3,3,3,3,3,3,3,3,3,3,3,3,3,3,4),(-0.589464647014456,
-0.553406141868789,-0.504383104823716,-0.455536882353025,-0.438456178342603,
-0.432494035180392,-0.384084433715379,-0.335646592931974,-0.28775294778169,
-0.274010343048267,-0.239759050167234,-0.224774109531781,-0.215588374349072,
-0.209169553289738,-0.161564348115587,-0.113626708937175,-0.0659643453919167,
-0.0192079643774368,0.),.UNSPECIFIED.);
#738=B_SPLINE_CURVE_WITH_KNOTS('',3,(#9300,#9301,#9302,#9303,#9304,#9305,
#9306,#9307,#9308,#9309),.UNSPECIFIED.,.F.,.F.,(4,3,3,4),(0.541522272510764,
1.03842399334447,1.53532571417818,1.63593087663845),.UNSPECIFIED.);
#739=B_SPLINE_CURVE_WITH_KNOTS('',3,(#9313,#9314,#9315,#9316,#9317,#9318,
#9319,#9320,#9321,#9322,#9323,#9324,#9325,#9326,#9327,#9328,#9329,#9330,
#9331,#9332,#9333,#9334,#9335,#9336,#9337,#9338),.UNSPECIFIED.,.F.,.F.,
(4,2,2,2,2,2,2,2,2,2,2,2,4),(-0.323441557023444,-0.183730879249009,-0.163260971874987,
-0.161998660280935,-0.161596211707239,-0.161340375776456,-0.161102299531614,
-0.160793422426849,-0.16012480992773,-0.155325013492269,-0.101616589124949,
-0.0011878664098571,0.),.UNSPECIFIED.);
#740=B_SPLINE_CURVE_WITH_KNOTS('',3,(#9343,#9344,#9345,#9346,#9347,#9348,
#9349,#9350,#9351,#9352,#9353,#9354,#9355,#9356,#9357,#9358,#9359,#9360,
#9361,#9362,#9363,#9364,#9365,#9366,#9367,#9368,#9369,#9370,#9371,#9372,
#9373,#9374,#9375,#9376,#9377,#9378,#9379,#9380,#9381,#9382,#9383,#9384,
#9385,#9386,#9387,#9388,#9389,#9390,#9391,#9392,#9393,#9394,#9395,#9396,
#9397,#9398,#9399,#9400),.UNSPECIFIED.,.F.,.F.,(4,3,3,3,3,3,3,3,3,3,3,3,
3,3,3,3,3,3,3,4),(-0.323441554494878,-0.28780455470778,-0.251522709522779,
-0.214353607702634,-0.183730878798019,-0.163260971728345,-0.161998660152384,
-0.16159621158779,-0.161340375662273,-0.161102299419348,-0.160793422314739,
-0.160124809815746,-0.155325013383622,-0.110600903231882,-0.101616589053262,
-0.065487088732071,-0.0462106785297835,-0.0110528877648827,-0.00118786640930175,
0.),.UNSPECIFIED.);
#741=B_SPLINE_CURVE_WITH_KNOTS('',3,(#9406,#9407,#9408,#9409,#9410,#9411,
#9412,#9413,#9414,#9415,#9416,#9417,#9418,#9419,#9420,#9421,#9422,#9423,
#9424,#9425,#9426,#9427,#9428,#9429,#9430,#9431,#9432,#9433,#9434,#9435,
#9436,#9437,#9438,#9439,#9440,#9441,#9442,#9443,#9444,#9445,#9446,#9447,
#9448,#9449,#9450,#9451,#9452,#9453,#9454,#9455,#9456,#9457,#9458,#9459,
#9460,#9461,#9462,#9463),.UNSPECIFIED.,.F.,.F.,(4,3,3,3,3,3,3,3,3,3,3,3,
3,3,3,3,3,3,3,4),(-0.323441556169726,-0.287744442371294,-0.251528006434336,
-0.214645707093578,-0.183730879240857,-0.163260971990171,-0.161998660403094,
-0.16159621183494,-0.161340375907853,-0.161102299663061,-0.160793422557117,
-0.160124810057118,-0.155325013618669,-0.148627243059667,-0.104965210130422,
-0.101616589216237,-0.0658500433951694,-0.0303640762453303,-0.00118786641049869,
0.),.UNSPECIFIED.);
#742=B_SPLINE_CURVE_WITH_KNOTS('',3,(#9469,#9470,#9471,#9472,#9473,#9474,
#9475,#9476,#9477,#9478,#9479,#9480,#9481,#9482,#9483,#9484,#9485,#9486,
#9487,#9488,#9489,#9490,#9491,#9492,#9493,#9494,#9495,#9496,#9497,#9498,
#9499,#9500,#9501,#9502,#9503,#9504,#9505,#9506,#9507,#9508,#9509,#9510,
#9511,#9512,#9513,#9514,#9515,#9516,#9517,#9518,#9519,#9520,#9521,#9522,
#9523),.UNSPECIFIED.,.F.,.F.,(4,3,3,3,3,3,3,3,3,3,3,3,3,3,3,3,3,3,4),(-0.323441558637847,
-0.286939867472623,-0.250438176307399,-0.213152540278466,-0.18373087935401,
-0.163260971758514,-0.161998660149786,-0.16159621157364,-0.161340375645905,
-0.161102299404442,-0.1607934223015,-0.160124809803449,-0.155325013371519,
-0.110899829036864,-0.101616589043971,-0.0655673100254591,-0.0300130310051605,
-0.00118786640924056,0.),.UNSPECIFIED.);
#743=B_SPLINE_CURVE_WITH_KNOTS('',3,(#9529,#9530,#9531,#9532,#9533,#9534,
#9535,#9536,#9537,#9538,#9539,#9540,#9541,#9542,#9543,#9544,#9545,#9546,
#9547,#9548,#9549,#9550,#9551,#9552,#9553,#9554,#9555,#9556,#9557,#9558,
#9559,#9560,#9561,#9562,#9563,#9564,#9565,#9566,#9567,#9568,#9569,#9570,
#9571,#9572,#9573,#9574,#9575,#9576,#9577,#9578,#9579,#9580,#9581,#9582,
#9583),.UNSPECIFIED.,.F.,.F.,(4,3,3,3,3,3,3,3,3,3,3,3,3,3,3,3,3,3,4),(-0.323441557681222,
-0.287780843525466,-0.251498750049126,-0.214368606218234,-0.183730879719887,
-0.163260972317339,-0.161998660720213,-0.161596212148392,-0.161340376218902,
-0.161102299972219,-0.160793422865516,-0.160124810364771,-0.155325013918121,
-0.11055274289781,-0.101616589420561,-0.0656165991790304,-0.0303183224816304,
-0.00118786641202726,0.),.UNSPECIFIED.);
#744=B_SPLINE_CURVE_WITH_KNOTS('',3,(#9589,#9590,#9591,#9592,#9593,#9594,
#9595,#9596,#9597,#9598,#9599,#9600,#9601,#9602,#9603,#9604,#9605,#9606,
#9607,#9608,#9609,#9610,#9611,#9612,#9613,#9614),.UNSPECIFIED.,.F.,.F.,
(4,2,2,2,2,2,2,2,2,2,2,2,4),(-0.32344155386506,-0.183730879185799,-0.163260972264891,
-0.161998660697579,-0.161596212139078,-0.161340376217761,-0.161102299973834,
-0.160793422866646,-0.160124810364902,-0.155325013915988,-0.101616589398282,
-0.00118786641202822,0.),.UNSPECIFIED.);
#745=B_SPLINE_CURVE_WITH_KNOTS('',3,(#9620,#9621,#9622,#9623,#9624,#9625,
#9626,#9627,#9628,#9629,#9630,#9631,#9632,#9633,#9634,#9635,#9636,#9637,
#9638,#9639,#9640,#9641,#9642,#9643,#9644,#9645,#9646,#9647,#9648,#9649,
#9650,#9651,#9652,#9653,#9654,#9655,#9656,#9657,#9658,#9659,#9660,#9661,
#9662,#9663,#9664,#9665,#9666,#9667,#9668,#9669,#9670,#9671,#9672,#9673,
#9674,#9675,#9676,#9677),.UNSPECIFIED.,.F.,.F.,(4,3,3,3,3,3,3,3,3,3,3,3,
3,3,3,3,3,3,3,4),(-0.323441553489255,-0.288035288379206,-0.269884794660076,
-0.233313366025111,-0.195908009689894,-0.183730878384556,-0.163260971401703,
-0.161998659830626,-0.161596211265626,-0.161340375342894,-0.161102299099854,
-0.160793421993929,-0.160124809495471,-0.155325013072549,-0.110818097951667,
-0.101616588846577,-0.0655345357435207,-0.0299853189910628,-0.00118786640771113,
0.),.UNSPECIFIED.);
#746=B_SPLINE_CURVE_WITH_KNOTS('',3,(#9683,#9684,#9685,#9686,#9687,#9688,
#9689,#9690,#9691,#9692,#9693,#9694,#9695,#9696,#9697,#9698,#9699,#9700,
#9701,#9702,#9703,#9704,#9705,#9706,#9707,#9708),.UNSPECIFIED.,.F.,.F.,
(4,2,2,2,2,2,2,2,2,2,2,2,4),(-0.32344155646398,-0.183730879017976,-0.163260971691862,
-0.161998660100193,-0.161596211526448,-0.161340375595194,-0.161102299348595,
-0.160793422243291,-0.160124809745247,-0.155325013314833,-0.101616589004154,
-0.00118786640895044,0.),.UNSPECIFIED.);
#747=B_SPLINE_CURVE_WITH_KNOTS('',3,(#9714,#9715,#9716,#9717,#9718,#9719,
#9720,#9721,#9722,#9723,#9724,#9725,#9726,#9727,#9728,#9729,#9730,#9731,
#9732,#9733,#9734,#9735,#9736,#9737,#9738,#9739),.UNSPECIFIED.,.F.,.F.,
(4,2,2,2,2,2,2,2,2,2,2,2,4),(-0.32344155226621,-0.183730878747639,-0.16326097199664,
-0.161998660440428,-0.161596211884176,-0.161340375963796,-0.161102299718456,
-0.160793422611325,-0.160124810111568,-0.155325013670116,-0.101616589235561,
-0.00118786641077168,0.),.UNSPECIFIED.);
#748=B_SPLINE_CURVE_WITH_KNOTS('',3,(#9745,#9746,#9747,#9748,#9749,#9750,
#9751,#9752,#9753,#9754,#9755,#9756,#9757,#9758,#9759,#9760,#9761,#9762,
#9763,#9764,#9765,#9766,#9767,#9768,#9769,#9770,#9771,#9772,#9773,#9774,
#9775,#9776,#9777,#9778,#9779,#9780,#9781,#9782,#9783,#9784,#9785,#9786,
#9787,#9788,#9789,#9790,#9791,#9792,#9793,#9794,#9795,#9796,#9797,#9798,
#9799),.UNSPECIFIED.,.F.,.F.,(4,3,3,3,3,3,3,3,3,3,3,3,3,3,3,3,3,3,4),(-0.323441550936229,
-0.289601650091054,-0.253375017897246,-0.216149489409533,-0.183730877290291,
-0.1632609705199,-0.161998658961642,-0.161596210402691,-0.16134037448147,
-0.161102298239074,-0.16079342113556,-0.160124808641854,-0.155325012248406,
-0.110744851569207,-0.101616588346362,-0.0655072282127708,-0.0299685770407619,
-0.00118786640346959,0.),.UNSPECIFIED.);
#749=B_SPLINE_CURVE_WITH_KNOTS('',3,(#9805,#9806,#9807,#9808,#9809,#9810,
#9811,#9812,#9813,#9814,#9815,#9816,#9817,#9818,#9819,#9820,#9821,#9822,
#9823,#9824,#9825,#9826,#9827,#9828,#9829,#9830),.UNSPECIFIED.,.F.,.F.,
(4,2,2,2,2,2,2,2,2,2,2,2,4),(-0.323441553339807,-0.183730877818732,-0.163260970772686,
-0.161998659196273,-0.161596210633244,-0.161340374707314,-0.161102298460086,
-0.160793421354811,-0.160124808860747,-0.155325012462696,-0.101616588505929,
-0.00118786640455646,0.),.UNSPECIFIED.);
#750=B_SPLINE_CURVE_WITH_KNOTS('',3,(#9836,#9837,#9838,#9839,#9840,#9841,
#9842,#9843,#9844,#9845,#9846,#9847,#9848,#9849,#9850,#9851,#9852,#9853,
#9854,#9855,#9856,#9857,#9858,#9859,#9860,#9861),.UNSPECIFIED.,.F.,.F.,
(4,2,2,2,2,2,2,2,2,2,2,2,4),(-0.323441553149867,-0.183730879088721,-0.163260972258671,
-0.161998660697483,-0.161596212140324,-0.161340376213738,-0.161102299970041,
-0.160793422864047,-0.160124810361621,-0.15532501391245,-0.101616589391788,
-0.00118786641201237,0.),.UNSPECIFIED.);
#751=B_SPLINE_CURVE_WITH_KNOTS('',3,(#9867,#9868,#9869,#9870,#9871,#9872,
#9873,#9874,#9875,#9876,#9877,#9878,#9879,#9880,#9881,#9882,#9883,#9884,
#9885,#9886,#9887,#9888,#9889,#9890,#9891,#9892,#9893,#9894,#9895,#9896,
#9897,#9898,#9899,#9900,#9901,#9902,#9903,#9904,#9905,#9906,#9907,#9908,
#9909,#9910,#9911,#9912,#9913,#9914,#9915,#9916,#9917,#9918,#9919,#9920,
#9921),.UNSPECIFIED.,.F.,.F.,(4,3,3,3,3,3,3,3,3,3,3,3,3,3,3,3,3,3,4),(-0.323441556498125,
-0.287743173759082,-0.251513708626179,-0.214596535047772,-0.183730879289283,
-0.163260971997752,-0.161998660408547,-0.161596211837718,-0.161340375907881,
-0.161102299662049,-0.160793422556387,-0.160124810056752,-0.155325013617436,
-0.139291758052779,-0.10161658920637,-0.0658861759640826,-0.0304149325237859,
-0.00118786641049741,0.),.UNSPECIFIED.);
#752=B_SPLINE_CURVE_WITH_KNOTS('',3,(#9927,#9928,#9929,#9930,#9931,#9932,
#9933,#9934,#9935,#9936,#9937,#9938,#9939,#9940,#9941,#9942,#9943,#9944,
#9945,#9946,#9947,#9948,#9949,#9950,#9951,#9952,#9953,#9954,#9955,#9956,
#9957,#9958,#9959,#9960,#9961,#9962,#9963,#9964,#9965,#9966,#9967,#9968,
#9969,#9970,#9971,#9972,#9973,#9974,#9975,#9976,#9977,#9978,#9979,#9980,
#9981,#9982,#9983,#9984),.UNSPECIFIED.,.F.,.F.,(4,3,3,3,3,3,3,3,3,3,3,3,
3,3,3,3,3,3,3,4),(-0.323441555504377,-0.288112452070458,-0.252146768189808,
-0.240804930330993,-0.203429855214748,-0.183730878768253,-0.16326097154595,
-0.161998659960731,-0.161596211391046,-0.161340375463413,-0.161102299220323,
-0.160793422116072,-0.160124809617918,-0.155325013192795,-0.110944014446861,
-0.101616588938347,-0.0655858243264695,-0.0300310665116713,-0.00118786640831839,
0.),.UNSPECIFIED.);
#753=B_SPLINE_CURVE_WITH_KNOTS('',3,(#9990,#9991,#9992,#9993,#9994,#9995,
#9996,#9997,#9998,#9999,#10000,#10001,#10002,#10003,#10004,#10005,#10006,
#10007,#10008,#10009,#10010,#10011,#10012,#10013,#10014,#10015),
 .UNSPECIFIED.,.F.,.F.,(4,2,2,2,2,2,2,2,2,2,2,2,4),(-0.323441553065904,
-0.183730878321349,-0.163260971391361,-0.161998659824459,-0.1615962112611,
-0.161340375335413,-0.161102299092183,-0.160793421987261,-0.160124809488979,
-0.155325013066649,-0.101616588845123,-0.0011878664076792,0.),
 .UNSPECIFIED.);
#754=B_SPLINE_CURVE_WITH_KNOTS('',3,(#10021,#10022,#10023,#10024,#10025,
#10026,#10027,#10028,#10029,#10030,#10031,#10032,#10033,#10034,#10035,#10036,
#10037,#10038,#10039,#10040,#10041,#10042,#10043,#10044,#10045,#10046,#10047,
#10048,#10049,#10050,#10051,#10052,#10053,#10054,#10055,#10056,#10057,#10058,
#10059,#10060,#10061,#10062,#10063,#10064,#10065,#10066,#10067,#10068,#10069,
#10070,#10071,#10072,#10073,#10074,#10075,#10076,#10077,#10078),
 .UNSPECIFIED.,.F.,.F.,(4,3,3,3,3,3,3,3,3,3,3,3,3,3,3,3,3,3,3,4),(-0.323441555428035,
-0.287747149122806,-0.251545295695791,-0.214699788891408,-0.183730878651166,
-0.163260971422794,-0.161998659837871,-0.161596211269334,-0.16134037534529,
-0.161102299103415,-0.160793421999389,-0.160124809502016,-0.15795126091055,
-0.15532501308015,-0.111435227275061,-0.101616588863364,-0.0658156450875496,
-0.0303163596735299,-0.00118786640774311,0.),.UNSPECIFIED.);
#755=B_SPLINE_CURVE_WITH_KNOTS('',3,(#10084,#10085,#10086,#10087,#10088,
#10089,#10090,#10091,#10092,#10093,#10094,#10095,#10096,#10097,#10098,#10099,
#10100,#10101,#10102,#10103,#10104,#10105,#10106,#10107,#10108,#10109,#10110,
#10111,#10112,#10113,#10114,#10115,#10116,#10117,#10118,#10119,#10120,#10121,
#10122,#10123,#10124,#10125,#10126,#10127,#10128,#10129,#10130,#10131,#10132,
#10133,#10134,#10135,#10136,#10137,#10138),.UNSPECIFIED.,.F.,.F.,(4,3,3,
3,3,3,3,3,3,3,3,3,3,3,3,3,3,3,4),(-0.323441557012523,-0.287928165212687,
-0.260130024432793,-0.221930451651797,-0.1837308788708,-0.163260971442865,
-0.161998659844605,-0.161596211272846,-0.161340375341203,-0.161102299098436,
-0.160793421995672,-0.160124809497959,-0.15532501307612,-0.110857874395394,
-0.101616588860042,-0.0655502244341239,-0.029997791624675,-0.00118786640772284,
0.),.UNSPECIFIED.);
#756=B_SPLINE_CURVE_WITH_KNOTS('',3,(#10144,#10145,#10146,#10147,#10148,
#10149,#10150,#10151,#10152,#10153,#10154,#10155,#10156,#10157,#10158,#10159,
#10160,#10161,#10162,#10163,#10164,#10165,#10166,#10167,#10168,#10169),
 .UNSPECIFIED.,.F.,.F.,(4,2,2,2,2,2,2,2,2,2,2,2,4),(-0.323441552378173,
-0.183730877688723,-0.163260970766579,-0.161998659198675,-0.161596210638371,
-0.161340374717673,-0.161102298475494,-0.160793421372312,-0.160124808878175,
-0.155325012474888,-0.101616588466514,-0.00118786640464427,0.),
 .UNSPECIFIED.);
#757=B_SPLINE_CURVE_WITH_KNOTS('',3,(#10175,#10176,#10177,#10178,#10179,
#10180,#10181,#10182,#10183,#10184,#10185,#10186,#10187,#10188,#10189,#10190,
#10191,#10192,#10193,#10194,#10195,#10196,#10197,#10198,#10199,#10200),
 .UNSPECIFIED.,.F.,.F.,(4,2,2,2,2,2,2,2,2,2,2,2,4),(-0.323441550713843,
-0.183730877461043,-0.163260970749645,-0.161998659196667,-0.161596210641246,
-0.161340374717637,-0.161102298473371,-0.160793421369017,-0.160124808873808,
-0.155325012468683,-0.101616588441584,-0.00118786640462411,0.),
 .UNSPECIFIED.);
#758=B_SPLINE_CURVE_WITH_KNOTS('',3,(#10206,#10207,#10208,#10209,#10210,
#10211,#10212,#10213,#10214,#10215,#10216,#10217,#10218,#10219,#10220,#10221,
#10222,#10223,#10224,#10225,#10226,#10227,#10228,#10229,#10230,#10231),
 .UNSPECIFIED.,.F.,.F.,(4,2,2,2,2,2,2,2,2,2,2,2,4),(-0.323441552979517,
-0.183730878317277,-0.163260971398605,-0.16199865983336,-0.16159621127169,
-0.161340375344871,-0.161102299096978,-0.160793421991013,-0.160124809494384,
-0.155325013072335,-0.101616588855492,-0.00118786640770473,0.),
 .UNSPECIFIED.);
#759=B_SPLINE_CURVE_WITH_KNOTS('',3,(#10237,#10238,#10239,#10240,#10241,
#10242,#10243,#10244,#10245,#10246,#10247,#10248,#10249,#10250,#10251,#10252,
#10253,#10254,#10255,#10256,#10257,#10258,#10259,#10260,#10261,#10262),
 .UNSPECIFIED.,.F.,.F.,(4,2,2,2,2,2,2,2,2,2,2,2,4),(-0.323441556675244,
-0.183730878285236,-0.163260970821507,-0.161998659221358,-0.161596210648718,
-0.161340374719975,-0.161102298479563,-0.160793421378054,-0.160124808882711,
-0.155325012477096,-0.101616588445695,-0.00118786640466819,0.),
 .UNSPECIFIED.);
#760=B_SPLINE_CURVE_WITH_KNOTS('',3,(#10268,#10269,#10270,#10271,#10272,
#10273,#10274,#10275,#10276,#10277,#10278,#10279,#10280,#10281,#10282,#10283,
#10284,#10285,#10286,#10287,#10288,#10289,#10290,#10291,#10292,#10293),
 .UNSPECIFIED.,.F.,.F.,(4,2,2,2,2,2,2,2,2,2,2,2,4),(-0.323441558271137,
-0.183730879800113,-0.163260972322092,-0.161998660719268,-0.161596212143505,
-0.161340376213245,-0.1611022999644,-0.160793422857048,-0.160124810357304,
-0.155325013913289,-0.101616589442451,-0.00118786641198931,0.),
 .UNSPECIFIED.);
#761=B_SPLINE_CURVE_WITH_KNOTS('',3,(#10297,#10298,#10299,#10300,#10301,
#10302,#10303,#10304,#10305,#10306,#10307,#10308,#10309),.UNSPECIFIED.,
 .F.,.F.,(4,3,3,3,4),(-0.0766842996772884,-0.0416473668183913,-0.00671676083773222,
-0.00118786640460555,0.),.UNSPECIFIED.);
#762=B_SPLINE_CURVE_WITH_KNOTS('',3,(#10315,#10316,#10317,#10318,#10319,
#10320,#10321,#10322,#10323,#10324,#10325,#10326,#10327,#10328,#10329,#10330,
#10331,#10332,#10333,#10334,#10335,#10336,#10337,#10338,#10339,#10340),
 .UNSPECIFIED.,.F.,.F.,(4,2,2,2,2,2,2,2,2,2,2,2,4),(-0.323441554990697,
-0.183730879125165,-0.163260972030743,-0.161998660453771,-0.161596211888932,
-0.161340375961726,-0.161102299715387,-0.160793422608989,-0.16012481010916,
-0.155325013668809,-0.101616589243743,-0.00118786641076002,0.),
 .UNSPECIFIED.);
#763=B_SPLINE_CURVE_WITH_KNOTS('',3,(#10346,#10347,#10348,#10349,#10350,
#10351,#10352,#10353,#10354,#10355,#10356,#10357,#10358,#10359,#10360,#10361,
#10362,#10363,#10364,#10365,#10366,#10367,#10368,#10369,#10370,#10371),
 .UNSPECIFIED.,.F.,.F.,(4,2,2,2,2,2,2,2,2,2,2,2,4),(-0.323441555376354,
-0.18373087939261,-0.163260972279414,-0.161998660699698,-0.161596212132687,
-0.161340376206803,-0.161102299961472,-0.160793422854782,-0.160124810353975,
-0.155325013907989,-0.101616589419572,-0.00118786641197292,0.),
 .UNSPECIFIED.);
#764=B_SPLINE_CURVE_WITH_KNOTS('',3,(#11012,#11013,#11014,#11015,#11016,
#11017,#11018,#11019,#11020,#11021,#11022,#11023,#11024,#11025,#11026,#11027,
#11028,#11029,#11030,#11031,#11032,#11033,#11034,#11035,#11036,#11037,#11038,
#11039,#11040,#11041,#11042,#11043,#11044,#11045,#11046,#11047,#11048,#11049,
#11050,#11051,#11052,#11053,#11054,#11055,#11056,#11057,#11058,#11059,#11060,
#11061,#11062,#11063,#11064,#11065,#11066,#11067,#11068,#11069,#11070,#11071,
#11072),.UNSPECIFIED.,.F.,.F.,(4,3,3,3,3,3,3,3,3,3,3,3,3,3,3,3,3,3,3,3,
4),(-1.18199393003401,-1.16330362821714,-1.11597708232594,-1.06818799514349,
-1.04240324568428,-1.03565025219682,-0.987481667317295,-0.937472174301116,
-0.912467427793027,-0.901965424340855,-0.893978156569585,-0.887462681284937,
-0.839789505025701,-0.791398033186828,-0.742682742671947,-0.708464784547911,
-0.681507757524006,-0.675307345072008,-0.626114720103929,-0.605810910175803,
-0.592173438942335),.UNSPECIFIED.);
#765=B_SPLINE_CURVE_WITH_KNOTS('',3,(#11073,#11074,#11075,#11076,#11077,
#11078,#11079,#11080,#11081,#11082),.UNSPECIFIED.,.F.,.F.,(4,1,1,1,1,1,
1,4),(12.7220362717842,13.1848851918942,13.6817869127279,14.1786886335616,
14.6755903543953,15.172492075229,15.6693937960627,15.7079632679489),
 .UNSPECIFIED.);
#766=B_SPLINE_CURVE_WITH_KNOTS('',3,(#11084,#11085,#11086,#11087,#11088,
#11089,#11090,#11091,#11092,#11093,#11094,#11095,#11096,#11097,#11098,#11099,
#11100,#11101,#11102,#11103,#11104,#11105,#11106,#11107,#11108,#11109,#11110,
#11111,#11112,#11113,#11114,#11115,#11116,#11117,#11118,#11119,#11120,#11121,
#11122,#11123,#11124,#11125,#11126,#11127,#11128,#11129,#11130,#11131,#11132,
#11133,#11134,#11135,#11136,#11137,#11138,#11139,#11140,#11141,#11142,#11143,
#11144,#11145,#11146,#11147,#11148,#11149,#11150,#11151,#11152,#11153,#11154,
#11155,#11156,#11157,#11158,#11159,#11160,#11161,#11162,#11163,#11164,#11165,
#11166,#11167,#11168,#11169,#11170,#11171,#11172,#11173,#11174,#11175,#11176,
#11177,#11178,#11179,#11180,#11181,#11182,#11183,#11184,#11185,#11186,#11187,
#11188,#11189,#11190,#11191,#11192),.UNSPECIFIED.,.F.,.F.,(4,3,3,3,3,3,
3,3,3,3,3,3,3,3,3,3,3,3,3,3,3,3,3,3,3,3,3,3,3,3,3,3,3,3,3,3,4),(-1.18002962834546,
-1.13349560006015,-1.0832305665568,-1.05314663035732,-1.03452683037871,
-1.02404373721915,-0.974088952148015,-0.924345087633877,-0.883452082297443,
-0.875284879135598,-0.842559076961009,-0.793291278196773,-0.743714547049774,
-0.696881789548195,-0.661757221422011,-0.655204216330044,-0.649080149946528,
-0.600128996980291,-0.556383517043459,-0.507362605220501,-0.458495658384003,
-0.444438053033053,-0.433783412596438,-0.42765097426604,-0.379219915296524,
-0.330800931826808,-0.282947603458933,-0.275471002159719,-0.241037126889754,
-0.225972306459144,-0.215507533588557,-0.209150127595515,-0.161540056206398,
-0.113602105839895,-0.0659420370586156,-0.0191905509858854,0.),
 .UNSPECIFIED.);
#767=B_SPLINE_CURVE_WITH_KNOTS('',3,(#11193,#11194,#11195,#11196,#11197,
#11198,#11199,#11200,#11201,#11202,#11203,#11204,#11205),.UNSPECIFIED.,
 .F.,.F.,(4,3,3,3,4),(74.4419293125479,74.5798786767331,75.0767803975668,
75.5736821184005,75.9919104868334),.UNSPECIFIED.);
#768=B_SPLINE_CURVE_WITH_KNOTS('',3,(#11206,#11207,#11208,#11209,#11210,
#11211,#11212,#11213,#11214,#11215,#11216,#11217,#11218,#11219,#11220,#11221,
#11222,#11223,#11224),.UNSPECIFIED.,.F.,.F.,(4,3,3,3,3,3,4),(71.3003366589581,
71.5984683517308,72.0953700725645,72.5922717933982,73.089173514232,73.5860752350657,
73.8925619092037),.UNSPECIFIED.);
#769=B_SPLINE_CURVE_WITH_KNOTS('',3,(#11225,#11226,#11227,#11228,#11229,
#11230,#11231,#11232,#11233,#11234,#11235,#11236,#11237,#11238,#11239,#11240,
#11241,#11242,#11243),.UNSPECIFIED.,.F.,.F.,(4,3,3,3,3,3,4),(68.1587440053683,
68.6170580267286,69.1139597475623,69.610861468396,70.1077631892297,70.6046649100634,
70.7509692556139),.UNSPECIFIED.);
#770=B_SPLINE_CURVE_WITH_KNOTS('',3,(#11244,#11245,#11246,#11247,#11248,
#11249,#11250,#11251,#11252,#11253,#11254,#11255,#11256,#11257,#11258,#11259,
#11260,#11261,#11262),.UNSPECIFIED.,.F.,.F.,(4,3,3,3,3,3,4),(65.0171513517785,
65.1387459808927,65.6356477017264,66.1325494225601,66.6294511433938,67.1263528642275,
67.6093766020241),.UNSPECIFIED.);
#771=B_SPLINE_CURVE_WITH_KNOTS('',3,(#11263,#11264,#11265,#11266,#11267,
#11268,#11269,#11270,#11271,#11272,#11273,#11274,#11275,#11276,#11277,#11278,
#11279,#11280,#11281),.UNSPECIFIED.,.F.,.F.,(4,3,3,3,3,3,4),(61.8755586981887,
62.1573356558904,62.6542373767241,63.1511390975578,63.6480408183915,64.1449425392253,
64.4677839484343),.UNSPECIFIED.);
#772=B_SPLINE_CURVE_WITH_KNOTS('',3,(#11282,#11283,#11284,#11285,#11286,
#11287,#11288,#11289,#11290,#11291,#11292,#11293,#11294,#11295,#11296,#11297,
#11298,#11299,#11300),.UNSPECIFIED.,.F.,.F.,(4,3,3,3,3,3,4),(58.7339660445989,
59.1759253308882,59.6728270517219,60.1697287725556,60.6666304933893,61.163532214223,
61.3261912948445),.UNSPECIFIED.);
#773=B_SPLINE_CURVE_WITH_KNOTS('',3,(#11301,#11302,#11303,#11304,#11305,
#11306,#11307,#11308,#11309,#11310,#11311,#11312,#11313,#11314,#11315,#11316,
#11317,#11318,#11319,#11320,#11321,#11322),.UNSPECIFIED.,.F.,.F.,(4,3,3,
3,3,3,3,4),(55.5923733910091,55.6976132850522,56.194515005886,56.6914167267197,
57.1883184475534,57.6852201683871,58.1821218892208,58.1845986412547),
 .UNSPECIFIED.);
#774=B_SPLINE_CURVE_WITH_KNOTS('',3,(#11323,#11324,#11325,#11326,#11327,
#11328,#11329,#11330,#11331,#11332,#11333,#11334,#11335,#11336,#11337,#11338,
#11339,#11340,#11341),.UNSPECIFIED.,.F.,.F.,(4,3,3,3,3,3,4),(52.4507807374193,
52.71620296005,53.2131046808837,53.7100064017174,54.2069081225511,54.7038098433848,
55.0430059876649),.UNSPECIFIED.);
#775=B_SPLINE_CURVE_WITH_KNOTS('',3,(#11342,#11343,#11344,#11345,#11346,
#11347,#11348,#11349,#11350,#11351,#11352,#11353,#11354,#11355,#11356,#11357,
#11358,#11359,#11360),.UNSPECIFIED.,.F.,.F.,(4,3,3,3,3,3,4),(49.3091880838295,
49.7347926350478,50.2316943558815,50.7285960767152,51.2254977975489,51.7223995183826,
51.9014133340751),.UNSPECIFIED.);
#776=B_SPLINE_CURVE_WITH_KNOTS('',3,(#11361,#11362,#11363,#11364,#11365,
#11366,#11367,#11368,#11369,#11370,#11371,#11372,#11373,#11374,#11375,#11376,
#11377,#11378,#11379,#11380,#11381,#11382),.UNSPECIFIED.,.F.,.F.,(4,3,3,
3,3,3,3,4),(46.1675954302397,46.2564805892118,46.7533823100455,47.2502840308792,
47.7471857517129,48.2440874725466,48.7409891933803,48.7598206804853),
 .UNSPECIFIED.);
#777=B_SPLINE_CURVE_WITH_KNOTS('',3,(#11383,#11384,#11385,#11386,#11387,
#11388,#11389,#11390,#11391,#11392,#11393,#11394,#11395,#11396,#11397,#11398,
#11399,#11400,#11401),.UNSPECIFIED.,.F.,.F.,(4,3,3,3,3,3,4),(43.02600277665,
43.2750702642096,43.7719719850433,44.268873705877,44.7657754267107,45.2626771475444,
45.6182280268956),.UNSPECIFIED.);
#778=B_SPLINE_CURVE_WITH_KNOTS('',3,(#11402,#11403,#11404,#11405,#11406,
#11407,#11408,#11409,#11410,#11411,#11412,#11413,#11414,#11415,#11416,#11417,
#11418,#11419,#11420),.UNSPECIFIED.,.F.,.F.,(4,3,3,3,3,3,4),(39.8844101230602,
40.2936599392073,40.790561660041,41.2874633808747,41.7843651017084,42.2812668225421,
42.4766353733057),.UNSPECIFIED.);
#779=B_SPLINE_CURVE_WITH_KNOTS('',3,(#11421,#11422,#11423,#11424,#11425,
#11426,#11427,#11428,#11429,#11430,#11431,#11432,#11433,#11434,#11435,#11436,
#11437,#11438,#11439,#11440,#11441,#11442),.UNSPECIFIED.,.F.,.F.,(4,3,3,
3,3,3,3,4),(36.7428174694704,36.8153478933714,37.3122496142051,37.8091513350388,
38.3060530558725,38.8029547767062,39.2998564975399,39.335042719716),
 .UNSPECIFIED.);
#780=B_SPLINE_CURVE_WITH_KNOTS('',3,(#11443,#11444,#11445,#11446,#11447,
#11448,#11449,#11450,#11451,#11452,#11453,#11454,#11455,#11456,#11457,#11458,
#11459,#11460,#11461),.UNSPECIFIED.,.F.,.F.,(4,3,3,3,3,3,4),(33.6012248158806,
33.8339375683691,34.3308392892028,34.8277410100365,35.3246427308703,35.821544451704,
36.1934500661262),.UNSPECIFIED.);
#781=B_SPLINE_CURVE_WITH_KNOTS('',3,(#11462,#11463,#11464,#11465,#11466,
#11467,#11468,#11469,#11470,#11471,#11472,#11473,#11474,#11475,#11476,#11477,
#11478,#11479,#11480),.UNSPECIFIED.,.F.,.F.,(4,3,3,3,3,3,4),(30.4596321622908,
30.8525272433669,31.3494289642006,31.8463306850343,32.343232405868,32.8401341267017,
33.0518574125364),.UNSPECIFIED.);
#782=B_SPLINE_CURVE_WITH_KNOTS('',3,(#11481,#11482,#11483,#11484,#11485,
#11486,#11487,#11488,#11489,#11490,#11491,#11492,#11493,#11494,#11495,#11496,
#11497,#11498,#11499,#11500,#11501,#11502),.UNSPECIFIED.,.F.,.F.,(4,3,3,
3,3,3,3,4),(27.318039508701,27.3742151975309,27.8711169183646,28.3680186391983,
28.8649203600321,29.3618220808658,29.8587238016995,29.9102647589466),
 .UNSPECIFIED.);
#783=B_SPLINE_CURVE_WITH_KNOTS('',3,(#11503,#11504,#11505,#11506,#11507,
#11508,#11509,#11510,#11511,#11512,#11513,#11514,#11515,#11516,#11517,#11518,
#11519,#11520,#11521),.UNSPECIFIED.,.F.,.F.,(4,3,3,3,3,3,4),(24.1764468551112,
24.3928048725287,24.8897065933624,25.3866083141961,25.8835100350298,26.3804117558635,
26.7686721053568),.UNSPECIFIED.);
#784=B_SPLINE_CURVE_WITH_KNOTS('',3,(#11522,#11523,#11524,#11525,#11526,
#11527,#11528,#11529,#11530,#11531,#11532,#11533,#11534,#11535,#11536,#11537,
#11538,#11539,#11540),.UNSPECIFIED.,.F.,.F.,(4,3,3,3,3,3,4),(21.0348542015214,
21.4113945475264,21.9082962683602,22.4051979891939,22.9020997100276,23.3990014308613,
23.627079451767),.UNSPECIFIED.);
#785=B_SPLINE_CURVE_WITH_KNOTS('',3,(#11541,#11542,#11543,#11544,#11545,
#11546,#11547,#11548,#11549,#11550,#11551,#11552,#11553,#11554,#11555,#11556,
#11557,#11558,#11559,#11560,#11561,#11562),.UNSPECIFIED.,.F.,.F.,(4,3,3,
3,3,3,3,4),(17.8932615479316,17.9330825016905,18.4299842225242,18.9268859433579,
19.4237876641916,19.9206893850253,20.417591105859,20.4854867981772),
 .UNSPECIFIED.);
#786=B_SPLINE_CURVE_WITH_KNOTS('',3,(#11563,#11564,#11565,#11566,#11567,
#11568,#11569,#11570,#11571,#11572,#11573,#11574,#11575,#11576,#11577,#11578,
#11579,#11580,#11581),.UNSPECIFIED.,.F.,.F.,(4,3,3,3,3,3,4),(14.7516688943418,
14.9516721766883,15.448573897522,15.9454756183557,16.4423773391894,16.9392790600231,
17.3438941445874),.UNSPECIFIED.);
#787=B_SPLINE_CURVE_WITH_KNOTS('',3,(#11582,#11583,#11584,#11585,#11586,
#11587,#11588,#11589,#11590,#11591,#11592,#11593,#11594,#11595,#11596,#11597,
#11598,#11599,#11600),.UNSPECIFIED.,.F.,.F.,(4,3,3,3,3,3,4),(11.610076240752,
11.970261851686,12.4671635725197,12.9640652933534,13.4609670141871,13.9578687350209,
14.2023014909976),.UNSPECIFIED.);
#788=B_SPLINE_CURVE_WITH_KNOTS('',3,(#11601,#11602,#11603,#11604,#11605,
#11606,#11607,#11608,#11609,#11610,#11611,#11612,#11613,#11614,#11615,#11616,
#11617,#11618,#11619,#11620,#11621,#11622),.UNSPECIFIED.,.F.,.F.,(4,3,3,
3,3,3,3,4),(8.46848358716223,8.49194980585007,8.98885152668378,9.48575324751749,
9.98265496835119,10.4795566891849,10.9764584100186,11.0607088374078),
 .UNSPECIFIED.);
#789=B_SPLINE_CURVE_WITH_KNOTS('',3,(#11623,#11624,#11625,#11626,#11627,
#11628,#11629,#11630,#11631,#11632,#11633,#11634,#11635,#11636,#11637,#11638,
#11639,#11640,#11641),.UNSPECIFIED.,.F.,.F.,(4,3,3,3,3,3,4),(5.32689093357244,
5.51053948084783,6.00744120168154,6.50434292251524,7.00124464334895,7.49814636418266,
7.91911618381803),.UNSPECIFIED.);
#790=B_SPLINE_CURVE_WITH_KNOTS('',3,(#11642,#11643,#11644,#11645,#11646,
#11647,#11648,#11649,#11650,#11651,#11652,#11653,#11654,#11655,#11656,#11657,
#11658,#11659,#11660),.UNSPECIFIED.,.F.,.F.,(4,3,3,3,3,3,4),(2.18529827998264,
2.52912915584559,3.0260308766793,3.52293259751301,4.01983431834672,4.51673603918043,
4.77752353022823),.UNSPECIFIED.);
#791=B_SPLINE_CURVE_WITH_KNOTS('',3,(#11664,#11665,#11666,#11667),
 .UNSPECIFIED.,.F.,.F.,(4,4),(-78.0581907225691,-77.4558304908956),
 .UNSPECIFIED.);
#792=B_SPLINE_CURVE_WITH_KNOTS('',3,(#11707,#11708,#11709,#11710,#11711,
#11712,#11713,#11714,#11715,#11716,#11717,#11718,#11719,#11720,#11721,#11722,
#11723,#11724,#11725,#11726,#11727,#11728,#11729,#11730,#11731,#11732,#11733,
#11734,#11735,#11736,#11737,#11738,#11739,#11740),.UNSPECIFIED.,.F.,.F.,
(4,3,3,3,3,3,3,3,3,3,3,4),(-0.428228929036792,-0.379846860776728,-0.330233995806034,
-0.280313226412523,-0.245274073110957,-0.230642208449946,-0.224800366203701,
-0.174742590810906,-0.124235975796549,-0.0739564256635689,-0.0246072504019122,
0.),.UNSPECIFIED.);
#793=LINE('',#4114,#998);
#794=LINE('',#4183,#999);
#795=LINE('',#4273,#1000);
#796=LINE('',#4363,#1001);
#797=LINE('',#4453,#1002);
#798=LINE('',#4492,#1003);
#799=LINE('',#4527,#1004);
#800=LINE('',#4564,#1005);
#801=LINE('',#4602,#1006);
#802=LINE('',#4640,#1007);
#803=LINE('',#4663,#1008);
#804=LINE('',#4665,#1009);
#805=LINE('',#4667,#1010);
#806=LINE('',#4669,#1011);
#807=LINE('',#4671,#1012);
#808=LINE('',#4672,#1013);
#809=LINE('',#4705,#1014);
#810=LINE('',#4708,#1015);
#811=LINE('',#4710,#1016);
#812=LINE('',#4711,#1017);
#813=LINE('',#4716,#1018);
#814=LINE('',#4725,#1019);
#815=LINE('',#4734,#1020);
#816=LINE('',#4743,#1021);
#817=LINE('',#4752,#1022);
#818=LINE('',#4761,#1023);
#819=LINE('',#4770,#1024);
#820=LINE('',#4779,#1025);
#821=LINE('',#4788,#1026);
#822=LINE('',#4796,#1027);
#823=LINE('',#4800,#1028);
#824=LINE('',#4809,#1029);
#825=LINE('',#4818,#1030);
#826=LINE('',#4827,#1031);
#827=LINE('',#4837,#1032);
#828=LINE('',#4864,#1033);
#829=LINE('',#4866,#1034);
#830=LINE('',#4870,#1035);
#831=LINE('',#4897,#1036);
#832=LINE('',#4899,#1037);
#833=LINE('',#4903,#1038);
#834=LINE('',#4930,#1039);
#835=LINE('',#4932,#1040);
#836=LINE('',#4936,#1041);
#837=LINE('',#4963,#1042);
#838=LINE('',#4965,#1043);
#839=LINE('',#4969,#1044);
#840=LINE('',#4996,#1045);
#841=LINE('',#4998,#1046);
#842=LINE('',#5002,#1047);
#843=LINE('',#5029,#1048);
#844=LINE('',#5031,#1049);
#845=LINE('',#5035,#1050);
#846=LINE('',#5062,#1051);
#847=LINE('',#5064,#1052);
#848=LINE('',#5068,#1053);
#849=LINE('',#5095,#1054);
#850=LINE('',#5097,#1055);
#851=LINE('',#5101,#1056);
#852=LINE('',#5128,#1057);
#853=LINE('',#5130,#1058);
#854=LINE('',#5136,#1059);
#855=LINE('',#5163,#1060);
#856=LINE('',#5165,#1061);
#857=LINE('',#5169,#1062);
#858=LINE('',#5196,#1063);
#859=LINE('',#5198,#1064);
#860=LINE('',#5202,#1065);
#861=LINE('',#5229,#1066);
#862=LINE('',#5231,#1067);
#863=LINE('',#5235,#1068);
#864=LINE('',#5258,#1069);
#865=LINE('',#5259,#1070);
#866=LINE('',#5261,#1071);
#867=LINE('',#5265,#1072);
#868=LINE('',#6343,#1073);
#869=LINE('',#6347,#1074);
#870=LINE('',#6351,#1075);
#871=LINE('',#6355,#1076);
#872=LINE('',#6359,#1077);
#873=LINE('',#6362,#1078);
#874=LINE('',#6412,#1079);
#875=LINE('',#6413,#1080);
#876=LINE('',#6415,#1081);
#877=LINE('',#6417,#1082);
#878=LINE('',#6419,#1083);
#879=LINE('',#6422,#1084);
#880=LINE('',#6428,#1085);
#881=LINE('',#6460,#1086);
#882=LINE('',#6498,#1087);
#883=LINE('',#6535,#1088);
#884=LINE('',#6572,#1089);
#885=LINE('',#6610,#1090);
#886=LINE('',#6648,#1091);
#887=LINE('',#6684,#1092);
#888=LINE('',#6722,#1093);
#889=LINE('',#6759,#1094);
#890=LINE('',#6796,#1095);
#891=LINE('',#6834,#1096);
#892=LINE('',#6873,#1097);
#893=LINE('',#6876,#1098);
#894=LINE('',#6879,#1099);
#895=LINE('',#6883,#1100);
#896=LINE('',#6885,#1101);
#897=LINE('',#6886,#1102);
#898=LINE('',#6889,#1103);
#899=LINE('',#6891,#1104);
#900=LINE('',#6893,#1105);
#901=LINE('',#6894,#1106);
#902=LINE('',#6897,#1107);
#903=LINE('',#6898,#1108);
#904=LINE('',#6902,#1109);
#905=LINE('',#6908,#1110);
#906=LINE('',#6911,#1111);
#907=LINE('',#6914,#1112);
#908=LINE('',#6916,#1113);
#909=LINE('',#6917,#1114);
#910=LINE('',#6920,#1115);
#911=LINE('',#6922,#1116);
#912=LINE('',#6924,#1117);
#913=LINE('',#6928,#1118);
#914=LINE('',#6930,#1119);
#915=LINE('',#6932,#1120);
#916=LINE('',#6933,#1121);
#917=LINE('',#6937,#1122);
#918=LINE('',#6940,#1123);
#919=LINE('',#6942,#1124);
#920=LINE('',#6943,#1125);
#921=LINE('',#6946,#1126);
#922=LINE('',#6948,#1127);
#923=LINE('',#6950,#1128);
#924=LINE('',#6951,#1129);
#925=LINE('',#6953,#1130);
#926=LINE('',#6955,#1131);
#927=LINE('',#6956,#1132);
#928=LINE('',#6960,#1133);
#929=LINE('',#6961,#1134);
#930=LINE('',#6962,#1135);
#931=LINE('',#6964,#1136);
#932=LINE('',#6967,#1137);
#933=LINE('',#6968,#1138);
#934=LINE('',#6970,#1139);
#935=LINE('',#6974,#1140);
#936=LINE('',#6975,#1141);
#937=LINE('',#6977,#1142);
#938=LINE('',#6980,#1143);
#939=LINE('',#6981,#1144);
#940=LINE('',#6984,#1145);
#941=LINE('',#6985,#1146);
#942=LINE('',#6987,#1147);
#943=LINE('',#6989,#1148);
#944=LINE('',#6994,#1149);
#945=LINE('',#7023,#1150);
#946=LINE('',#7125,#1151);
#947=LINE('',#9310,#1152);
#948=LINE('',#9339,#1153);
#949=LINE('',#9401,#1154);
#950=LINE('',#9402,#1155);
#951=LINE('',#9464,#1156);
#952=LINE('',#9465,#1157);
#953=LINE('',#9524,#1158);
#954=LINE('',#9525,#1159);
#955=LINE('',#9584,#1160);
#956=LINE('',#9585,#1161);
#957=LINE('',#9615,#1162);
#958=LINE('',#9616,#1163);
#959=LINE('',#9678,#1164);
#960=LINE('',#9679,#1165);
#961=LINE('',#9709,#1166);
#962=LINE('',#9710,#1167);
#963=LINE('',#9740,#1168);
#964=LINE('',#9741,#1169);
#965=LINE('',#9800,#1170);
#966=LINE('',#9801,#1171);
#967=LINE('',#9831,#1172);
#968=LINE('',#9832,#1173);
#969=LINE('',#9862,#1174);
#970=LINE('',#9863,#1175);
#971=LINE('',#9922,#1176);
#972=LINE('',#9923,#1177);
#973=LINE('',#9985,#1178);
#974=LINE('',#9986,#1179);
#975=LINE('',#10016,#1180);
#976=LINE('',#10017,#1181);
#977=LINE('',#10079,#1182);
#978=LINE('',#10080,#1183);
#979=LINE('',#10139,#1184);
#980=LINE('',#10140,#1185);
#981=LINE('',#10170,#1186);
#982=LINE('',#10171,#1187);
#983=LINE('',#10201,#1188);
#984=LINE('',#10202,#1189);
#985=LINE('',#10232,#1190);
#986=LINE('',#10233,#1191);
#987=LINE('',#10263,#1192);
#988=LINE('',#10264,#1193);
#989=LINE('',#10295,#1194);
#990=LINE('',#10310,#1195);
#991=LINE('',#10311,#1196);
#992=LINE('',#10341,#1197);
#993=LINE('',#10342,#1198);
#994=LINE('',#10372,#1199);
#995=LINE('',#10373,#1200);
#996=LINE('',#11752,#1201);
#997=LINE('',#12212,#1202);
#998=VECTOR('',#3470,5.7);
#999=VECTOR('',#3475,5.7);
#1000=VECTOR('',#3478,5.7);
#1001=VECTOR('',#3481,5.7);
#1002=VECTOR('',#3484,5.7);
#1003=VECTOR('',#3489,5.9563);
#1004=VECTOR('',#3494,5.9563);
#1005=VECTOR('',#3497,5.9563);
#1006=VECTOR('',#3500,5.9563);
#1007=VECTOR('',#3503,5.9563);
#1008=VECTOR('',#3510,10.);
#1009=VECTOR('',#3511,10.);
#1010=VECTOR('',#3512,10.);
#1011=VECTOR('',#3513,10.);
#1012=VECTOR('',#3514,10.);
#1013=VECTOR('',#3515,10.);
#1014=VECTOR('',#3516,10.);
#1015=VECTOR('',#3519,10.);
#1016=VECTOR('',#3520,10.);
#1017=VECTOR('',#3521,10.);
#1018=VECTOR('',#3526,10.);
#1019=VECTOR('',#3529,10.);
#1020=VECTOR('',#3532,10.);
#1021=VECTOR('',#3535,10.);
#1022=VECTOR('',#3538,10.);
#1023=VECTOR('',#3541,10.);
#1024=VECTOR('',#3544,10.);
#1025=VECTOR('',#3547,10.);
#1026=VECTOR('',#3550,10.);
#1027=VECTOR('',#3553,8.2);
#1028=VECTOR('',#3556,10.);
#1029=VECTOR('',#3559,10.);
#1030=VECTOR('',#3562,10.);
#1031=VECTOR('',#3565,10.);
#1032=VECTOR('',#3572,10.);
#1033=VECTOR('',#3573,10.);
#1034=VECTOR('',#3576,10.);
#1035=VECTOR('',#3581,10.);
#1036=VECTOR('',#3582,10.);
#1037=VECTOR('',#3585,10.);
#1038=VECTOR('',#3590,10.);
#1039=VECTOR('',#3591,10.);
#1040=VECTOR('',#3594,10.);
#1041=VECTOR('',#3599,10.);
#1042=VECTOR('',#3600,10.);
#1043=VECTOR('',#3603,10.);
#1044=VECTOR('',#3608,10.);
#1045=VECTOR('',#3609,10.);
#1046=VECTOR('',#3612,10.);
#1047=VECTOR('',#3617,10.);
#1048=VECTOR('',#3618,10.);
#1049=VECTOR('',#3621,10.);
#1050=VECTOR('',#3626,10.);
#1051=VECTOR('',#3627,10.);
#1052=VECTOR('',#3630,10.);
#1053=VECTOR('',#3635,10.);
#1054=VECTOR('',#3636,10.);
#1055=VECTOR('',#3639,10.);
#1056=VECTOR('',#3644,10.);
#1057=VECTOR('',#3645,10.);
#1058=VECTOR('',#3648,10.);
#1059=VECTOR('',#3655,10.);
#1060=VECTOR('',#3656,10.);
#1061=VECTOR('',#3659,10.);
#1062=VECTOR('',#3664,10.);
#1063=VECTOR('',#3665,10.);
#1064=VECTOR('',#3668,10.);
#1065=VECTOR('',#3673,10.);
#1066=VECTOR('',#3674,10.);
#1067=VECTOR('',#3677,10.);
#1068=VECTOR('',#3682,10.);
#1069=VECTOR('',#3683,10.);
#1070=VECTOR('',#3684,10.);
#1071=VECTOR('',#3687,10.);
#1072=VECTOR('',#3692,6.45);
#1073=VECTOR('',#3703,10.);
#1074=VECTOR('',#3706,10.);
#1075=VECTOR('',#3709,10.);
#1076=VECTOR('',#3712,10.);
#1077=VECTOR('',#3715,10.);
#1078=VECTOR('',#3718,10.);
#1079=VECTOR('',#3733,10.);
#1080=VECTOR('',#3734,10.);
#1081=VECTOR('',#3737,10.);
#1082=VECTOR('',#3740,10.);
#1083=VECTOR('',#3743,10.);
#1084=VECTOR('',#3748,10.);
#1085=VECTOR('',#3755,5.46989);
#1086=VECTOR('',#3760,5.46989);
#1087=VECTOR('',#3763,5.46989);
#1088=VECTOR('',#3766,5.46989);
#1089=VECTOR('',#3769,5.46989);
#1090=VECTOR('',#3772,5.46989);
#1091=VECTOR('',#3775,5.46989);
#1092=VECTOR('',#3778,5.46989);
#1093=VECTOR('',#3781,5.46989);
#1094=VECTOR('',#3784,5.46989);
#1095=VECTOR('',#3787,5.46989);
#1096=VECTOR('',#3790,5.46989);
#1097=VECTOR('',#3795,10.);
#1098=VECTOR('',#3798,10.);
#1099=VECTOR('',#3801,10.);
#1100=VECTOR('',#3804,10.);
#1101=VECTOR('',#3805,10.);
#1102=VECTOR('',#3806,10.);
#1103=VECTOR('',#3807,10.);
#1104=VECTOR('',#3808,10.);
#1105=VECTOR('',#3809,10.);
#1106=VECTOR('',#3810,10.);
#1107=VECTOR('',#3813,10.);
#1108=VECTOR('',#3814,10.);
#1109=VECTOR('',#3819,10.);
#1110=VECTOR('',#3824,10.);
#1111=VECTOR('',#3827,10.);
#1112=VECTOR('',#3830,10.);
#1113=VECTOR('',#3831,10.);
#1114=VECTOR('',#3832,10.);
#1115=VECTOR('',#3835,10.);
#1116=VECTOR('',#3836,10.);
#1117=VECTOR('',#3837,10.);
#1118=VECTOR('',#3840,10.);
#1119=VECTOR('',#3841,10.);
#1120=VECTOR('',#3842,10.);
#1121=VECTOR('',#3843,10.);
#1122=VECTOR('',#3848,10.);
#1123=VECTOR('',#3851,10.);
#1124=VECTOR('',#3852,10.);
#1125=VECTOR('',#3853,10.);
#1126=VECTOR('',#3854,10.);
#1127=VECTOR('',#3855,10.);
#1128=VECTOR('',#3856,10.);
#1129=VECTOR('',#3857,10.);
#1130=VECTOR('',#3860,10.);
#1131=VECTOR('',#3863,10.);
#1132=VECTOR('',#3864,10.);
#1133=VECTOR('',#3867,10.);
#1134=VECTOR('',#3868,10.);
#1135=VECTOR('',#3869,10.);
#1136=VECTOR('',#3872,10.);
#1137=VECTOR('',#3875,10.);
#1138=VECTOR('',#3876,10.);
#1139=VECTOR('',#3879,10.);
#1140=VECTOR('',#3884,10.);
#1141=VECTOR('',#3885,10.);
#1142=VECTOR('',#3888,10.);
#1143=VECTOR('',#3891,10.);
#1144=VECTOR('',#3892,10.);
#1145=VECTOR('',#3895,10.);
#1146=VECTOR('',#3896,10.);
#1147=VECTOR('',#3899,10.);
#1148=VECTOR('',#3902,10.);
#1149=VECTOR('',#3907,5.7);
#1150=VECTOR('',#3918,10.);
#1151=VECTOR('',#3923,10.);
#1152=VECTOR('',#3928,10.);
#1153=VECTOR('',#3931,10.);
#1154=VECTOR('',#3934,10.);
#1155=VECTOR('',#3935,10.);
#1156=VECTOR('',#3938,10.);
#1157=VECTOR('',#3939,10.);
#1158=VECTOR('',#3942,10.);
#1159=VECTOR('',#3943,10.);
#1160=VECTOR('',#3946,10.);
#1161=VECTOR('',#3947,10.);
#1162=VECTOR('',#3950,10.);
#1163=VECTOR('',#3951,10.);
#1164=VECTOR('',#3954,10.);
#1165=VECTOR('',#3955,10.);
#1166=VECTOR('',#3958,10.);
#1167=VECTOR('',#3959,10.);
#1168=VECTOR('',#3962,10.);
#1169=VECTOR('',#3963,10.);
#1170=VECTOR('',#3966,10.);
#1171=VECTOR('',#3967,10.);
#1172=VECTOR('',#3970,10.);
#1173=VECTOR('',#3971,10.);
#1174=VECTOR('',#3974,10.);
#1175=VECTOR('',#3975,10.);
#1176=VECTOR('',#3978,10.);
#1177=VECTOR('',#3979,10.);
#1178=VECTOR('',#3982,10.);
#1179=VECTOR('',#3983,10.);
#1180=VECTOR('',#3986,10.);
#1181=VECTOR('',#3987,10.);
#1182=VECTOR('',#3990,10.);
#1183=VECTOR('',#3991,10.);
#1184=VECTOR('',#3994,10.);
#1185=VECTOR('',#3995,10.);
#1186=VECTOR('',#3998,10.);
#1187=VECTOR('',#3999,10.);
#1188=VECTOR('',#4002,10.);
#1189=VECTOR('',#4003,10.);
#1190=VECTOR('',#4006,10.);
#1191=VECTOR('',#4007,10.);
#1192=VECTOR('',#4010,10.);
#1193=VECTOR('',#4011,10.);
#1194=VECTOR('',#4014,10.);
#1195=VECTOR('',#4015,10.);
#1196=VECTOR('',#4016,10.);
#1197=VECTOR('',#4019,10.);
#1198=VECTOR('',#4020,10.);
#1199=VECTOR('',#4023,10.);
#1200=VECTOR('',#4024,10.);
#1201=VECTOR('',#4093,7.36191852351472);
#1202=VECTOR('',#4104,4.48340483129942);
#1203=VERTEX_POINT('',#4112);
#1204=VERTEX_POINT('',#4113);
#1205=VERTEX_POINT('',#4115);
#1206=VERTEX_POINT('',#4141);
#1207=VERTEX_POINT('',#4181);
#1208=VERTEX_POINT('',#4182);
#1209=VERTEX_POINT('',#4271);
#1210=VERTEX_POINT('',#4272);
#1211=VERTEX_POINT('',#4361);
#1212=VERTEX_POINT('',#4362);
#1213=VERTEX_POINT('',#4451);
#1214=VERTEX_POINT('',#4452);
#1215=VERTEX_POINT('',#4454);
#1216=VERTEX_POINT('',#4465);
#1217=VERTEX_POINT('',#4490);
#1218=VERTEX_POINT('',#4491);
#1219=VERTEX_POINT('',#4493);
#1220=VERTEX_POINT('',#4507);
#1221=VERTEX_POINT('',#4525);
#1222=VERTEX_POINT('',#4526);
#1223=VERTEX_POINT('',#4562);
#1224=VERTEX_POINT('',#4563);
#1225=VERTEX_POINT('',#4600);
#1226=VERTEX_POINT('',#4601);
#1227=VERTEX_POINT('',#4638);
#1228=VERTEX_POINT('',#4639);
#1229=VERTEX_POINT('',#4641);
#1230=VERTEX_POINT('',#4648);
#1231=VERTEX_POINT('',#4659);
#1232=VERTEX_POINT('',#4661);
#1233=VERTEX_POINT('',#4662);
#1234=VERTEX_POINT('',#4664);
#1235=VERTEX_POINT('',#4666);
#1236=VERTEX_POINT('',#4668);
#1237=VERTEX_POINT('',#4670);
#1238=VERTEX_POINT('',#4689);
#1239=VERTEX_POINT('',#4690);
#1240=VERTEX_POINT('',#4695);
#1241=VERTEX_POINT('',#4700);
#1242=VERTEX_POINT('',#4707);
#1243=VERTEX_POINT('',#4709);
#1244=VERTEX_POINT('',#4713);
#1245=VERTEX_POINT('',#4715);
#1246=VERTEX_POINT('',#4717);
#1247=VERTEX_POINT('',#4722);
#1248=VERTEX_POINT('',#4724);
#1249=VERTEX_POINT('',#4726);
#1250=VERTEX_POINT('',#4731);
#1251=VERTEX_POINT('',#4733);
#1252=VERTEX_POINT('',#4735);
#1253=VERTEX_POINT('',#4740);
#1254=VERTEX_POINT('',#4742);
#1255=VERTEX_POINT('',#4744);
#1256=VERTEX_POINT('',#4749);
#1257=VERTEX_POINT('',#4751);
#1258=VERTEX_POINT('',#4753);
#1259=VERTEX_POINT('',#4758);
#1260=VERTEX_POINT('',#4760);
#1261=VERTEX_POINT('',#4762);
#1262=VERTEX_POINT('',#4767);
#1263=VERTEX_POINT('',#4769);
#1264=VERTEX_POINT('',#4771);
#1265=VERTEX_POINT('',#4776);
#1266=VERTEX_POINT('',#4778);
#1267=VERTEX_POINT('',#4780);
#1268=VERTEX_POINT('',#4785);
#1269=VERTEX_POINT('',#4787);
#1270=VERTEX_POINT('',#4789);
#1271=VERTEX_POINT('',#4794);
#1272=VERTEX_POINT('',#4797);
#1273=VERTEX_POINT('',#4799);
#1274=VERTEX_POINT('',#4801);
#1275=VERTEX_POINT('',#4806);
#1276=VERTEX_POINT('',#4808);
#1277=VERTEX_POINT('',#4810);
#1278=VERTEX_POINT('',#4815);
#1279=VERTEX_POINT('',#4817);
#1280=VERTEX_POINT('',#4819);
#1281=VERTEX_POINT('',#4824);
#1282=VERTEX_POINT('',#4826);
#1283=VERTEX_POINT('',#4828);
#1284=VERTEX_POINT('',#4835);
#1285=VERTEX_POINT('',#4854);
#1286=VERTEX_POINT('',#4855);
#1287=VERTEX_POINT('',#4868);
#1288=VERTEX_POINT('',#4887);
#1289=VERTEX_POINT('',#4888);
#1290=VERTEX_POINT('',#4901);
#1291=VERTEX_POINT('',#4920);
#1292=VERTEX_POINT('',#4921);
#1293=VERTEX_POINT('',#4934);
#1294=VERTEX_POINT('',#4953);
#1295=VERTEX_POINT('',#4954);
#1296=VERTEX_POINT('',#4967);
#1297=VERTEX_POINT('',#4986);
#1298=VERTEX_POINT('',#4987);
#1299=VERTEX_POINT('',#5000);
#1300=VERTEX_POINT('',#5019);
#1301=VERTEX_POINT('',#5020);
#1302=VERTEX_POINT('',#5033);
#1303=VERTEX_POINT('',#5052);
#1304=VERTEX_POINT('',#5053);
#1305=VERTEX_POINT('',#5066);
#1306=VERTEX_POINT('',#5085);
#1307=VERTEX_POINT('',#5086);
#1308=VERTEX_POINT('',#5099);
#1309=VERTEX_POINT('',#5118);
#1310=VERTEX_POINT('',#5119);
#1311=VERTEX_POINT('',#5132);
#1312=VERTEX_POINT('',#5134);
#1313=VERTEX_POINT('',#5153);
#1314=VERTEX_POINT('',#5154);
#1315=VERTEX_POINT('',#5167);
#1316=VERTEX_POINT('',#5186);
#1317=VERTEX_POINT('',#5187);
#1318=VERTEX_POINT('',#5200);
#1319=VERTEX_POINT('',#5219);
#1320=VERTEX_POINT('',#5220);
#1321=VERTEX_POINT('',#5233);
#1322=VERTEX_POINT('',#5252);
#1323=VERTEX_POINT('',#5253);
#1324=VERTEX_POINT('',#5264);
#1325=VERTEX_POINT('',#6339);
#1326=VERTEX_POINT('',#6340);
#1327=VERTEX_POINT('',#6342);
#1328=VERTEX_POINT('',#6344);
#1329=VERTEX_POINT('',#6346);
#1330=VERTEX_POINT('',#6348);
#1331=VERTEX_POINT('',#6350);
#1332=VERTEX_POINT('',#6352);
#1333=VERTEX_POINT('',#6354);
#1334=VERTEX_POINT('',#6356);
#1335=VERTEX_POINT('',#6358);
#1336=VERTEX_POINT('',#6360);
#1337=VERTEX_POINT('',#6364);
#1338=VERTEX_POINT('',#6372);
#1339=VERTEX_POINT('',#6380);
#1340=VERTEX_POINT('',#6388);
#1341=VERTEX_POINT('',#6396);
#1342=VERTEX_POINT('',#6404);
#1343=VERTEX_POINT('',#6426);
#1344=VERTEX_POINT('',#6427);
#1345=VERTEX_POINT('',#6429);
#1346=VERTEX_POINT('',#6444);
#1347=VERTEX_POINT('',#6458);
#1348=VERTEX_POINT('',#6459);
#1349=VERTEX_POINT('',#6496);
#1350=VERTEX_POINT('',#6497);
#1351=VERTEX_POINT('',#6533);
#1352=VERTEX_POINT('',#6534);
#1353=VERTEX_POINT('',#6570);
#1354=VERTEX_POINT('',#6571);
#1355=VERTEX_POINT('',#6608);
#1356=VERTEX_POINT('',#6609);
#1357=VERTEX_POINT('',#6646);
#1358=VERTEX_POINT('',#6647);
#1359=VERTEX_POINT('',#6682);
#1360=VERTEX_POINT('',#6683);
#1361=VERTEX_POINT('',#6720);
#1362=VERTEX_POINT('',#6721);
#1363=VERTEX_POINT('',#6757);
#1364=VERTEX_POINT('',#6758);
#1365=VERTEX_POINT('',#6794);
#1366=VERTEX_POINT('',#6795);
#1367=VERTEX_POINT('',#6832);
#1368=VERTEX_POINT('',#6833);
#1369=VERTEX_POINT('',#6869);
#1370=VERTEX_POINT('',#6870);
#1371=VERTEX_POINT('',#6872);
#1372=VERTEX_POINT('',#6874);
#1373=VERTEX_POINT('',#6878);
#1374=VERTEX_POINT('',#6880);
#1375=VERTEX_POINT('',#6882);
#1376=VERTEX_POINT('',#6884);
#1377=VERTEX_POINT('',#6887);
#1378=VERTEX_POINT('',#6888);
#1379=VERTEX_POINT('',#6890);
#1380=VERTEX_POINT('',#6892);
#1381=VERTEX_POINT('',#6896);
#1382=VERTEX_POINT('',#6900);
#1383=VERTEX_POINT('',#6904);
#1384=VERTEX_POINT('',#6905);
#1385=VERTEX_POINT('',#6907);
#1386=VERTEX_POINT('',#6909);
#1387=VERTEX_POINT('',#6913);
#1388=VERTEX_POINT('',#6915);
#1389=VERTEX_POINT('',#6919);
#1390=VERTEX_POINT('',#6921);
#1391=VERTEX_POINT('',#6923);
#1392=VERTEX_POINT('',#6926);
#1393=VERTEX_POINT('',#6927);
#1394=VERTEX_POINT('',#6929);
#1395=VERTEX_POINT('',#6931);
#1396=VERTEX_POINT('',#6935);
#1397=VERTEX_POINT('',#6939);
#1398=VERTEX_POINT('',#6941);
#1399=VERTEX_POINT('',#6944);
#1400=VERTEX_POINT('',#6945);
#1401=VERTEX_POINT('',#6947);
#1402=VERTEX_POINT('',#6949);
#1403=VERTEX_POINT('',#6958);
#1404=VERTEX_POINT('',#6959);
#1405=VERTEX_POINT('',#6966);
#1406=VERTEX_POINT('',#6973);
#1407=VERTEX_POINT('',#6979);
#1408=VERTEX_POINT('',#6983);
#1409=VERTEX_POINT('',#6991);
#1410=VERTEX_POINT('',#6993);
#1411=VERTEX_POINT('',#6995);
#1412=VERTEX_POINT('',#6997);
#1413=VERTEX_POINT('',#7008);
#1414=VERTEX_POINT('',#7010);
#1415=VERTEX_POINT('',#7012);
#1416=VERTEX_POINT('',#7022);
#1417=VERTEX_POINT('',#7024);
#1418=VERTEX_POINT('',#7080);
#1419=VERTEX_POINT('',#7117);
#1420=VERTEX_POINT('',#7800);
#1421=VERTEX_POINT('',#7817);
#1422=VERTEX_POINT('',#7876);
#1423=VERTEX_POINT('',#7896);
#1424=VERTEX_POINT('',#7952);
#1425=VERTEX_POINT('',#7975);
#1426=VERTEX_POINT('',#8002);
#1427=VERTEX_POINT('',#8022);
#1428=VERTEX_POINT('',#8081);
#1429=VERTEX_POINT('',#8101);
#1430=VERTEX_POINT('',#8160);
#1431=VERTEX_POINT('',#8183);
#1432=VERTEX_POINT('',#8210);
#1433=VERTEX_POINT('',#8230);
#1434=VERTEX_POINT('',#8257);
#1435=VERTEX_POINT('',#8277);
#1436=VERTEX_POINT('',#8304);
#1437=VERTEX_POINT('',#8324);
#1438=VERTEX_POINT('',#8383);
#1439=VERTEX_POINT('',#8403);
#1440=VERTEX_POINT('',#8430);
#1441=VERTEX_POINT('',#8450);
#1442=VERTEX_POINT('',#8477);
#1443=VERTEX_POINT('',#8497);
#1444=VERTEX_POINT('',#8553);
#1445=VERTEX_POINT('',#8573);
#1446=VERTEX_POINT('',#8600);
#1447=VERTEX_POINT('',#8623);
#1448=VERTEX_POINT('',#8682);
#1449=VERTEX_POINT('',#8702);
#1450=VERTEX_POINT('',#8729);
#1451=VERTEX_POINT('',#8749);
#1452=VERTEX_POINT('',#8776);
#1453=VERTEX_POINT('',#8799);
#1454=VERTEX_POINT('',#8858);
#1455=VERTEX_POINT('',#8878);
#1456=VERTEX_POINT('',#8905);
#1457=VERTEX_POINT('',#8925);
#1458=VERTEX_POINT('',#8952);
#1459=VERTEX_POINT('',#8975);
#1460=VERTEX_POINT('',#9002);
#1461=VERTEX_POINT('',#9022);
#1462=VERTEX_POINT('',#9049);
#1463=VERTEX_POINT('',#9069);
#1464=VERTEX_POINT('',#9096);
#1465=VERTEX_POINT('',#9119);
#1466=VERTEX_POINT('',#9146);
#1467=VERTEX_POINT('',#9166);
#1468=VERTEX_POINT('',#9235);
#1469=VERTEX_POINT('',#9299);
#1470=VERTEX_POINT('',#9312);
#1471=VERTEX_POINT('',#9341);
#1472=VERTEX_POINT('',#9342);
#1473=VERTEX_POINT('',#9404);
#1474=VERTEX_POINT('',#9405);
#1475=VERTEX_POINT('',#9467);
#1476=VERTEX_POINT('',#9468);
#1477=VERTEX_POINT('',#9527);
#1478=VERTEX_POINT('',#9528);
#1479=VERTEX_POINT('',#9587);
#1480=VERTEX_POINT('',#9588);
#1481=VERTEX_POINT('',#9618);
#1482=VERTEX_POINT('',#9619);
#1483=VERTEX_POINT('',#9681);
#1484=VERTEX_POINT('',#9682);
#1485=VERTEX_POINT('',#9712);
#1486=VERTEX_POINT('',#9713);
#1487=VERTEX_POINT('',#9743);
#1488=VERTEX_POINT('',#9744);
#1489=VERTEX_POINT('',#9803);
#1490=VERTEX_POINT('',#9804);
#1491=VERTEX_POINT('',#9834);
#1492=VERTEX_POINT('',#9835);
#1493=VERTEX_POINT('',#9865);
#1494=VERTEX_POINT('',#9866);
#1495=VERTEX_POINT('',#9925);
#1496=VERTEX_POINT('',#9926);
#1497=VERTEX_POINT('',#9988);
#1498=VERTEX_POINT('',#9989);
#1499=VERTEX_POINT('',#10019);
#1500=VERTEX_POINT('',#10020);
#1501=VERTEX_POINT('',#10082);
#1502=VERTEX_POINT('',#10083);
#1503=VERTEX_POINT('',#10142);
#1504=VERTEX_POINT('',#10143);
#1505=VERTEX_POINT('',#10173);
#1506=VERTEX_POINT('',#10174);
#1507=VERTEX_POINT('',#10204);
#1508=VERTEX_POINT('',#10205);
#1509=VERTEX_POINT('',#10235);
#1510=VERTEX_POINT('',#10236);
#1511=VERTEX_POINT('',#10266);
#1512=VERTEX_POINT('',#10267);
#1513=VERTEX_POINT('',#10294);
#1514=VERTEX_POINT('',#10296);
#1515=VERTEX_POINT('',#10313);
#1516=VERTEX_POINT('',#10314);
#1517=VERTEX_POINT('',#10344);
#1518=VERTEX_POINT('',#10345);
#1519=VERTEX_POINT('',#11011);
#1520=VERTEX_POINT('',#11083);
#1521=VERTEX_POINT('',#11662);
#1522=VERTEX_POINT('',#11745);
#1523=VERTEX_POINT('',#11748);
#1524=VERTEX_POINT('',#11749);
#1525=VERTEX_POINT('',#12158);
#1526=VERTEX_POINT('',#12204);
#1527=VERTEX_POINT('',#12208);
#1528=VERTEX_POINT('',#12209);
#1529=VERTEX_POINT('',#12240);
#1530=EDGE_CURVE('',#1203,#1204,#793,.T.);
#1531=EDGE_CURVE('',#1204,#1205,#588,.T.);
#1532=EDGE_CURVE('',#1206,#1205,#521,.F.);
#1533=EDGE_CURVE('',#1206,#1203,#589,.T.);
#1534=EDGE_CURVE('',#1207,#1208,#794,.T.);
#1535=EDGE_CURVE('',#1208,#1204,#590,.T.);
#1536=EDGE_CURVE('',#1203,#1207,#591,.T.);
#1537=EDGE_CURVE('',#1209,#1210,#795,.T.);
#1538=EDGE_CURVE('',#1210,#1208,#592,.T.);
#1539=EDGE_CURVE('',#1207,#1209,#593,.T.);
#1540=EDGE_CURVE('',#1211,#1212,#796,.T.);
#1541=EDGE_CURVE('',#1212,#1210,#594,.T.);
#1542=EDGE_CURVE('',#1209,#1211,#595,.T.);
#1543=EDGE_CURVE('',#1213,#1214,#797,.T.);
#1544=EDGE_CURVE('',#1213,#1215,#596,.T.);
#1545=EDGE_CURVE('',#1216,#1215,#522,.T.);
#1546=EDGE_CURVE('',#1216,#1214,#597,.T.);
#1547=EDGE_CURVE('',#1217,#1218,#798,.T.);
#1548=EDGE_CURVE('',#1218,#1219,#598,.T.);
#1549=EDGE_CURVE('',#1220,#1219,#523,.T.);
#1550=EDGE_CURVE('',#1217,#1220,#599,.T.);
#1551=EDGE_CURVE('',#1221,#1222,#799,.T.);
#1552=EDGE_CURVE('',#1222,#1218,#600,.T.);
#1553=EDGE_CURVE('',#1221,#1217,#601,.T.);
#1554=EDGE_CURVE('',#1223,#1224,#800,.T.);
#1555=EDGE_CURVE('',#1224,#1222,#602,.T.);
#1556=EDGE_CURVE('',#1223,#1221,#603,.T.);
#1557=EDGE_CURVE('',#1225,#1226,#801,.T.);
#1558=EDGE_CURVE('',#1226,#1224,#604,.T.);
#1559=EDGE_CURVE('',#1225,#1223,#605,.T.);
#1560=EDGE_CURVE('',#1227,#1228,#802,.T.);
#1561=EDGE_CURVE('',#1229,#1227,#606,.T.);
#1562=EDGE_CURVE('',#1230,#1229,#524,.T.);
#1563=EDGE_CURVE('',#1230,#1228,#607,.T.);
#1564=EDGE_CURVE('',#1231,#1231,#525,.T.);
#1565=EDGE_CURVE('',#1232,#1233,#803,.T.);
#1566=EDGE_CURVE('',#1233,#1234,#804,.T.);
#1567=EDGE_CURVE('',#1234,#1235,#805,.T.);
#1568=EDGE_CURVE('',#1235,#1236,#806,.T.);
#1569=EDGE_CURVE('',#1236,#1237,#807,.T.);
#1570=EDGE_CURVE('',#1237,#1232,#808,.T.);
#1571=EDGE_CURVE('',#1238,#1239,#608,.T.);
#1572=EDGE_CURVE('',#1239,#1240,#609,.T.);
#1573=EDGE_CURVE('',#1241,#1240,#610,.T.);
#1574=EDGE_CURVE('',#1238,#1241,#809,.T.);
#1575=EDGE_CURVE('',#1242,#1238,#810,.T.);
#1576=EDGE_CURVE('',#1241,#1243,#811,.T.);
#1577=EDGE_CURVE('',#1243,#1242,#812,.T.);
#1578=EDGE_CURVE('',#1244,#1240,#526,.T.);
#1579=EDGE_CURVE('',#1245,#1244,#813,.T.);
#1580=EDGE_CURVE('',#1245,#1246,#611,.T.);
#1581=EDGE_CURVE('',#1247,#1246,#527,.T.);
#1582=EDGE_CURVE('',#1248,#1247,#814,.T.);
#1583=EDGE_CURVE('',#1248,#1249,#612,.T.);
#1584=EDGE_CURVE('',#1250,#1249,#528,.T.);
#1585=EDGE_CURVE('',#1251,#1250,#815,.T.);
#1586=EDGE_CURVE('',#1251,#1252,#613,.T.);
#1587=EDGE_CURVE('',#1253,#1252,#529,.T.);
#1588=EDGE_CURVE('',#1254,#1253,#816,.T.);
#1589=EDGE_CURVE('',#1254,#1255,#614,.T.);
#1590=EDGE_CURVE('',#1256,#1255,#530,.T.);
#1591=EDGE_CURVE('',#1257,#1256,#817,.T.);
#1592=EDGE_CURVE('',#1257,#1258,#615,.T.);
#1593=EDGE_CURVE('',#1259,#1258,#531,.T.);
#1594=EDGE_CURVE('',#1260,#1259,#818,.T.);
#1595=EDGE_CURVE('',#1260,#1261,#616,.T.);
#1596=EDGE_CURVE('',#1262,#1261,#532,.T.);
#1597=EDGE_CURVE('',#1263,#1262,#819,.T.);
#1598=EDGE_CURVE('',#1263,#1264,#617,.T.);
#1599=EDGE_CURVE('',#1265,#1264,#533,.T.);
#1600=EDGE_CURVE('',#1266,#1265,#820,.T.);
#1601=EDGE_CURVE('',#1266,#1267,#618,.T.);
#1602=EDGE_CURVE('',#1268,#1267,#534,.T.);
#1603=EDGE_CURVE('',#1269,#1268,#821,.T.);
#1604=EDGE_CURVE('',#1269,#1270,#619,.T.);
#1605=EDGE_CURVE('',#1271,#1270,#535,.T.);
#1606=EDGE_CURVE('',#1271,#1231,#822,.T.);
#1607=EDGE_CURVE('',#1272,#1271,#536,.T.);
#1608=EDGE_CURVE('',#1273,#1272,#823,.T.);
#1609=EDGE_CURVE('',#1273,#1274,#620,.T.);
#1610=EDGE_CURVE('',#1275,#1274,#537,.T.);
#1611=EDGE_CURVE('',#1276,#1275,#824,.T.);
#1612=EDGE_CURVE('',#1276,#1277,#621,.T.);
#1613=EDGE_CURVE('',#1278,#1277,#538,.T.);
#1614=EDGE_CURVE('',#1279,#1278,#825,.T.);
#1615=EDGE_CURVE('',#1279,#1280,#622,.T.);
#1616=EDGE_CURVE('',#1281,#1280,#539,.T.);
#1617=EDGE_CURVE('',#1281,#1282,#826,.T.);
#1618=EDGE_CURVE('',#1282,#1283,#623,.T.);
#1619=EDGE_CURVE('',#1243,#1283,#540,.T.);
#1620=EDGE_CURVE('',#1239,#1284,#541,.T.);
#1621=EDGE_CURVE('',#1244,#1284,#827,.T.);
#1622=EDGE_CURVE('',#1285,#1286,#624,.T.);
#1623=EDGE_CURVE('',#1286,#1246,#625,.T.);
#1624=EDGE_CURVE('',#1285,#1245,#828,.T.);
#1625=EDGE_CURVE('',#1284,#1285,#829,.T.);
#1626=EDGE_CURVE('',#1286,#1287,#542,.T.);
#1627=EDGE_CURVE('',#1247,#1287,#830,.T.);
#1628=EDGE_CURVE('',#1288,#1289,#626,.T.);
#1629=EDGE_CURVE('',#1289,#1249,#627,.T.);
#1630=EDGE_CURVE('',#1288,#1248,#831,.T.);
#1631=EDGE_CURVE('',#1287,#1288,#832,.T.);
#1632=EDGE_CURVE('',#1289,#1290,#543,.T.);
#1633=EDGE_CURVE('',#1250,#1290,#833,.T.);
#1634=EDGE_CURVE('',#1291,#1292,#628,.T.);
#1635=EDGE_CURVE('',#1292,#1252,#629,.T.);
#1636=EDGE_CURVE('',#1291,#1251,#834,.T.);
#1637=EDGE_CURVE('',#1290,#1291,#835,.T.);
#1638=EDGE_CURVE('',#1292,#1293,#544,.T.);
#1639=EDGE_CURVE('',#1253,#1293,#836,.T.);
#1640=EDGE_CURVE('',#1294,#1295,#630,.T.);
#1641=EDGE_CURVE('',#1295,#1255,#631,.T.);
#1642=EDGE_CURVE('',#1294,#1254,#837,.T.);
#1643=EDGE_CURVE('',#1293,#1294,#838,.T.);
#1644=EDGE_CURVE('',#1295,#1296,#545,.T.);
#1645=EDGE_CURVE('',#1256,#1296,#839,.T.);
#1646=EDGE_CURVE('',#1297,#1298,#632,.T.);
#1647=EDGE_CURVE('',#1298,#1258,#633,.T.);
#1648=EDGE_CURVE('',#1297,#1257,#840,.T.);
#1649=EDGE_CURVE('',#1296,#1297,#841,.T.);
#1650=EDGE_CURVE('',#1298,#1299,#546,.T.);
#1651=EDGE_CURVE('',#1259,#1299,#842,.T.);
#1652=EDGE_CURVE('',#1300,#1301,#634,.T.);
#1653=EDGE_CURVE('',#1301,#1261,#635,.T.);
#1654=EDGE_CURVE('',#1300,#1260,#843,.T.);
#1655=EDGE_CURVE('',#1299,#1300,#844,.T.);
#1656=EDGE_CURVE('',#1301,#1302,#547,.T.);
#1657=EDGE_CURVE('',#1262,#1302,#845,.T.);
#1658=EDGE_CURVE('',#1303,#1304,#636,.T.);
#1659=EDGE_CURVE('',#1304,#1264,#637,.T.);
#1660=EDGE_CURVE('',#1303,#1263,#846,.T.);
#1661=EDGE_CURVE('',#1302,#1303,#847,.T.);
#1662=EDGE_CURVE('',#1304,#1305,#548,.T.);
#1663=EDGE_CURVE('',#1265,#1305,#848,.T.);
#1664=EDGE_CURVE('',#1306,#1307,#638,.T.);
#1665=EDGE_CURVE('',#1307,#1267,#639,.T.);
#1666=EDGE_CURVE('',#1306,#1266,#849,.T.);
#1667=EDGE_CURVE('',#1305,#1306,#850,.T.);
#1668=EDGE_CURVE('',#1307,#1308,#549,.T.);
#1669=EDGE_CURVE('',#1268,#1308,#851,.T.);
#1670=EDGE_CURVE('',#1309,#1310,#640,.T.);
#1671=EDGE_CURVE('',#1310,#1270,#641,.T.);
#1672=EDGE_CURVE('',#1309,#1269,#852,.T.);
#1673=EDGE_CURVE('',#1308,#1309,#853,.T.);
#1674=EDGE_CURVE('',#1310,#1311,#550,.T.);
#1675=EDGE_CURVE('',#1311,#1312,#551,.T.);
#1676=EDGE_CURVE('',#1272,#1312,#854,.T.);
#1677=EDGE_CURVE('',#1313,#1314,#642,.T.);
#1678=EDGE_CURVE('',#1314,#1274,#643,.T.);
#1679=EDGE_CURVE('',#1313,#1273,#855,.T.);
#1680=EDGE_CURVE('',#1312,#1313,#856,.T.);
#1681=EDGE_CURVE('',#1314,#1315,#552,.T.);
#1682=EDGE_CURVE('',#1275,#1315,#857,.T.);
#1683=EDGE_CURVE('',#1316,#1317,#644,.T.);
#1684=EDGE_CURVE('',#1317,#1277,#645,.T.);
#1685=EDGE_CURVE('',#1316,#1276,#858,.T.);
#1686=EDGE_CURVE('',#1315,#1316,#859,.T.);
#1687=EDGE_CURVE('',#1317,#1318,#553,.T.);
#1688=EDGE_CURVE('',#1278,#1318,#860,.T.);
#1689=EDGE_CURVE('',#1319,#1320,#646,.T.);
#1690=EDGE_CURVE('',#1320,#1280,#647,.T.);
#1691=EDGE_CURVE('',#1319,#1279,#861,.T.);
#1692=EDGE_CURVE('',#1318,#1319,#862,.T.);
#1693=EDGE_CURVE('',#1320,#1321,#554,.T.);
#1694=EDGE_CURVE('',#1321,#1281,#863,.T.);
#1695=EDGE_CURVE('',#1322,#1323,#648,.T.);
#1696=EDGE_CURVE('',#1283,#1322,#864,.T.);
#1697=EDGE_CURVE('',#1323,#1282,#865,.T.);
#1698=EDGE_CURVE('',#1323,#1321,#866,.T.);
#1699=EDGE_CURVE('',#1322,#1242,#555,.T.);
#1700=EDGE_CURVE('',#1311,#1324,#867,.T.);
#1701=EDGE_CURVE('',#1324,#1324,#556,.T.);
#1702=EDGE_CURVE('',#1228,#1226,#649,.T.);
#1703=EDGE_CURVE('',#1227,#1225,#650,.T.);
#1704=EDGE_CURVE('',#1219,#1216,#651,.T.);
#1705=EDGE_CURVE('',#1205,#1230,#652,.T.);
#1706=EDGE_CURVE('',#1214,#1212,#653,.T.);
#1707=EDGE_CURVE('',#1215,#1220,#654,.T.);
#1708=EDGE_CURVE('',#1211,#1213,#655,.T.);
#1709=EDGE_CURVE('',#1229,#1206,#656,.T.);
#1710=EDGE_CURVE('',#1325,#1326,#557,.T.);
#1711=EDGE_CURVE('',#1326,#1327,#868,.T.);
#1712=EDGE_CURVE('',#1327,#1328,#558,.T.);
#1713=EDGE_CURVE('',#1328,#1329,#869,.T.);
#1714=EDGE_CURVE('',#1329,#1330,#559,.T.);
#1715=EDGE_CURVE('',#1330,#1331,#870,.T.);
#1716=EDGE_CURVE('',#1331,#1332,#560,.T.);
#1717=EDGE_CURVE('',#1332,#1333,#871,.T.);
#1718=EDGE_CURVE('',#1333,#1334,#561,.T.);
#1719=EDGE_CURVE('',#1334,#1335,#872,.T.);
#1720=EDGE_CURVE('',#1335,#1336,#562,.T.);
#1721=EDGE_CURVE('',#1336,#1325,#873,.T.);
#1722=EDGE_CURVE('',#1337,#1333,#36,.T.);
#1723=EDGE_CURVE('',#1334,#1337,#37,.T.);
#1724=EDGE_CURVE('',#1338,#1331,#38,.T.);
#1725=EDGE_CURVE('',#1332,#1338,#39,.T.);
#1726=EDGE_CURVE('',#1339,#1329,#40,.T.);
#1727=EDGE_CURVE('',#1330,#1339,#41,.T.);
#1728=EDGE_CURVE('',#1340,#1327,#42,.T.);
#1729=EDGE_CURVE('',#1328,#1340,#43,.T.);
#1730=EDGE_CURVE('',#1336,#1341,#44,.T.);
#1731=EDGE_CURVE('',#1341,#1335,#45,.T.);
#1732=EDGE_CURVE('',#1342,#1325,#46,.T.);
#1733=EDGE_CURVE('',#1326,#1342,#47,.T.);
#1734=EDGE_CURVE('',#1342,#1233,#874,.T.);
#1735=EDGE_CURVE('',#1340,#1232,#875,.T.);
#1736=EDGE_CURVE('',#1339,#1237,#876,.T.);
#1737=EDGE_CURVE('',#1338,#1236,#877,.T.);
#1738=EDGE_CURVE('',#1337,#1235,#878,.T.);
#1739=EDGE_CURVE('',#1341,#1234,#879,.T.);
#1740=EDGE_CURVE('',#1343,#1344,#880,.T.);
#1741=EDGE_CURVE('',#1343,#1345,#657,.T.);
#1742=EDGE_CURVE('',#1346,#1345,#563,.T.);
#1743=EDGE_CURVE('',#1344,#1346,#658,.T.);
#1744=EDGE_CURVE('',#1347,#1348,#881,.T.);
#1745=EDGE_CURVE('',#1347,#1343,#659,.T.);
#1746=EDGE_CURVE('',#1348,#1344,#660,.T.);
#1747=EDGE_CURVE('',#1349,#1350,#882,.T.);
#1748=EDGE_CURVE('',#1349,#1347,#661,.T.);
#1749=EDGE_CURVE('',#1350,#1348,#662,.T.);
#1750=EDGE_CURVE('',#1351,#1352,#883,.T.);
#1751=EDGE_CURVE('',#1351,#1349,#663,.T.);
#1752=EDGE_CURVE('',#1352,#1350,#664,.T.);
#1753=EDGE_CURVE('',#1353,#1354,#884,.T.);
#1754=EDGE_CURVE('',#1353,#1351,#665,.T.);
#1755=EDGE_CURVE('',#1354,#1352,#666,.T.);
#1756=EDGE_CURVE('',#1355,#1356,#885,.T.);
#1757=EDGE_CURVE('',#1355,#1353,#667,.T.);
#1758=EDGE_CURVE('',#1356,#1354,#668,.T.);
#1759=EDGE_CURVE('',#1357,#1358,#886,.T.);
#1760=EDGE_CURVE('',#1357,#1355,#669,.T.);
#1761=EDGE_CURVE('',#1358,#1356,#670,.T.);
#1762=EDGE_CURVE('',#1359,#1360,#887,.T.);
#1763=EDGE_CURVE('',#1359,#1357,#671,.T.);
#1764=EDGE_CURVE('',#1360,#1358,#672,.T.);
#1765=EDGE_CURVE('',#1361,#1362,#888,.T.);
#1766=EDGE_CURVE('',#1361,#1359,#673,.T.);
#1767=EDGE_CURVE('',#1362,#1360,#674,.T.);
#1768=EDGE_CURVE('',#1363,#1364,#889,.T.);
#1769=EDGE_CURVE('',#1363,#1361,#675,.T.);
#1770=EDGE_CURVE('',#1364,#1362,#676,.T.);
#1771=EDGE_CURVE('',#1365,#1366,#890,.T.);
#1772=EDGE_CURVE('',#1365,#1363,#677,.T.);
#1773=EDGE_CURVE('',#1366,#1364,#678,.T.);
#1774=EDGE_CURVE('',#1367,#1368,#891,.T.);
#1775=EDGE_CURVE('',#1367,#1365,#679,.T.);
#1776=EDGE_CURVE('',#1368,#1366,#680,.T.);
#1777=EDGE_CURVE('',#1369,#1370,#564,.T.);
#1778=EDGE_CURVE('',#1370,#1371,#892,.T.);
#1779=EDGE_CURVE('',#1371,#1372,#565,.T.);
#1780=EDGE_CURVE('',#1372,#1369,#893,.T.);
#1781=EDGE_CURVE('',#1373,#1371,#894,.T.);
#1782=EDGE_CURVE('',#1374,#1373,#566,.T.);
#1783=EDGE_CURVE('',#1375,#1374,#895,.T.);
#1784=EDGE_CURVE('',#1376,#1375,#896,.T.);
#1785=EDGE_CURVE('',#1376,#1372,#897,.T.);
#1786=EDGE_CURVE('',#1377,#1378,#898,.T.);
#1787=EDGE_CURVE('',#1378,#1379,#899,.T.);
#1788=EDGE_CURVE('',#1379,#1380,#900,.T.);
#1789=EDGE_CURVE('',#1380,#1377,#901,.T.);
#1790=EDGE_CURVE('',#1370,#1381,#902,.T.);
#1791=EDGE_CURVE('',#1373,#1381,#903,.T.);
#1792=EDGE_CURVE('',#1381,#1382,#567,.T.);
#1793=EDGE_CURVE('',#1382,#1374,#904,.T.);
#1794=EDGE_CURVE('',#1383,#1384,#568,.T.);
#1795=EDGE_CURVE('',#1384,#1385,#905,.T.);
#1796=EDGE_CURVE('',#1385,#1386,#569,.T.);
#1797=EDGE_CURVE('',#1386,#1383,#906,.T.);
#1798=EDGE_CURVE('',#1384,#1387,#907,.T.);
#1799=EDGE_CURVE('',#1388,#1387,#908,.T.);
#1800=EDGE_CURVE('',#1388,#1385,#909,.T.);
#1801=EDGE_CURVE('',#1389,#1383,#910,.T.);
#1802=EDGE_CURVE('',#1390,#1389,#911,.T.);
#1803=EDGE_CURVE('',#1390,#1391,#912,.T.);
#1804=EDGE_CURVE('',#1387,#1391,#570,.T.);
#1805=EDGE_CURVE('',#1392,#1393,#913,.T.);
#1806=EDGE_CURVE('',#1393,#1394,#914,.T.);
#1807=EDGE_CURVE('',#1394,#1395,#915,.T.);
#1808=EDGE_CURVE('',#1395,#1392,#916,.T.);
#1809=EDGE_CURVE('',#1396,#1388,#571,.T.);
#1810=EDGE_CURVE('',#1391,#1396,#917,.T.);
#1811=EDGE_CURVE('',#1397,#1396,#918,.T.);
#1812=EDGE_CURVE('',#1398,#1397,#919,.T.);
#1813=EDGE_CURVE('',#1398,#1386,#920,.T.);
#1814=EDGE_CURVE('',#1399,#1400,#921,.T.);
#1815=EDGE_CURVE('',#1400,#1401,#922,.T.);
#1816=EDGE_CURVE('',#1401,#1402,#923,.T.);
#1817=EDGE_CURVE('',#1402,#1399,#924,.T.);
#1818=EDGE_CURVE('',#1397,#1390,#925,.T.);
#1819=EDGE_CURVE('',#1395,#1401,#926,.T.);
#1820=EDGE_CURVE('',#1394,#1402,#927,.T.);
#1821=EDGE_CURVE('',#1403,#1404,#928,.T.);
#1822=EDGE_CURVE('',#1403,#1380,#929,.T.);
#1823=EDGE_CURVE('',#1404,#1379,#930,.T.);
#1824=EDGE_CURVE('',#1392,#1400,#931,.T.);
#1825=EDGE_CURVE('',#1404,#1405,#932,.T.);
#1826=EDGE_CURVE('',#1405,#1378,#933,.T.);
#1827=EDGE_CURVE('',#1393,#1399,#934,.T.);
#1828=EDGE_CURVE('',#1405,#1406,#935,.T.);
#1829=EDGE_CURVE('',#1406,#1377,#936,.T.);
#1830=EDGE_CURVE('',#1406,#1403,#937,.T.);
#1831=EDGE_CURVE('',#1407,#1382,#938,.T.);
#1832=EDGE_CURVE('',#1375,#1407,#939,.T.);
#1833=EDGE_CURVE('',#1408,#1369,#940,.T.);
#1834=EDGE_CURVE('',#1407,#1408,#941,.T.);
#1835=EDGE_CURVE('',#1408,#1376,#942,.T.);
#1836=EDGE_CURVE('',#1389,#1398,#943,.T.);
#1837=EDGE_CURVE('',#1409,#1409,#572,.T.);
#1838=EDGE_CURVE('',#1409,#1410,#944,.T.);
#1839=EDGE_CURVE('',#1411,#1410,#573,.T.);
#1840=EDGE_CURVE('',#1412,#1411,#681,.T.);
#1841=EDGE_CURVE('',#1412,#1413,#574,.T.);
#1842=EDGE_CURVE('',#1413,#1414,#575,.T.);
#1843=EDGE_CURVE('',#1415,#1414,#682,.T.);
#1844=EDGE_CURVE('',#1410,#1415,#576,.T.);
#1845=EDGE_CURVE('',#1413,#1416,#945,.T.);
#1846=EDGE_CURVE('',#1417,#1412,#683,.T.);
#1847=EDGE_CURVE('',#1418,#1417,#577,.T.);
#1848=EDGE_CURVE('',#1416,#1418,#684,.T.);
#1849=EDGE_CURVE('',#1414,#1419,#685,.T.);
#1850=EDGE_CURVE('',#1419,#1413,#946,.T.);
#1851=EDGE_CURVE('',#1419,#1416,#686,.T.);
#1852=EDGE_CURVE('',#1420,#1418,#687,.T.);
#1853=EDGE_CURVE('',#1420,#1421,#688,.T.);
#1854=EDGE_CURVE('',#1422,#1421,#689,.T.);
#1855=EDGE_CURVE('',#1422,#1423,#690,.T.);
#1856=EDGE_CURVE('',#1424,#1423,#691,.T.);
#1857=EDGE_CURVE('',#1424,#1425,#692,.T.);
#1858=EDGE_CURVE('',#1426,#1425,#693,.T.);
#1859=EDGE_CURVE('',#1426,#1427,#694,.T.);
#1860=EDGE_CURVE('',#1428,#1427,#695,.T.);
#1861=EDGE_CURVE('',#1428,#1429,#696,.T.);
#1862=EDGE_CURVE('',#1430,#1429,#697,.T.);
#1863=EDGE_CURVE('',#1430,#1431,#698,.T.);
#1864=EDGE_CURVE('',#1432,#1431,#699,.T.);
#1865=EDGE_CURVE('',#1432,#1433,#700,.T.);
#1866=EDGE_CURVE('',#1434,#1433,#701,.T.);
#1867=EDGE_CURVE('',#1434,#1435,#702,.T.);
#1868=EDGE_CURVE('',#1436,#1435,#703,.T.);
#1869=EDGE_CURVE('',#1436,#1437,#704,.T.);
#1870=EDGE_CURVE('',#1438,#1437,#705,.T.);
#1871=EDGE_CURVE('',#1438,#1439,#706,.T.);
#1872=EDGE_CURVE('',#1440,#1439,#707,.T.);
#1873=EDGE_CURVE('',#1440,#1441,#708,.T.);
#1874=EDGE_CURVE('',#1442,#1441,#709,.T.);
#1875=EDGE_CURVE('',#1442,#1443,#710,.T.);
#1876=EDGE_CURVE('',#1444,#1443,#711,.T.);
#1877=EDGE_CURVE('',#1444,#1445,#712,.T.);
#1878=EDGE_CURVE('',#1446,#1445,#713,.T.);
#1879=EDGE_CURVE('',#1446,#1447,#714,.T.);
#1880=EDGE_CURVE('',#1448,#1447,#715,.T.);
#1881=EDGE_CURVE('',#1448,#1449,#716,.T.);
#1882=EDGE_CURVE('',#1450,#1449,#717,.T.);
#1883=EDGE_CURVE('',#1450,#1451,#718,.T.);
#1884=EDGE_CURVE('',#1452,#1451,#719,.T.);
#1885=EDGE_CURVE('',#1452,#1453,#720,.T.);
#1886=EDGE_CURVE('',#1454,#1453,#721,.T.);
#1887=EDGE_CURVE('',#1454,#1455,#722,.T.);
#1888=EDGE_CURVE('',#1456,#1455,#723,.T.);
#1889=EDGE_CURVE('',#1456,#1457,#724,.T.);
#1890=EDGE_CURVE('',#1458,#1457,#725,.T.);
#1891=EDGE_CURVE('',#1458,#1459,#726,.T.);
#1892=EDGE_CURVE('',#1460,#1459,#727,.T.);
#1893=EDGE_CURVE('',#1460,#1461,#728,.T.);
#1894=EDGE_CURVE('',#1462,#1461,#729,.T.);
#1895=EDGE_CURVE('',#1462,#1463,#730,.T.);
#1896=EDGE_CURVE('',#1464,#1463,#731,.T.);
#1897=EDGE_CURVE('',#1464,#1465,#732,.T.);
#1898=EDGE_CURVE('',#1466,#1465,#733,.T.);
#1899=EDGE_CURVE('',#1466,#1467,#734,.T.);
#1900=EDGE_CURVE('',#1345,#1467,#735,.T.);
#1901=EDGE_CURVE('',#1468,#1367,#736,.T.);
#1902=EDGE_CURVE('',#1415,#1468,#737,.T.);
#1903=EDGE_CURVE('',#1417,#1469,#738,.T.);
#1904=EDGE_CURVE('',#1469,#1420,#947,.T.);
#1905=EDGE_CURVE('',#1470,#1469,#739,.T.);
#1906=EDGE_CURVE('',#1421,#1470,#948,.T.);
#1907=EDGE_CURVE('',#1471,#1472,#740,.T.);
#1908=EDGE_CURVE('',#1425,#1471,#949,.T.);
#1909=EDGE_CURVE('',#1472,#1424,#950,.T.);
#1910=EDGE_CURVE('',#1473,#1474,#741,.T.);
#1911=EDGE_CURVE('',#1429,#1473,#951,.T.);
#1912=EDGE_CURVE('',#1474,#1428,#952,.T.);
#1913=EDGE_CURVE('',#1475,#1476,#742,.T.);
#1914=EDGE_CURVE('',#1433,#1475,#953,.T.);
#1915=EDGE_CURVE('',#1476,#1432,#954,.T.);
#1916=EDGE_CURVE('',#1477,#1478,#743,.T.);
#1917=EDGE_CURVE('',#1437,#1477,#955,.T.);
#1918=EDGE_CURVE('',#1478,#1436,#956,.T.);
#1919=EDGE_CURVE('',#1479,#1480,#744,.T.);
#1920=EDGE_CURVE('',#1441,#1479,#957,.T.);
#1921=EDGE_CURVE('',#1480,#1440,#958,.T.);
#1922=EDGE_CURVE('',#1481,#1482,#745,.T.);
#1923=EDGE_CURVE('',#1445,#1481,#959,.T.);
#1924=EDGE_CURVE('',#1482,#1444,#960,.T.);
#1925=EDGE_CURVE('',#1483,#1484,#746,.T.);
#1926=EDGE_CURVE('',#1449,#1483,#961,.T.);
#1927=EDGE_CURVE('',#1484,#1448,#962,.T.);
#1928=EDGE_CURVE('',#1485,#1486,#747,.T.);
#1929=EDGE_CURVE('',#1453,#1485,#963,.T.);
#1930=EDGE_CURVE('',#1486,#1452,#964,.T.);
#1931=EDGE_CURVE('',#1487,#1488,#748,.T.);
#1932=EDGE_CURVE('',#1457,#1487,#965,.T.);
#1933=EDGE_CURVE('',#1488,#1456,#966,.T.);
#1934=EDGE_CURVE('',#1489,#1490,#749,.T.);
#1935=EDGE_CURVE('',#1461,#1489,#967,.T.);
#1936=EDGE_CURVE('',#1490,#1460,#968,.T.);
#1937=EDGE_CURVE('',#1491,#1492,#750,.T.);
#1938=EDGE_CURVE('',#1465,#1491,#969,.T.);
#1939=EDGE_CURVE('',#1492,#1464,#970,.T.);
#1940=EDGE_CURVE('',#1493,#1494,#751,.T.);
#1941=EDGE_CURVE('',#1423,#1493,#971,.T.);
#1942=EDGE_CURVE('',#1494,#1422,#972,.T.);
#1943=EDGE_CURVE('',#1495,#1496,#752,.T.);
#1944=EDGE_CURVE('',#1427,#1495,#973,.T.);
#1945=EDGE_CURVE('',#1496,#1426,#974,.T.);
#1946=EDGE_CURVE('',#1497,#1498,#753,.T.);
#1947=EDGE_CURVE('',#1431,#1497,#975,.T.);
#1948=EDGE_CURVE('',#1498,#1430,#976,.T.);
#1949=EDGE_CURVE('',#1499,#1500,#754,.T.);
#1950=EDGE_CURVE('',#1435,#1499,#977,.T.);
#1951=EDGE_CURVE('',#1500,#1434,#978,.T.);
#1952=EDGE_CURVE('',#1501,#1502,#755,.T.);
#1953=EDGE_CURVE('',#1439,#1501,#979,.T.);
#1954=EDGE_CURVE('',#1502,#1438,#980,.T.);
#1955=EDGE_CURVE('',#1503,#1504,#756,.T.);
#1956=EDGE_CURVE('',#1443,#1503,#981,.T.);
#1957=EDGE_CURVE('',#1504,#1442,#982,.T.);
#1958=EDGE_CURVE('',#1505,#1506,#757,.T.);
#1959=EDGE_CURVE('',#1447,#1505,#983,.T.);
#1960=EDGE_CURVE('',#1506,#1446,#984,.T.);
#1961=EDGE_CURVE('',#1507,#1508,#758,.T.);
#1962=EDGE_CURVE('',#1451,#1507,#985,.T.);
#1963=EDGE_CURVE('',#1508,#1450,#986,.T.);
#1964=EDGE_CURVE('',#1509,#1510,#759,.T.);
#1965=EDGE_CURVE('',#1455,#1509,#987,.T.);
#1966=EDGE_CURVE('',#1510,#1454,#988,.T.);
#1967=EDGE_CURVE('',#1511,#1512,#760,.T.);
#1968=EDGE_CURVE('',#1513,#1511,#989,.T.);
#1969=EDGE_CURVE('',#1514,#1513,#761,.T.);
#1970=EDGE_CURVE('',#1514,#1467,#990,.T.);
#1971=EDGE_CURVE('',#1512,#1466,#991,.T.);
#1972=EDGE_CURVE('',#1515,#1516,#762,.T.);
#1973=EDGE_CURVE('',#1459,#1515,#992,.T.);
#1974=EDGE_CURVE('',#1516,#1458,#993,.T.);
#1975=EDGE_CURVE('',#1517,#1518,#763,.T.);
#1976=EDGE_CURVE('',#1463,#1517,#994,.T.);
#1977=EDGE_CURVE('',#1518,#1462,#995,.T.);
#1978=EDGE_CURVE('',#1519,#1411,#764,.T.);
#1979=EDGE_CURVE('',#1519,#1368,#765,.T.);
#1980=EDGE_CURVE('',#1520,#1346,#766,.T.);
#1981=EDGE_CURVE('',#1511,#1520,#767,.T.);
#1982=EDGE_CURVE('',#1491,#1512,#768,.T.);
#1983=EDGE_CURVE('',#1517,#1492,#769,.T.);
#1984=EDGE_CURVE('',#1489,#1518,#770,.T.);
#1985=EDGE_CURVE('',#1515,#1490,#771,.T.);
#1986=EDGE_CURVE('',#1487,#1516,#772,.T.);
#1987=EDGE_CURVE('',#1509,#1488,#773,.T.);
#1988=EDGE_CURVE('',#1485,#1510,#774,.T.);
#1989=EDGE_CURVE('',#1507,#1486,#775,.T.);
#1990=EDGE_CURVE('',#1483,#1508,#776,.T.);
#1991=EDGE_CURVE('',#1505,#1484,#777,.T.);
#1992=EDGE_CURVE('',#1481,#1506,#778,.T.);
#1993=EDGE_CURVE('',#1503,#1482,#779,.T.);
#1994=EDGE_CURVE('',#1479,#1504,#780,.T.);
#1995=EDGE_CURVE('',#1501,#1480,#781,.T.);
#1996=EDGE_CURVE('',#1477,#1502,#782,.T.);
#1997=EDGE_CURVE('',#1499,#1478,#783,.T.);
#1998=EDGE_CURVE('',#1475,#1500,#784,.T.);
#1999=EDGE_CURVE('',#1497,#1476,#785,.T.);
#2000=EDGE_CURVE('',#1473,#1498,#786,.T.);
#2001=EDGE_CURVE('',#1495,#1474,#787,.T.);
#2002=EDGE_CURVE('',#1471,#1496,#788,.T.);
#2003=EDGE_CURVE('',#1493,#1472,#789,.T.);
#2004=EDGE_CURVE('',#1470,#1494,#790,.T.);
#2005=EDGE_CURVE('',#1521,#1520,#578,.T.);
#2006=EDGE_CURVE('',#1521,#1513,#791,.T.);
#2007=EDGE_CURVE('',#1514,#1521,#792,.T.);
#2008=EDGE_CURVE('',#1468,#1519,#579,.T.);
#2009=EDGE_CURVE('',#1522,#1522,#580,.T.);
#2010=EDGE_CURVE('',#1523,#1524,#581,.T.);
#2011=EDGE_CURVE('',#1524,#1523,#582,.T.);
#2012=EDGE_CURVE('',#1524,#1522,#996,.T.);
#2013=EDGE_CURVE('',#1523,#1525,#48,.T.);
#2014=EDGE_CURVE('',#1526,#1525,#583,.T.);
#2015=EDGE_CURVE('',#1525,#1526,#584,.T.);
#2016=EDGE_CURVE('',#1527,#1528,#585,.T.);
#2017=EDGE_CURVE('',#1528,#1527,#586,.T.);
#2018=EDGE_CURVE('',#1528,#1526,#997,.T.);
#2019=EDGE_CURVE('',#1529,#1527,#587,.T.);
#2020=ORIENTED_EDGE('',*,*,#1530,.T.);
#2021=ORIENTED_EDGE('',*,*,#1531,.T.);
#2022=ORIENTED_EDGE('',*,*,#1532,.F.);
#2023=ORIENTED_EDGE('',*,*,#1533,.T.);
#2024=ORIENTED_EDGE('',*,*,#1534,.T.);
#2025=ORIENTED_EDGE('',*,*,#1535,.T.);
#2026=ORIENTED_EDGE('',*,*,#1530,.F.);
#2027=ORIENTED_EDGE('',*,*,#1536,.T.);
#2028=ORIENTED_EDGE('',*,*,#1537,.T.);
#2029=ORIENTED_EDGE('',*,*,#1538,.T.);
#2030=ORIENTED_EDGE('',*,*,#1534,.F.);
#2031=ORIENTED_EDGE('',*,*,#1539,.T.);
#2032=ORIENTED_EDGE('',*,*,#1540,.T.);
#2033=ORIENTED_EDGE('',*,*,#1541,.T.);
#2034=ORIENTED_EDGE('',*,*,#1537,.F.);
#2035=ORIENTED_EDGE('',*,*,#1542,.T.);
#2036=ORIENTED_EDGE('',*,*,#1543,.F.);
#2037=ORIENTED_EDGE('',*,*,#1544,.T.);
#2038=ORIENTED_EDGE('',*,*,#1545,.F.);
#2039=ORIENTED_EDGE('',*,*,#1546,.T.);
#2040=ORIENTED_EDGE('',*,*,#1547,.T.);
#2041=ORIENTED_EDGE('',*,*,#1548,.T.);
#2042=ORIENTED_EDGE('',*,*,#1549,.F.);
#2043=ORIENTED_EDGE('',*,*,#1550,.F.);
#2044=ORIENTED_EDGE('',*,*,#1551,.T.);
#2045=ORIENTED_EDGE('',*,*,#1552,.T.);
#2046=ORIENTED_EDGE('',*,*,#1547,.F.);
#2047=ORIENTED_EDGE('',*,*,#1553,.F.);
#2048=ORIENTED_EDGE('',*,*,#1554,.T.);
#2049=ORIENTED_EDGE('',*,*,#1555,.T.);
#2050=ORIENTED_EDGE('',*,*,#1551,.F.);
#2051=ORIENTED_EDGE('',*,*,#1556,.F.);
#2052=ORIENTED_EDGE('',*,*,#1557,.T.);
#2053=ORIENTED_EDGE('',*,*,#1558,.T.);
#2054=ORIENTED_EDGE('',*,*,#1554,.F.);
#2055=ORIENTED_EDGE('',*,*,#1559,.F.);
#2056=ORIENTED_EDGE('',*,*,#1560,.F.);
#2057=ORIENTED_EDGE('',*,*,#1561,.F.);
#2058=ORIENTED_EDGE('',*,*,#1562,.F.);
#2059=ORIENTED_EDGE('',*,*,#1563,.T.);
#2060=ORIENTED_EDGE('',*,*,#1564,.F.);
#2061=ORIENTED_EDGE('',*,*,#1565,.T.);
#2062=ORIENTED_EDGE('',*,*,#1566,.T.);
#2063=ORIENTED_EDGE('',*,*,#1567,.T.);
#2064=ORIENTED_EDGE('',*,*,#1568,.T.);
#2065=ORIENTED_EDGE('',*,*,#1569,.T.);
#2066=ORIENTED_EDGE('',*,*,#1570,.T.);
#2067=ORIENTED_EDGE('',*,*,#1571,.T.);
#2068=ORIENTED_EDGE('',*,*,#1572,.T.);
#2069=ORIENTED_EDGE('',*,*,#1573,.F.);
#2070=ORIENTED_EDGE('',*,*,#1574,.F.);
#2071=ORIENTED_EDGE('',*,*,#1575,.T.);
#2072=ORIENTED_EDGE('',*,*,#1574,.T.);
#2073=ORIENTED_EDGE('',*,*,#1576,.T.);
#2074=ORIENTED_EDGE('',*,*,#1577,.T.);
#2075=ORIENTED_EDGE('',*,*,#1576,.F.);
#2076=ORIENTED_EDGE('',*,*,#1573,.T.);
#2077=ORIENTED_EDGE('',*,*,#1578,.F.);
#2078=ORIENTED_EDGE('',*,*,#1579,.F.);
#2079=ORIENTED_EDGE('',*,*,#1580,.T.);
#2080=ORIENTED_EDGE('',*,*,#1581,.F.);
#2081=ORIENTED_EDGE('',*,*,#1582,.F.);
#2082=ORIENTED_EDGE('',*,*,#1583,.T.);
#2083=ORIENTED_EDGE('',*,*,#1584,.F.);
#2084=ORIENTED_EDGE('',*,*,#1585,.F.);
#2085=ORIENTED_EDGE('',*,*,#1586,.T.);
#2086=ORIENTED_EDGE('',*,*,#1587,.F.);
#2087=ORIENTED_EDGE('',*,*,#1588,.F.);
#2088=ORIENTED_EDGE('',*,*,#1589,.T.);
#2089=ORIENTED_EDGE('',*,*,#1590,.F.);
#2090=ORIENTED_EDGE('',*,*,#1591,.F.);
#2091=ORIENTED_EDGE('',*,*,#1592,.T.);
#2092=ORIENTED_EDGE('',*,*,#1593,.F.);
#2093=ORIENTED_EDGE('',*,*,#1594,.F.);
#2094=ORIENTED_EDGE('',*,*,#1595,.T.);
#2095=ORIENTED_EDGE('',*,*,#1596,.F.);
#2096=ORIENTED_EDGE('',*,*,#1597,.F.);
#2097=ORIENTED_EDGE('',*,*,#1598,.T.);
#2098=ORIENTED_EDGE('',*,*,#1599,.F.);
#2099=ORIENTED_EDGE('',*,*,#1600,.F.);
#2100=ORIENTED_EDGE('',*,*,#1601,.T.);
#2101=ORIENTED_EDGE('',*,*,#1602,.F.);
#2102=ORIENTED_EDGE('',*,*,#1603,.F.);
#2103=ORIENTED_EDGE('',*,*,#1604,.T.);
#2104=ORIENTED_EDGE('',*,*,#1605,.F.);
#2105=ORIENTED_EDGE('',*,*,#1606,.T.);
#2106=ORIENTED_EDGE('',*,*,#1564,.T.);
#2107=ORIENTED_EDGE('',*,*,#1606,.F.);
#2108=ORIENTED_EDGE('',*,*,#1607,.F.);
#2109=ORIENTED_EDGE('',*,*,#1608,.F.);
#2110=ORIENTED_EDGE('',*,*,#1609,.T.);
#2111=ORIENTED_EDGE('',*,*,#1610,.F.);
#2112=ORIENTED_EDGE('',*,*,#1611,.F.);
#2113=ORIENTED_EDGE('',*,*,#1612,.T.);
#2114=ORIENTED_EDGE('',*,*,#1613,.F.);
#2115=ORIENTED_EDGE('',*,*,#1614,.F.);
#2116=ORIENTED_EDGE('',*,*,#1615,.T.);
#2117=ORIENTED_EDGE('',*,*,#1616,.F.);
#2118=ORIENTED_EDGE('',*,*,#1617,.T.);
#2119=ORIENTED_EDGE('',*,*,#1618,.T.);
#2120=ORIENTED_EDGE('',*,*,#1619,.F.);
#2121=ORIENTED_EDGE('',*,*,#1572,.F.);
#2122=ORIENTED_EDGE('',*,*,#1620,.T.);
#2123=ORIENTED_EDGE('',*,*,#1621,.F.);
#2124=ORIENTED_EDGE('',*,*,#1578,.T.);
#2125=ORIENTED_EDGE('',*,*,#1622,.T.);
#2126=ORIENTED_EDGE('',*,*,#1623,.T.);
#2127=ORIENTED_EDGE('',*,*,#1580,.F.);
#2128=ORIENTED_EDGE('',*,*,#1624,.F.);
#2129=ORIENTED_EDGE('',*,*,#1625,.T.);
#2130=ORIENTED_EDGE('',*,*,#1624,.T.);
#2131=ORIENTED_EDGE('',*,*,#1579,.T.);
#2132=ORIENTED_EDGE('',*,*,#1621,.T.);
#2133=ORIENTED_EDGE('',*,*,#1623,.F.);
#2134=ORIENTED_EDGE('',*,*,#1626,.T.);
#2135=ORIENTED_EDGE('',*,*,#1627,.F.);
#2136=ORIENTED_EDGE('',*,*,#1581,.T.);
#2137=ORIENTED_EDGE('',*,*,#1628,.T.);
#2138=ORIENTED_EDGE('',*,*,#1629,.T.);
#2139=ORIENTED_EDGE('',*,*,#1583,.F.);
#2140=ORIENTED_EDGE('',*,*,#1630,.F.);
#2141=ORIENTED_EDGE('',*,*,#1631,.T.);
#2142=ORIENTED_EDGE('',*,*,#1630,.T.);
#2143=ORIENTED_EDGE('',*,*,#1582,.T.);
#2144=ORIENTED_EDGE('',*,*,#1627,.T.);
#2145=ORIENTED_EDGE('',*,*,#1629,.F.);
#2146=ORIENTED_EDGE('',*,*,#1632,.T.);
#2147=ORIENTED_EDGE('',*,*,#1633,.F.);
#2148=ORIENTED_EDGE('',*,*,#1584,.T.);
#2149=ORIENTED_EDGE('',*,*,#1634,.T.);
#2150=ORIENTED_EDGE('',*,*,#1635,.T.);
#2151=ORIENTED_EDGE('',*,*,#1586,.F.);
#2152=ORIENTED_EDGE('',*,*,#1636,.F.);
#2153=ORIENTED_EDGE('',*,*,#1637,.T.);
#2154=ORIENTED_EDGE('',*,*,#1636,.T.);
#2155=ORIENTED_EDGE('',*,*,#1585,.T.);
#2156=ORIENTED_EDGE('',*,*,#1633,.T.);
#2157=ORIENTED_EDGE('',*,*,#1635,.F.);
#2158=ORIENTED_EDGE('',*,*,#1638,.T.);
#2159=ORIENTED_EDGE('',*,*,#1639,.F.);
#2160=ORIENTED_EDGE('',*,*,#1587,.T.);
#2161=ORIENTED_EDGE('',*,*,#1640,.T.);
#2162=ORIENTED_EDGE('',*,*,#1641,.T.);
#2163=ORIENTED_EDGE('',*,*,#1589,.F.);
#2164=ORIENTED_EDGE('',*,*,#1642,.F.);
#2165=ORIENTED_EDGE('',*,*,#1643,.T.);
#2166=ORIENTED_EDGE('',*,*,#1642,.T.);
#2167=ORIENTED_EDGE('',*,*,#1588,.T.);
#2168=ORIENTED_EDGE('',*,*,#1639,.T.);
#2169=ORIENTED_EDGE('',*,*,#1641,.F.);
#2170=ORIENTED_EDGE('',*,*,#1644,.T.);
#2171=ORIENTED_EDGE('',*,*,#1645,.F.);
#2172=ORIENTED_EDGE('',*,*,#1590,.T.);
#2173=ORIENTED_EDGE('',*,*,#1646,.T.);
#2174=ORIENTED_EDGE('',*,*,#1647,.T.);
#2175=ORIENTED_EDGE('',*,*,#1592,.F.);
#2176=ORIENTED_EDGE('',*,*,#1648,.F.);
#2177=ORIENTED_EDGE('',*,*,#1649,.T.);
#2178=ORIENTED_EDGE('',*,*,#1648,.T.);
#2179=ORIENTED_EDGE('',*,*,#1591,.T.);
#2180=ORIENTED_EDGE('',*,*,#1645,.T.);
#2181=ORIENTED_EDGE('',*,*,#1647,.F.);
#2182=ORIENTED_EDGE('',*,*,#1650,.T.);
#2183=ORIENTED_EDGE('',*,*,#1651,.F.);
#2184=ORIENTED_EDGE('',*,*,#1593,.T.);
#2185=ORIENTED_EDGE('',*,*,#1652,.T.);
#2186=ORIENTED_EDGE('',*,*,#1653,.T.);
#2187=ORIENTED_EDGE('',*,*,#1595,.F.);
#2188=ORIENTED_EDGE('',*,*,#1654,.F.);
#2189=ORIENTED_EDGE('',*,*,#1655,.T.);
#2190=ORIENTED_EDGE('',*,*,#1654,.T.);
#2191=ORIENTED_EDGE('',*,*,#1594,.T.);
#2192=ORIENTED_EDGE('',*,*,#1651,.T.);
#2193=ORIENTED_EDGE('',*,*,#1653,.F.);
#2194=ORIENTED_EDGE('',*,*,#1656,.T.);
#2195=ORIENTED_EDGE('',*,*,#1657,.F.);
#2196=ORIENTED_EDGE('',*,*,#1596,.T.);
#2197=ORIENTED_EDGE('',*,*,#1658,.T.);
#2198=ORIENTED_EDGE('',*,*,#1659,.T.);
#2199=ORIENTED_EDGE('',*,*,#1598,.F.);
#2200=ORIENTED_EDGE('',*,*,#1660,.F.);
#2201=ORIENTED_EDGE('',*,*,#1661,.T.);
#2202=ORIENTED_EDGE('',*,*,#1660,.T.);
#2203=ORIENTED_EDGE('',*,*,#1597,.T.);
#2204=ORIENTED_EDGE('',*,*,#1657,.T.);
#2205=ORIENTED_EDGE('',*,*,#1659,.F.);
#2206=ORIENTED_EDGE('',*,*,#1662,.T.);
#2207=ORIENTED_EDGE('',*,*,#1663,.F.);
#2208=ORIENTED_EDGE('',*,*,#1599,.T.);
#2209=ORIENTED_EDGE('',*,*,#1664,.T.);
#2210=ORIENTED_EDGE('',*,*,#1665,.T.);
#2211=ORIENTED_EDGE('',*,*,#1601,.F.);
#2212=ORIENTED_EDGE('',*,*,#1666,.F.);
#2213=ORIENTED_EDGE('',*,*,#1667,.T.);
#2214=ORIENTED_EDGE('',*,*,#1666,.T.);
#2215=ORIENTED_EDGE('',*,*,#1600,.T.);
#2216=ORIENTED_EDGE('',*,*,#1663,.T.);
#2217=ORIENTED_EDGE('',*,*,#1665,.F.);
#2218=ORIENTED_EDGE('',*,*,#1668,.T.);
#2219=ORIENTED_EDGE('',*,*,#1669,.F.);
#2220=ORIENTED_EDGE('',*,*,#1602,.T.);
#2221=ORIENTED_EDGE('',*,*,#1670,.T.);
#2222=ORIENTED_EDGE('',*,*,#1671,.T.);
#2223=ORIENTED_EDGE('',*,*,#1604,.F.);
#2224=ORIENTED_EDGE('',*,*,#1672,.F.);
#2225=ORIENTED_EDGE('',*,*,#1673,.T.);
#2226=ORIENTED_EDGE('',*,*,#1672,.T.);
#2227=ORIENTED_EDGE('',*,*,#1603,.T.);
#2228=ORIENTED_EDGE('',*,*,#1669,.T.);
#2229=ORIENTED_EDGE('',*,*,#1671,.F.);
#2230=ORIENTED_EDGE('',*,*,#1674,.T.);
#2231=ORIENTED_EDGE('',*,*,#1675,.T.);
#2232=ORIENTED_EDGE('',*,*,#1676,.F.);
#2233=ORIENTED_EDGE('',*,*,#1607,.T.);
#2234=ORIENTED_EDGE('',*,*,#1605,.T.);
#2235=ORIENTED_EDGE('',*,*,#1677,.T.);
#2236=ORIENTED_EDGE('',*,*,#1678,.T.);
#2237=ORIENTED_EDGE('',*,*,#1609,.F.);
#2238=ORIENTED_EDGE('',*,*,#1679,.F.);
#2239=ORIENTED_EDGE('',*,*,#1680,.T.);
#2240=ORIENTED_EDGE('',*,*,#1679,.T.);
#2241=ORIENTED_EDGE('',*,*,#1608,.T.);
#2242=ORIENTED_EDGE('',*,*,#1676,.T.);
#2243=ORIENTED_EDGE('',*,*,#1678,.F.);
#2244=ORIENTED_EDGE('',*,*,#1681,.T.);
#2245=ORIENTED_EDGE('',*,*,#1682,.F.);
#2246=ORIENTED_EDGE('',*,*,#1610,.T.);
#2247=ORIENTED_EDGE('',*,*,#1683,.T.);
#2248=ORIENTED_EDGE('',*,*,#1684,.T.);
#2249=ORIENTED_EDGE('',*,*,#1612,.F.);
#2250=ORIENTED_EDGE('',*,*,#1685,.F.);
#2251=ORIENTED_EDGE('',*,*,#1686,.T.);
#2252=ORIENTED_EDGE('',*,*,#1685,.T.);
#2253=ORIENTED_EDGE('',*,*,#1611,.T.);
#2254=ORIENTED_EDGE('',*,*,#1682,.T.);
#2255=ORIENTED_EDGE('',*,*,#1684,.F.);
#2256=ORIENTED_EDGE('',*,*,#1687,.T.);
#2257=ORIENTED_EDGE('',*,*,#1688,.F.);
#2258=ORIENTED_EDGE('',*,*,#1613,.T.);
#2259=ORIENTED_EDGE('',*,*,#1689,.T.);
#2260=ORIENTED_EDGE('',*,*,#1690,.T.);
#2261=ORIENTED_EDGE('',*,*,#1615,.F.);
#2262=ORIENTED_EDGE('',*,*,#1691,.F.);
#2263=ORIENTED_EDGE('',*,*,#1692,.T.);
#2264=ORIENTED_EDGE('',*,*,#1691,.T.);
#2265=ORIENTED_EDGE('',*,*,#1614,.T.);
#2266=ORIENTED_EDGE('',*,*,#1688,.T.);
#2267=ORIENTED_EDGE('',*,*,#1690,.F.);
#2268=ORIENTED_EDGE('',*,*,#1693,.T.);
#2269=ORIENTED_EDGE('',*,*,#1694,.T.);
#2270=ORIENTED_EDGE('',*,*,#1616,.T.);
#2271=ORIENTED_EDGE('',*,*,#1695,.F.);
#2272=ORIENTED_EDGE('',*,*,#1696,.F.);
#2273=ORIENTED_EDGE('',*,*,#1618,.F.);
#2274=ORIENTED_EDGE('',*,*,#1697,.F.);
#2275=ORIENTED_EDGE('',*,*,#1698,.F.);
#2276=ORIENTED_EDGE('',*,*,#1697,.T.);
#2277=ORIENTED_EDGE('',*,*,#1617,.F.);
#2278=ORIENTED_EDGE('',*,*,#1694,.F.);
#2279=ORIENTED_EDGE('',*,*,#1575,.F.);
#2280=ORIENTED_EDGE('',*,*,#1699,.F.);
#2281=ORIENTED_EDGE('',*,*,#1695,.T.);
#2282=ORIENTED_EDGE('',*,*,#1698,.T.);
#2283=ORIENTED_EDGE('',*,*,#1693,.F.);
#2284=ORIENTED_EDGE('',*,*,#1689,.F.);
#2285=ORIENTED_EDGE('',*,*,#1692,.F.);
#2286=ORIENTED_EDGE('',*,*,#1687,.F.);
#2287=ORIENTED_EDGE('',*,*,#1683,.F.);
#2288=ORIENTED_EDGE('',*,*,#1686,.F.);
#2289=ORIENTED_EDGE('',*,*,#1681,.F.);
#2290=ORIENTED_EDGE('',*,*,#1677,.F.);
#2291=ORIENTED_EDGE('',*,*,#1680,.F.);
#2292=ORIENTED_EDGE('',*,*,#1675,.F.);
#2293=ORIENTED_EDGE('',*,*,#1700,.T.);
#2294=ORIENTED_EDGE('',*,*,#1701,.F.);
#2295=ORIENTED_EDGE('',*,*,#1700,.F.);
#2296=ORIENTED_EDGE('',*,*,#1674,.F.);
#2297=ORIENTED_EDGE('',*,*,#1670,.F.);
#2298=ORIENTED_EDGE('',*,*,#1673,.F.);
#2299=ORIENTED_EDGE('',*,*,#1668,.F.);
#2300=ORIENTED_EDGE('',*,*,#1664,.F.);
#2301=ORIENTED_EDGE('',*,*,#1667,.F.);
#2302=ORIENTED_EDGE('',*,*,#1662,.F.);
#2303=ORIENTED_EDGE('',*,*,#1658,.F.);
#2304=ORIENTED_EDGE('',*,*,#1661,.F.);
#2305=ORIENTED_EDGE('',*,*,#1656,.F.);
#2306=ORIENTED_EDGE('',*,*,#1652,.F.);
#2307=ORIENTED_EDGE('',*,*,#1655,.F.);
#2308=ORIENTED_EDGE('',*,*,#1650,.F.);
#2309=ORIENTED_EDGE('',*,*,#1646,.F.);
#2310=ORIENTED_EDGE('',*,*,#1649,.F.);
#2311=ORIENTED_EDGE('',*,*,#1644,.F.);
#2312=ORIENTED_EDGE('',*,*,#1640,.F.);
#2313=ORIENTED_EDGE('',*,*,#1643,.F.);
#2314=ORIENTED_EDGE('',*,*,#1638,.F.);
#2315=ORIENTED_EDGE('',*,*,#1634,.F.);
#2316=ORIENTED_EDGE('',*,*,#1637,.F.);
#2317=ORIENTED_EDGE('',*,*,#1632,.F.);
#2318=ORIENTED_EDGE('',*,*,#1628,.F.);
#2319=ORIENTED_EDGE('',*,*,#1631,.F.);
#2320=ORIENTED_EDGE('',*,*,#1626,.F.);
#2321=ORIENTED_EDGE('',*,*,#1622,.F.);
#2322=ORIENTED_EDGE('',*,*,#1625,.F.);
#2323=ORIENTED_EDGE('',*,*,#1620,.F.);
#2324=ORIENTED_EDGE('',*,*,#1571,.F.);
#2325=ORIENTED_EDGE('',*,*,#1577,.F.);
#2326=ORIENTED_EDGE('',*,*,#1619,.T.);
#2327=ORIENTED_EDGE('',*,*,#1696,.T.);
#2328=ORIENTED_EDGE('',*,*,#1699,.T.);
#2329=ORIENTED_EDGE('',*,*,#1560,.T.);
#2330=ORIENTED_EDGE('',*,*,#1702,.T.);
#2331=ORIENTED_EDGE('',*,*,#1557,.F.);
#2332=ORIENTED_EDGE('',*,*,#1703,.F.);
#2333=ORIENTED_EDGE('',*,*,#1704,.F.);
#2334=ORIENTED_EDGE('',*,*,#1548,.F.);
#2335=ORIENTED_EDGE('',*,*,#1552,.F.);
#2336=ORIENTED_EDGE('',*,*,#1555,.F.);
#2337=ORIENTED_EDGE('',*,*,#1558,.F.);
#2338=ORIENTED_EDGE('',*,*,#1702,.F.);
#2339=ORIENTED_EDGE('',*,*,#1563,.F.);
#2340=ORIENTED_EDGE('',*,*,#1705,.F.);
#2341=ORIENTED_EDGE('',*,*,#1531,.F.);
#2342=ORIENTED_EDGE('',*,*,#1535,.F.);
#2343=ORIENTED_EDGE('',*,*,#1538,.F.);
#2344=ORIENTED_EDGE('',*,*,#1541,.F.);
#2345=ORIENTED_EDGE('',*,*,#1706,.F.);
#2346=ORIENTED_EDGE('',*,*,#1546,.F.);
#2347=ORIENTED_EDGE('',*,*,#1707,.F.);
#2348=ORIENTED_EDGE('',*,*,#1544,.F.);
#2349=ORIENTED_EDGE('',*,*,#1708,.F.);
#2350=ORIENTED_EDGE('',*,*,#1542,.F.);
#2351=ORIENTED_EDGE('',*,*,#1539,.F.);
#2352=ORIENTED_EDGE('',*,*,#1536,.F.);
#2353=ORIENTED_EDGE('',*,*,#1533,.F.);
#2354=ORIENTED_EDGE('',*,*,#1709,.F.);
#2355=ORIENTED_EDGE('',*,*,#1561,.T.);
#2356=ORIENTED_EDGE('',*,*,#1703,.T.);
#2357=ORIENTED_EDGE('',*,*,#1559,.T.);
#2358=ORIENTED_EDGE('',*,*,#1556,.T.);
#2359=ORIENTED_EDGE('',*,*,#1553,.T.);
#2360=ORIENTED_EDGE('',*,*,#1550,.T.);
#2361=ORIENTED_EDGE('',*,*,#1710,.T.);
#2362=ORIENTED_EDGE('',*,*,#1711,.T.);
#2363=ORIENTED_EDGE('',*,*,#1712,.T.);
#2364=ORIENTED_EDGE('',*,*,#1713,.T.);
#2365=ORIENTED_EDGE('',*,*,#1714,.T.);
#2366=ORIENTED_EDGE('',*,*,#1715,.T.);
#2367=ORIENTED_EDGE('',*,*,#1716,.T.);
#2368=ORIENTED_EDGE('',*,*,#1717,.T.);
#2369=ORIENTED_EDGE('',*,*,#1718,.T.);
#2370=ORIENTED_EDGE('',*,*,#1719,.T.);
#2371=ORIENTED_EDGE('',*,*,#1720,.T.);
#2372=ORIENTED_EDGE('',*,*,#1721,.T.);
#2373=ORIENTED_EDGE('',*,*,#1705,.T.);
#2374=ORIENTED_EDGE('',*,*,#1562,.T.);
#2375=ORIENTED_EDGE('',*,*,#1709,.T.);
#2376=ORIENTED_EDGE('',*,*,#1532,.T.);
#2377=ORIENTED_EDGE('',*,*,#1722,.F.);
#2378=ORIENTED_EDGE('',*,*,#1723,.F.);
#2379=ORIENTED_EDGE('',*,*,#1718,.F.);
#2380=ORIENTED_EDGE('',*,*,#1724,.F.);
#2381=ORIENTED_EDGE('',*,*,#1725,.F.);
#2382=ORIENTED_EDGE('',*,*,#1716,.F.);
#2383=ORIENTED_EDGE('',*,*,#1726,.F.);
#2384=ORIENTED_EDGE('',*,*,#1727,.F.);
#2385=ORIENTED_EDGE('',*,*,#1714,.F.);
#2386=ORIENTED_EDGE('',*,*,#1728,.F.);
#2387=ORIENTED_EDGE('',*,*,#1729,.F.);
#2388=ORIENTED_EDGE('',*,*,#1712,.F.);
#2389=ORIENTED_EDGE('',*,*,#1730,.F.);
#2390=ORIENTED_EDGE('',*,*,#1720,.F.);
#2391=ORIENTED_EDGE('',*,*,#1731,.F.);
#2392=ORIENTED_EDGE('',*,*,#1732,.F.);
#2393=ORIENTED_EDGE('',*,*,#1733,.F.);
#2394=ORIENTED_EDGE('',*,*,#1710,.F.);
#2395=ORIENTED_EDGE('',*,*,#1733,.T.);
#2396=ORIENTED_EDGE('',*,*,#1734,.T.);
#2397=ORIENTED_EDGE('',*,*,#1565,.F.);
#2398=ORIENTED_EDGE('',*,*,#1735,.F.);
#2399=ORIENTED_EDGE('',*,*,#1728,.T.);
#2400=ORIENTED_EDGE('',*,*,#1711,.F.);
#2401=ORIENTED_EDGE('',*,*,#1729,.T.);
#2402=ORIENTED_EDGE('',*,*,#1735,.T.);
#2403=ORIENTED_EDGE('',*,*,#1570,.F.);
#2404=ORIENTED_EDGE('',*,*,#1736,.F.);
#2405=ORIENTED_EDGE('',*,*,#1726,.T.);
#2406=ORIENTED_EDGE('',*,*,#1713,.F.);
#2407=ORIENTED_EDGE('',*,*,#1727,.T.);
#2408=ORIENTED_EDGE('',*,*,#1736,.T.);
#2409=ORIENTED_EDGE('',*,*,#1569,.F.);
#2410=ORIENTED_EDGE('',*,*,#1737,.F.);
#2411=ORIENTED_EDGE('',*,*,#1724,.T.);
#2412=ORIENTED_EDGE('',*,*,#1715,.F.);
#2413=ORIENTED_EDGE('',*,*,#1725,.T.);
#2414=ORIENTED_EDGE('',*,*,#1737,.T.);
#2415=ORIENTED_EDGE('',*,*,#1568,.F.);
#2416=ORIENTED_EDGE('',*,*,#1738,.F.);
#2417=ORIENTED_EDGE('',*,*,#1722,.T.);
#2418=ORIENTED_EDGE('',*,*,#1717,.F.);
#2419=ORIENTED_EDGE('',*,*,#1543,.T.);
#2420=ORIENTED_EDGE('',*,*,#1706,.T.);
#2421=ORIENTED_EDGE('',*,*,#1540,.F.);
#2422=ORIENTED_EDGE('',*,*,#1708,.T.);
#2423=ORIENTED_EDGE('',*,*,#1732,.T.);
#2424=ORIENTED_EDGE('',*,*,#1721,.F.);
#2425=ORIENTED_EDGE('',*,*,#1730,.T.);
#2426=ORIENTED_EDGE('',*,*,#1739,.T.);
#2427=ORIENTED_EDGE('',*,*,#1566,.F.);
#2428=ORIENTED_EDGE('',*,*,#1734,.F.);
#2429=ORIENTED_EDGE('',*,*,#1731,.T.);
#2430=ORIENTED_EDGE('',*,*,#1719,.F.);
#2431=ORIENTED_EDGE('',*,*,#1723,.T.);
#2432=ORIENTED_EDGE('',*,*,#1738,.T.);
#2433=ORIENTED_EDGE('',*,*,#1567,.F.);
#2434=ORIENTED_EDGE('',*,*,#1739,.F.);
#2435=ORIENTED_EDGE('',*,*,#1701,.T.);
#2436=ORIENTED_EDGE('',*,*,#1704,.T.);
#2437=ORIENTED_EDGE('',*,*,#1545,.T.);
#2438=ORIENTED_EDGE('',*,*,#1707,.T.);
#2439=ORIENTED_EDGE('',*,*,#1549,.T.);
#2440=ORIENTED_EDGE('',*,*,#1740,.F.);
#2441=ORIENTED_EDGE('',*,*,#1741,.T.);
#2442=ORIENTED_EDGE('',*,*,#1742,.F.);
#2443=ORIENTED_EDGE('',*,*,#1743,.F.);
#2444=ORIENTED_EDGE('',*,*,#1744,.F.);
#2445=ORIENTED_EDGE('',*,*,#1745,.T.);
#2446=ORIENTED_EDGE('',*,*,#1740,.T.);
#2447=ORIENTED_EDGE('',*,*,#1746,.F.);
#2448=ORIENTED_EDGE('',*,*,#1747,.F.);
#2449=ORIENTED_EDGE('',*,*,#1748,.T.);
#2450=ORIENTED_EDGE('',*,*,#1744,.T.);
#2451=ORIENTED_EDGE('',*,*,#1749,.F.);
#2452=ORIENTED_EDGE('',*,*,#1750,.F.);
#2453=ORIENTED_EDGE('',*,*,#1751,.T.);
#2454=ORIENTED_EDGE('',*,*,#1747,.T.);
#2455=ORIENTED_EDGE('',*,*,#1752,.F.);
#2456=ORIENTED_EDGE('',*,*,#1753,.F.);
#2457=ORIENTED_EDGE('',*,*,#1754,.T.);
#2458=ORIENTED_EDGE('',*,*,#1750,.T.);
#2459=ORIENTED_EDGE('',*,*,#1755,.F.);
#2460=ORIENTED_EDGE('',*,*,#1756,.F.);
#2461=ORIENTED_EDGE('',*,*,#1757,.T.);
#2462=ORIENTED_EDGE('',*,*,#1753,.T.);
#2463=ORIENTED_EDGE('',*,*,#1758,.F.);
#2464=ORIENTED_EDGE('',*,*,#1759,.F.);
#2465=ORIENTED_EDGE('',*,*,#1760,.T.);
#2466=ORIENTED_EDGE('',*,*,#1756,.T.);
#2467=ORIENTED_EDGE('',*,*,#1761,.F.);
#2468=ORIENTED_EDGE('',*,*,#1762,.F.);
#2469=ORIENTED_EDGE('',*,*,#1763,.T.);
#2470=ORIENTED_EDGE('',*,*,#1759,.T.);
#2471=ORIENTED_EDGE('',*,*,#1764,.F.);
#2472=ORIENTED_EDGE('',*,*,#1765,.F.);
#2473=ORIENTED_EDGE('',*,*,#1766,.T.);
#2474=ORIENTED_EDGE('',*,*,#1762,.T.);
#2475=ORIENTED_EDGE('',*,*,#1767,.F.);
#2476=ORIENTED_EDGE('',*,*,#1768,.F.);
#2477=ORIENTED_EDGE('',*,*,#1769,.T.);
#2478=ORIENTED_EDGE('',*,*,#1765,.T.);
#2479=ORIENTED_EDGE('',*,*,#1770,.F.);
#2480=ORIENTED_EDGE('',*,*,#1771,.F.);
#2481=ORIENTED_EDGE('',*,*,#1772,.T.);
#2482=ORIENTED_EDGE('',*,*,#1768,.T.);
#2483=ORIENTED_EDGE('',*,*,#1773,.F.);
#2484=ORIENTED_EDGE('',*,*,#1774,.F.);
#2485=ORIENTED_EDGE('',*,*,#1775,.T.);
#2486=ORIENTED_EDGE('',*,*,#1771,.T.);
#2487=ORIENTED_EDGE('',*,*,#1776,.F.);
#2488=ORIENTED_EDGE('',*,*,#1777,.T.);
#2489=ORIENTED_EDGE('',*,*,#1778,.T.);
#2490=ORIENTED_EDGE('',*,*,#1779,.T.);
#2491=ORIENTED_EDGE('',*,*,#1780,.T.);
#2492=ORIENTED_EDGE('',*,*,#1779,.F.);
#2493=ORIENTED_EDGE('',*,*,#1781,.F.);
#2494=ORIENTED_EDGE('',*,*,#1782,.F.);
#2495=ORIENTED_EDGE('',*,*,#1783,.F.);
#2496=ORIENTED_EDGE('',*,*,#1784,.F.);
#2497=ORIENTED_EDGE('',*,*,#1785,.T.);
#2498=ORIENTED_EDGE('',*,*,#1786,.T.);
#2499=ORIENTED_EDGE('',*,*,#1787,.T.);
#2500=ORIENTED_EDGE('',*,*,#1788,.T.);
#2501=ORIENTED_EDGE('',*,*,#1789,.T.);
#2502=ORIENTED_EDGE('',*,*,#1778,.F.);
#2503=ORIENTED_EDGE('',*,*,#1790,.T.);
#2504=ORIENTED_EDGE('',*,*,#1791,.F.);
#2505=ORIENTED_EDGE('',*,*,#1781,.T.);
#2506=ORIENTED_EDGE('',*,*,#1782,.T.);
#2507=ORIENTED_EDGE('',*,*,#1791,.T.);
#2508=ORIENTED_EDGE('',*,*,#1792,.T.);
#2509=ORIENTED_EDGE('',*,*,#1793,.T.);
#2510=ORIENTED_EDGE('',*,*,#1794,.T.);
#2511=ORIENTED_EDGE('',*,*,#1795,.T.);
#2512=ORIENTED_EDGE('',*,*,#1796,.T.);
#2513=ORIENTED_EDGE('',*,*,#1797,.T.);
#2514=ORIENTED_EDGE('',*,*,#1795,.F.);
#2515=ORIENTED_EDGE('',*,*,#1798,.T.);
#2516=ORIENTED_EDGE('',*,*,#1799,.F.);
#2517=ORIENTED_EDGE('',*,*,#1800,.T.);
#2518=ORIENTED_EDGE('',*,*,#1794,.F.);
#2519=ORIENTED_EDGE('',*,*,#1801,.F.);
#2520=ORIENTED_EDGE('',*,*,#1802,.F.);
#2521=ORIENTED_EDGE('',*,*,#1803,.T.);
#2522=ORIENTED_EDGE('',*,*,#1804,.F.);
#2523=ORIENTED_EDGE('',*,*,#1798,.F.);
#2524=ORIENTED_EDGE('',*,*,#1805,.T.);
#2525=ORIENTED_EDGE('',*,*,#1806,.T.);
#2526=ORIENTED_EDGE('',*,*,#1807,.T.);
#2527=ORIENTED_EDGE('',*,*,#1808,.T.);
#2528=ORIENTED_EDGE('',*,*,#1809,.T.);
#2529=ORIENTED_EDGE('',*,*,#1799,.T.);
#2530=ORIENTED_EDGE('',*,*,#1804,.T.);
#2531=ORIENTED_EDGE('',*,*,#1810,.T.);
#2532=ORIENTED_EDGE('',*,*,#1796,.F.);
#2533=ORIENTED_EDGE('',*,*,#1800,.F.);
#2534=ORIENTED_EDGE('',*,*,#1809,.F.);
#2535=ORIENTED_EDGE('',*,*,#1811,.F.);
#2536=ORIENTED_EDGE('',*,*,#1812,.F.);
#2537=ORIENTED_EDGE('',*,*,#1813,.T.);
#2538=ORIENTED_EDGE('',*,*,#1814,.T.);
#2539=ORIENTED_EDGE('',*,*,#1815,.T.);
#2540=ORIENTED_EDGE('',*,*,#1816,.T.);
#2541=ORIENTED_EDGE('',*,*,#1817,.T.);
#2542=ORIENTED_EDGE('',*,*,#1810,.F.);
#2543=ORIENTED_EDGE('',*,*,#1803,.F.);
#2544=ORIENTED_EDGE('',*,*,#1818,.F.);
#2545=ORIENTED_EDGE('',*,*,#1811,.T.);
#2546=ORIENTED_EDGE('',*,*,#1816,.F.);
#2547=ORIENTED_EDGE('',*,*,#1819,.F.);
#2548=ORIENTED_EDGE('',*,*,#1807,.F.);
#2549=ORIENTED_EDGE('',*,*,#1820,.T.);
#2550=ORIENTED_EDGE('',*,*,#1821,.F.);
#2551=ORIENTED_EDGE('',*,*,#1822,.T.);
#2552=ORIENTED_EDGE('',*,*,#1788,.F.);
#2553=ORIENTED_EDGE('',*,*,#1823,.F.);
#2554=ORIENTED_EDGE('',*,*,#1815,.F.);
#2555=ORIENTED_EDGE('',*,*,#1824,.F.);
#2556=ORIENTED_EDGE('',*,*,#1808,.F.);
#2557=ORIENTED_EDGE('',*,*,#1819,.T.);
#2558=ORIENTED_EDGE('',*,*,#1825,.F.);
#2559=ORIENTED_EDGE('',*,*,#1823,.T.);
#2560=ORIENTED_EDGE('',*,*,#1787,.F.);
#2561=ORIENTED_EDGE('',*,*,#1826,.F.);
#2562=ORIENTED_EDGE('',*,*,#1817,.F.);
#2563=ORIENTED_EDGE('',*,*,#1820,.F.);
#2564=ORIENTED_EDGE('',*,*,#1806,.F.);
#2565=ORIENTED_EDGE('',*,*,#1827,.T.);
#2566=ORIENTED_EDGE('',*,*,#1814,.F.);
#2567=ORIENTED_EDGE('',*,*,#1827,.F.);
#2568=ORIENTED_EDGE('',*,*,#1805,.F.);
#2569=ORIENTED_EDGE('',*,*,#1824,.T.);
#2570=ORIENTED_EDGE('',*,*,#1828,.F.);
#2571=ORIENTED_EDGE('',*,*,#1826,.T.);
#2572=ORIENTED_EDGE('',*,*,#1786,.F.);
#2573=ORIENTED_EDGE('',*,*,#1829,.F.);
#2574=ORIENTED_EDGE('',*,*,#1830,.F.);
#2575=ORIENTED_EDGE('',*,*,#1829,.T.);
#2576=ORIENTED_EDGE('',*,*,#1789,.F.);
#2577=ORIENTED_EDGE('',*,*,#1822,.F.);
#2578=ORIENTED_EDGE('',*,*,#1793,.F.);
#2579=ORIENTED_EDGE('',*,*,#1831,.F.);
#2580=ORIENTED_EDGE('',*,*,#1832,.F.);
#2581=ORIENTED_EDGE('',*,*,#1783,.T.);
#2582=ORIENTED_EDGE('',*,*,#1777,.F.);
#2583=ORIENTED_EDGE('',*,*,#1833,.F.);
#2584=ORIENTED_EDGE('',*,*,#1834,.F.);
#2585=ORIENTED_EDGE('',*,*,#1831,.T.);
#2586=ORIENTED_EDGE('',*,*,#1792,.F.);
#2587=ORIENTED_EDGE('',*,*,#1790,.F.);
#2588=ORIENTED_EDGE('',*,*,#1828,.T.);
#2589=ORIENTED_EDGE('',*,*,#1830,.T.);
#2590=ORIENTED_EDGE('',*,*,#1821,.T.);
#2591=ORIENTED_EDGE('',*,*,#1825,.T.);
#2592=ORIENTED_EDGE('',*,*,#1780,.F.);
#2593=ORIENTED_EDGE('',*,*,#1785,.F.);
#2594=ORIENTED_EDGE('',*,*,#1835,.F.);
#2595=ORIENTED_EDGE('',*,*,#1833,.T.);
#2596=ORIENTED_EDGE('',*,*,#1797,.F.);
#2597=ORIENTED_EDGE('',*,*,#1813,.F.);
#2598=ORIENTED_EDGE('',*,*,#1836,.F.);
#2599=ORIENTED_EDGE('',*,*,#1801,.T.);
#2600=ORIENTED_EDGE('',*,*,#1837,.F.);
#2601=ORIENTED_EDGE('',*,*,#1838,.T.);
#2602=ORIENTED_EDGE('',*,*,#1839,.F.);
#2603=ORIENTED_EDGE('',*,*,#1840,.F.);
#2604=ORIENTED_EDGE('',*,*,#1841,.T.);
#2605=ORIENTED_EDGE('',*,*,#1842,.T.);
#2606=ORIENTED_EDGE('',*,*,#1843,.F.);
#2607=ORIENTED_EDGE('',*,*,#1844,.F.);
#2608=ORIENTED_EDGE('',*,*,#1838,.F.);
#2609=ORIENTED_EDGE('',*,*,#1845,.F.);
#2610=ORIENTED_EDGE('',*,*,#1841,.F.);
#2611=ORIENTED_EDGE('',*,*,#1846,.F.);
#2612=ORIENTED_EDGE('',*,*,#1847,.F.);
#2613=ORIENTED_EDGE('',*,*,#1848,.F.);
#2614=ORIENTED_EDGE('',*,*,#1849,.F.);
#2615=ORIENTED_EDGE('',*,*,#1842,.F.);
#2616=ORIENTED_EDGE('',*,*,#1850,.F.);
#2617=ORIENTED_EDGE('',*,*,#1850,.T.);
#2618=ORIENTED_EDGE('',*,*,#1845,.T.);
#2619=ORIENTED_EDGE('',*,*,#1851,.F.);
#2620=ORIENTED_EDGE('',*,*,#1843,.T.);
#2621=ORIENTED_EDGE('',*,*,#1849,.T.);
#2622=ORIENTED_EDGE('',*,*,#1851,.T.);
#2623=ORIENTED_EDGE('',*,*,#1848,.T.);
#2624=ORIENTED_EDGE('',*,*,#1852,.F.);
#2625=ORIENTED_EDGE('',*,*,#1853,.T.);
#2626=ORIENTED_EDGE('',*,*,#1854,.F.);
#2627=ORIENTED_EDGE('',*,*,#1855,.T.);
#2628=ORIENTED_EDGE('',*,*,#1856,.F.);
#2629=ORIENTED_EDGE('',*,*,#1857,.T.);
#2630=ORIENTED_EDGE('',*,*,#1858,.F.);
#2631=ORIENTED_EDGE('',*,*,#1859,.T.);
#2632=ORIENTED_EDGE('',*,*,#1860,.F.);
#2633=ORIENTED_EDGE('',*,*,#1861,.T.);
#2634=ORIENTED_EDGE('',*,*,#1862,.F.);
#2635=ORIENTED_EDGE('',*,*,#1863,.T.);
#2636=ORIENTED_EDGE('',*,*,#1864,.F.);
#2637=ORIENTED_EDGE('',*,*,#1865,.T.);
#2638=ORIENTED_EDGE('',*,*,#1866,.F.);
#2639=ORIENTED_EDGE('',*,*,#1867,.T.);
#2640=ORIENTED_EDGE('',*,*,#1868,.F.);
#2641=ORIENTED_EDGE('',*,*,#1869,.T.);
#2642=ORIENTED_EDGE('',*,*,#1870,.F.);
#2643=ORIENTED_EDGE('',*,*,#1871,.T.);
#2644=ORIENTED_EDGE('',*,*,#1872,.F.);
#2645=ORIENTED_EDGE('',*,*,#1873,.T.);
#2646=ORIENTED_EDGE('',*,*,#1874,.F.);
#2647=ORIENTED_EDGE('',*,*,#1875,.T.);
#2648=ORIENTED_EDGE('',*,*,#1876,.F.);
#2649=ORIENTED_EDGE('',*,*,#1877,.T.);
#2650=ORIENTED_EDGE('',*,*,#1878,.F.);
#2651=ORIENTED_EDGE('',*,*,#1879,.T.);
#2652=ORIENTED_EDGE('',*,*,#1880,.F.);
#2653=ORIENTED_EDGE('',*,*,#1881,.T.);
#2654=ORIENTED_EDGE('',*,*,#1882,.F.);
#2655=ORIENTED_EDGE('',*,*,#1883,.T.);
#2656=ORIENTED_EDGE('',*,*,#1884,.F.);
#2657=ORIENTED_EDGE('',*,*,#1885,.T.);
#2658=ORIENTED_EDGE('',*,*,#1886,.F.);
#2659=ORIENTED_EDGE('',*,*,#1887,.T.);
#2660=ORIENTED_EDGE('',*,*,#1888,.F.);
#2661=ORIENTED_EDGE('',*,*,#1889,.T.);
#2662=ORIENTED_EDGE('',*,*,#1890,.F.);
#2663=ORIENTED_EDGE('',*,*,#1891,.T.);
#2664=ORIENTED_EDGE('',*,*,#1892,.F.);
#2665=ORIENTED_EDGE('',*,*,#1893,.T.);
#2666=ORIENTED_EDGE('',*,*,#1894,.F.);
#2667=ORIENTED_EDGE('',*,*,#1895,.T.);
#2668=ORIENTED_EDGE('',*,*,#1896,.F.);
#2669=ORIENTED_EDGE('',*,*,#1897,.T.);
#2670=ORIENTED_EDGE('',*,*,#1898,.F.);
#2671=ORIENTED_EDGE('',*,*,#1899,.T.);
#2672=ORIENTED_EDGE('',*,*,#1900,.F.);
#2673=ORIENTED_EDGE('',*,*,#1741,.F.);
#2674=ORIENTED_EDGE('',*,*,#1745,.F.);
#2675=ORIENTED_EDGE('',*,*,#1748,.F.);
#2676=ORIENTED_EDGE('',*,*,#1751,.F.);
#2677=ORIENTED_EDGE('',*,*,#1754,.F.);
#2678=ORIENTED_EDGE('',*,*,#1757,.F.);
#2679=ORIENTED_EDGE('',*,*,#1760,.F.);
#2680=ORIENTED_EDGE('',*,*,#1763,.F.);
#2681=ORIENTED_EDGE('',*,*,#1766,.F.);
#2682=ORIENTED_EDGE('',*,*,#1769,.F.);
#2683=ORIENTED_EDGE('',*,*,#1772,.F.);
#2684=ORIENTED_EDGE('',*,*,#1775,.F.);
#2685=ORIENTED_EDGE('',*,*,#1901,.F.);
#2686=ORIENTED_EDGE('',*,*,#1902,.F.);
#2687=ORIENTED_EDGE('',*,*,#1847,.T.);
#2688=ORIENTED_EDGE('',*,*,#1903,.T.);
#2689=ORIENTED_EDGE('',*,*,#1904,.T.);
#2690=ORIENTED_EDGE('',*,*,#1852,.T.);
#2691=ORIENTED_EDGE('',*,*,#1905,.F.);
#2692=ORIENTED_EDGE('',*,*,#1906,.F.);
#2693=ORIENTED_EDGE('',*,*,#1853,.F.);
#2694=ORIENTED_EDGE('',*,*,#1904,.F.);
#2695=ORIENTED_EDGE('',*,*,#1907,.F.);
#2696=ORIENTED_EDGE('',*,*,#1908,.F.);
#2697=ORIENTED_EDGE('',*,*,#1857,.F.);
#2698=ORIENTED_EDGE('',*,*,#1909,.F.);
#2699=ORIENTED_EDGE('',*,*,#1910,.F.);
#2700=ORIENTED_EDGE('',*,*,#1911,.F.);
#2701=ORIENTED_EDGE('',*,*,#1861,.F.);
#2702=ORIENTED_EDGE('',*,*,#1912,.F.);
#2703=ORIENTED_EDGE('',*,*,#1913,.F.);
#2704=ORIENTED_EDGE('',*,*,#1914,.F.);
#2705=ORIENTED_EDGE('',*,*,#1865,.F.);
#2706=ORIENTED_EDGE('',*,*,#1915,.F.);
#2707=ORIENTED_EDGE('',*,*,#1916,.F.);
#2708=ORIENTED_EDGE('',*,*,#1917,.F.);
#2709=ORIENTED_EDGE('',*,*,#1869,.F.);
#2710=ORIENTED_EDGE('',*,*,#1918,.F.);
#2711=ORIENTED_EDGE('',*,*,#1919,.F.);
#2712=ORIENTED_EDGE('',*,*,#1920,.F.);
#2713=ORIENTED_EDGE('',*,*,#1873,.F.);
#2714=ORIENTED_EDGE('',*,*,#1921,.F.);
#2715=ORIENTED_EDGE('',*,*,#1922,.F.);
#2716=ORIENTED_EDGE('',*,*,#1923,.F.);
#2717=ORIENTED_EDGE('',*,*,#1877,.F.);
#2718=ORIENTED_EDGE('',*,*,#1924,.F.);
#2719=ORIENTED_EDGE('',*,*,#1925,.F.);
#2720=ORIENTED_EDGE('',*,*,#1926,.F.);
#2721=ORIENTED_EDGE('',*,*,#1881,.F.);
#2722=ORIENTED_EDGE('',*,*,#1927,.F.);
#2723=ORIENTED_EDGE('',*,*,#1928,.F.);
#2724=ORIENTED_EDGE('',*,*,#1929,.F.);
#2725=ORIENTED_EDGE('',*,*,#1885,.F.);
#2726=ORIENTED_EDGE('',*,*,#1930,.F.);
#2727=ORIENTED_EDGE('',*,*,#1931,.F.);
#2728=ORIENTED_EDGE('',*,*,#1932,.F.);
#2729=ORIENTED_EDGE('',*,*,#1889,.F.);
#2730=ORIENTED_EDGE('',*,*,#1933,.F.);
#2731=ORIENTED_EDGE('',*,*,#1934,.F.);
#2732=ORIENTED_EDGE('',*,*,#1935,.F.);
#2733=ORIENTED_EDGE('',*,*,#1893,.F.);
#2734=ORIENTED_EDGE('',*,*,#1936,.F.);
#2735=ORIENTED_EDGE('',*,*,#1937,.F.);
#2736=ORIENTED_EDGE('',*,*,#1938,.F.);
#2737=ORIENTED_EDGE('',*,*,#1897,.F.);
#2738=ORIENTED_EDGE('',*,*,#1939,.F.);
#2739=ORIENTED_EDGE('',*,*,#1940,.F.);
#2740=ORIENTED_EDGE('',*,*,#1941,.F.);
#2741=ORIENTED_EDGE('',*,*,#1855,.F.);
#2742=ORIENTED_EDGE('',*,*,#1942,.F.);
#2743=ORIENTED_EDGE('',*,*,#1943,.F.);
#2744=ORIENTED_EDGE('',*,*,#1944,.F.);
#2745=ORIENTED_EDGE('',*,*,#1859,.F.);
#2746=ORIENTED_EDGE('',*,*,#1945,.F.);
#2747=ORIENTED_EDGE('',*,*,#1946,.F.);
#2748=ORIENTED_EDGE('',*,*,#1947,.F.);
#2749=ORIENTED_EDGE('',*,*,#1863,.F.);
#2750=ORIENTED_EDGE('',*,*,#1948,.F.);
#2751=ORIENTED_EDGE('',*,*,#1949,.F.);
#2752=ORIENTED_EDGE('',*,*,#1950,.F.);
#2753=ORIENTED_EDGE('',*,*,#1867,.F.);
#2754=ORIENTED_EDGE('',*,*,#1951,.F.);
#2755=ORIENTED_EDGE('',*,*,#1952,.F.);
#2756=ORIENTED_EDGE('',*,*,#1953,.F.);
#2757=ORIENTED_EDGE('',*,*,#1871,.F.);
#2758=ORIENTED_EDGE('',*,*,#1954,.F.);
#2759=ORIENTED_EDGE('',*,*,#1955,.F.);
#2760=ORIENTED_EDGE('',*,*,#1956,.F.);
#2761=ORIENTED_EDGE('',*,*,#1875,.F.);
#2762=ORIENTED_EDGE('',*,*,#1957,.F.);
#2763=ORIENTED_EDGE('',*,*,#1958,.F.);
#2764=ORIENTED_EDGE('',*,*,#1959,.F.);
#2765=ORIENTED_EDGE('',*,*,#1879,.F.);
#2766=ORIENTED_EDGE('',*,*,#1960,.F.);
#2767=ORIENTED_EDGE('',*,*,#1961,.F.);
#2768=ORIENTED_EDGE('',*,*,#1962,.F.);
#2769=ORIENTED_EDGE('',*,*,#1883,.F.);
#2770=ORIENTED_EDGE('',*,*,#1963,.F.);
#2771=ORIENTED_EDGE('',*,*,#1964,.F.);
#2772=ORIENTED_EDGE('',*,*,#1965,.F.);
#2773=ORIENTED_EDGE('',*,*,#1887,.F.);
#2774=ORIENTED_EDGE('',*,*,#1966,.F.);
#2775=ORIENTED_EDGE('',*,*,#1967,.F.);
#2776=ORIENTED_EDGE('',*,*,#1968,.F.);
#2777=ORIENTED_EDGE('',*,*,#1969,.F.);
#2778=ORIENTED_EDGE('',*,*,#1970,.T.);
#2779=ORIENTED_EDGE('',*,*,#1899,.F.);
#2780=ORIENTED_EDGE('',*,*,#1971,.F.);
#2781=ORIENTED_EDGE('',*,*,#1972,.F.);
#2782=ORIENTED_EDGE('',*,*,#1973,.F.);
#2783=ORIENTED_EDGE('',*,*,#1891,.F.);
#2784=ORIENTED_EDGE('',*,*,#1974,.F.);
#2785=ORIENTED_EDGE('',*,*,#1975,.F.);
#2786=ORIENTED_EDGE('',*,*,#1976,.F.);
#2787=ORIENTED_EDGE('',*,*,#1895,.F.);
#2788=ORIENTED_EDGE('',*,*,#1977,.F.);
#2789=ORIENTED_EDGE('',*,*,#1837,.T.);
#2790=ORIENTED_EDGE('',*,*,#1784,.T.);
#2791=ORIENTED_EDGE('',*,*,#1832,.T.);
#2792=ORIENTED_EDGE('',*,*,#1834,.T.);
#2793=ORIENTED_EDGE('',*,*,#1835,.T.);
#2794=ORIENTED_EDGE('',*,*,#1818,.T.);
#2795=ORIENTED_EDGE('',*,*,#1802,.T.);
#2796=ORIENTED_EDGE('',*,*,#1836,.T.);
#2797=ORIENTED_EDGE('',*,*,#1812,.T.);
#2798=ORIENTED_EDGE('',*,*,#1840,.T.);
#2799=ORIENTED_EDGE('',*,*,#1978,.F.);
#2800=ORIENTED_EDGE('',*,*,#1979,.T.);
#2801=ORIENTED_EDGE('',*,*,#1776,.T.);
#2802=ORIENTED_EDGE('',*,*,#1773,.T.);
#2803=ORIENTED_EDGE('',*,*,#1770,.T.);
#2804=ORIENTED_EDGE('',*,*,#1767,.T.);
#2805=ORIENTED_EDGE('',*,*,#1764,.T.);
#2806=ORIENTED_EDGE('',*,*,#1761,.T.);
#2807=ORIENTED_EDGE('',*,*,#1758,.T.);
#2808=ORIENTED_EDGE('',*,*,#1755,.T.);
#2809=ORIENTED_EDGE('',*,*,#1752,.T.);
#2810=ORIENTED_EDGE('',*,*,#1749,.T.);
#2811=ORIENTED_EDGE('',*,*,#1746,.T.);
#2812=ORIENTED_EDGE('',*,*,#1743,.T.);
#2813=ORIENTED_EDGE('',*,*,#1980,.F.);
#2814=ORIENTED_EDGE('',*,*,#1981,.F.);
#2815=ORIENTED_EDGE('',*,*,#1967,.T.);
#2816=ORIENTED_EDGE('',*,*,#1982,.F.);
#2817=ORIENTED_EDGE('',*,*,#1937,.T.);
#2818=ORIENTED_EDGE('',*,*,#1983,.F.);
#2819=ORIENTED_EDGE('',*,*,#1975,.T.);
#2820=ORIENTED_EDGE('',*,*,#1984,.F.);
#2821=ORIENTED_EDGE('',*,*,#1934,.T.);
#2822=ORIENTED_EDGE('',*,*,#1985,.F.);
#2823=ORIENTED_EDGE('',*,*,#1972,.T.);
#2824=ORIENTED_EDGE('',*,*,#1986,.F.);
#2825=ORIENTED_EDGE('',*,*,#1931,.T.);
#2826=ORIENTED_EDGE('',*,*,#1987,.F.);
#2827=ORIENTED_EDGE('',*,*,#1964,.T.);
#2828=ORIENTED_EDGE('',*,*,#1988,.F.);
#2829=ORIENTED_EDGE('',*,*,#1928,.T.);
#2830=ORIENTED_EDGE('',*,*,#1989,.F.);
#2831=ORIENTED_EDGE('',*,*,#1961,.T.);
#2832=ORIENTED_EDGE('',*,*,#1990,.F.);
#2833=ORIENTED_EDGE('',*,*,#1925,.T.);
#2834=ORIENTED_EDGE('',*,*,#1991,.F.);
#2835=ORIENTED_EDGE('',*,*,#1958,.T.);
#2836=ORIENTED_EDGE('',*,*,#1992,.F.);
#2837=ORIENTED_EDGE('',*,*,#1922,.T.);
#2838=ORIENTED_EDGE('',*,*,#1993,.F.);
#2839=ORIENTED_EDGE('',*,*,#1955,.T.);
#2840=ORIENTED_EDGE('',*,*,#1994,.F.);
#2841=ORIENTED_EDGE('',*,*,#1919,.T.);
#2842=ORIENTED_EDGE('',*,*,#1995,.F.);
#2843=ORIENTED_EDGE('',*,*,#1952,.T.);
#2844=ORIENTED_EDGE('',*,*,#1996,.F.);
#2845=ORIENTED_EDGE('',*,*,#1916,.T.);
#2846=ORIENTED_EDGE('',*,*,#1997,.F.);
#2847=ORIENTED_EDGE('',*,*,#1949,.T.);
#2848=ORIENTED_EDGE('',*,*,#1998,.F.);
#2849=ORIENTED_EDGE('',*,*,#1913,.T.);
#2850=ORIENTED_EDGE('',*,*,#1999,.F.);
#2851=ORIENTED_EDGE('',*,*,#1946,.T.);
#2852=ORIENTED_EDGE('',*,*,#2000,.F.);
#2853=ORIENTED_EDGE('',*,*,#1910,.T.);
#2854=ORIENTED_EDGE('',*,*,#2001,.F.);
#2855=ORIENTED_EDGE('',*,*,#1943,.T.);
#2856=ORIENTED_EDGE('',*,*,#2002,.F.);
#2857=ORIENTED_EDGE('',*,*,#1907,.T.);
#2858=ORIENTED_EDGE('',*,*,#2003,.F.);
#2859=ORIENTED_EDGE('',*,*,#1940,.T.);
#2860=ORIENTED_EDGE('',*,*,#2004,.F.);
#2861=ORIENTED_EDGE('',*,*,#1905,.T.);
#2862=ORIENTED_EDGE('',*,*,#1903,.F.);
#2863=ORIENTED_EDGE('',*,*,#1846,.T.);
#2864=ORIENTED_EDGE('',*,*,#1968,.T.);
#2865=ORIENTED_EDGE('',*,*,#1981,.T.);
#2866=ORIENTED_EDGE('',*,*,#2005,.F.);
#2867=ORIENTED_EDGE('',*,*,#2006,.T.);
#2868=ORIENTED_EDGE('',*,*,#1909,.T.);
#2869=ORIENTED_EDGE('',*,*,#1856,.T.);
#2870=ORIENTED_EDGE('',*,*,#1941,.T.);
#2871=ORIENTED_EDGE('',*,*,#2003,.T.);
#2872=ORIENTED_EDGE('',*,*,#1912,.T.);
#2873=ORIENTED_EDGE('',*,*,#1860,.T.);
#2874=ORIENTED_EDGE('',*,*,#1944,.T.);
#2875=ORIENTED_EDGE('',*,*,#2001,.T.);
#2876=ORIENTED_EDGE('',*,*,#1915,.T.);
#2877=ORIENTED_EDGE('',*,*,#1864,.T.);
#2878=ORIENTED_EDGE('',*,*,#1947,.T.);
#2879=ORIENTED_EDGE('',*,*,#1999,.T.);
#2880=ORIENTED_EDGE('',*,*,#1918,.T.);
#2881=ORIENTED_EDGE('',*,*,#1868,.T.);
#2882=ORIENTED_EDGE('',*,*,#1950,.T.);
#2883=ORIENTED_EDGE('',*,*,#1997,.T.);
#2884=ORIENTED_EDGE('',*,*,#1921,.T.);
#2885=ORIENTED_EDGE('',*,*,#1872,.T.);
#2886=ORIENTED_EDGE('',*,*,#1953,.T.);
#2887=ORIENTED_EDGE('',*,*,#1995,.T.);
#2888=ORIENTED_EDGE('',*,*,#1924,.T.);
#2889=ORIENTED_EDGE('',*,*,#1876,.T.);
#2890=ORIENTED_EDGE('',*,*,#1956,.T.);
#2891=ORIENTED_EDGE('',*,*,#1993,.T.);
#2892=ORIENTED_EDGE('',*,*,#1927,.T.);
#2893=ORIENTED_EDGE('',*,*,#1880,.T.);
#2894=ORIENTED_EDGE('',*,*,#1959,.T.);
#2895=ORIENTED_EDGE('',*,*,#1991,.T.);
#2896=ORIENTED_EDGE('',*,*,#1930,.T.);
#2897=ORIENTED_EDGE('',*,*,#1884,.T.);
#2898=ORIENTED_EDGE('',*,*,#1962,.T.);
#2899=ORIENTED_EDGE('',*,*,#1989,.T.);
#2900=ORIENTED_EDGE('',*,*,#1933,.T.);
#2901=ORIENTED_EDGE('',*,*,#1888,.T.);
#2902=ORIENTED_EDGE('',*,*,#1965,.T.);
#2903=ORIENTED_EDGE('',*,*,#1987,.T.);
#2904=ORIENTED_EDGE('',*,*,#1936,.T.);
#2905=ORIENTED_EDGE('',*,*,#1892,.T.);
#2906=ORIENTED_EDGE('',*,*,#1973,.T.);
#2907=ORIENTED_EDGE('',*,*,#1985,.T.);
#2908=ORIENTED_EDGE('',*,*,#1939,.T.);
#2909=ORIENTED_EDGE('',*,*,#1896,.T.);
#2910=ORIENTED_EDGE('',*,*,#1976,.T.);
#2911=ORIENTED_EDGE('',*,*,#1983,.T.);
#2912=ORIENTED_EDGE('',*,*,#1906,.T.);
#2913=ORIENTED_EDGE('',*,*,#2004,.T.);
#2914=ORIENTED_EDGE('',*,*,#1942,.T.);
#2915=ORIENTED_EDGE('',*,*,#1854,.T.);
#2916=ORIENTED_EDGE('',*,*,#1908,.T.);
#2917=ORIENTED_EDGE('',*,*,#2002,.T.);
#2918=ORIENTED_EDGE('',*,*,#1945,.T.);
#2919=ORIENTED_EDGE('',*,*,#1858,.T.);
#2920=ORIENTED_EDGE('',*,*,#1911,.T.);
#2921=ORIENTED_EDGE('',*,*,#2000,.T.);
#2922=ORIENTED_EDGE('',*,*,#1948,.T.);
#2923=ORIENTED_EDGE('',*,*,#1862,.T.);
#2924=ORIENTED_EDGE('',*,*,#1914,.T.);
#2925=ORIENTED_EDGE('',*,*,#1998,.T.);
#2926=ORIENTED_EDGE('',*,*,#1951,.T.);
#2927=ORIENTED_EDGE('',*,*,#1866,.T.);
#2928=ORIENTED_EDGE('',*,*,#1917,.T.);
#2929=ORIENTED_EDGE('',*,*,#1996,.T.);
#2930=ORIENTED_EDGE('',*,*,#1954,.T.);
#2931=ORIENTED_EDGE('',*,*,#1870,.T.);
#2932=ORIENTED_EDGE('',*,*,#1920,.T.);
#2933=ORIENTED_EDGE('',*,*,#1994,.T.);
#2934=ORIENTED_EDGE('',*,*,#1957,.T.);
#2935=ORIENTED_EDGE('',*,*,#1874,.T.);
#2936=ORIENTED_EDGE('',*,*,#1923,.T.);
#2937=ORIENTED_EDGE('',*,*,#1992,.T.);
#2938=ORIENTED_EDGE('',*,*,#1960,.T.);
#2939=ORIENTED_EDGE('',*,*,#1878,.T.);
#2940=ORIENTED_EDGE('',*,*,#1926,.T.);
#2941=ORIENTED_EDGE('',*,*,#1990,.T.);
#2942=ORIENTED_EDGE('',*,*,#1963,.T.);
#2943=ORIENTED_EDGE('',*,*,#1882,.T.);
#2944=ORIENTED_EDGE('',*,*,#1929,.T.);
#2945=ORIENTED_EDGE('',*,*,#1988,.T.);
#2946=ORIENTED_EDGE('',*,*,#1966,.T.);
#2947=ORIENTED_EDGE('',*,*,#1886,.T.);
#2948=ORIENTED_EDGE('',*,*,#1932,.T.);
#2949=ORIENTED_EDGE('',*,*,#1986,.T.);
#2950=ORIENTED_EDGE('',*,*,#1974,.T.);
#2951=ORIENTED_EDGE('',*,*,#1890,.T.);
#2952=ORIENTED_EDGE('',*,*,#1935,.T.);
#2953=ORIENTED_EDGE('',*,*,#1984,.T.);
#2954=ORIENTED_EDGE('',*,*,#1977,.T.);
#2955=ORIENTED_EDGE('',*,*,#1894,.T.);
#2956=ORIENTED_EDGE('',*,*,#1938,.T.);
#2957=ORIENTED_EDGE('',*,*,#1982,.T.);
#2958=ORIENTED_EDGE('',*,*,#1971,.T.);
#2959=ORIENTED_EDGE('',*,*,#1898,.T.);
#2960=ORIENTED_EDGE('',*,*,#1969,.T.);
#2961=ORIENTED_EDGE('',*,*,#2006,.F.);
#2962=ORIENTED_EDGE('',*,*,#2007,.F.);
#2963=ORIENTED_EDGE('',*,*,#1839,.T.);
#2964=ORIENTED_EDGE('',*,*,#1844,.T.);
#2965=ORIENTED_EDGE('',*,*,#1902,.T.);
#2966=ORIENTED_EDGE('',*,*,#2008,.T.);
#2967=ORIENTED_EDGE('',*,*,#1978,.T.);
#2968=ORIENTED_EDGE('',*,*,#1774,.T.);
#2969=ORIENTED_EDGE('',*,*,#1979,.F.);
#2970=ORIENTED_EDGE('',*,*,#2008,.F.);
#2971=ORIENTED_EDGE('',*,*,#1901,.T.);
#2972=ORIENTED_EDGE('',*,*,#2009,.F.);
#2973=ORIENTED_EDGE('',*,*,#2007,.T.);
#2974=ORIENTED_EDGE('',*,*,#2005,.T.);
#2975=ORIENTED_EDGE('',*,*,#1980,.T.);
#2976=ORIENTED_EDGE('',*,*,#1742,.T.);
#2977=ORIENTED_EDGE('',*,*,#1900,.T.);
#2978=ORIENTED_EDGE('',*,*,#1970,.F.);
#2979=ORIENTED_EDGE('',*,*,#2010,.F.);
#2980=ORIENTED_EDGE('',*,*,#2011,.F.);
#2981=ORIENTED_EDGE('',*,*,#2012,.T.);
#2982=ORIENTED_EDGE('',*,*,#2009,.T.);
#2983=ORIENTED_EDGE('',*,*,#2012,.F.);
#2984=ORIENTED_EDGE('',*,*,#2013,.F.);
#2985=ORIENTED_EDGE('',*,*,#2010,.T.);
#2986=ORIENTED_EDGE('',*,*,#2011,.T.);
#2987=ORIENTED_EDGE('',*,*,#2013,.T.);
#2988=ORIENTED_EDGE('',*,*,#2014,.F.);
#2989=ORIENTED_EDGE('',*,*,#2015,.F.);
#2990=ORIENTED_EDGE('',*,*,#2016,.F.);
#2991=ORIENTED_EDGE('',*,*,#2017,.F.);
#2992=ORIENTED_EDGE('',*,*,#2018,.T.);
#2993=ORIENTED_EDGE('',*,*,#2014,.T.);
#2994=ORIENTED_EDGE('',*,*,#2015,.T.);
#2995=ORIENTED_EDGE('',*,*,#2018,.F.);
#2996=ORIENTED_EDGE('',*,*,#2019,.T.);
#2997=ORIENTED_EDGE('',*,*,#2016,.T.);
#2998=ORIENTED_EDGE('',*,*,#2017,.T.);
#2999=ORIENTED_EDGE('',*,*,#2019,.F.);
#3000=CYLINDRICAL_SURFACE('',#3246,5.54863);
#3001=CYLINDRICAL_SURFACE('',#3248,5.54863);
#3002=CYLINDRICAL_SURFACE('',#3249,5.54863);
#3003=CYLINDRICAL_SURFACE('',#3250,5.54863);
#3004=CYLINDRICAL_SURFACE('',#3251,5.54863);
#3005=CYLINDRICAL_SURFACE('',#3253,5.9563);
#3006=CYLINDRICAL_SURFACE('',#3255,5.9563);
#3007=CYLINDRICAL_SURFACE('',#3256,5.9563);
#3008=CYLINDRICAL_SURFACE('',#3257,5.9563);
#3009=CYLINDRICAL_SURFACE('',#3258,5.9563);
#3010=CYLINDRICAL_SURFACE('',#3263,8.2);
#3011=CYLINDRICAL_SURFACE('',#3319,6.45);
#3012=CYLINDRICAL_SURFACE('',#3323,5.9563);
#3013=CYLINDRICAL_SURFACE('',#3341,5.54863);
#3014=CYLINDRICAL_SURFACE('',#3345,5.46989);
#3015=CYLINDRICAL_SURFACE('',#3347,5.46989);
#3016=CYLINDRICAL_SURFACE('',#3348,5.46989);
#3017=CYLINDRICAL_SURFACE('',#3349,5.46989);
#3018=CYLINDRICAL_SURFACE('',#3350,5.46989);
#3019=CYLINDRICAL_SURFACE('',#3351,5.46989);
#3020=CYLINDRICAL_SURFACE('',#3352,5.46989);
#3021=CYLINDRICAL_SURFACE('',#3353,5.46989);
#3022=CYLINDRICAL_SURFACE('',#3354,5.46989);
#3023=CYLINDRICAL_SURFACE('',#3355,5.46989);
#3024=CYLINDRICAL_SURFACE('',#3356,5.46989);
#3025=CYLINDRICAL_SURFACE('',#3357,5.46989);
#3026=CYLINDRICAL_SURFACE('',#3358,0.1);
#3027=CYLINDRICAL_SURFACE('',#3364,0.1);
#3028=CYLINDRICAL_SURFACE('',#3366,0.1);
#3029=CYLINDRICAL_SURFACE('',#3372,0.1);
#3030=CYLINDRICAL_SURFACE('',#3388,5.7);
#3031=CYLINDRICAL_SURFACE('',#3398,5.92201);
#3032=CYLINDRICAL_SURFACE('',#3424,5.92201);
#3033=CYLINDRICAL_SURFACE('',#3426,5.92201);
#3034=CYLINDRICAL_SURFACE('',#3427,5.92201);
#3035=CYLINDRICAL_SURFACE('',#3428,5.92201);
#3036=CYLINDRICAL_SURFACE('',#3429,5.92201);
#3037=CYLINDRICAL_SURFACE('',#3430,5.92201);
#3038=CYLINDRICAL_SURFACE('',#3431,5.92201);
#3039=CYLINDRICAL_SURFACE('',#3432,5.92201);
#3040=CYLINDRICAL_SURFACE('',#3433,5.92201);
#3041=CYLINDRICAL_SURFACE('',#3434,5.92201);
#3042=CYLINDRICAL_SURFACE('',#3435,5.92201);
#3043=CYLINDRICAL_SURFACE('',#3436,5.92201);
#3044=CYLINDRICAL_SURFACE('',#3437,5.92201);
#3045=CYLINDRICAL_SURFACE('',#3438,5.92201);
#3046=CYLINDRICAL_SURFACE('',#3439,5.92201);
#3047=CYLINDRICAL_SURFACE('',#3440,5.92201);
#3048=CYLINDRICAL_SURFACE('',#3441,5.92201);
#3049=CYLINDRICAL_SURFACE('',#3442,5.92201);
#3050=CYLINDRICAL_SURFACE('',#3443,5.92201);
#3051=CYLINDRICAL_SURFACE('',#3444,5.92201);
#3052=CYLINDRICAL_SURFACE('',#3445,5.92201);
#3053=CYLINDRICAL_SURFACE('',#3446,5.92201);
#3054=CYLINDRICAL_SURFACE('',#3447,5.92201);
#3055=CYLINDRICAL_SURFACE('',#3448,5.92201);
#3056=CYLINDRICAL_SURFACE('',#3451,5.46989);
#3057=CYLINDRICAL_SURFACE('',#3454,7.36191852351472);
#3058=CYLINDRICAL_SURFACE('',#3459,4.48340483129942);
#3059=ADVANCED_FACE('',(#169),#3000,.F.);
#3060=ADVANCED_FACE('',(#170),#3001,.F.);
#3061=ADVANCED_FACE('',(#171),#3002,.F.);
#3062=ADVANCED_FACE('',(#172),#3003,.F.);
#3063=ADVANCED_FACE('',(#173),#3004,.F.);
#3064=ADVANCED_FACE('',(#174),#3005,.F.);
#3065=ADVANCED_FACE('',(#175),#3006,.F.);
#3066=ADVANCED_FACE('',(#176),#3007,.F.);
#3067=ADVANCED_FACE('',(#177),#3008,.F.);
#3068=ADVANCED_FACE('',(#178),#3009,.F.);
#3069=ADVANCED_FACE('',(#179,#74),#84,.F.);
#3070=ADVANCED_FACE('',(#180),#55,.T.);
#3071=ADVANCED_FACE('',(#181),#85,.T.);
#3072=ADVANCED_FACE('',(#182),#3010,.T.);
#3073=ADVANCED_FACE('',(#183),#86,.T.);
#3074=ADVANCED_FACE('',(#184),#56,.T.);
#3075=ADVANCED_FACE('',(#185),#87,.T.);
#3076=ADVANCED_FACE('',(#186),#88,.T.);
#3077=ADVANCED_FACE('',(#187),#57,.T.);
#3078=ADVANCED_FACE('',(#188),#89,.T.);
#3079=ADVANCED_FACE('',(#189),#90,.T.);
#3080=ADVANCED_FACE('',(#190),#58,.T.);
#3081=ADVANCED_FACE('',(#191),#91,.T.);
#3082=ADVANCED_FACE('',(#192),#92,.T.);
#3083=ADVANCED_FACE('',(#193),#59,.T.);
#3084=ADVANCED_FACE('',(#194),#93,.T.);
#3085=ADVANCED_FACE('',(#195),#94,.T.);
#3086=ADVANCED_FACE('',(#196),#60,.T.);
#3087=ADVANCED_FACE('',(#197),#95,.T.);
#3088=ADVANCED_FACE('',(#198),#96,.T.);
#3089=ADVANCED_FACE('',(#199),#61,.T.);
#3090=ADVANCED_FACE('',(#200),#97,.T.);
#3091=ADVANCED_FACE('',(#201),#98,.T.);
#3092=ADVANCED_FACE('',(#202),#62,.T.);
#3093=ADVANCED_FACE('',(#203),#99,.T.);
#3094=ADVANCED_FACE('',(#204),#100,.T.);
#3095=ADVANCED_FACE('',(#205),#63,.T.);
#3096=ADVANCED_FACE('',(#206),#101,.T.);
#3097=ADVANCED_FACE('',(#207),#102,.T.);
#3098=ADVANCED_FACE('',(#208),#64,.T.);
#3099=ADVANCED_FACE('',(#209),#103,.T.);
#3100=ADVANCED_FACE('',(#210),#104,.T.);
#3101=ADVANCED_FACE('',(#211),#65,.T.);
#3102=ADVANCED_FACE('',(#212),#105,.T.);
#3103=ADVANCED_FACE('',(#213),#106,.T.);
#3104=ADVANCED_FACE('',(#214),#66,.T.);
#3105=ADVANCED_FACE('',(#215),#107,.T.);
#3106=ADVANCED_FACE('',(#216),#108,.T.);
#3107=ADVANCED_FACE('',(#217),#67,.T.);
#3108=ADVANCED_FACE('',(#218),#109,.T.);
#3109=ADVANCED_FACE('',(#219),#110,.T.);
#3110=ADVANCED_FACE('',(#220),#68,.T.);
#3111=ADVANCED_FACE('',(#221),#111,.T.);
#3112=ADVANCED_FACE('',(#222),#3011,.F.);
#3113=ADVANCED_FACE('',(#223),#112,.T.);
#3114=ADVANCED_FACE('',(#224),#3012,.F.);
#3115=ADVANCED_FACE('',(#225),#69,.F.);
#3116=ADVANCED_FACE('',(#226),#70,.F.);
#3117=ADVANCED_FACE('',(#227,#75),#113,.T.);
#3118=ADVANCED_FACE('',(#228),#49,.T.);
#3119=ADVANCED_FACE('',(#229),#50,.T.);
#3120=ADVANCED_FACE('',(#230),#51,.T.);
#3121=ADVANCED_FACE('',(#231),#52,.T.);
#3122=ADVANCED_FACE('',(#232),#53,.T.);
#3123=ADVANCED_FACE('',(#233),#54,.T.);
#3124=ADVANCED_FACE('',(#234),#114,.T.);
#3125=ADVANCED_FACE('',(#235),#115,.T.);
#3126=ADVANCED_FACE('',(#236),#116,.T.);
#3127=ADVANCED_FACE('',(#237),#117,.T.);
#3128=ADVANCED_FACE('',(#238),#3013,.F.);
#3129=ADVANCED_FACE('',(#239),#118,.T.);
#3130=ADVANCED_FACE('',(#240),#119,.T.);
#3131=ADVANCED_FACE('',(#241,#76),#120,.F.);
#3132=ADVANCED_FACE('',(#242),#3014,.T.);
#3133=ADVANCED_FACE('',(#243),#3015,.T.);
#3134=ADVANCED_FACE('',(#244),#3016,.T.);
#3135=ADVANCED_FACE('',(#245),#3017,.T.);
#3136=ADVANCED_FACE('',(#246),#3018,.T.);
#3137=ADVANCED_FACE('',(#247),#3019,.T.);
#3138=ADVANCED_FACE('',(#248),#3020,.T.);
#3139=ADVANCED_FACE('',(#249),#3021,.T.);
#3140=ADVANCED_FACE('',(#250),#3022,.T.);
#3141=ADVANCED_FACE('',(#251),#3023,.T.);
#3142=ADVANCED_FACE('',(#252),#3024,.T.);
#3143=ADVANCED_FACE('',(#253),#3025,.T.);
#3144=ADVANCED_FACE('',(#254),#3026,.T.);
#3145=ADVANCED_FACE('',(#255,#77),#121,.T.);
#3146=ADVANCED_FACE('',(#256),#122,.T.);
#3147=ADVANCED_FACE('',(#257),#3027,.T.);
#3148=ADVANCED_FACE('',(#258),#3028,.T.);
#3149=ADVANCED_FACE('',(#259),#123,.T.);
#3150=ADVANCED_FACE('',(#260,#78),#124,.T.);
#3151=ADVANCED_FACE('',(#261),#3029,.T.);
#3152=ADVANCED_FACE('',(#262,#79),#125,.T.);
#3153=ADVANCED_FACE('',(#263),#126,.T.);
#3154=ADVANCED_FACE('',(#264),#127,.F.);
#3155=ADVANCED_FACE('',(#265),#128,.F.);
#3156=ADVANCED_FACE('',(#266),#129,.F.);
#3157=ADVANCED_FACE('',(#267),#130,.F.);
#3158=ADVANCED_FACE('',(#268),#131,.F.);
#3159=ADVANCED_FACE('',(#269),#132,.F.);
#3160=ADVANCED_FACE('',(#270),#133,.F.);
#3161=ADVANCED_FACE('',(#271),#134,.F.);
#3162=ADVANCED_FACE('',(#272),#135,.T.);
#3163=ADVANCED_FACE('',(#273,#80),#136,.T.);
#3164=ADVANCED_FACE('',(#274),#137,.T.);
#3165=ADVANCED_FACE('',(#275),#138,.T.);
#3166=ADVANCED_FACE('',(#276),#3030,.T.);
#3167=ADVANCED_FACE('',(#277),#139,.T.);
#3168=ADVANCED_FACE('',(#278),#140,.T.);
#3169=ADVANCED_FACE('',(#279),#141,.F.);
#3170=ADVANCED_FACE('',(#280),#71,.F.);
#3171=ADVANCED_FACE('',(#281),#3031,.T.);
#3172=ADVANCED_FACE('',(#282),#142,.F.);
#3173=ADVANCED_FACE('',(#283),#143,.F.);
#3174=ADVANCED_FACE('',(#284),#144,.F.);
#3175=ADVANCED_FACE('',(#285),#145,.F.);
#3176=ADVANCED_FACE('',(#286),#146,.F.);
#3177=ADVANCED_FACE('',(#287),#147,.F.);
#3178=ADVANCED_FACE('',(#288),#148,.F.);
#3179=ADVANCED_FACE('',(#289),#149,.F.);
#3180=ADVANCED_FACE('',(#290),#150,.F.);
#3181=ADVANCED_FACE('',(#291),#151,.F.);
#3182=ADVANCED_FACE('',(#292),#152,.F.);
#3183=ADVANCED_FACE('',(#293),#153,.F.);
#3184=ADVANCED_FACE('',(#294),#154,.F.);
#3185=ADVANCED_FACE('',(#295),#155,.F.);
#3186=ADVANCED_FACE('',(#296),#156,.F.);
#3187=ADVANCED_FACE('',(#297),#157,.F.);
#3188=ADVANCED_FACE('',(#298),#158,.F.);
#3189=ADVANCED_FACE('',(#299),#159,.F.);
#3190=ADVANCED_FACE('',(#300),#160,.F.);
#3191=ADVANCED_FACE('',(#301),#161,.F.);
#3192=ADVANCED_FACE('',(#302),#162,.F.);
#3193=ADVANCED_FACE('',(#303),#163,.F.);
#3194=ADVANCED_FACE('',(#304),#164,.F.);
#3195=ADVANCED_FACE('',(#305),#165,.F.);
#3196=ADVANCED_FACE('',(#306,#81,#82),#166,.T.);
#3197=ADVANCED_FACE('',(#307),#72,.F.);
#3198=ADVANCED_FACE('',(#308),#3032,.T.);
#3199=ADVANCED_FACE('',(#309),#3033,.T.);
#3200=ADVANCED_FACE('',(#310),#3034,.T.);
#3201=ADVANCED_FACE('',(#311),#3035,.T.);
#3202=ADVANCED_FACE('',(#312),#3036,.T.);
#3203=ADVANCED_FACE('',(#313),#3037,.T.);
#3204=ADVANCED_FACE('',(#314),#3038,.T.);
#3205=ADVANCED_FACE('',(#315),#3039,.T.);
#3206=ADVANCED_FACE('',(#316),#3040,.T.);
#3207=ADVANCED_FACE('',(#317),#3041,.T.);
#3208=ADVANCED_FACE('',(#318),#3042,.T.);
#3209=ADVANCED_FACE('',(#319),#3043,.T.);
#3210=ADVANCED_FACE('',(#320),#3044,.T.);
#3211=ADVANCED_FACE('',(#321),#3045,.T.);
#3212=ADVANCED_FACE('',(#322),#3046,.T.);
#3213=ADVANCED_FACE('',(#323),#3047,.T.);
#3214=ADVANCED_FACE('',(#324),#3048,.T.);
#3215=ADVANCED_FACE('',(#325),#3049,.T.);
#3216=ADVANCED_FACE('',(#326),#3050,.T.);
#3217=ADVANCED_FACE('',(#327),#3051,.T.);
#3218=ADVANCED_FACE('',(#328),#3052,.T.);
#3219=ADVANCED_FACE('',(#329),#3053,.T.);
#3220=ADVANCED_FACE('',(#330),#3054,.T.);
#3221=ADVANCED_FACE('',(#331),#3055,.T.);
#3222=ADVANCED_FACE('',(#332),#73,.F.);
#3223=ADVANCED_FACE('',(#333),#167,.T.);
#3224=ADVANCED_FACE('',(#334),#3056,.T.);
#3225=ADVANCED_FACE('',(#335,#83),#168,.T.);
#3226=ADVANCED_FACE('',(#336),#3057,.T.);
#3227=ADVANCED_FACE('',(#337),#15,.T.);
#3228=ADVANCED_FACE('',(#338),#3058,.T.);
#3229=ADVANCED_FACE('',(#339),#16,.F.);
#3230=CLOSED_SHELL('',(#3059,#3060,#3061,#3062,#3063,#3064,#3065,#3066,
#3067,#3068,#3069,#3070,#3071,#3072,#3073,#3074,#3075,#3076,#3077,#3078,
#3079,#3080,#3081,#3082,#3083,#3084,#3085,#3086,#3087,#3088,#3089,#3090,
#3091,#3092,#3093,#3094,#3095,#3096,#3097,#3098,#3099,#3100,#3101,#3102,
#3103,#3104,#3105,#3106,#3107,#3108,#3109,#3110,#3111,#3112,#3113,#3114,
#3115,#3116,#3117,#3118,#3119,#3120,#3121,#3122,#3123,#3124,#3125,#3126,
#3127,#3128,#3129,#3130,#3131));
#3231=CLOSED_SHELL('',(#3132,#3133,#3134,#3135,#3136,#3137,#3138,#3139,
#3140,#3141,#3142,#3143,#3144,#3145,#3146,#3147,#3148,#3149,#3150,#3151,
#3152,#3153,#3154,#3155,#3156,#3157,#3158,#3159,#3160,#3161,#3162,#3163,
#3164,#3165,#3166,#3167,#3168,#3169,#3170,#3171,#3172,#3173,#3174,#3175,
#3176,#3177,#3178,#3179,#3180,#3181,#3182,#3183,#3184,#3185,#3186,#3187,
#3188,#3189,#3190,#3191,#3192,#3193,#3194,#3195,#3196,#3197,#3198,#3199,
#3200,#3201,#3202,#3203,#3204,#3205,#3206,#3207,#3208,#3209,#3210,#3211,
#3212,#3213,#3214,#3215,#3216,#3217,#3218,#3219,#3220,#3221,#3222,#3223,
#3224,#3225,#3226,#3227,#3228,#3229));
#3232=DERIVED_UNIT_ELEMENT(#3234,1.);
#3233=DERIVED_UNIT_ELEMENT(#12250,-3.);
#3234=(
MASS_UNIT()
NAMED_UNIT(*)
SI_UNIT(.KILO.,.GRAM.)
);
#3235=DERIVED_UNIT((#3232,#3233));
#3236=MEASURE_REPRESENTATION_ITEM('density measure',
POSITIVE_RATIO_MEASURE(7850.),#3235);
#3237=PROPERTY_DEFINITION_REPRESENTATION(#3242,#3239);
#3238=PROPERTY_DEFINITION_REPRESENTATION(#3243,#3240);
#3239=REPRESENTATION('material name',(#3241),#12247);
#3240=REPRESENTATION('density',(#3236),#12247);
#3241=DESCRIPTIVE_REPRESENTATION_ITEM('Stahl','Stahl');
#3242=PROPERTY_DEFINITION('material property','material name',#12262);
#3243=PROPERTY_DEFINITION('material property','density of part',#12262);
#3244=AXIS2_PLACEMENT_3D('',#4109,#3464,#3465);
#3245=AXIS2_PLACEMENT_3D('',#4110,#3466,#3467);
#3246=AXIS2_PLACEMENT_3D('',#4111,#3468,#3469);
#3247=AXIS2_PLACEMENT_3D('',#4142,#3471,#3472);
#3248=AXIS2_PLACEMENT_3D('',#4180,#3473,#3474);
#3249=AXIS2_PLACEMENT_3D('',#4270,#3476,#3477);
#3250=AXIS2_PLACEMENT_3D('',#4360,#3479,#3480);
#3251=AXIS2_PLACEMENT_3D('',#4450,#3482,#3483);
#3252=AXIS2_PLACEMENT_3D('',#4466,#3485,#3486);
#3253=AXIS2_PLACEMENT_3D('',#4489,#3487,#3488);
#3254=AXIS2_PLACEMENT_3D('',#4508,#3490,#3491);
#3255=AXIS2_PLACEMENT_3D('',#4524,#3492,#3493);
#3256=AXIS2_PLACEMENT_3D('',#4561,#3495,#3496);
#3257=AXIS2_PLACEMENT_3D('',#4599,#3498,#3499);
#3258=AXIS2_PLACEMENT_3D('',#4637,#3501,#3502);
#3259=AXIS2_PLACEMENT_3D('',#4649,#3504,#3505);
#3260=AXIS2_PLACEMENT_3D('',#4658,#3506,#3507);
#3261=AXIS2_PLACEMENT_3D('',#4660,#3508,#3509);
#3262=AXIS2_PLACEMENT_3D('',#4706,#3517,#3518);
#3263=AXIS2_PLACEMENT_3D('',#4712,#3522,#3523);
#3264=AXIS2_PLACEMENT_3D('',#4714,#3524,#3525);
#3265=AXIS2_PLACEMENT_3D('',#4723,#3527,#3528);
#3266=AXIS2_PLACEMENT_3D('',#4732,#3530,#3531);
#3267=AXIS2_PLACEMENT_3D('',#4741,#3533,#3534);
#3268=AXIS2_PLACEMENT_3D('',#4750,#3536,#3537);
#3269=AXIS2_PLACEMENT_3D('',#4759,#3539,#3540);
#3270=AXIS2_PLACEMENT_3D('',#4768,#3542,#3543);
#3271=AXIS2_PLACEMENT_3D('',#4777,#3545,#3546);
#3272=AXIS2_PLACEMENT_3D('',#4786,#3548,#3549);
#3273=AXIS2_PLACEMENT_3D('',#4795,#3551,#3552);
#3274=AXIS2_PLACEMENT_3D('',#4798,#3554,#3555);
#3275=AXIS2_PLACEMENT_3D('',#4807,#3557,#3558);
#3276=AXIS2_PLACEMENT_3D('',#4816,#3560,#3561);
#3277=AXIS2_PLACEMENT_3D('',#4825,#3563,#3564);
#3278=AXIS2_PLACEMENT_3D('',#4833,#3566,#3567);
#3279=AXIS2_PLACEMENT_3D('',#4834,#3568,#3569);
#3280=AXIS2_PLACEMENT_3D('',#4836,#3570,#3571);
#3281=AXIS2_PLACEMENT_3D('',#4865,#3574,#3575);
#3282=AXIS2_PLACEMENT_3D('',#4867,#3577,#3578);
#3283=AXIS2_PLACEMENT_3D('',#4869,#3579,#3580);
#3284=AXIS2_PLACEMENT_3D('',#4898,#3583,#3584);
#3285=AXIS2_PLACEMENT_3D('',#4900,#3586,#3587);
#3286=AXIS2_PLACEMENT_3D('',#4902,#3588,#3589);
#3287=AXIS2_PLACEMENT_3D('',#4931,#3592,#3593);
#3288=AXIS2_PLACEMENT_3D('',#4933,#3595,#3596);
#3289=AXIS2_PLACEMENT_3D('',#4935,#3597,#3598);
#3290=AXIS2_PLACEMENT_3D('',#4964,#3601,#3602);
#3291=AXIS2_PLACEMENT_3D('',#4966,#3604,#3605);
#3292=AXIS2_PLACEMENT_3D('',#4968,#3606,#3607);
#3293=AXIS2_PLACEMENT_3D('',#4997,#3610,#3611);
#3294=AXIS2_PLACEMENT_3D('',#4999,#3613,#3614);
#3295=AXIS2_PLACEMENT_3D('',#5001,#3615,#3616);
#3296=AXIS2_PLACEMENT_3D('',#5030,#3619,#3620);
#3297=AXIS2_PLACEMENT_3D('',#5032,#3622,#3623);
#3298=AXIS2_PLACEMENT_3D('',#5034,#3624,#3625);
#3299=AXIS2_PLACEMENT_3D('',#5063,#3628,#3629);
#3300=AXIS2_PLACEMENT_3D('',#5065,#3631,#3632);
#3301=AXIS2_PLACEMENT_3D('',#5067,#3633,#3634);
#3302=AXIS2_PLACEMENT_3D('',#5096,#3637,#3638);
#3303=AXIS2_PLACEMENT_3D('',#5098,#3640,#3641);
#3304=AXIS2_PLACEMENT_3D('',#5100,#3642,#3643);
#3305=AXIS2_PLACEMENT_3D('',#5129,#3646,#3647);
#3306=AXIS2_PLACEMENT_3D('',#5131,#3649,#3650);
#3307=AXIS2_PLACEMENT_3D('',#5133,#3651,#3652);
#3308=AXIS2_PLACEMENT_3D('',#5135,#3653,#3654);
#3309=AXIS2_PLACEMENT_3D('',#5164,#3657,#3658);
#3310=AXIS2_PLACEMENT_3D('',#5166,#3660,#3661);
#3311=AXIS2_PLACEMENT_3D('',#5168,#3662,#3663);
#3312=AXIS2_PLACEMENT_3D('',#5197,#3666,#3667);
#3313=AXIS2_PLACEMENT_3D('',#5199,#3669,#3670);
#3314=AXIS2_PLACEMENT_3D('',#5201,#3671,#3672);
#3315=AXIS2_PLACEMENT_3D('',#5230,#3675,#3676);
#3316=AXIS2_PLACEMENT_3D('',#5232,#3678,#3679);
#3317=AXIS2_PLACEMENT_3D('',#5234,#3680,#3681);
#3318=AXIS2_PLACEMENT_3D('',#5260,#3685,#3686);
#3319=AXIS2_PLACEMENT_3D('',#5262,#3688,#3689);
#3320=AXIS2_PLACEMENT_3D('',#5263,#3690,#3691);
#3321=AXIS2_PLACEMENT_3D('',#5266,#3693,#3694);
#3322=AXIS2_PLACEMENT_3D('',#5267,#3695,#3696);
#3323=AXIS2_PLACEMENT_3D('',#5268,#3697,#3698);
#3324=AXIS2_PLACEMENT_3D('',#6338,#3699,#3700);
#3325=AXIS2_PLACEMENT_3D('',#6341,#3701,#3702);
#3326=AXIS2_PLACEMENT_3D('',#6345,#3704,#3705);
#3327=AXIS2_PLACEMENT_3D('',#6349,#3707,#3708);
#3328=AXIS2_PLACEMENT_3D('',#6353,#3710,#3711);
#3329=AXIS2_PLACEMENT_3D('',#6357,#3713,#3714);
#3330=AXIS2_PLACEMENT_3D('',#6361,#3716,#3717);
#3331=AXIS2_PLACEMENT_3D('',#6363,#3719,#3720);
#3332=AXIS2_PLACEMENT_3D('',#6371,#3721,#3722);
#3333=AXIS2_PLACEMENT_3D('',#6379,#3723,#3724);
#3334=AXIS2_PLACEMENT_3D('',#6387,#3725,#3726);
#3335=AXIS2_PLACEMENT_3D('',#6395,#3727,#3728);
#3336=AXIS2_PLACEMENT_3D('',#6403,#3729,#3730);
#3337=AXIS2_PLACEMENT_3D('',#6411,#3731,#3732);
#3338=AXIS2_PLACEMENT_3D('',#6414,#3735,#3736);
#3339=AXIS2_PLACEMENT_3D('',#6416,#3738,#3739);
#3340=AXIS2_PLACEMENT_3D('',#6418,#3741,#3742);
#3341=AXIS2_PLACEMENT_3D('',#6420,#3744,#3745);
#3342=AXIS2_PLACEMENT_3D('',#6421,#3746,#3747);
#3343=AXIS2_PLACEMENT_3D('',#6423,#3749,#3750);
#3344=AXIS2_PLACEMENT_3D('',#6424,#3751,#3752);
#3345=AXIS2_PLACEMENT_3D('',#6425,#3753,#3754);
#3346=AXIS2_PLACEMENT_3D('',#6445,#3756,#3757);
#3347=AXIS2_PLACEMENT_3D('',#6457,#3758,#3759);
#3348=AXIS2_PLACEMENT_3D('',#6495,#3761,#3762);
#3349=AXIS2_PLACEMENT_3D('',#6532,#3764,#3765);
#3350=AXIS2_PLACEMENT_3D('',#6569,#3767,#3768);
#3351=AXIS2_PLACEMENT_3D('',#6607,#3770,#3771);
#3352=AXIS2_PLACEMENT_3D('',#6645,#3773,#3774);
#3353=AXIS2_PLACEMENT_3D('',#6681,#3776,#3777);
#3354=AXIS2_PLACEMENT_3D('',#6719,#3779,#3780);
#3355=AXIS2_PLACEMENT_3D('',#6756,#3782,#3783);
#3356=AXIS2_PLACEMENT_3D('',#6793,#3785,#3786);
#3357=AXIS2_PLACEMENT_3D('',#6831,#3788,#3789);
#3358=AXIS2_PLACEMENT_3D('',#6868,#3791,#3792);
#3359=AXIS2_PLACEMENT_3D('',#6871,#3793,#3794);
#3360=AXIS2_PLACEMENT_3D('',#6875,#3796,#3797);
#3361=AXIS2_PLACEMENT_3D('',#6877,#3799,#3800);
#3362=AXIS2_PLACEMENT_3D('',#6881,#3802,#3803);
#3363=AXIS2_PLACEMENT_3D('',#6895,#3811,#3812);
#3364=AXIS2_PLACEMENT_3D('',#6899,#3815,#3816);
#3365=AXIS2_PLACEMENT_3D('',#6901,#3817,#3818);
#3366=AXIS2_PLACEMENT_3D('',#6903,#3820,#3821);
#3367=AXIS2_PLACEMENT_3D('',#6906,#3822,#3823);
#3368=AXIS2_PLACEMENT_3D('',#6910,#3825,#3826);
#3369=AXIS2_PLACEMENT_3D('',#6912,#3828,#3829);
#3370=AXIS2_PLACEMENT_3D('',#6918,#3833,#3834);
#3371=AXIS2_PLACEMENT_3D('',#6925,#3838,#3839);
#3372=AXIS2_PLACEMENT_3D('',#6934,#3844,#3845);
#3373=AXIS2_PLACEMENT_3D('',#6936,#3846,#3847);
#3374=AXIS2_PLACEMENT_3D('',#6938,#3849,#3850);
#3375=AXIS2_PLACEMENT_3D('',#6952,#3858,#3859);
#3376=AXIS2_PLACEMENT_3D('',#6954,#3861,#3862);
#3377=AXIS2_PLACEMENT_3D('',#6957,#3865,#3866);
#3378=AXIS2_PLACEMENT_3D('',#6963,#3870,#3871);
#3379=AXIS2_PLACEMENT_3D('',#6965,#3873,#3874);
#3380=AXIS2_PLACEMENT_3D('',#6969,#3877,#3878);
#3381=AXIS2_PLACEMENT_3D('',#6971,#3880,#3881);
#3382=AXIS2_PLACEMENT_3D('',#6972,#3882,#3883);
#3383=AXIS2_PLACEMENT_3D('',#6976,#3886,#3887);
#3384=AXIS2_PLACEMENT_3D('',#6978,#3889,#3890);
#3385=AXIS2_PLACEMENT_3D('',#6982,#3893,#3894);
#3386=AXIS2_PLACEMENT_3D('',#6986,#3897,#3898);
#3387=AXIS2_PLACEMENT_3D('',#6988,#3900,#3901);
#3388=AXIS2_PLACEMENT_3D('',#6990,#3903,#3904);
#3389=AXIS2_PLACEMENT_3D('',#6992,#3905,#3906);
#3390=AXIS2_PLACEMENT_3D('',#6996,#3908,#3909);
#3391=AXIS2_PLACEMENT_3D('',#7009,#3910,#3911);
#3392=AXIS2_PLACEMENT_3D('',#7011,#3912,#3913);
#3393=AXIS2_PLACEMENT_3D('',#7020,#3914,#3915);
#3394=AXIS2_PLACEMENT_3D('',#7021,#3916,#3917);
#3395=AXIS2_PLACEMENT_3D('',#7081,#3919,#3920);
#3396=AXIS2_PLACEMENT_3D('',#7116,#3921,#3922);
#3397=AXIS2_PLACEMENT_3D('',#7126,#3924,#3925);
#3398=AXIS2_PLACEMENT_3D('',#9298,#3926,#3927);
#3399=AXIS2_PLACEMENT_3D('',#9311,#3929,#3930);
#3400=AXIS2_PLACEMENT_3D('',#9340,#3932,#3933);
#3401=AXIS2_PLACEMENT_3D('',#9403,#3936,#3937);
#3402=AXIS2_PLACEMENT_3D('',#9466,#3940,#3941);
#3403=AXIS2_PLACEMENT_3D('',#9526,#3944,#3945);
#3404=AXIS2_PLACEMENT_3D('',#9586,#3948,#3949);
#3405=AXIS2_PLACEMENT_3D('',#9617,#3952,#3953);
#3406=AXIS2_PLACEMENT_3D('',#9680,#3956,#3957);
#3407=AXIS2_PLACEMENT_3D('',#9711,#3960,#3961);
#3408=AXIS2_PLACEMENT_3D('',#9742,#3964,#3965);
#3409=AXIS2_PLACEMENT_3D('',#9802,#3968,#3969);
#3410=AXIS2_PLACEMENT_3D('',#9833,#3972,#3973);
#3411=AXIS2_PLACEMENT_3D('',#9864,#3976,#3977);
#3412=AXIS2_PLACEMENT_3D('',#9924,#3980,#3981);
#3413=AXIS2_PLACEMENT_3D('',#9987,#3984,#3985);
#3414=AXIS2_PLACEMENT_3D('',#10018,#3988,#3989);
#3415=AXIS2_PLACEMENT_3D('',#10081,#3992,#3993);
#3416=AXIS2_PLACEMENT_3D('',#10141,#3996,#3997);
#3417=AXIS2_PLACEMENT_3D('',#10172,#4000,#4001);
#3418=AXIS2_PLACEMENT_3D('',#10203,#4004,#4005);
#3419=AXIS2_PLACEMENT_3D('',#10234,#4008,#4009);
#3420=AXIS2_PLACEMENT_3D('',#10265,#4012,#4013);
#3421=AXIS2_PLACEMENT_3D('',#10312,#4017,#4018);
#3422=AXIS2_PLACEMENT_3D('',#10343,#4021,#4022);
#3423=AXIS2_PLACEMENT_3D('',#10374,#4025,#4026);
#3424=AXIS2_PLACEMENT_3D('',#11661,#4027,#4028);
#3425=AXIS2_PLACEMENT_3D('',#11663,#4029,#4030);
#3426=AXIS2_PLACEMENT_3D('',#11668,#4031,#4032);
#3427=AXIS2_PLACEMENT_3D('',#11669,#4033,#4034);
#3428=AXIS2_PLACEMENT_3D('',#11670,#4035,#4036);
#3429=AXIS2_PLACEMENT_3D('',#11671,#4037,#4038);
#3430=AXIS2_PLACEMENT_3D('',#11672,#4039,#4040);
#3431=AXIS2_PLACEMENT_3D('',#11673,#4041,#4042);
#3432=AXIS2_PLACEMENT_3D('',#11674,#4043,#4044);
#3433=AXIS2_PLACEMENT_3D('',#11675,#4045,#4046);
#3434=AXIS2_PLACEMENT_3D('',#11676,#4047,#4048);
#3435=AXIS2_PLACEMENT_3D('',#11677,#4049,#4050);
#3436=AXIS2_PLACEMENT_3D('',#11678,#4051,#4052);
#3437=AXIS2_PLACEMENT_3D('',#11679,#4053,#4054);
#3438=AXIS2_PLACEMENT_3D('',#11680,#4055,#4056);
#3439=AXIS2_PLACEMENT_3D('',#11681,#4057,#4058);
#3440=AXIS2_PLACEMENT_3D('',#11682,#4059,#4060);
#3441=AXIS2_PLACEMENT_3D('',#11683,#4061,#4062);
#3442=AXIS2_PLACEMENT_3D('',#11684,#4063,#4064);
#3443=AXIS2_PLACEMENT_3D('',#11685,#4065,#4066);
#3444=AXIS2_PLACEMENT_3D('',#11686,#4067,#4068);
#3445=AXIS2_PLACEMENT_3D('',#11687,#4069,#4070);
#3446=AXIS2_PLACEMENT_3D('',#11688,#4071,#4072);
#3447=AXIS2_PLACEMENT_3D('',#11689,#4073,#4074);
#3448=AXIS2_PLACEMENT_3D('',#11690,#4075,#4076);
#3449=AXIS2_PLACEMENT_3D('',#11741,#4077,#4078);
#3450=AXIS2_PLACEMENT_3D('',#11742,#4079,#4080);
#3451=AXIS2_PLACEMENT_3D('',#11743,#4081,#4082);
#3452=AXIS2_PLACEMENT_3D('',#11744,#4083,#4084);
#3453=AXIS2_PLACEMENT_3D('',#11746,#4085,#4086);
#3454=AXIS2_PLACEMENT_3D('',#11747,#4087,#4088);
#3455=AXIS2_PLACEMENT_3D('',#11750,#4089,#4090);
#3456=AXIS2_PLACEMENT_3D('',#11751,#4091,#4092);
#3457=AXIS2_PLACEMENT_3D('',#12205,#4094,#4095);
#3458=AXIS2_PLACEMENT_3D('',#12206,#4096,#4097);
#3459=AXIS2_PLACEMENT_3D('',#12207,#4098,#4099);
#3460=AXIS2_PLACEMENT_3D('',#12210,#4100,#4101);
#3461=AXIS2_PLACEMENT_3D('',#12211,#4102,#4103);
#3462=AXIS2_PLACEMENT_3D('',#12241,#4105,#4106);
#3463=AXIS2_PLACEMENT_3D('',#12242,#4107,#4108);
#3464=DIRECTION('axis',(0.,0.,1.));
#3465=DIRECTION('refdir',(1.,0.,0.));
#3466=DIRECTION('axis',(0.,0.,1.));
#3467=DIRECTION('refdir',(1.,0.,0.));
#3468=DIRECTION('center_axis',(0.,1.,0.));
#3469=DIRECTION('ref_axis',(0.928598222030204,0.,-0.371086704211218));
#3470=DIRECTION('',(0.,-1.,0.));
#3471=DIRECTION('center_axis',(0.,-1.,0.));
#3472=DIRECTION('ref_axis',(1.,0.,0.));
#3473=DIRECTION('center_axis',(0.,1.,0.));
#3474=DIRECTION('ref_axis',(1.,0.,0.));
#3475=DIRECTION('',(0.,-1.,0.));
#3476=DIRECTION('center_axis',(0.,1.,0.));
#3477=DIRECTION('ref_axis',(1.,0.,0.));
#3478=DIRECTION('',(0.,-1.,0.));
#3479=DIRECTION('center_axis',(0.,1.,0.));
#3480=DIRECTION('ref_axis',(1.,0.,0.));
#3481=DIRECTION('',(0.,-1.,0.));
#3482=DIRECTION('center_axis',(0.,1.,0.));
#3483=DIRECTION('ref_axis',(1.,0.,0.));
#3484=DIRECTION('',(0.,-1.,0.));
#3485=DIRECTION('center_axis',(0.,-1.,0.));
#3486=DIRECTION('ref_axis',(1.,0.,0.));
#3487=DIRECTION('center_axis',(0.,1.,0.));
#3488=DIRECTION('ref_axis',(0.90991289243341,0.,0.414799383055791));
#3489=DIRECTION('',(1.22464679914735E-16,1.,-4.9507233480948E-31));
#3490=DIRECTION('center_axis',(0.,-1.,0.));
#3491=DIRECTION('ref_axis',(1.,0.,-3.92010771854471E-15));
#3492=DIRECTION('center_axis',(0.,1.,0.));
#3493=DIRECTION('ref_axis',(1.,0.,-3.92010771854471E-15));
#3494=DIRECTION('',(1.22464679914735E-16,1.,-4.9507233480948E-31));
#3495=DIRECTION('center_axis',(0.,1.,0.));
#3496=DIRECTION('ref_axis',(1.,0.,-3.92010771854471E-15));
#3497=DIRECTION('',(1.22464679914735E-16,1.,-4.9507233480948E-31));
#3498=DIRECTION('center_axis',(0.,1.,0.));
#3499=DIRECTION('ref_axis',(1.,0.,-3.92010771854471E-15));
#3500=DIRECTION('',(1.22464679914735E-16,1.,-4.9507233480948E-31));
#3501=DIRECTION('center_axis',(0.,1.,0.));
#3502=DIRECTION('ref_axis',(-0.523881673561685,0.,-0.851791049557465));
#3503=DIRECTION('',(1.22464679914735E-16,1.,-4.9507233480948E-31));
#3504=DIRECTION('center_axis',(0.,1.,0.));
#3505=DIRECTION('ref_axis',(1.,0.,-3.92010771854471E-15));
#3506=DIRECTION('center_axis',(0.,1.,0.));
#3507=DIRECTION('ref_axis',(-1.,0.,0.));
#3508=DIRECTION('center_axis',(0.,1.,0.));
#3509=DIRECTION('ref_axis',(-1.,0.,0.));
#3510=DIRECTION('',(0.996000917844908,0.,-0.0893430000173591));
#3511=DIRECTION('',(0.420627151257107,0.,-0.907233597054987));
#3512=DIRECTION('',(-0.5753737665878,0.,-0.817890597037628));
#3513=DIRECTION('',(-0.996000917844908,0.,0.0893430000173596));
#3514=DIRECTION('',(-0.420627151257107,0.,0.907233597054987));
#3515=DIRECTION('',(0.5753737665878,0.,0.817890597037628));
#3516=DIRECTION('',(-0.233216721485888,0.,0.972424784144961));
#3517=DIRECTION('center_axis',(-0.972424784144961,0.,-0.233216721485888));
#3518=DIRECTION('ref_axis',(-0.233216721485888,0.,0.972424784144961));
#3519=DIRECTION('',(0.,-1.,0.));
#3520=DIRECTION('',(0.,1.,0.));
#3521=DIRECTION('',(0.233216721485888,0.,-0.972424784144961));
#3522=DIRECTION('center_axis',(0.,1.,0.));
#3523=DIRECTION('ref_axis',(-1.,0.,0.));
#3524=DIRECTION('center_axis',(0.,1.,0.));
#3525=DIRECTION('ref_axis',(-1.,0.,0.));
#3526=DIRECTION('',(0.,1.,0.));
#3527=DIRECTION('center_axis',(0.,1.,0.));
#3528=DIRECTION('ref_axis',(-1.,0.,0.));
#3529=DIRECTION('',(0.,1.,0.));
#3530=DIRECTION('center_axis',(0.,1.,0.));
#3531=DIRECTION('ref_axis',(-1.,0.,0.));
#3532=DIRECTION('',(0.,1.,0.));
#3533=DIRECTION('center_axis',(0.,1.,0.));
#3534=DIRECTION('ref_axis',(-1.,0.,0.));
#3535=DIRECTION('',(0.,1.,0.));
#3536=DIRECTION('center_axis',(0.,1.,0.));
#3537=DIRECTION('ref_axis',(-1.,0.,0.));
#3538=DIRECTION('',(0.,1.,0.));
#3539=DIRECTION('center_axis',(0.,1.,0.));
#3540=DIRECTION('ref_axis',(-1.,0.,0.));
#3541=DIRECTION('',(0.,1.,0.));
#3542=DIRECTION('center_axis',(0.,1.,0.));
#3543=DIRECTION('ref_axis',(-1.,0.,0.));
#3544=DIRECTION('',(0.,1.,0.));
#3545=DIRECTION('center_axis',(0.,1.,0.));
#3546=DIRECTION('ref_axis',(-1.,0.,0.));
#3547=DIRECTION('',(0.,1.,0.));
#3548=DIRECTION('center_axis',(0.,1.,0.));
#3549=DIRECTION('ref_axis',(-1.,0.,0.));
#3550=DIRECTION('',(0.,1.,0.));
#3551=DIRECTION('center_axis',(0.,1.,0.));
#3552=DIRECTION('ref_axis',(-1.,0.,0.));
#3553=DIRECTION('',(0.,-1.,0.));
#3554=DIRECTION('center_axis',(0.,1.,0.));
#3555=DIRECTION('ref_axis',(-1.,0.,0.));
#3556=DIRECTION('',(0.,1.,0.));
#3557=DIRECTION('center_axis',(0.,1.,0.));
#3558=DIRECTION('ref_axis',(-1.,0.,0.));
#3559=DIRECTION('',(0.,1.,0.));
#3560=DIRECTION('center_axis',(0.,1.,0.));
#3561=DIRECTION('ref_axis',(-1.,0.,0.));
#3562=DIRECTION('',(0.,1.,0.));
#3563=DIRECTION('center_axis',(0.,1.,0.));
#3564=DIRECTION('ref_axis',(-1.,0.,0.));
#3565=DIRECTION('',(0.,-1.,0.));
#3566=DIRECTION('center_axis',(0.,1.,0.));
#3567=DIRECTION('ref_axis',(-1.,0.,0.));
#3568=DIRECTION('center_axis',(0.,1.,0.));
#3569=DIRECTION('ref_axis',(-1.,0.,0.));
#3570=DIRECTION('center_axis',(0.,-1.,0.));
#3571=DIRECTION('ref_axis',(-1.,0.,0.));
#3572=DIRECTION('',(0.632040306888454,0.,-0.774935513748305));
#3573=DIRECTION('',(-0.632040306888454,0.,0.774935513748305));
#3574=DIRECTION('center_axis',(-0.774935513748305,0.,-0.632040306888454));
#3575=DIRECTION('ref_axis',(-0.632040306888454,0.,0.774935513748305));
#3576=DIRECTION('',(0.,-1.,0.));
#3577=DIRECTION('center_axis',(0.,1.,0.));
#3578=DIRECTION('ref_axis',(-1.,0.,0.));
#3579=DIRECTION('center_axis',(0.,-1.,0.));
#3580=DIRECTION('ref_axis',(-1.,0.,0.));
#3581=DIRECTION('',(0.905680558046088,0.,-0.423960760893418));
#3582=DIRECTION('',(-0.905680558046088,0.,0.423960760893418));
#3583=DIRECTION('center_axis',(-0.423960760893418,0.,-0.905680558046088));
#3584=DIRECTION('ref_axis',(-0.905680558046088,0.,0.423960760893418));
#3585=DIRECTION('',(0.,-1.,0.));
#3586=DIRECTION('center_axis',(0.,1.,0.));
#3587=DIRECTION('ref_axis',(-1.,0.,0.));
#3588=DIRECTION('center_axis',(0.,-1.,0.));
#3589=DIRECTION('ref_axis',(-1.,0.,0.));
#3590=DIRECTION('',(0.999939667239577,0.,0.0109846201939222));
#3591=DIRECTION('',(-0.999939667239577,0.,-0.0109846201939222));
#3592=DIRECTION('center_axis',(0.0109846201939222,0.,-0.999939667239577));
#3593=DIRECTION('ref_axis',(-0.999939667239577,0.,-0.0109846201939222));
#3594=DIRECTION('',(0.,-1.,0.));
#3595=DIRECTION('center_axis',(0.,1.,0.));
#3596=DIRECTION('ref_axis',(-1.,0.,0.));
#3597=DIRECTION('center_axis',(0.,-1.,0.));
#3598=DIRECTION('ref_axis',(-1.,0.,0.));
#3599=DIRECTION('',(0.896148461881038,0.,0.44375436253433));
#3600=DIRECTION('',(-0.896148461881038,0.,-0.44375436253433));
#3601=DIRECTION('center_axis',(0.443754362534331,0.,-0.896148461881038));
#3602=DIRECTION('ref_axis',(-0.896148461881038,0.,-0.44375436253433));
#3603=DIRECTION('',(0.,-1.,0.));
#3604=DIRECTION('center_axis',(0.,1.,0.));
#3605=DIRECTION('ref_axis',(-1.,0.,0.));
#3606=DIRECTION('center_axis',(0.,-1.,0.));
#3607=DIRECTION('ref_axis',(-1.,0.,0.));
#3608=DIRECTION('',(0.614864063107329,0.,0.788633111084709));
#3609=DIRECTION('',(-0.614864063107329,0.,-0.788633111084709));
#3610=DIRECTION('center_axis',(0.788633111084709,0.,-0.614864063107329));
#3611=DIRECTION('ref_axis',(-0.614864063107329,0.,-0.788633111084709));
#3612=DIRECTION('',(0.,-1.,0.));
#3613=DIRECTION('center_axis',(0.,1.,0.));
#3614=DIRECTION('ref_axis',(-1.,0.,0.));
#3615=DIRECTION('center_axis',(0.,-1.,0.));
#3616=DIRECTION('ref_axis',(-1.,0.,0.));
#3617=DIRECTION('',(0.211798295822346,0.,0.977313400034375));
#3618=DIRECTION('',(-0.211798295822346,0.,-0.977313400034375));
#3619=DIRECTION('center_axis',(0.977313400034375,0.,-0.211798295822346));
#3620=DIRECTION('ref_axis',(-0.211798295822346,0.,-0.977313400034375));
#3621=DIRECTION('',(0.,-1.,0.));
#3622=DIRECTION('center_axis',(0.,1.,0.));
#3623=DIRECTION('ref_axis',(-1.,0.,0.));
#3624=DIRECTION('center_axis',(0.,-1.,0.));
#3625=DIRECTION('ref_axis',(-1.,0.,0.));
#3626=DIRECTION('',(-0.233216721485888,0.,0.972424784144961));
#3627=DIRECTION('',(0.233216721485888,0.,-0.972424784144961));
#3628=DIRECTION('center_axis',(0.972424784144961,0.,0.233216721485888));
#3629=DIRECTION('ref_axis',(0.233216721485888,0.,-0.972424784144961));
#3630=DIRECTION('',(0.,-1.,0.));
#3631=DIRECTION('center_axis',(0.,1.,0.));
#3632=DIRECTION('ref_axis',(-1.,0.,0.));
#3633=DIRECTION('center_axis',(0.,-1.,0.));
#3634=DIRECTION('ref_axis',(-1.,0.,0.));
#3635=DIRECTION('',(-0.632040306888454,0.,0.774935513748305));
#3636=DIRECTION('',(0.632040306888454,0.,-0.774935513748305));
#3637=DIRECTION('center_axis',(0.774935513748305,0.,0.632040306888454));
#3638=DIRECTION('ref_axis',(0.632040306888454,0.,-0.774935513748305));
#3639=DIRECTION('',(0.,-1.,0.));
#3640=DIRECTION('center_axis',(0.,1.,0.));
#3641=DIRECTION('ref_axis',(-1.,0.,0.));
#3642=DIRECTION('center_axis',(0.,-1.,0.));
#3643=DIRECTION('ref_axis',(-1.,0.,0.));
#3644=DIRECTION('',(-0.905680558046088,0.,0.423960760893418));
#3645=DIRECTION('',(0.905680558046088,0.,-0.423960760893418));
#3646=DIRECTION('center_axis',(0.423960760893418,0.,0.905680558046088));
#3647=DIRECTION('ref_axis',(0.905680558046088,0.,-0.423960760893418));
#3648=DIRECTION('',(0.,-1.,0.));
#3649=DIRECTION('center_axis',(0.,1.,0.));
#3650=DIRECTION('ref_axis',(-1.,0.,0.));
#3651=DIRECTION('center_axis',(0.,-1.,0.));
#3652=DIRECTION('ref_axis',(-1.,0.,0.));
#3653=DIRECTION('center_axis',(0.,-1.,0.));
#3654=DIRECTION('ref_axis',(-1.,0.,0.));
#3655=DIRECTION('',(-0.999939667239577,0.,-0.010984620193922));
#3656=DIRECTION('',(0.999939667239577,0.,0.010984620193922));
#3657=DIRECTION('center_axis',(-0.010984620193922,0.,0.999939667239577));
#3658=DIRECTION('ref_axis',(0.999939667239577,0.,0.010984620193922));
#3659=DIRECTION('',(0.,-1.,0.));
#3660=DIRECTION('center_axis',(0.,1.,0.));
#3661=DIRECTION('ref_axis',(-1.,0.,0.));
#3662=DIRECTION('center_axis',(0.,-1.,0.));
#3663=DIRECTION('ref_axis',(-1.,0.,0.));
#3664=DIRECTION('',(-0.896148461881038,0.,-0.44375436253433));
#3665=DIRECTION('',(0.896148461881038,0.,0.44375436253433));
#3666=DIRECTION('center_axis',(-0.44375436253433,0.,0.896148461881038));
#3667=DIRECTION('ref_axis',(0.896148461881038,0.,0.44375436253433));
#3668=DIRECTION('',(0.,-1.,0.));
#3669=DIRECTION('center_axis',(0.,1.,0.));
#3670=DIRECTION('ref_axis',(-1.,0.,0.));
#3671=DIRECTION('center_axis',(0.,-1.,0.));
#3672=DIRECTION('ref_axis',(-1.,0.,0.));
#3673=DIRECTION('',(-0.614864063107329,0.,-0.788633111084709));
#3674=DIRECTION('',(0.614864063107329,0.,0.788633111084709));
#3675=DIRECTION('center_axis',(-0.788633111084709,0.,0.614864063107329));
#3676=DIRECTION('ref_axis',(0.614864063107329,0.,0.788633111084709));
#3677=DIRECTION('',(0.,-1.,0.));
#3678=DIRECTION('center_axis',(0.,1.,0.));
#3679=DIRECTION('ref_axis',(-1.,0.,0.));
#3680=DIRECTION('center_axis',(0.,-1.,0.));
#3681=DIRECTION('ref_axis',(-1.,0.,0.));
#3682=DIRECTION('',(0.211798295822346,0.,0.977313400034375));
#3683=DIRECTION('',(0.211798295822347,0.,-0.977313400034375));
#3684=DIRECTION('',(0.211798295822346,0.,0.977313400034375));
#3685=DIRECTION('center_axis',(-0.977313400034375,0.,0.211798295822346));
#3686=DIRECTION('ref_axis',(0.211798295822346,0.,0.977313400034375));
#3687=DIRECTION('',(0.,1.,0.));
#3688=DIRECTION('center_axis',(0.,1.,0.));
#3689=DIRECTION('ref_axis',(-1.,0.,0.));
#3690=DIRECTION('center_axis',(0.,-1.,0.));
#3691=DIRECTION('ref_axis',(-1.,0.,0.));
#3692=DIRECTION('',(0.,-1.,0.));
#3693=DIRECTION('center_axis',(0.,1.,0.));
#3694=DIRECTION('ref_axis',(-1.,0.,0.));
#3695=DIRECTION('center_axis',(0.,1.,0.));
#3696=DIRECTION('ref_axis',(-1.,0.,0.));
#3697=DIRECTION('center_axis',(0.,1.,0.));
#3698=DIRECTION('ref_axis',(1.,0.,-3.92010771854471E-15));
#3699=DIRECTION('center_axis',(0.,-1.,0.));
#3700=DIRECTION('ref_axis',(1.,0.,0.));
#3701=DIRECTION('center_axis',(0.,-1.,0.));
#3702=DIRECTION('ref_axis',(1.,0.,0.));
#3703=DIRECTION('',(-0.996000917844908,0.,0.0893430000173591));
#3704=DIRECTION('center_axis',(0.,-1.,0.));
#3705=DIRECTION('ref_axis',(1.,0.,0.));
#3706=DIRECTION('',(-0.5753737665878,0.,-0.817890597037628));
#3707=DIRECTION('center_axis',(0.,-1.,0.));
#3708=DIRECTION('ref_axis',(1.,0.,0.));
#3709=DIRECTION('',(0.420627151257107,0.,-0.907233597054987));
#3710=DIRECTION('center_axis',(0.,-1.,0.));
#3711=DIRECTION('ref_axis',(1.,0.,0.));
#3712=DIRECTION('',(0.996000917844908,0.,-0.0893430000173596));
#3713=DIRECTION('center_axis',(0.,-1.,0.));
#3714=DIRECTION('ref_axis',(1.,0.,0.));
#3715=DIRECTION('',(0.5753737665878,0.,0.817890597037628));
#3716=DIRECTION('center_axis',(0.,-1.,0.));
#3717=DIRECTION('ref_axis',(1.,0.,0.));
#3718=DIRECTION('',(-0.420627151257107,0.,0.907233597054987));
#3719=DIRECTION('center_axis',(0.,1.,0.));
#3720=DIRECTION('ref_axis',(1.,0.,0.));
#3721=DIRECTION('center_axis',(0.,1.,0.));
#3722=DIRECTION('ref_axis',(1.,0.,0.));
#3723=DIRECTION('center_axis',(0.,1.,0.));
#3724=DIRECTION('ref_axis',(-0.996000917844908,0.,0.0893430000173598));
#3725=DIRECTION('center_axis',(0.,1.,0.));
#3726=DIRECTION('ref_axis',(1.,0.,0.));
#3727=DIRECTION('center_axis',(0.,1.,0.));
#3728=DIRECTION('ref_axis',(1.,0.,0.));
#3729=DIRECTION('center_axis',(0.,1.,0.));
#3730=DIRECTION('ref_axis',(1.,0.,0.));
#3731=DIRECTION('center_axis',(0.0893430000173591,0.,0.996000917844908));
#3732=DIRECTION('ref_axis',(0.996000917844908,0.,-0.0893430000173591));
#3733=DIRECTION('',(0.,1.,0.));
#3734=DIRECTION('',(0.,1.,0.));
#3735=DIRECTION('center_axis',(-0.817890597037628,0.,0.5753737665878));
#3736=DIRECTION('ref_axis',(0.5753737665878,0.,0.817890597037628));
#3737=DIRECTION('',(0.,1.,0.));
#3738=DIRECTION('center_axis',(-0.907233597054987,0.,-0.420627151257107));
#3739=DIRECTION('ref_axis',(-0.420627151257107,0.,0.907233597054987));
#3740=DIRECTION('',(0.,1.,0.));
#3741=DIRECTION('center_axis',(-0.0893430000173596,0.,-0.996000917844908));
#3742=DIRECTION('ref_axis',(-0.996000917844908,0.,0.0893430000173596));
#3743=DIRECTION('',(0.,1.,0.));
#3744=DIRECTION('center_axis',(0.,1.,0.));
#3745=DIRECTION('ref_axis',(1.,0.,0.));
#3746=DIRECTION('center_axis',(0.907233597054987,0.,0.420627151257107));
#3747=DIRECTION('ref_axis',(0.420627151257107,0.,-0.907233597054987));
#3748=DIRECTION('',(0.,1.,0.));
#3749=DIRECTION('center_axis',(0.817890597037628,0.,-0.5753737665878));
#3750=DIRECTION('ref_axis',(-0.5753737665878,0.,-0.817890597037628));
#3751=DIRECTION('center_axis',(0.,-1.,0.));
#3752=DIRECTION('ref_axis',(1.,0.,0.));
#3753=DIRECTION('center_axis',(0.,1.,0.));
#3754=DIRECTION('ref_axis',(-0.828360434309436,0.,-0.560195493440175));
#3755=DIRECTION('',(0.,1.,0.));
#3756=DIRECTION('center_axis',(0.,1.,0.));
#3757=DIRECTION('ref_axis',(-1.,0.,6.94997853543826E-14));
#3758=DIRECTION('center_axis',(0.,1.,0.));
#3759=DIRECTION('ref_axis',(-1.,0.,6.94997853543826E-14));
#3760=DIRECTION('',(0.,1.,0.));
#3761=DIRECTION('center_axis',(0.,1.,0.));
#3762=DIRECTION('ref_axis',(-1.,0.,6.94997853543826E-14));
#3763=DIRECTION('',(0.,1.,0.));
#3764=DIRECTION('center_axis',(0.,1.,0.));
#3765=DIRECTION('ref_axis',(-1.,0.,6.94997853543826E-14));
#3766=DIRECTION('',(0.,1.,0.));
#3767=DIRECTION('center_axis',(0.,1.,0.));
#3768=DIRECTION('ref_axis',(-1.,0.,6.94997853543826E-14));
#3769=DIRECTION('',(0.,1.,0.));
#3770=DIRECTION('center_axis',(0.,1.,0.));
#3771=DIRECTION('ref_axis',(-1.,0.,6.94997853543826E-14));
#3772=DIRECTION('',(0.,1.,0.));
#3773=DIRECTION('center_axis',(0.,1.,0.));
#3774=DIRECTION('ref_axis',(-1.,0.,6.94997853543826E-14));
#3775=DIRECTION('',(0.,1.,0.));
#3776=DIRECTION('center_axis',(0.,1.,0.));
#3777=DIRECTION('ref_axis',(-1.,0.,6.94997853543826E-14));
#3778=DIRECTION('',(0.,1.,0.));
#3779=DIRECTION('center_axis',(0.,1.,0.));
#3780=DIRECTION('ref_axis',(-1.,0.,6.94997853543826E-14));
#3781=DIRECTION('',(0.,1.,0.));
#3782=DIRECTION('center_axis',(0.,1.,0.));
#3783=DIRECTION('ref_axis',(-1.,0.,6.94997853543826E-14));
#3784=DIRECTION('',(0.,1.,0.));
#3785=DIRECTION('center_axis',(0.,1.,0.));
#3786=DIRECTION('ref_axis',(-1.,0.,6.94997853543826E-14));
#3787=DIRECTION('',(0.,1.,0.));
#3788=DIRECTION('center_axis',(0.,1.,0.));
#3789=DIRECTION('ref_axis',(-1.,0.,6.94997853543826E-14));
#3790=DIRECTION('',(0.,1.,0.));
#3791=DIRECTION('center_axis',(-1.,0.,0.));
#3792=DIRECTION('ref_axis',(0.,-0.707106781186548,0.707106781186548));
#3793=DIRECTION('center_axis',(1.,0.,0.));
#3794=DIRECTION('ref_axis',(0.,-0.707106781186548,0.707106781186548));
#3795=DIRECTION('',(1.,0.,0.));
#3796=DIRECTION('center_axis',(-1.,0.,0.));
#3797=DIRECTION('ref_axis',(0.,-0.707106781186548,0.707106781186548));
#3798=DIRECTION('',(-1.,0.,0.));
#3799=DIRECTION('center_axis',(1.,0.,0.));
#3800=DIRECTION('ref_axis',(0.,0.,1.));
#3801=DIRECTION('',(0.,0.,1.));
#3802=DIRECTION('center_axis',(-1.,0.,0.));
#3803=DIRECTION('ref_axis',(0.,-0.707106781186548,-0.707106781186548));
#3804=DIRECTION('',(0.,-1.,0.));
#3805=DIRECTION('',(0.,0.,-1.));
#3806=DIRECTION('',(0.,-1.,0.));
#3807=DIRECTION('',(0.,-1.,0.));
#3808=DIRECTION('',(0.,0.,1.));
#3809=DIRECTION('',(0.,1.,0.));
#3810=DIRECTION('',(0.,0.,-1.));
#3811=DIRECTION('center_axis',(0.,-1.,0.));
#3812=DIRECTION('ref_axis',(0.,0.,-1.));
#3813=DIRECTION('',(0.,0.,-1.));
#3814=DIRECTION('',(-1.,0.,0.));
#3815=DIRECTION('center_axis',(1.,0.,0.));
#3816=DIRECTION('ref_axis',(0.,-0.707106781186548,-0.707106781186548));
#3817=DIRECTION('center_axis',(1.,0.,0.));
#3818=DIRECTION('ref_axis',(0.,-0.707106781186548,-0.707106781186548));
#3819=DIRECTION('',(1.,0.,0.));
#3820=DIRECTION('center_axis',(-1.,0.,0.));
#3821=DIRECTION('ref_axis',(0.,-0.707106781186548,0.707106781186548));
#3822=DIRECTION('center_axis',(1.,0.,0.));
#3823=DIRECTION('ref_axis',(0.,-0.707106781186548,0.707106781186548));
#3824=DIRECTION('',(1.,0.,0.));
#3825=DIRECTION('center_axis',(-1.,0.,0.));
#3826=DIRECTION('ref_axis',(0.,-0.707106781186548,0.707106781186548));
#3827=DIRECTION('',(-1.,0.,0.));
#3828=DIRECTION('center_axis',(0.,-1.,0.));
#3829=DIRECTION('ref_axis',(0.,0.,-1.));
#3830=DIRECTION('',(0.,0.,-1.));
#3831=DIRECTION('',(-1.,0.,0.));
#3832=DIRECTION('',(0.,0.,1.));
#3833=DIRECTION('center_axis',(-1.,0.,0.));
#3834=DIRECTION('ref_axis',(0.,0.,-1.));
#3835=DIRECTION('',(0.,-1.,0.));
#3836=DIRECTION('',(0.,0.,1.));
#3837=DIRECTION('',(0.,-1.,0.));
#3838=DIRECTION('center_axis',(1.,0.,0.));
#3839=DIRECTION('ref_axis',(0.,-0.707106781186548,-0.707106781186548));
#3840=DIRECTION('',(0.,1.,0.));
#3841=DIRECTION('',(0.,0.,1.));
#3842=DIRECTION('',(0.,-1.,0.));
#3843=DIRECTION('',(0.,0.,-1.));
#3844=DIRECTION('center_axis',(1.,0.,0.));
#3845=DIRECTION('ref_axis',(0.,-0.707106781186548,-0.707106781186548));
#3846=DIRECTION('center_axis',(-1.,0.,0.));
#3847=DIRECTION('ref_axis',(0.,-0.707106781186548,-0.707106781186548));
#3848=DIRECTION('',(1.,0.,0.));
#3849=DIRECTION('center_axis',(1.,0.,0.));
#3850=DIRECTION('ref_axis',(0.,0.,1.));
#3851=DIRECTION('',(0.,-1.,0.));
#3852=DIRECTION('',(0.,0.,-1.));
#3853=DIRECTION('',(0.,-1.,0.));
#3854=DIRECTION('',(0.,-1.,0.));
#3855=DIRECTION('',(0.,0.,1.));
#3856=DIRECTION('',(0.,1.,0.));
#3857=DIRECTION('',(0.,0.,-1.));
#3858=DIRECTION('center_axis',(0.,0.,-1.));
#3859=DIRECTION('ref_axis',(1.,0.,0.));
#3860=DIRECTION('',(-1.,0.,0.));
#3861=DIRECTION('center_axis',(0.,0.,1.));
#3862=DIRECTION('ref_axis',(0.,-1.,0.));
#3863=DIRECTION('',(1.,0.,0.));
#3864=DIRECTION('',(1.,0.,0.));
#3865=DIRECTION('center_axis',(0.,0.,1.));
#3866=DIRECTION('ref_axis',(0.,-1.,0.));
#3867=DIRECTION('',(0.,-1.,0.));
#3868=DIRECTION('',(1.,0.,0.));
#3869=DIRECTION('',(1.,0.,0.));
#3870=DIRECTION('center_axis',(0.,-1.,0.));
#3871=DIRECTION('ref_axis',(0.,0.,-1.));
#3872=DIRECTION('',(1.,0.,0.));
#3873=DIRECTION('center_axis',(0.,-1.,0.));
#3874=DIRECTION('ref_axis',(0.,0.,-1.));
#3875=DIRECTION('',(0.,0.,-1.));
#3876=DIRECTION('',(1.,0.,0.));
#3877=DIRECTION('center_axis',(0.,1.,0.));
#3878=DIRECTION('ref_axis',(0.,0.,1.));
#3879=DIRECTION('',(1.,0.,0.));
#3880=DIRECTION('center_axis',(0.,0.,-1.));
#3881=DIRECTION('ref_axis',(0.,1.,0.));
#3882=DIRECTION('center_axis',(0.,0.,-1.));
#3883=DIRECTION('ref_axis',(0.,1.,0.));
#3884=DIRECTION('',(0.,1.,0.));
#3885=DIRECTION('',(1.,0.,0.));
#3886=DIRECTION('center_axis',(0.,1.,0.));
#3887=DIRECTION('ref_axis',(0.,0.,1.));
#3888=DIRECTION('',(0.,0.,1.));
#3889=DIRECTION('center_axis',(0.,0.,-1.));
#3890=DIRECTION('ref_axis',(1.,0.,0.));
#3891=DIRECTION('',(0.,-1.,0.));
#3892=DIRECTION('',(-1.,0.,0.));
#3893=DIRECTION('center_axis',(-1.,0.,0.));
#3894=DIRECTION('ref_axis',(0.,0.,-1.));
#3895=DIRECTION('',(0.,-1.,0.));
#3896=DIRECTION('',(0.,0.,1.));
#3897=DIRECTION('center_axis',(0.,0.,1.));
#3898=DIRECTION('ref_axis',(-1.,0.,0.));
#3899=DIRECTION('',(1.,0.,0.));
#3900=DIRECTION('center_axis',(0.,0.,1.));
#3901=DIRECTION('ref_axis',(-1.,0.,0.));
#3902=DIRECTION('',(1.,0.,0.));
#3903=DIRECTION('center_axis',(0.,1.,0.));
#3904=DIRECTION('ref_axis',(1.,0.,0.));
#3905=DIRECTION('center_axis',(0.,-1.,0.));
#3906=DIRECTION('ref_axis',(1.,0.,0.));
#3907=DIRECTION('',(0.,1.,0.));
#3908=DIRECTION('center_axis',(0.,1.,0.));
#3909=DIRECTION('ref_axis',(1.,0.,0.));
#3910=DIRECTION('center_axis',(0.,-1.,0.));
#3911=DIRECTION('ref_axis',(1.,0.,0.));
#3912=DIRECTION('center_axis',(0.,-1.,0.));
#3913=DIRECTION('ref_axis',(1.,0.,0.));
#3914=DIRECTION('center_axis',(0.,1.,0.));
#3915=DIRECTION('ref_axis',(1.,0.,0.));
#3916=DIRECTION('center_axis',(0.,-1.,0.));
#3917=DIRECTION('ref_axis',(1.,0.,0.));
#3918=DIRECTION('',(0.,0.,-1.));
#3919=DIRECTION('center_axis',(0.,1.,0.));
#3920=DIRECTION('ref_axis',(-1.,0.,0.));
#3921=DIRECTION('center_axis',(0.,-1.,0.));
#3922=DIRECTION('ref_axis',(1.,0.,0.));
#3923=DIRECTION('',(0.,0.,-1.));
#3924=DIRECTION('center_axis',(-1.,0.,0.));
#3925=DIRECTION('ref_axis',(0.,0.,1.));
#3926=DIRECTION('center_axis',(0.,1.,0.));
#3927=DIRECTION('ref_axis',(-1.,0.,0.));
#3928=DIRECTION('',(0.,1.,0.));
#3929=DIRECTION('center_axis',(1.,0.,0.));
#3930=DIRECTION('ref_axis',(0.,0.,-1.));
#3931=DIRECTION('',(0.,-1.,0.));
#3932=DIRECTION('center_axis',(1.,0.,0.));
#3933=DIRECTION('ref_axis',(0.,0.,-1.));
#3934=DIRECTION('',(0.,-1.,0.));
#3935=DIRECTION('',(0.,1.,0.));
#3936=DIRECTION('center_axis',(1.,0.,0.));
#3937=DIRECTION('ref_axis',(0.,0.,-1.));
#3938=DIRECTION('',(0.,-1.,0.));
#3939=DIRECTION('',(0.,1.,0.));
#3940=DIRECTION('center_axis',(1.,0.,0.));
#3941=DIRECTION('ref_axis',(0.,0.,-1.));
#3942=DIRECTION('',(0.,-1.,0.));
#3943=DIRECTION('',(0.,1.,0.));
#3944=DIRECTION('center_axis',(1.,0.,0.));
#3945=DIRECTION('ref_axis',(0.,0.,-1.));
#3946=DIRECTION('',(0.,-1.,0.));
#3947=DIRECTION('',(0.,1.,0.));
#3948=DIRECTION('center_axis',(1.,0.,0.));
#3949=DIRECTION('ref_axis',(0.,0.,-1.));
#3950=DIRECTION('',(0.,-1.,0.));
#3951=DIRECTION('',(0.,1.,0.));
#3952=DIRECTION('center_axis',(1.,0.,0.));
#3953=DIRECTION('ref_axis',(0.,0.,-1.));
#3954=DIRECTION('',(0.,-1.,0.));
#3955=DIRECTION('',(0.,1.,0.));
#3956=DIRECTION('center_axis',(1.,0.,0.));
#3957=DIRECTION('ref_axis',(0.,0.,-1.));
#3958=DIRECTION('',(0.,-1.,0.));
#3959=DIRECTION('',(0.,1.,0.));
#3960=DIRECTION('center_axis',(1.,0.,0.));
#3961=DIRECTION('ref_axis',(0.,0.,-1.));
#3962=DIRECTION('',(0.,-1.,0.));
#3963=DIRECTION('',(0.,1.,0.));
#3964=DIRECTION('center_axis',(1.,0.,0.));
#3965=DIRECTION('ref_axis',(0.,0.,-1.));
#3966=DIRECTION('',(0.,-1.,0.));
#3967=DIRECTION('',(0.,1.,0.));
#3968=DIRECTION('center_axis',(1.,0.,0.));
#3969=DIRECTION('ref_axis',(0.,0.,-1.));
#3970=DIRECTION('',(0.,-1.,0.));
#3971=DIRECTION('',(0.,1.,0.));
#3972=DIRECTION('center_axis',(1.,0.,0.));
#3973=DIRECTION('ref_axis',(0.,0.,-1.));
#3974=DIRECTION('',(0.,-1.,0.));
#3975=DIRECTION('',(0.,1.,0.));
#3976=DIRECTION('center_axis',(-1.,0.,0.));
#3977=DIRECTION('ref_axis',(0.,0.,1.));
#3978=DIRECTION('',(0.,-1.,0.));
#3979=DIRECTION('',(0.,1.,0.));
#3980=DIRECTION('center_axis',(-1.,0.,0.));
#3981=DIRECTION('ref_axis',(0.,0.,1.));
#3982=DIRECTION('',(0.,-1.,0.));
#3983=DIRECTION('',(0.,1.,0.));
#3984=DIRECTION('center_axis',(-1.,0.,0.));
#3985=DIRECTION('ref_axis',(0.,0.,1.));
#3986=DIRECTION('',(0.,-1.,0.));
#3987=DIRECTION('',(0.,1.,0.));
#3988=DIRECTION('center_axis',(-1.,0.,0.));
#3989=DIRECTION('ref_axis',(0.,0.,1.));
#3990=DIRECTION('',(0.,-1.,0.));
#3991=DIRECTION('',(0.,1.,0.));
#3992=DIRECTION('center_axis',(-1.,0.,0.));
#3993=DIRECTION('ref_axis',(0.,0.,1.));
#3994=DIRECTION('',(0.,-1.,0.));
#3995=DIRECTION('',(0.,1.,0.));
#3996=DIRECTION('center_axis',(-1.,0.,0.));
#3997=DIRECTION('ref_axis',(0.,0.,1.));
#3998=DIRECTION('',(0.,-1.,0.));
#3999=DIRECTION('',(0.,1.,0.));
#4000=DIRECTION('center_axis',(-1.,0.,0.));
#4001=DIRECTION('ref_axis',(0.,0.,1.));
#4002=DIRECTION('',(0.,-1.,0.));
#4003=DIRECTION('',(0.,1.,0.));
#4004=DIRECTION('center_axis',(-1.,0.,0.));
#4005=DIRECTION('ref_axis',(0.,0.,1.));
#4006=DIRECTION('',(0.,-1.,0.));
#4007=DIRECTION('',(0.,1.,0.));
#4008=DIRECTION('center_axis',(-1.,0.,0.));
#4009=DIRECTION('ref_axis',(0.,0.,1.));
#4010=DIRECTION('',(0.,-1.,0.));
#4011=DIRECTION('',(0.,1.,0.));
#4012=DIRECTION('center_axis',(-1.,0.,0.));
#4013=DIRECTION('ref_axis',(0.,0.,1.));
#4014=DIRECTION('',(0.,-1.,0.));
#4015=DIRECTION('',(0.,0.,1.));
#4016=DIRECTION('',(0.,1.,0.));
#4017=DIRECTION('center_axis',(-1.,0.,0.));
#4018=DIRECTION('ref_axis',(0.,0.,1.));
#4019=DIRECTION('',(0.,-1.,0.));
#4020=DIRECTION('',(0.,1.,0.));
#4021=DIRECTION('center_axis',(-1.,0.,0.));
#4022=DIRECTION('ref_axis',(0.,0.,1.));
#4023=DIRECTION('',(0.,-1.,0.));
#4024=DIRECTION('',(0.,1.,0.));
#4025=DIRECTION('center_axis',(0.,-1.,0.));
#4026=DIRECTION('ref_axis',(0.,0.,-1.));
#4027=DIRECTION('center_axis',(0.,1.,0.));
#4028=DIRECTION('ref_axis',(-1.,0.,0.));
#4029=DIRECTION('center_axis',(0.,1.,0.));
#4030=DIRECTION('ref_axis',(-1.,0.,0.));
#4031=DIRECTION('center_axis',(0.,1.,0.));
#4032=DIRECTION('ref_axis',(-1.,0.,0.));
#4033=DIRECTION('center_axis',(0.,1.,0.));
#4034=DIRECTION('ref_axis',(-1.,0.,0.));
#4035=DIRECTION('center_axis',(0.,1.,0.));
#4036=DIRECTION('ref_axis',(-1.,0.,0.));
#4037=DIRECTION('center_axis',(0.,1.,0.));
#4038=DIRECTION('ref_axis',(-1.,0.,0.));
#4039=DIRECTION('center_axis',(0.,1.,0.));
#4040=DIRECTION('ref_axis',(-1.,0.,0.));
#4041=DIRECTION('center_axis',(0.,1.,0.));
#4042=DIRECTION('ref_axis',(-1.,0.,0.));
#4043=DIRECTION('center_axis',(0.,1.,0.));
#4044=DIRECTION('ref_axis',(-1.,0.,0.));
#4045=DIRECTION('center_axis',(0.,1.,0.));
#4046=DIRECTION('ref_axis',(-1.,0.,0.));
#4047=DIRECTION('center_axis',(0.,1.,0.));
#4048=DIRECTION('ref_axis',(-1.,0.,0.));
#4049=DIRECTION('center_axis',(0.,1.,0.));
#4050=DIRECTION('ref_axis',(-1.,0.,0.));
#4051=DIRECTION('center_axis',(0.,1.,0.));
#4052=DIRECTION('ref_axis',(-1.,0.,0.));
#4053=DIRECTION('center_axis',(0.,1.,0.));
#4054=DIRECTION('ref_axis',(-1.,0.,0.));
#4055=DIRECTION('center_axis',(0.,1.,0.));
#4056=DIRECTION('ref_axis',(-1.,0.,0.));
#4057=DIRECTION('center_axis',(0.,1.,0.));
#4058=DIRECTION('ref_axis',(-1.,0.,0.));
#4059=DIRECTION('center_axis',(0.,1.,0.));
#4060=DIRECTION('ref_axis',(-1.,0.,0.));
#4061=DIRECTION('center_axis',(0.,1.,0.));
#4062=DIRECTION('ref_axis',(-1.,0.,0.));
#4063=DIRECTION('center_axis',(0.,1.,0.));
#4064=DIRECTION('ref_axis',(-1.,0.,0.));
#4065=DIRECTION('center_axis',(0.,1.,0.));
#4066=DIRECTION('ref_axis',(-1.,0.,0.));
#4067=DIRECTION('center_axis',(0.,1.,0.));
#4068=DIRECTION('ref_axis',(-1.,0.,0.));
#4069=DIRECTION('center_axis',(0.,1.,0.));
#4070=DIRECTION('ref_axis',(-1.,0.,0.));
#4071=DIRECTION('center_axis',(0.,1.,0.));
#4072=DIRECTION('ref_axis',(-1.,0.,0.));
#4073=DIRECTION('center_axis',(0.,1.,0.));
#4074=DIRECTION('ref_axis',(-1.,0.,0.));
#4075=DIRECTION('center_axis',(0.,1.,0.));
#4076=DIRECTION('ref_axis',(-1.,0.,0.));
#4077=DIRECTION('center_axis',(0.,1.,0.));
#4078=DIRECTION('ref_axis',(0.,0.,1.));
#4079=DIRECTION('center_axis',(0.,-1.,0.));
#4080=DIRECTION('ref_axis',(-1.,0.,6.94997853543826E-14));
#4081=DIRECTION('center_axis',(0.,1.,0.));
#4082=DIRECTION('ref_axis',(0.0777534247824154,0.,0.996972619952326));
#4083=DIRECTION('center_axis',(0.,-1.,0.));
#4084=DIRECTION('ref_axis',(0.,0.,-1.));
#4085=DIRECTION('center_axis',(0.,1.,0.));
#4086=DIRECTION('ref_axis',(1.,0.,0.));
#4087=DIRECTION('center_axis',(0.,1.,0.));
#4088=DIRECTION('ref_axis',(-1.,0.,0.));
#4089=DIRECTION('center_axis',(0.,1.,0.));
#4090=DIRECTION('ref_axis',(1.,0.,0.));
#4091=DIRECTION('center_axis',(0.,1.,0.));
#4092=DIRECTION('ref_axis',(1.,0.,0.));
#4093=DIRECTION('',(0.,-1.,0.));
#4094=DIRECTION('center_axis',(0.,1.,0.));
#4095=DIRECTION('ref_axis',(1.,0.,0.));
#4096=DIRECTION('center_axis',(0.,1.,0.));
#4097=DIRECTION('ref_axis',(1.,0.,0.));
#4098=DIRECTION('center_axis',(0.,1.,0.));
#4099=DIRECTION('ref_axis',(-1.,0.,0.));
#4100=DIRECTION('center_axis',(0.,1.,0.));
#4101=DIRECTION('ref_axis',(1.,0.,0.));
#4102=DIRECTION('center_axis',(0.,1.,0.));
#4103=DIRECTION('ref_axis',(1.,0.,0.));
#4104=DIRECTION('',(0.,-1.,0.));
#4105=DIRECTION('center_axis',(-1.,0.,1.22464679914735E-16));
#4106=DIRECTION('ref_axis',(-1.22464679914735E-16,0.,-1.));
#4107=DIRECTION('',(0.,0.,1.));
#4108=DIRECTION('',(1.,0.,0.));
#4109=CARTESIAN_POINT('',(0.,0.,0.));
#4110=CARTESIAN_POINT('',(0.,0.,0.));
#4111=CARTESIAN_POINT('Origin',(0.,12.1,0.));
#4112=CARTESIAN_POINT('',(-5.54908025859301,12.7976962357149,1.78589742503709E-5));
#4113=CARTESIAN_POINT('',(-5.54899719710981,12.5929287642851,7.39545881861536E-5));
#4114=CARTESIAN_POINT('',(-5.54863,12.1,6.79511196915298E-16));
#4115=CARTESIAN_POINT('',(4.02052898032756,12.1,3.82395627527907));
#4116=CARTESIAN_POINT('Ctrl Pts',(-5.54899719710981,12.5929287642851,7.39545881861536E-5));
#4117=CARTESIAN_POINT('Ctrl Pts',(-5.54843922015654,12.5739504442767,-0.833315984561048));
#4118=CARTESIAN_POINT('Ctrl Pts',(-5.35799283682413,12.5549721242684,-1.66695139606885));
#4119=CARTESIAN_POINT('Ctrl Pts',(-4.99499803082899,12.5359938042601,-2.41709258923561));
#4120=CARTESIAN_POINT('Ctrl Pts',(-4.59789457322227,12.5152321945334,-3.23772047861576));
#4121=CARTESIAN_POINT('Ctrl Pts',(-3.99429232672745,12.4944705848067,-3.95842595375117));
#4122=CARTESIAN_POINT('Ctrl Pts',(-3.25607884478044,12.47370897508,-4.49336403221467));
#4123=CARTESIAN_POINT('Ctrl Pts',(-2.51786536283344,12.4529473653534,-5.02830211067818));
#4124=CARTESIAN_POINT('Ctrl Pts',(-1.64504064543423,12.4321857556267,-5.3774727924698));
#4125=CARTESIAN_POINT('Ctrl Pts',(-0.741560879199164,12.4114241459,-5.49930800517495));
#4126=CARTESIAN_POINT('Ctrl Pts',(0.161918887035905,12.3906625361734,-5.62114321788011));
#4127=CARTESIAN_POINT('Ctrl Pts',(1.09605370210684,12.3699009264467,-5.51564296149881));
#4128=CARTESIAN_POINT('Ctrl Pts',(1.9495939166382,12.34913931672,-5.19533591454062));
#4129=CARTESIAN_POINT('Ctrl Pts',(2.80313413116956,12.3283777069934,-4.87502886758244));
#4130=CARTESIAN_POINT('Ctrl Pts',(3.57607974516136,12.3076160972667,-4.33991503004737));
#4131=CARTESIAN_POINT('Ctrl Pts',(4.17636140877258,12.28685448754,-3.65379968440472));
#4132=CARTESIAN_POINT('Ctrl Pts',(4.7766430723838,12.2660928778134,-2.96768433876207));
#4133=CARTESIAN_POINT('Ctrl Pts',(5.20426078561445,12.2453312680867,-2.13056748501184));
#4134=CARTESIAN_POINT('Ctrl Pts',(5.40830990941477,12.22456965836,-1.24199983882886));
#4135=CARTESIAN_POINT('Ctrl Pts',(5.6123590332151,12.2038080486333,-0.353432192645876));
#4136=CARTESIAN_POINT('Ctrl Pts',(5.5928395675851,12.1830464389067,0.586586245969859));
#4137=CARTESIAN_POINT('Ctrl Pts',(5.35199431567188,12.16228482918,1.46574465411572));
#4138=CARTESIAN_POINT('Ctrl Pts',(5.11114906375866,12.1415232194533,2.34490306226159));
#4139=CARTESIAN_POINT('Ctrl Pts',(4.64897802556222,12.1207616097267,3.16320143993758));
#4140=CARTESIAN_POINT('Ctrl Pts',(4.02052898032756,12.1,3.82395627527908));
#4141=CARTESIAN_POINT('',(-4.02045606813842,12.1,3.82407299541564));
#4142=CARTESIAN_POINT('Origin',(0.,12.1,0.));
#4143=CARTESIAN_POINT('Ctrl Pts',(-4.02045606813842,12.1,3.82407299541564));
#4144=CARTESIAN_POINT('Ctrl Pts',(-3.88165907531623,12.1045903108265,3.97030036019466));
#4145=CARTESIAN_POINT('Ctrl Pts',(-3.73491937438682,12.109180621653,4.10894355529478));
#4146=CARTESIAN_POINT('Ctrl Pts',(-3.58094270393444,12.1137709324795,4.239018880679));
#4147=CARTESIAN_POINT('Ctrl Pts',(-2.88451850527453,12.1345325422062,4.82733920206268));
#4148=CARTESIAN_POINT('Ctrl Pts',(-2.0400490144811,12.1552941519328,5.24038826231584));
#4149=CARTESIAN_POINT('Ctrl Pts',(-1.1481173389776,12.1760557616595,5.429008022521));
#4150=CARTESIAN_POINT('Ctrl Pts',(-0.256185663474085,12.1968173713862,5.61762778272615));
#4151=CARTESIAN_POINT('Ctrl Pts',(0.683208196739516,12.2175789811128,5.58181824288329));
#4152=CARTESIAN_POINT('Ctrl Pts',(1.55818594417473,12.2383405908395,5.32582636491722));
#4153=CARTESIAN_POINT('Ctrl Pts',(2.43316369160994,12.2591022005662,5.06983448695115));
#4154=CARTESIAN_POINT('Ctrl Pts',(3.24372532626677,12.2798638102929,4.59366027086186));
#4155=CARTESIAN_POINT('Ctrl Pts',(3.89333132947585,12.3006254200195,3.9540249593207));
#4156=CARTESIAN_POINT('Ctrl Pts',(4.54293733268492,12.3213870297462,3.31438964777954));
#4157=CARTESIAN_POINT('Ctrl Pts',(5.03158770444626,12.3421486394729,2.51129324078651));
#4158=CARTESIAN_POINT('Ctrl Pts',(5.30108508038487,12.3629102491995,1.64037999353559));
#4159=CARTESIAN_POINT('Ctrl Pts',(5.57058245632348,12.3836718589262,0.769466746284667));
#4160=CARTESIAN_POINT('Ctrl Pts',(5.62092683643938,12.4044334686529,-0.169263341224137));
#4161=CARTESIAN_POINT('Ctrl Pts',(5.44612178713353,12.4251950783795,-1.0640053876155));
#4162=CARTESIAN_POINT('Ctrl Pts',(5.27131673782769,12.4459566881062,-1.95874743400687));
#4163=CARTESIAN_POINT('Ctrl Pts',(4.87136225910011,12.4667182978329,-2.8095014392808));
#4164=CARTESIAN_POINT('Ctrl Pts',(4.2938931021095,12.4874799075595,-3.51494378547031));
#4165=CARTESIAN_POINT('Ctrl Pts',(3.71642394511889,12.5082415172862,-4.22038613165982));
#4166=CARTESIAN_POINT('Ctrl Pts',(2.96144010986526,12.5290031270129,-4.78051681876492));
#4167=CARTESIAN_POINT('Ctrl Pts',(2.11885999506853,12.5497647367396,-5.12862378515114));
#4168=CARTESIAN_POINT('Ctrl Pts',(1.27627988027181,12.5705263464662,-5.47673075153736));
#4169=CARTESIAN_POINT('Ctrl Pts',(0.346103485931994,12.5912879561929,-5.61281399720471));
#4170=CARTESIAN_POINT('Ctrl Pts',(-0.560885214964248,12.6120495659196,-5.52066629415109));
#4171=CARTESIAN_POINT('Ctrl Pts',(-1.46787391586049,12.6328111756462,-5.42851859109748));
#4172=CARTESIAN_POINT('Ctrl Pts',(-2.35167492331315,12.6535727853729,-5.10813993932291));
#4173=CARTESIAN_POINT('Ctrl Pts',(-3.10702764672558,12.6743343950996,-4.59768726971784));
#4174=CARTESIAN_POINT('Ctrl Pts',(-3.86238037013801,12.6950960048262,-4.08723460011278));
#4175=CARTESIAN_POINT('Ctrl Pts',(-4.4892848095102,12.7158576145529,-3.38670791267722));
#4176=CARTESIAN_POINT('Ctrl Pts',(-4.91307669232646,12.7366192242796,-2.57953993765644));
#4177=CARTESIAN_POINT('Ctrl Pts',(-5.32865046869773,12.7569782280914,-1.78802443878415));
#4178=CARTESIAN_POINT('Ctrl Pts',(-5.5489127636987,12.7773372319031,-0.893963493157205));
#4179=CARTESIAN_POINT('Ctrl Pts',(-5.54908025859301,12.7976962357149,1.78589742503709E-5));
#4180=CARTESIAN_POINT('Origin',(0.,12.1,0.));
#4181=CARTESIAN_POINT('',(-5.54850959049903,13.5914462357149,0.000132746700979623));
#4182=CARTESIAN_POINT('',(-5.54835200948096,13.3866787642851,0.000110401955955575));
#4183=CARTESIAN_POINT('',(-5.54863,12.1,6.79511196915298E-16));
#4184=CARTESIAN_POINT('Ctrl Pts',(-5.54835200948096,13.3866787642851,0.000110401955955575));
#4185=CARTESIAN_POINT('Ctrl Pts',(-5.54790828932651,13.3730180373901,-0.599971124822209));
#4186=CARTESIAN_POINT('Ctrl Pts',(-5.45084480905366,13.3593573104951,-1.20019277350196));
#4187=CARTESIAN_POINT('Ctrl Pts',(-5.25964330346894,13.3456965836002,-1.76875689849436));
#4188=CARTESIAN_POINT('Ctrl Pts',(-4.96905473752943,13.3249349738735,-2.63286219526453));
#4189=CARTESIAN_POINT('Ctrl Pts',(-4.46102613522284,13.3041733641468,-3.42384493524572));
#4190=CARTESIAN_POINT('Ctrl Pts',(-3.79606365530952,13.2834117544201,-4.04749914979805));
#4191=CARTESIAN_POINT('Ctrl Pts',(-3.13110117539619,13.2626501446935,-4.67115336435038));
#4192=CARTESIAN_POINT('Ctrl Pts',(-2.30920481787614,13.2418885349668,-5.12747905347384));
#4193=CARTESIAN_POINT('Ctrl Pts',(-1.42826236104142,13.2211269252401,-5.36212786854324));
#4194=CARTESIAN_POINT('Ctrl Pts',(-0.547319904206692,13.2003653155135,-5.59677668361263));
#4195=CARTESIAN_POINT('Ctrl Pts',(0.392668651942708,13.1796037057868,-5.60974862462796));
#4196=CARTESIAN_POINT('Ctrl Pts',(1.27975075840505,13.1588420960601,-5.39949873887594));
#4197=CARTESIAN_POINT('Ctrl Pts',(2.16683286486739,13.1380804863335,-5.18924885312392));
#4198=CARTESIAN_POINT('Ctrl Pts',(3.00100852164267,13.1173188766068,-4.75577714060456));
#4199=CARTESIAN_POINT('Ctrl Pts',(3.68292748805996,13.0965572668801,-4.15071003286928));
#4200=CARTESIAN_POINT('Ctrl Pts',(4.36484645447724,13.0757956571535,-3.54564292513399));
#4201=CARTESIAN_POINT('Ctrl Pts',(4.89450873053653,13.0550340474268,-2.76898042218277));
#4202=CARTESIAN_POINT('Ctrl Pts',(5.20883158646029,13.0342724377001,-1.91322297190085));
#4203=CARTESIAN_POINT('Ctrl Pts',(5.52315444238405,13.0135108279735,-1.05746552161892));
#4204=CARTESIAN_POINT('Ctrl Pts',(5.62213787817229,12.9927492182468,-0.122613124006288));
#4205=CARTESIAN_POINT('Ctrl Pts',(5.49399298134188,12.9719876085201,0.779993422865358));
#4206=CARTESIAN_POINT('Ctrl Pts',(5.36584808451147,12.9512259987934,1.682599969737));
#4207=CARTESIAN_POINT('Ctrl Pts',(5.01057485506241,12.9304643890668,2.55296066586766));
#4208=CARTESIAN_POINT('Ctrl Pts',(4.47048629030086,12.9097027793401,3.28741556569643));
#4209=CARTESIAN_POINT('Ctrl Pts',(3.9303977255393,12.8889411696134,4.0218704655252));
#4210=CARTESIAN_POINT('Ctrl Pts',(3.20549382546524,12.8681795598868,4.62041956905208));
#4211=CARTESIAN_POINT('Ctrl Pts',(2.38211059784325,12.8474179501601,5.01177587258766));
#4212=CARTESIAN_POINT('Ctrl Pts',(1.55872737022125,12.8266563404334,5.40313217612323));
#4213=CARTESIAN_POINT('Ctrl Pts',(0.636864815051313,12.8058947307068,5.58729567966751));
#4214=CARTESIAN_POINT('Ctrl Pts',(-0.273683367832867,12.7851331209801,5.5423322502147));
#4215=CARTESIAN_POINT('Ctrl Pts',(-1.18423155071705,12.7643715112534,5.49736882076189));
#4216=CARTESIAN_POINT('Ctrl Pts',(-2.08346536131547,12.7436099015267,5.223278458312));
#4217=CARTESIAN_POINT('Ctrl Pts',(-2.8642860503346,12.7228482918001,4.75270585538653));
#4218=CARTESIAN_POINT('Ctrl Pts',(-3.64510673935373,12.7020866820734,4.28213325246105));
#4219=CARTESIAN_POINT('Ctrl Pts',(-4.30751430679357,12.6813250723467,3.61507840905999));
#4220=CARTESIAN_POINT('Ctrl Pts',(-4.77261624912008,12.6605634626201,2.8309863776487));
#4221=CARTESIAN_POINT('Ctrl Pts',(-5.23771819144659,12.6398018528934,2.04689434623741));
#4222=CARTESIAN_POINT('Ctrl Pts',(-5.50551450865978,12.6190402431667,1.14576512681589));
#4223=CARTESIAN_POINT('Ctrl Pts',(-5.54411033290706,12.5982786334401,0.234925365292676));
#4224=CARTESIAN_POINT('Ctrl Pts',(-5.54742546778613,12.5964953437217,0.156690045240288));
#4225=CARTESIAN_POINT('Ctrl Pts',(-5.54904962717545,12.5947120540034,0.0783830835937934));
#4226=CARTESIAN_POINT('Ctrl Pts',(-5.54899719710981,12.5929287642851,7.39545881861536E-5));
#4227=CARTESIAN_POINT('Ctrl Pts',(-5.54908025859301,12.7976962357149,1.78589742503709E-5));
#4228=CARTESIAN_POINT('Ctrl Pts',(-5.54908357085896,12.7980988416298,0.0176966306614421));
#4229=CARTESIAN_POINT('Ctrl Pts',(-5.54900081208763,12.7985014475447,0.0353753712225251));
#4230=CARTESIAN_POINT('Ctrl Pts',(-5.54883179061953,12.7989040534596,0.0530532870162672));
#4231=CARTESIAN_POINT('Ctrl Pts',(-5.540115679836,12.8196656631862,0.964669274062175));
#4232=CARTESIAN_POINT('Ctrl Pts',(-5.3020041320086,12.8404272729129,1.87409198554798));
#4233=CARTESIAN_POINT('Ctrl Pts',(-4.86285620680477,12.8611888826396,2.67300924552034));
#4234=CARTESIAN_POINT('Ctrl Pts',(-4.42370828160093,12.8819504923663,3.4719265054927));
#4235=CARTESIAN_POINT('Ctrl Pts',(-3.78352397902066,12.9027121020929,4.16033831395161));
#4236=CARTESIAN_POINT('Ctrl Pts',(-3.01854919068946,12.9234737118196,4.65625489785259));
#4237=CARTESIAN_POINT('Ctrl Pts',(-2.25357440235826,12.9442353215463,5.15217148175357));
#4238=CARTESIAN_POINT('Ctrl Pts',(-1.36380912827614,12.9649969312729,5.45559284109662));
#4239=CARTESIAN_POINT('Ctrl Pts',(-0.45522432782876,12.9857585409996,5.53038151644198));
#4240=CARTESIAN_POINT('Ctrl Pts',(0.453360472618631,13.0065201507263,5.60517019178734));
#4241=CARTESIAN_POINT('Ctrl Pts',(1.38076479943129,13.0272817604529,5.451326183135));
#4242=CARTESIAN_POINT('Ctrl Pts',(2.21653488440275,13.0480433701796,5.08717229947671));
#4243=CARTESIAN_POINT('Ctrl Pts',(3.05230496937422,13.0688049799063,4.72301841581842));
#4244=CARTESIAN_POINT('Ctrl Pts',(3.79644081250451,13.089566589633,4.14855465715417));
#4245=CARTESIAN_POINT('Ctrl Pts',(4.3603159052936,13.1103281993596,3.43219960189729));
#4246=CARTESIAN_POINT('Ctrl Pts',(4.9241909980827,13.1310898090863,2.7158445466404));
#4247=CARTESIAN_POINT('Ctrl Pts',(5.30780534053061,13.151851418813,1.85759819479087));
#4248=CARTESIAN_POINT('Ctrl Pts',(5.46547050055276,13.1726130285396,0.959677606382109));
#4249=CARTESIAN_POINT('Ctrl Pts',(5.62313566057491,13.1933746382663,0.061757017973344));
#4250=CARTESIAN_POINT('Ctrl Pts',(5.55485163817131,13.214136247993,-0.875837806994659));
#4251=CARTESIAN_POINT('Ctrl Pts',(5.26875105401564,13.2348978577196,-1.74143941359982));
#4252=CARTESIAN_POINT('Ctrl Pts',(4.98265046985996,13.2556594674463,-2.60704102020498));
#4253=CARTESIAN_POINT('Ctrl Pts',(4.47873332395222,13.276421077173,-3.4006494084473));
#4254=CARTESIAN_POINT('Ctrl Pts',(3.81701610079415,13.2971826868996,-4.02774589404713));
#4255=CARTESIAN_POINT('Ctrl Pts',(3.15529887763608,13.3179442966263,-4.65484237964696));
#4256=CARTESIAN_POINT('Ctrl Pts',(2.33578157722771,13.338705906353,-5.11542696260429));
#4257=CARTESIAN_POINT('Ctrl Pts',(1.45606863272707,13.3594675160797,-5.35464406261506));
#4258=CARTESIAN_POINT('Ctrl Pts',(0.576355688226426,13.3802291258063,-5.59386116262583));
#4259=CARTESIAN_POINT('Ctrl Pts',(-0.363552900366513,13.400990735533,-5.61171077969001));
#4260=CARTESIAN_POINT('Ctrl Pts',(-1.25171410884955,13.4217523452597,-5.40606702606792));
#4261=CARTESIAN_POINT('Ctrl Pts',(-2.13987531733259,13.4425139549863,-5.20042327244584));
#4262=CARTESIAN_POINT('Ctrl Pts',(-2.97628914570576,13.463275564713,-4.77128614813749));
#4263=CARTESIAN_POINT('Ctrl Pts',(-3.66133878593395,13.4840371744397,-4.1697658441688));
#4264=CARTESIAN_POINT('Ctrl Pts',(-4.34638842616213,13.5047987841663,-3.56824554020012));
#4265=CARTESIAN_POINT('Ctrl Pts',(-4.88007387824532,13.525560393893,-2.79434205657111));
#4266=CARTESIAN_POINT('Ctrl Pts',(-5.19883325520245,13.5463220036197,-1.94022722514572));
#4267=CARTESIAN_POINT('Ctrl Pts',(-5.42976865789543,13.5613634143181,-1.32143647952382));
#4268=CARTESIAN_POINT('Ctrl Pts',(-5.54789494324886,13.5764048250165,-0.660544879735117));
#4269=CARTESIAN_POINT('Ctrl Pts',(-5.54850959049903,13.5914462357149,0.000132746700979623));
#4270=CARTESIAN_POINT('Origin',(0.,12.1,0.));
#4271=CARTESIAN_POINT('',(-5.54818589142045,14.3851962357149,-2.55295880818493E-5));
#4272=CARTESIAN_POINT('',(-5.54824771702398,14.1804287642851,-7.5290889243601E-5));
#4273=CARTESIAN_POINT('',(-5.54863,12.1,6.79511196915298E-16));
#4274=CARTESIAN_POINT('Ctrl Pts',(-5.54824771702398,14.1804287642851,-7.5290889243601E-5));
#4275=CARTESIAN_POINT('Ctrl Pts',(-5.54842773766589,14.1720856305035,-0.366588020876494));
#4276=CARTESIAN_POINT('Ctrl Pts',(-5.51263797609863,14.1637424967219,-0.733066056385608));
#4277=CARTESIAN_POINT('Ctrl Pts',(-5.44052698369264,14.1553993629403,-1.09225216171614));
#4278=CARTESIAN_POINT('Ctrl Pts',(-5.26108118784111,14.1346377532136,-1.98607478680165));
#4279=CARTESIAN_POINT('Ctrl Pts',(-4.85671740485177,14.1138761434869,-2.8347423821637));
#4280=CARTESIAN_POINT('Ctrl Pts',(-4.27559532312136,14.0931145337603,-3.53717871727798));
#4281=CARTESIAN_POINT('Ctrl Pts',(-3.69447324139094,14.0723529240336,-4.23961505239227));
#4282=CARTESIAN_POINT('Ctrl Pts',(-2.93659286091945,14.0515913143069,-4.79582012725879));
#4283=CARTESIAN_POINT('Ctrl Pts',(-2.09221766350467,14.0308297045802,-5.13954996994676));
#4284=CARTESIAN_POINT('Ctrl Pts',(-1.24784246608989,14.0100680948536,-5.48327981263473));
#4285=CARTESIAN_POINT('Ctrl Pts',(-0.316972451731823,13.9893064851269,-5.61453442314415));
#4286=CARTESIAN_POINT('Ctrl Pts',(0.589525848699923,13.9685448754002,-5.51768138974852));
#4287=CARTESIAN_POINT('Ctrl Pts',(1.49602414913167,13.9477832656736,-5.4208283563529));
#4288=CARTESIAN_POINT('Ctrl Pts',(2.37815073563709,13.9270216559469,-5.09586767905223));
#4289=CARTESIAN_POINT('Ctrl Pts',(3.13084441500397,13.9062600462202,-4.58150214384953));
#4290=CARTESIAN_POINT('Ctrl Pts',(3.88353809437086,13.8854984364936,-4.06713660864682));
#4291=CARTESIAN_POINT('Ctrl Pts',(4.50679886659921,13.8647368267669,-3.36336621554208));
#4292=CARTESIAN_POINT('Ctrl Pts',(4.92639643253015,13.8439752170402,-2.55400995194169));
#4293=CARTESIAN_POINT('Ctrl Pts',(5.34599399846108,13.8232136073136,-1.74465368834131));
#4294=CARTESIAN_POINT('Ctrl Pts',(5.5619283580946,13.8024519975869,-0.82971155424528));
#4295=CARTESIAN_POINT('Ctrl Pts',(5.54848174957409,13.7816903878602,0.0818469285089003));
#4296=CARTESIAN_POINT('Ctrl Pts',(5.53503514105358,13.7609287781335,0.993405411263074));
#4297=CARTESIAN_POINT('Ctrl Pts',(5.29220756437905,13.7401671684069,1.9015802426754));
#4298=CARTESIAN_POINT('Ctrl Pts',(4.84891976101957,13.7194055586802,2.69820788603144));
#4299=CARTESIAN_POINT('Ctrl Pts',(4.40563195766009,13.6986439489535,3.49483552938748));
#4300=CARTESIAN_POINT('Ctrl Pts',(3.76188392761567,13.6778823392269,4.17991598468722));
#4301=CARTESIAN_POINT('Ctrl Pts',(2.99434600051562,13.6571207295002,4.67185623433514));
#4302=CARTESIAN_POINT('Ctrl Pts',(2.22680807341556,13.6363591197735,5.16379648398305));
#4303=CARTESIAN_POINT('Ctrl Pts',(1.33548024925987,13.6155975100469,5.46259652797912));
#4304=CARTESIAN_POINT('Ctrl Pts',(0.42651958780155,13.5948359003202,5.53266930931159));
#4305=CARTESIAN_POINT('Ctrl Pts',(-0.48244107365677,13.5740742905935,5.60274209064406));
#4306=CARTESIAN_POINT('Ctrl Pts',(-1.40903457241772,13.5533126808668,5.44408760931292));
#4307=CARTESIAN_POINT('Ctrl Pts',(-2.24290371022584,13.5325510711402,5.07560159900869));
#4308=CARTESIAN_POINT('Ctrl Pts',(-3.07677284803397,13.5117894614135,4.70711558870446));
#4309=CARTESIAN_POINT('Ctrl Pts',(-3.81791762488927,13.4910278516868,4.12879804942714));
#4310=CARTESIAN_POINT('Ctrl Pts',(-4.37806776778505,13.4702662419602,3.40952654566252));
#4311=CARTESIAN_POINT('Ctrl Pts',(-4.93821791068081,13.4495046322335,2.69025504189792));
#4312=CARTESIAN_POINT('Ctrl Pts',(-5.31737341961705,13.4287430225068,1.83002957364602));
#4313=CARTESIAN_POINT('Ctrl Pts',(-5.47037690929896,13.4079814127802,0.931302912740503));
#4314=CARTESIAN_POINT('Ctrl Pts',(-5.52270714126918,13.4008805299485,0.623920546882151));
#4315=CARTESIAN_POINT('Ctrl Pts',(-5.54858265641879,13.3937796471168,0.312034404527502));
#4316=CARTESIAN_POINT('Ctrl Pts',(-5.54835200948096,13.3866787642851,0.000110401955955575));
#4317=CARTESIAN_POINT('Ctrl Pts',(-5.54850959049903,13.5914462357149,0.000132746700979623));
#4318=CARTESIAN_POINT('Ctrl Pts',(-5.54874333882714,13.5971664347432,0.251386275542375));
#4319=CARTESIAN_POINT('Ctrl Pts',(-5.53198189728656,13.6028866337714,0.502608858361632));
#4320=CARTESIAN_POINT('Ctrl Pts',(-5.49796662424492,13.6086068327997,0.751473152736891));
#4321=CARTESIAN_POINT('Ctrl Pts',(-5.3745073144992,13.6293684425264,1.65473251997232));
#4322=CARTESIAN_POINT('Ctrl Pts',(-5.02375539317668,13.650130052253,2.52692507522139));
#4323=CARTESIAN_POINT('Ctrl Pts',(-4.487485381009,13.6708916619797,3.26417276745923));
#4324=CARTESIAN_POINT('Ctrl Pts',(-3.95121536884133,13.6916532717064,4.00142045969706));
#4325=CARTESIAN_POINT('Ctrl Pts',(-3.22942726582849,13.712414881433,4.60372328892365));
#4326=CARTESIAN_POINT('Ctrl Pts',(-2.40808596692853,13.7331764911597,4.99934704501267));
#4327=CARTESIAN_POINT('Ctrl Pts',(-1.58674466802856,13.7539381008864,5.3949708011017));
#4328=CARTESIAN_POINT('Ctrl Pts',(-0.665850173241461,13.774699710613,5.58391548405317));
#4329=CARTESIAN_POINT('Ctrl Pts',(0.244919070002553,13.7954613203397,5.54367779995756));
#4330=CARTESIAN_POINT('Ctrl Pts',(1.15568831324658,13.8162229300664,5.50344011586194));
#4331=CARTESIAN_POINT('Ctrl Pts',(2.05633230494752,13.836984539793,5.23402006471924));
#4332=CARTESIAN_POINT('Ctrl Pts',(2.83958443068196,13.8577461495197,4.76750554919684));
#4333=CARTESIAN_POINT('Ctrl Pts',(3.62283655641638,13.8785077592464,4.30099103367444));
#4334=CARTESIAN_POINT('Ctrl Pts',(4.28869681618429,13.8992693689731,3.63738205377236));
#4335=CARTESIAN_POINT('Ctrl Pts',(4.75786131588037,13.9200309786997,2.85571437637641));
#4336=CARTESIAN_POINT('Ctrl Pts',(5.22702581557645,13.9407925884264,2.07404669898046));
#4337=CARTESIAN_POINT('Ctrl Pts',(5.49949455520069,13.9615541981531,1.17432032409064));
#4338=CARTESIAN_POINT('Ctrl Pts',(5.54281653357502,13.9823158078797,0.263692578054793));
#4339=CARTESIAN_POINT('Ctrl Pts',(5.58613851194935,14.0030774176064,-0.646935167981052));
#4340=CARTESIAN_POINT('Ctrl Pts',(5.40031372907377,14.0238390273331,-1.56846428516293));
#4341=CARTESIAN_POINT('Ctrl Pts',(5.00747389905364,14.0446006370597,-2.39114074259343));
#4342=CARTESIAN_POINT('Ctrl Pts',(4.61463406903351,14.0653622467864,-3.21381720002394));
#4343=CARTESIAN_POINT('Ctrl Pts',(4.01477919186882,14.0861238565131,-3.93764099770307));
#4344=CARTESIAN_POINT('Ctrl Pts',(3.27935192682536,14.1068854662398,-4.47640478962982));
#4345=CARTESIAN_POINT('Ctrl Pts',(2.54392466178191,14.1276470759664,-5.01516858155657));
#4346=CARTESIAN_POINT('Ctrl Pts',(1.67292500885969,14.1484086856931,-5.36887236773096));
#4347=CARTESIAN_POINT('Ctrl Pts',(0.770088944530958,14.1691702954198,-5.49539006059664));
#4348=CARTESIAN_POINT('Ctrl Pts',(-0.132747119797774,14.1899319051464,-5.62190775346233));
#4349=CARTESIAN_POINT('Ctrl Pts',(-1.06741959553302,14.2106935148731,-5.52123935301931));
#4350=CARTESIAN_POINT('Ctrl Pts',(-1.92260907901384,14.2314551245998,-5.20537445626043));
#4351=CARTESIAN_POINT('Ctrl Pts',(-2.77779856249465,14.2522167343264,-4.88950955950155));
#4352=CARTESIAN_POINT('Ctrl Pts',(-3.55350505372103,14.2729783440531,-4.3584481664268));
#4353=CARTESIAN_POINT('Ctrl Pts',(-4.15734198278656,14.2937399537798,-3.67543963883945));
#4354=CARTESIAN_POINT('Ctrl Pts',(-4.76117891185208,14.3145015635064,-2.9924311112521));
#4355=CARTESIAN_POINT('Ctrl Pts',(-5.19314627875674,14.3352631732331,-2.15747544915215));
#4356=CARTESIAN_POINT('Ctrl Pts',(-5.40179681086408,14.3560247829598,-1.2700157931042));
#4357=CARTESIAN_POINT('Ctrl Pts',(-5.49951947013498,14.3657486005448,-0.854369033382381));
#4358=CARTESIAN_POINT('Ctrl Pts',(-5.54825601145841,14.3754724181299,-0.427205153410382));
#4359=CARTESIAN_POINT('Ctrl Pts',(-5.54818589142045,14.3851962357149,-2.55295880818493E-5));
#4360=CARTESIAN_POINT('Origin',(0.,12.1,0.));
#4361=CARTESIAN_POINT('',(-5.54868247660303,15.1789462357149,-0.00013379004630676));
#4362=CARTESIAN_POINT('',(-5.54886273009685,14.9741787642851,-0.000112111572450821));
#4363=CARTESIAN_POINT('',(-5.54863,12.1,6.79511196915298E-16));
#4364=CARTESIAN_POINT('Ctrl Pts',(-5.54886273009685,14.9741787642851,-0.000112111572450821));
#4365=CARTESIAN_POINT('Ctrl Pts',(-5.54898376693369,14.9711532236168,-0.132981314003481));
#4366=CARTESIAN_POINT('Ctrl Pts',(-5.54430579820929,14.9681276829486,-0.26584201068721));
#4367=CARTESIAN_POINT('Ctrl Pts',(-5.53476860869685,14.9651021422804,-0.39835297548748));
#4368=CARTESIAN_POINT('Ctrl Pts',(-5.46932331205111,14.9443405325537,-1.30765853021642));
#4369=CARTESIAN_POINT('Ctrl Pts',(-5.1750639651739,14.923578922827,-2.20049568965317));
#4370=CARTESIAN_POINT('Ctrl Pts',(-4.68703682845552,14.9028173131004,-2.97052763224078));
#4371=CARTESIAN_POINT('Ctrl Pts',(-4.19900969173714,14.8820557033737,-3.7405595748284));
#4372=CARTESIAN_POINT('Ctrl Pts',(-3.51721476517759,14.861294093647,-4.38778630056688));
#4373=CARTESIAN_POINT('Ctrl Pts',(-2.72285376022099,14.8405324839203,-4.83512316755501));
#4374=CARTESIAN_POINT('Ctrl Pts',(-1.92849275526439,14.8197708741937,-5.28246003454314));
#4375=CARTESIAN_POINT('Ctrl Pts',(-1.02156567191074,14.799009264467,-5.52990704278092));
#4376=CARTESIAN_POINT('Ctrl Pts',(-0.110087440192718,14.7782476547403,-5.54799327690759));
#4377=CARTESIAN_POINT('Ctrl Pts',(0.801390791525306,14.7574860450137,-5.56607951103426));
#4378=CARTESIAN_POINT('Ctrl Pts',(1.71742017160771,14.736724435287,-5.35480497104983));
#4379=CARTESIAN_POINT('Ctrl Pts',(2.52890168731977,14.7159628255603,-4.93933243474456));
#4380=CARTESIAN_POINT('Ctrl Pts',(3.34038320303183,14.6952012158337,-4.52385989843928));
#4381=CARTESIAN_POINT('Ctrl Pts',(4.04731685437356,14.674439606107,-3.90418936581316));
#4382=CARTESIAN_POINT('Ctrl Pts',(4.56550691018242,14.6536779963803,-3.1541235388202));
#4383=CARTESIAN_POINT('Ctrl Pts',(5.08369696599128,14.6329163866537,-2.40405771182725));
#4384=CARTESIAN_POINT('Ctrl Pts',(5.41314342626729,14.612154776927,-1.52359659046747));
#4385=CARTESIAN_POINT('Ctrl Pts',(5.51460924867767,14.5913931672003,-0.617603011214884));
#4386=CARTESIAN_POINT('Ctrl Pts',(5.61607507108805,14.5706315574736,0.288390568037704));
#4387=CARTESIAN_POINT('Ctrl Pts',(5.48956025563281,14.549869947747,1.2199166051831));
#4388=CARTESIAN_POINT('Ctrl Pts',(5.1501327048951,14.5291083380203,2.06603043710136));
#4389=CARTESIAN_POINT('Ctrl Pts',(4.81070515415739,14.5083467282936,2.91214426901964));
#4390=CARTESIAN_POINT('Ctrl Pts',(4.25836486813723,14.487585118567,3.67284589571077));
#4391=CARTESIAN_POINT('Ctrl Pts',(3.55889552277828,14.4668235088403,4.2575358252176));
#4392=CARTESIAN_POINT('Ctrl Pts',(2.85942617741933,14.4460618991136,4.84222575472443));
#4393=CARTESIAN_POINT('Ctrl Pts',(2.01282777272159,14.425300289387,5.25090398704695));
#4394=CARTESIAN_POINT('Ctrl Pts',(1.11993009879664,14.4045386796603,5.43489698328037));
#4395=CARTESIAN_POINT('Ctrl Pts',(0.227032424871681,14.3837770699336,5.61888997951379));
#4396=CARTESIAN_POINT('Ctrl Pts',(-0.712164518280522,14.3630154602069,5.57819773965813));
#4397=CARTESIAN_POINT('Ctrl Pts',(-1.58580246335673,14.3422538504803,5.3176667056401));
#4398=CARTESIAN_POINT('Ctrl Pts',(-2.45944040843294,14.3214922407536,5.05713567162207));
#4399=CARTESIAN_POINT('Ctrl Pts',(-3.26751935543316,14.3007306310269,4.5767658434417));
#4400=CARTESIAN_POINT('Ctrl Pts',(-3.91379717802297,14.2799690213003,3.93376922230584));
#4401=CARTESIAN_POINT('Ctrl Pts',(-4.56007500061278,14.2592074115736,3.29077260116999));
#4402=CARTESIAN_POINT('Ctrl Pts',(-5.04455169879217,14.2384458018469,2.48514918707867));
#4403=CARTESIAN_POINT('Ctrl Pts',(-5.30952614352502,14.2176841921203,1.61284865262853));
#4404=CARTESIAN_POINT('Ctrl Pts',(-5.46801957497337,14.2052657161752,1.09108548751036));
#4405=CARTESIAN_POINT('Ctrl Pts',(-5.5479797623118,14.1928472402301,0.545466664933253));
#4406=CARTESIAN_POINT('Ctrl Pts',(-5.54824771702398,14.1804287642851,-7.5290889243601E-5));
#4407=CARTESIAN_POINT('Ctrl Pts',(-5.54818589142045,14.3851962357149,-2.55295880818493E-5));
#4408=CARTESIAN_POINT('Ctrl Pts',(-5.54810629609718,14.3962340278565,0.484878660936608));
#4409=CARTESIAN_POINT('Ctrl Pts',(-5.48513839176299,14.4072718199982,0.969803137711066));
#4410=CARTESIAN_POINT('Ctrl Pts',(-5.35954465806083,14.4183096121398,1.43792557486372));
#4411=CARTESIAN_POINT('Ctrl Pts',(-5.12330827584026,14.4390712218665,2.31844363678763));
#4412=CARTESIAN_POINT('Ctrl Pts',(-4.66550181408914,14.4598328315931,3.13951611063952));
#4413=CARTESIAN_POINT('Ctrl Pts',(-4.04064997920096,14.4805944413198,3.80335334227104));
#4414=CARTESIAN_POINT('Ctrl Pts',(-3.41579814431277,14.5013560510465,4.46719057390257));
#4415=CARTESIAN_POINT('Ctrl Pts',(-2.62390093628753,14.5221176607731,4.97379256331373));
#4416=CARTESIAN_POINT('Ctrl Pts',(-1.75927323787616,14.5428792704998,5.26282306135449));
#4417=CARTESIAN_POINT('Ctrl Pts',(-0.894645539464792,14.5636408802265,5.55185355939526));
#4418=CARTESIAN_POINT('Ctrl Pts',(0.0427126493326949,14.5844024899531,5.62331256606562));
#4419=CARTESIAN_POINT('Ctrl Pts',(0.941162056686131,14.6051640996798,5.46868932044642));
#4420=CARTESIAN_POINT('Ctrl Pts',(1.83961146403958,14.6259257094065,5.31406607482721));
#4421=CARTESIAN_POINT('Ctrl Pts',(2.69915208994898,14.6466873191332,4.93336057691843));
#4422=CARTESIAN_POINT('Ctrl Pts',(3.41741272697191,14.6674489288598,4.37191481553171));
#4423=CARTESIAN_POINT('Ctrl Pts',(4.13567336399483,14.6882105385865,3.810469054145));
#4424=CARTESIAN_POINT('Ctrl Pts',(4.7126540121313,14.7089721483132,3.06828302928037));
#4425=CARTESIAN_POINT('Ctrl Pts',(5.07963633064643,14.7297337580398,2.2337510265933));
#4426=CARTESIAN_POINT('Ctrl Pts',(5.44661864916156,14.7504953677665,1.39921902390623));
#4427=CARTESIAN_POINT('Ctrl Pts',(5.60360263805536,14.7712569774932,0.472341043396735));
#4428=CARTESIAN_POINT('Ctrl Pts',(5.53189151903981,14.7920185872198,-0.436491835180325));
#4429=CARTESIAN_POINT('Ctrl Pts',(5.46018040002426,14.8127801969465,-1.34532471375741));
#4430=CARTESIAN_POINT('Ctrl Pts',(5.15977417309934,14.8335418066732,-2.23611249040206));
#4431=CARTESIAN_POINT('Ctrl Pts',(4.66645119159329,14.8543034163998,-3.0027624244515));
#4432=CARTESIAN_POINT('Ctrl Pts',(4.17312821008724,14.8750650261265,-3.76941235850093));
#4433=CARTESIAN_POINT('Ctrl Pts',(3.48688847400006,14.8958266358532,-4.41192444995515));
#4434=CARTESIAN_POINT('Ctrl Pts',(2.68946307104537,14.9165882455799,-4.85377557040091));
#4435=CARTESIAN_POINT('Ctrl Pts',(1.89203766809068,14.9373498553065,-5.29562669084668));
#4436=CARTESIAN_POINT('Ctrl Pts',(0.983426598268483,14.9581114650332,-5.53681684028399));
#4437=CARTESIAN_POINT('Ctrl Pts',(0.0718453544519387,14.9788730747599,-5.54862029256768));
#4438=CARTESIAN_POINT('Ctrl Pts',(-0.839735889364618,14.9996346844865,-5.56042374485138));
#4439=CARTESIAN_POINT('Ctrl Pts',(-1.75428730717552,15.0203962942132,-5.34284049998145));
#4440=CARTESIAN_POINT('Ctrl Pts',(-2.56288591181607,15.0411579039399,-4.92178470612063));
#4441=CARTESIAN_POINT('Ctrl Pts',(-3.3714845164566,15.0619195136665,-4.50072891225982));
#4442=CARTESIAN_POINT('Ctrl Pts',(-4.07413030792677,15.0826811233932,-3.87620056940812));
#4443=CARTESIAN_POINT('Ctrl Pts',(-4.58713823797134,15.1034427331199,-3.12258093577061));
#4444=CARTESIAN_POINT('Ctrl Pts',(-5.10014616801591,15.1242043428465,-2.36896130213308));
#4445=CARTESIAN_POINT('Ctrl Pts',(-5.42351623663486,15.1449659525732,-1.48625037770973));
#4446=CARTESIAN_POINT('Ctrl Pts',(-5.51873510076741,15.1657275622999,-0.57957896736408));
#4447=CARTESIAN_POINT('Ctrl Pts',(-5.53894334544737,15.1701337867716,-0.38715661627317));
#4448=CARTESIAN_POINT('Ctrl Pts',(-5.54887535680759,15.1745400112432,-0.19365505306788));
#4449=CARTESIAN_POINT('Ctrl Pts',(-5.54868247660303,15.1789462357149,-0.00013379004630676));
#4450=CARTESIAN_POINT('Origin',(0.,12.1,0.));
#4451=CARTESIAN_POINT('',(-5.5490641132576,15.9726962357149,2.94747581642243E-6));
#4452=CARTESIAN_POINT('',(-5.54894723882946,15.7679287642851,9.13561613857805E-5));
#4453=CARTESIAN_POINT('',(-5.54863,12.1,6.79511196915298E-16));
#4454=CARTESIAN_POINT('',(-2.96183108253884,16.1,4.69199866958707));
#4455=CARTESIAN_POINT('Ctrl Pts',(-5.5490641132576,15.9726962357149,2.94747581642243E-6));
#4456=CARTESIAN_POINT('Ctrl Pts',(-5.5490797587295,15.9736076043566,0.0400235985716438));
#4457=CARTESIAN_POINT('Ctrl Pts',(-5.54865555389394,15.9745189729983,0.0800441083544097));
#4458=CARTESIAN_POINT('Ctrl Pts',(-5.54778938579695,15.97543034164,0.120055258198734));
#4459=CARTESIAN_POINT('Ctrl Pts',(-5.52805747582681,15.9961919513667,1.0315370009158));
#4460=CARTESIAN_POINT('Ctrl Pts',(-5.27896431255396,16.0169535610933,1.93816130999723));
#4461=CARTESIAN_POINT('Ctrl Pts',(-4.83018463634315,16.03771517082,2.73158601066803));
#4462=CARTESIAN_POINT('Ctrl Pts',(-4.38140496013234,16.0584767805467,3.52501071133884));
#4463=CARTESIAN_POINT('Ctrl Pts',(-3.73293877098357,16.0792383902733,4.20523580359903));
#4464=CARTESIAN_POINT('Ctrl Pts',(-2.9618310825388,16.1,4.69199866958709));
#4465=CARTESIAN_POINT('',(4.83445598662882,16.1,2.72311038892088));
#4466=CARTESIAN_POINT('Origin',(0.,16.1,0.));
#4467=CARTESIAN_POINT('Ctrl Pts',(4.83441385690527,16.1,2.72324140458899));
#4468=CARTESIAN_POINT('Ctrl Pts',(4.73564627385752,16.0954096891735,2.89900265223587));
#4469=CARTESIAN_POINT('Ctrl Pts',(4.62732074262901,16.090819378347,3.06935539850237));
#4470=CARTESIAN_POINT('Ctrl Pts',(4.50988065599638,16.0862290675205,3.23317308125903));
#4471=CARTESIAN_POINT('Ctrl Pts',(3.97870851164899,16.0654674577938,3.97410739361248));
#4472=CARTESIAN_POINT('Ctrl Pts',(3.26108166230572,16.0447058480672,4.58135516999849));
#4473=CARTESIAN_POINT('Ctrl Pts',(2.4424848868364,16.0239442383405,4.9826266818733));
#4474=CARTESIAN_POINT('Ctrl Pts',(1.62388811136707,16.0031826286138,5.38389819374812));
#4475=CARTESIAN_POINT('Ctrl Pts',(0.704321409771668,15.9824210188872,5.57919344111174));
#4476=CARTESIAN_POINT('Ctrl Pts',(-0.206702626182049,15.9616594091605,5.54523613507637));
#4477=CARTESIAN_POINT('Ctrl Pts',(-1.11772666213575,15.9408977994338,5.511278829041));
#4478=CARTESIAN_POINT('Ctrl Pts',(-2.02020803244775,15.9201361897072,5.24806896960665));
#4479=CARTESIAN_POINT('Ctrl Pts',(-2.80665744716917,15.8993745799805,4.78696311738173));
#4480=CARTESIAN_POINT('Ctrl Pts',(-3.59310686189059,15.8786129702538,4.3258572651568));
#4481=CARTESIAN_POINT('Ctrl Pts',(-4.2635243210214,15.8578513605271,3.6668554201413));
#4482=CARTESIAN_POINT('Ctrl Pts',(-4.73806508350028,15.8370897508005,2.88844050920565));
#4483=CARTESIAN_POINT('Ctrl Pts',(-5.21260584597915,15.8163281410738,2.11002559827001));
#4484=CARTESIAN_POINT('Ctrl Pts',(-5.4912699118061,15.7955665313471,1.21219762141422));
#4485=CARTESIAN_POINT('Ctrl Pts',(-5.54086746294072,15.7748049216205,0.301889863894816));
#4486=CARTESIAN_POINT('Ctrl Pts',(-5.54634296266579,15.7725128691753,0.201393170771718));
#4487=CARTESIAN_POINT('Ctrl Pts',(-5.54902663436092,15.7702208167302,0.10074437596972));
#4488=CARTESIAN_POINT('Ctrl Pts',(-5.54894723882946,15.7679287642851,9.13561613857805E-5));
#4489=CARTESIAN_POINT('Origin',(0.,10.3731853800445,0.));
#4490=CARTESIAN_POINT('',(-5.956356332174,15.4143146199555,-0.000143619894236585));
#4491=CARTESIAN_POINT('',(-5.95664054706115,15.5325603800445,9.80682986732633E-5));
#4492=CARTESIAN_POINT('',(-5.9563,10.3731853800445,2.4078773976944E-14));
#4493=CARTESIAN_POINT('',(1.30354246758932,16.1,-5.81190904309343));
#4494=CARTESIAN_POINT('Ctrl Pts',(-5.95664054706115,15.5325603800445,9.80682986734607E-5));
#4495=CARTESIAN_POINT('Ctrl Pts',(-5.95672577595622,15.5348524324897,0.108146285945967));
#4496=CARTESIAN_POINT('Ctrl Pts',(-5.92774996778814,15.5579060946615,1.19485900711495));
#4497=CARTESIAN_POINT('Ctrl Pts',(-5.29644929020689,15.6017213665599,3.22884716579079));
#4498=CARTESIAN_POINT('Ctrl Pts',(-3.13742579513467,15.6640061957399,5.35110762799454));
#4499=CARTESIAN_POINT('Ctrl Pts',(-0.231059834894272,15.72629102492,6.19875302104587));
#4500=CARTESIAN_POINT('Ctrl Pts',(2.73032800933713,15.7885758541,5.56982097014038));
#4501=CARTESIAN_POINT('Ctrl Pts',(5.04138540697043,15.85086068328,3.61423016818311));
#4502=CARTESIAN_POINT('Ctrl Pts',(6.15151916107341,15.91314551246,0.797586694647919));
#4503=CARTESIAN_POINT('Ctrl Pts',(5.79649603258687,15.97543034164,-2.20875173751319));
#4504=CARTESIAN_POINT('Ctrl Pts',(4.06047735566345,16.03771517082,-4.68956591672954));
#4505=CARTESIAN_POINT('Ctrl Pts',(2.25870210493538,16.0792383902733,-5.59767803201327));
#4506=CARTESIAN_POINT('Ctrl Pts',(1.30354246758932,16.1,-5.81190904309343));
#4507=CARTESIAN_POINT('',(-3.90665417790544,16.1,-4.49621128219875));
#4508=CARTESIAN_POINT('Origin',(0.,16.1,0.));
#4509=CARTESIAN_POINT('Ctrl Pts',(-5.956356332174,15.4143146199555,-0.000143619894236516));
#4510=CARTESIAN_POINT('Ctrl Pts',(-5.95558778130799,15.4306700052104,0.770961609033126));
#4511=CARTESIAN_POINT('Ctrl Pts',(-5.61399812382933,15.4677870001921,2.52157299217895));
#4512=CARTESIAN_POINT('Ctrl Pts',(-3.94541649325695,15.5256656049004,4.78659748919104));
#4513=CARTESIAN_POINT('Ctrl Pts',(-1.21001043159341,15.5879504340804,6.08388850242021));
#4514=CARTESIAN_POINT('Ctrl Pts',(1.81361994213057,15.6502352632604,5.93199901659626));
#4515=CARTESIAN_POINT('Ctrl Pts',(4.40524627623264,15.7125200924405,4.36710729166759));
#4516=CARTESIAN_POINT('Ctrl Pts',(5.94754400300731,15.7748049216205,1.76197382951872));
#4517=CARTESIAN_POINT('Ctrl Pts',(6.07313742034635,15.8370897508005,-1.26286627668638));
#4518=CARTESIAN_POINT('Ctrl Pts',(4.75211155475511,15.8993745799805,-3.98688221421913));
#4519=CARTESIAN_POINT('Ctrl Pts',(2.2991317974748,15.9616594091605,-5.76124295913304));
#4520=CARTESIAN_POINT('Ctrl Pts',(-0.701497073018228,16.0239442383405,-6.16323776349393));
#4521=CARTESIAN_POINT('Ctrl Pts',(-2.79935174309946,16.0700577686203,-5.3740015965195));
#4522=CARTESIAN_POINT('Ctrl Pts',(-3.74343069782229,16.0954096891735,-4.63832890099516));
#4523=CARTESIAN_POINT('Ctrl Pts',(-3.90665417790544,16.1,-4.49621128219875));
#4524=CARTESIAN_POINT('Origin',(0.,10.3731853800445,0.));
#4525=CARTESIAN_POINT('',(-5.95582326179032,14.6205646199555,-2.74053029242216E-5));
#4526=CARTESIAN_POINT('',(-5.95654982928685,14.7388103800445,-0.000120348655377634));
#4527=CARTESIAN_POINT('',(-5.9563,10.3731853800445,2.4078773976944E-14));
#4528=CARTESIAN_POINT('Ctrl Pts',(-5.95654982928685,14.7388103800445,-0.000120348655377658));
#4529=CARTESIAN_POINT('Ctrl Pts',(-5.95578816649632,14.756546449103,0.836001365537513));
#4530=CARTESIAN_POINT('Ctrl Pts',(-5.56987243508017,14.7950441278881,2.65155725369748));
#4531=CARTESIAN_POINT('Ctrl Pts',(-3.78638229894174,14.8543034163999,4.91336289993813));
#4532=CARTESIAN_POINT('Ctrl Pts',(-1.00991878948956,14.9165882455798,6.12028511793373));
#4533=CARTESIAN_POINT('Ctrl Pts',(2.00710718694485,14.9788730747599,5.86935658005577));
#4534=CARTESIAN_POINT('Ctrl Pts',(4.54604060638093,15.0411579039399,4.22034840418211));
#4535=CARTESIAN_POINT('Ctrl Pts',(6.00210801909594,15.1034427331199,1.56605405165776));
#4536=CARTESIAN_POINT('Ctrl Pts',(6.02847441885629,15.1657275622999,-1.46127411399443));
#4537=CARTESIAN_POINT('Ctrl Pts',(4.61885938103248,15.2280123914799,-4.1405269940734));
#4538=CARTESIAN_POINT('Ctrl Pts',(2.10903284762954,15.2902972206599,-5.83350726088458));
#4539=CARTESIAN_POINT('Ctrl Pts',(-0.903164786149775,15.3525820498399,-6.13694692754355));
#4540=CARTESIAN_POINT('Ctrl Pts',(-3.70022899101931,15.4148668790199,-4.97856753933046));
#4541=CARTESIAN_POINT('Ctrl Pts',(-5.54540309105994,15.4748596557548,-2.72056140255137));
#4542=CARTESIAN_POINT('Ctrl Pts',(-5.9559537652369,15.514090822763,-0.870563835291678));
#4543=CARTESIAN_POINT('Ctrl Pts',(-5.95664054706115,15.5325603800445,9.80682986734607E-5));
#4544=CARTESIAN_POINT('Ctrl Pts',(-5.95582326179032,14.6205646199555,-2.74053029238747E-5));
#4545=CARTESIAN_POINT('Ctrl Pts',(-5.95573781842431,14.6316024120971,0.520503758249573));
#4546=CARTESIAN_POINT('Ctrl Pts',(-5.76100157974054,14.6634018139654,2.02019426965021));
#4547=CARTESIAN_POINT('Ctrl Pts',(-4.51684394654734,14.7159628255603,4.25158170319632));
#4548=CARTESIAN_POINT('Ctrl Pts',(-1.96660505505839,14.7782476547403,5.88305114494844));
#4549=CARTESIAN_POINT('Ctrl Pts',(1.05207878938671,14.8405324839203,6.11317891419816));
#4550=CARTESIAN_POINT('Ctrl Pts',(3.82015766476896,14.9028173131004,4.88714861994858));
#4551=CARTESIAN_POINT('Ctrl Pts',(5.67827570534581,14.9651021422804,2.49700044648885));
#4552=CARTESIAN_POINT('Ctrl Pts',(6.18382954460783,15.0273869714604,-0.487932761515003));
#4553=CARTESIAN_POINT('Ctrl Pts',(5.21639635329779,15.0896718006404,-3.35664047893089));
#4554=CARTESIAN_POINT('Ctrl Pts',(3.00641853531961,15.1519566298204,-5.42579706550925));
#4555=CARTESIAN_POINT('Ctrl Pts',(0.0803123891996088,15.2142414590004,-6.20252981959096));
#4556=CARTESIAN_POINT('Ctrl Pts',(-2.86492415202247,15.2765262881804,-5.50182113217512));
#4557=CARTESIAN_POINT('Ctrl Pts',(-5.1277363026257,15.3388111173604,-3.49057970761036));
#4558=CARTESIAN_POINT('Ctrl Pts',(-5.89566479451396,15.3847405612854,-1.39434714081559));
#4559=CARTESIAN_POINT('Ctrl Pts',(-5.95656338370967,15.4099083954838,-0.20788331400523));
#4560=CARTESIAN_POINT('Ctrl Pts',(-5.956356332174,15.4143146199555,-0.000143619894236516));
#4561=CARTESIAN_POINT('Origin',(0.,10.3731853800445,0.));
#4562=CARTESIAN_POINT('',(-5.95617074374925,13.8268146199555,0.000142499891788994));
#4563=CARTESIAN_POINT('',(-5.95588962985637,13.9450603800445,-8.08226758381491E-5));
#4564=CARTESIAN_POINT('',(-5.9563,10.3731853800445,2.4078773976944E-14));
#4565=CARTESIAN_POINT('Ctrl Pts',(-5.95588962985637,13.9450603800445,-8.08226758380534E-5));
#4566=CARTESIAN_POINT('Ctrl Pts',(-5.95560198792455,13.9574788559896,0.585543295613832));
#4567=CARTESIAN_POINT('Ctrl Pts',(-5.72626515876672,13.9906589416613,2.15045321971208));
#4568=CARTESIAN_POINT('Ctrl Pts',(-4.37504143703654,14.0446006370597,4.3973672033819));
#4569=CARTESIAN_POINT('Ctrl Pts',(-1.77269060520011,14.1068854662398,5.94435815840549));
#4570=CARTESIAN_POINT('Ctrl Pts',(1.2519147942394,14.1691702954197,6.07540412195988));
#4571=CARTESIAN_POINT('Ctrl Pts',(3.97831432596221,14.2314551245998,4.7592899702598));
#4572=CARTESIAN_POINT('Ctrl Pts',(5.75708013605695,14.2937399537798,2.30951384585045));
#4573=CARTESIAN_POINT('Ctrl Pts',(6.16451054426369,14.3560247829598,-0.690388040767942));
#4574=CARTESIAN_POINT('Ctrl Pts',(5.10355570423541,14.4183096121398,-3.52583962637844));
#4575=CARTESIAN_POINT('Ctrl Pts',(2.82693485864652,14.4805944413198,-5.52143687839246));
#4576=CARTESIAN_POINT('Ctrl Pts',(-0.12306133676649,14.5428792704998,-6.20182890805166));
#4577=CARTESIAN_POINT('Ctrl Pts',(-3.04374434495733,14.6051640996798,-5.40494646220466));
#4578=CARTESIAN_POINT('Ctrl Pts',(-5.23940802467647,14.6674489288598,-3.32060678924965));
#4579=CARTESIAN_POINT('Ctrl Pts',(-5.91719881431285,14.7119976889814,-1.26406445768571));
#4580=CARTESIAN_POINT('Ctrl Pts',(-5.95667975896521,14.7357848393763,-0.142751742430005));
#4581=CARTESIAN_POINT('Ctrl Pts',(-5.95654982928685,14.7388103800445,-0.000120348655377658));
#4582=CARTESIAN_POINT('Ctrl Pts',(-5.95617074374924,13.8268146199555,0.000142499891788474));
#4583=CARTESIAN_POINT('Ctrl Pts',(-5.95642166607903,13.8325348189837,0.269856175851108));
#4584=CARTESIAN_POINT('Ctrl Pts',(-5.87312288052581,13.8590166277386,1.51834879515997));
#4585=CARTESIAN_POINT('Ctrl Pts',(-5.0163392728304,13.9062600462202,3.64885824831918));
#4586=CARTESIAN_POINT('Ctrl Pts',(-2.69188090492226,13.9685448754003,5.58852426050003));
#4587=CARTESIAN_POINT('Ctrl Pts',(0.273782986507011,14.0308297045802,6.19700484853554));
#4588=CARTESIAN_POINT('Ctrl Pts',(3.17423182222046,14.0931145337603,5.32936005119569));
#4589=CARTESIAN_POINT('Ctrl Pts',(5.31857923694572,14.1553993629402,3.19226269545699));
#4590=CARTESIAN_POINT('Ctrl Pts',(6.19604208119224,14.2176841921203,0.294768968128159));
#4591=CARTESIAN_POINT('Ctrl Pts',(5.59760887106192,14.2799690213003,-2.6729386717778));
#4592=CARTESIAN_POINT('Ctrl Pts',(3.66582628426696,14.3422538504803,-5.00395282452334));
#4593=CARTESIAN_POINT('Ctrl Pts',(0.860844568401635,14.4045386796603,-6.1430263588501));
#4594=CARTESIAN_POINT('Ctrl Pts',(-2.14919016119207,14.4668235088403,-5.81883217385737));
#4595=CARTESIAN_POINT('Ctrl Pts',(-4.64728820000077,14.5291083380203,-4.10859326322296));
#4596=CARTESIAN_POINT('Ctrl Pts',(-5.79187695514203,14.5803553750587,-1.8962019228094));
#4597=CARTESIAN_POINT('Ctrl Pts',(-5.95589853370106,14.6108408023704,-0.458592851795577));
#4598=CARTESIAN_POINT('Ctrl Pts',(-5.95582326179032,14.6205646199555,-2.74053029238747E-5));
#4599=CARTESIAN_POINT('Origin',(0.,10.3731853800445,0.));
#4600=CARTESIAN_POINT('',(-5.95678334007809,13.0330646199555,1.9171112164984E-5));
#4601=CARTESIAN_POINT('',(-5.95600158490861,13.1513103800445,0.000118513429403511));
#4602=CARTESIAN_POINT('',(-5.9563,10.3731853800445,2.4078773976944E-14));
#4603=CARTESIAN_POINT('Ctrl Pts',(-5.95600158490861,13.1513103800445,0.000118513429403048));
#4604=CARTESIAN_POINT('Ctrl Pts',(-5.95624917798219,13.1584112628762,0.334960255718412));
#4605=CARTESIAN_POINT('Ctrl Pts',(-5.84725898496546,13.1862737554346,1.64865510035964));
#4606=CARTESIAN_POINT('Ctrl Pts',(-4.89402670271962,13.2348978577196,3.81134209031875));
#4607=CARTESIAN_POINT('Ctrl Pts',(-2.50723178160402,13.2971826868996,5.6737654772796));
#4608=CARTESIAN_POINT('Ctrl Pts',(0.476785276662533,13.3594675160797,6.18469899806905));
#4609=CARTESIAN_POINT('Ctrl Pts',(3.34723217203231,13.4217523452597,5.22243838487959));
#4610=CARTESIAN_POINT('Ctrl Pts',(5.42036899572766,13.4840371744397,3.01619393396006));
#4611=CARTESIAN_POINT('Ctrl Pts',(6.20237494761841,13.5463220036197,0.0914926572442142));
#4612=CARTESIAN_POINT('Ctrl Pts',(5.50697635754207,13.6086068327997,-2.85500215317718));
#4613=CARTESIAN_POINT('Ctrl Pts',(3.49981703841803,13.6708916619797,-5.12143598952045));
#4614=CARTESIAN_POINT('Ctrl Pts',(0.65900196125363,13.7331764911597,-6.16794473971966));
#4615=CARTESIAN_POINT('Ctrl Pts',(-2.33878725870931,13.7954613203397,-5.7452502169759));
#4616=CARTESIAN_POINT('Ctrl Pts',(-4.77947779504115,13.8577461495197,-3.95403817683583));
#4617=CARTESIAN_POINT('Ctrl Pts',(-5.82205838434579,13.9076125027547,-1.7658986873019));
#4618=CARTESIAN_POINT('Ctrl Pts',(-5.95608287700916,13.9367172462629,-0.39352204575666));
#4619=CARTESIAN_POINT('Ctrl Pts',(-5.95588962985637,13.9450603800445,-8.08226758380534E-5));
#4620=CARTESIAN_POINT('Ctrl Pts',(-5.9567833400781,13.0330646199555,1.91711121656779E-5));
#4621=CARTESIAN_POINT('Ctrl Pts',(-5.95678689570348,13.0334672258703,0.0189968408793872));
#4622=CARTESIAN_POINT('Ctrl Pts',(-5.95211678840145,13.0546314415119,1.01661454423472));
#4623=CARTESIAN_POINT('Ctrl Pts',(-5.43594786445636,13.0965572668801,2.98802561892617));
#4624=CARTESIAN_POINT('Ctrl Pts',(-3.37428772774215,13.1588420960601,5.20499841476433));
#4625=CARTESIAN_POINT('Ctrl Pts',(-0.508872894522736,13.2211269252402,6.18214158847838));
#4626=CARTESIAN_POINT('Ctrl Pts',(2.47775536783796,13.2834117544201,5.68669979361953));
#4627=CARTESIAN_POINT('Ctrl Pts',(4.87418276835138,13.3456965836002,3.83668718560717));
#4628=CARTESIAN_POINT('Ctrl Pts',(6.10958075375812,13.4079814127802,1.0727764118551));
#4629=CARTESIAN_POINT('Ctrl Pts',(5.88967775645469,13.4702662419602,-1.94666949963491));
#4630=CARTESIAN_POINT('Ctrl Pts',(4.26685462921231,13.5325510711402,-4.50241910425138));
#4631=CARTESIAN_POINT('Ctrl Pts',(1.62766753451189,13.5948359003202,-5.98569332769149));
#4632=CARTESIAN_POINT('Ctrl Pts',(-1.39922965969776,13.6571207295002,-6.04317653027631));
#4633=CARTESIAN_POINT('Ctrl Pts',(-4.09283061305338,13.7194055586802,-4.66117622379462));
#4634=CARTESIAN_POINT('Ctrl Pts',(-5.65367674056498,13.775970188832,-2.39777509345654));
#4635=CARTESIAN_POINT('Ctrl Pts',(-5.95551093701925,13.811773209257,-0.709076558928346));
#4636=CARTESIAN_POINT('Ctrl Pts',(-5.95617074374924,13.8268146199555,0.000142499891788474));
#4637=CARTESIAN_POINT('Origin',(0.,10.3731853800445,0.));
#4638=CARTESIAN_POINT('',(-5.9562919337423,12.2393146199555,-9.99523277303571E-5));
#4639=CARTESIAN_POINT('',(-5.95669417588578,12.3575603800445,7.93881936873481E-5));
#4640=CARTESIAN_POINT('',(-5.9563,10.3731853800445,2.4078773976944E-14));
#4641=CARTESIAN_POINT('',(-2.68693385785042,12.1,-5.31581566022911));
#4642=CARTESIAN_POINT('Ctrl Pts',(-2.6869338578504,12.1,-5.31581566022912));
#4643=CARTESIAN_POINT('Ctrl Pts',(-3.56056290479096,12.1207616097267,-4.87423084701064));
#4644=CARTESIAN_POINT('Ctrl Pts',(-5.08513620864621,12.16228482918,-3.55258824816406));
#4645=CARTESIAN_POINT('Ctrl Pts',(-5.88718178127634,12.2087230358318,-1.44232758060036));
#4646=CARTESIAN_POINT('Ctrl Pts',(-5.95652081493157,12.234399632757,-0.231833377855328));
#4647=CARTESIAN_POINT('Ctrl Pts',(-5.9562919337423,12.2393146199555,-9.99523277302877E-5));
#4648=CARTESIAN_POINT('',(2.68681804792299,12.1,-5.31590738509084));
#4649=CARTESIAN_POINT('Origin',(0.,12.1,0.));
#4650=CARTESIAN_POINT('Ctrl Pts',(2.68681804792299,12.1,-5.31590738509084));
#4651=CARTESIAN_POINT('Ctrl Pts',(2.49376498341438,12.1045903108265,-5.41373295003479));
#4652=CARTESIAN_POINT('Ctrl Pts',(1.3982912008035,12.1299422313797,-5.89584984698777));
#4653=CARTESIAN_POINT('Ctrl Pts',(-0.8289523237547,12.1760557616595,-6.14739251414191));
#4654=CARTESIAN_POINT('Ctrl Pts',(-3.63981150750539,12.2383405908395,-5.02291746428886));
#4655=CARTESIAN_POINT('Ctrl Pts',(-5.52800739718742,12.2988421303012,-2.7683978303337));
#4656=CARTESIAN_POINT('Ctrl Pts',(-5.95609520314354,12.3385820600362,-0.894541535269298));
#4657=CARTESIAN_POINT('Ctrl Pts',(-5.95669417588578,12.3575603800445,7.93881936870904E-5));
#4658=CARTESIAN_POINT('Origin',(0.,16.1,0.));
#4659=CARTESIAN_POINT('',(8.2,16.1,-1.00421037530083E-15));
#4660=CARTESIAN_POINT('Origin',(0.,16.1,0.));
#4661=CARTESIAN_POINT('',(-3.39988878609459,16.1,7.33308186068597));
#4662=CARTESIAN_POINT('',(4.65069078633762,16.1,6.61093098914274));
#4663=CARTESIAN_POINT('',(4.65069078633762,16.1,6.61093098914274));
#4664=CARTESIAN_POINT('',(8.05057957243221,16.1,-0.722150871543233));
#4665=CARTESIAN_POINT('',(8.05057957243221,16.1,-0.722150871543233));
#4666=CARTESIAN_POINT('',(3.39988878609458,16.1,-7.33308186068597));
#4667=CARTESIAN_POINT('',(3.39988878609458,16.1,-7.33308186068597));
#4668=CARTESIAN_POINT('',(-4.65069078633762,16.1,-6.61093098914274));
#4669=CARTESIAN_POINT('',(-4.65069078633762,16.1,-6.61093098914274));
#4670=CARTESIAN_POINT('',(-8.05057957243221,16.1,0.722150871543236));
#4671=CARTESIAN_POINT('',(-8.05057957243221,16.1,0.722150871543236));
#4672=CARTESIAN_POINT('',(-3.39988878609459,16.1,7.33308186068597));
#4673=CARTESIAN_POINT('Ctrl Pts',(-1.50424785358398,16.8,6.272139857735));
#4674=CARTESIAN_POINT('Ctrl Pts',(-1.64029094111741,16.8,6.83938764848623));
#4675=CARTESIAN_POINT('Ctrl Pts',(-1.77633402865085,16.8,7.40663543923745));
#4676=CARTESIAN_POINT('Ctrl Pts',(-1.91237711618428,16.8,7.97388322998868));
#4677=CARTESIAN_POINT('Ctrl Pts',(-2.39662547561944,17.1333333333333,6.0581208541763));
#4678=CARTESIAN_POINT('Ctrl Pts',(-2.6133977585315,17.1333333333333,6.60606558269292));
#4679=CARTESIAN_POINT('Ctrl Pts',(-2.83010041477468,17.1333333333333,7.1538523264052));
#4680=CARTESIAN_POINT('Ctrl Pts',(-3.04687269768674,17.1333333333333,7.70179705492181));
#4681=CARTESIAN_POINT('Ctrl Pts',(-3.2421580654676,17.4666666666667,5.65093381953083));
#4682=CARTESIAN_POINT('Ctrl Pts',(-3.53540319715298,17.4666666666667,6.1620511650503));
#4683=CARTESIAN_POINT('Ctrl Pts',(-3.82856822286257,17.4666666666667,6.67301557233368));
#4684=CARTESIAN_POINT('Ctrl Pts',(-4.12181335454795,17.4666666666667,7.18413291785316));
#4685=CARTESIAN_POINT('Ctrl Pts',(-3.96587320704228,17.8,5.08668356649636));
#4686=CARTESIAN_POINT('Ctrl Pts',(-4.32454391052156,17.8,5.54671954796244));
#4687=CARTESIAN_POINT('Ctrl Pts',(-4.68321461400084,17.8,6.00675552942852));
#4688=CARTESIAN_POINT('Ctrl Pts',(-5.04188531748011,17.8,6.4667915108946));
#4689=CARTESIAN_POINT('',(-1.50424785358398,16.8,6.272139857735));
#4690=CARTESIAN_POINT('',(-3.96587320704228,17.8,5.08668356649637));
#4691=CARTESIAN_POINT('Ctrl Pts',(-1.50424785358398,16.8,6.272139857735));
#4692=CARTESIAN_POINT('Ctrl Pts',(-2.39662547561944,17.1333333333333,6.0581208541763));
#4693=CARTESIAN_POINT('Ctrl Pts',(-3.24215806546759,17.4666666666667,5.65093381953083));
#4694=CARTESIAN_POINT('Ctrl Pts',(-3.96587320704228,17.8,5.08668356649636));
#4695=CARTESIAN_POINT('',(-5.04188531748011,17.8,6.4667915108946));
#4696=CARTESIAN_POINT('Ctrl Pts',(-3.96587320704228,17.8,5.08668356649637));
#4697=CARTESIAN_POINT('Ctrl Pts',(-4.32454391052156,17.8,5.54671954796244));
#4698=CARTESIAN_POINT('Ctrl Pts',(-4.68321461400083,17.8,6.00675552942852));
#4699=CARTESIAN_POINT('Ctrl Pts',(-5.04188531748011,17.8,6.4667915108946));
#4700=CARTESIAN_POINT('',(-1.91237711618428,16.8,7.97388322998868));
#4701=CARTESIAN_POINT('Ctrl Pts',(-1.91237711618428,16.8,7.97388322998868));
#4702=CARTESIAN_POINT('Ctrl Pts',(-3.04687269768674,17.1333333333333,7.70179705492181));
#4703=CARTESIAN_POINT('Ctrl Pts',(-4.12181335454795,17.4666666666667,7.18413291785316));
#4704=CARTESIAN_POINT('Ctrl Pts',(-5.04188531748011,17.8,6.4667915108946));
#4705=CARTESIAN_POINT('',(-1.91237711618428,16.8,7.97388322998868));
#4706=CARTESIAN_POINT('Origin',(-1.91237711618428,17.3,7.97388322998868));
#4707=CARTESIAN_POINT('',(-1.50424785358398,17.8,6.272139857735));
#4708=CARTESIAN_POINT('',(-1.50424785358398,16.1,6.272139857735));
#4709=CARTESIAN_POINT('',(-1.91237711618428,17.8,7.97388322998868));
#4710=CARTESIAN_POINT('',(-1.91237711618428,16.1,7.97388322998868));
#4711=CARTESIAN_POINT('',(-0.95618855809214,17.8,3.98694161499434));
#4712=CARTESIAN_POINT('Origin',(0.,16.1,0.));
#4713=CARTESIAN_POINT('',(-5.18273051648532,17.8,6.3544712127361));
#4714=CARTESIAN_POINT('Origin',(0.,17.8,0.));
#4715=CARTESIAN_POINT('',(-5.18273051648532,16.8,6.3544712127361));
#4716=CARTESIAN_POINT('',(-5.18273051648532,16.1,6.3544712127361));
#4717=CARTESIAN_POINT('',(-7.34841738742452,17.8,3.6387857727815));
#4718=CARTESIAN_POINT('Ctrl Pts',(-5.18273051648533,16.8,6.3544712127361));
#4719=CARTESIAN_POINT('Ctrl Pts',(-6.08682194919168,17.1333333333333,5.61709085469957));
#4720=CARTESIAN_POINT('Ctrl Pts',(-6.8307039644678,17.4666666666667,4.68429231164271));
#4721=CARTESIAN_POINT('Ctrl Pts',(-7.34841738742452,17.8,3.6387857727815));
#4722=CARTESIAN_POINT('',(-7.42658057597792,17.8,3.47647823932603));
#4723=CARTESIAN_POINT('Origin',(0.,17.8,0.));
#4724=CARTESIAN_POINT('',(-7.42658057597792,16.8,3.47647823932603));
#4725=CARTESIAN_POINT('',(-7.42658057597792,16.1,3.47647823932603));
#4726=CARTESIAN_POINT('',(-8.19950527136453,17.8,0.0900738855901495));
#4727=CARTESIAN_POINT('Ctrl Pts',(-7.42658057597792,16.8,3.47647823932603));
#4728=CARTESIAN_POINT('Ctrl Pts',(-7.92120146368691,17.1333333333333,2.41985092160559));
#4729=CARTESIAN_POINT('Ctrl Pts',(-8.18668988113829,17.4666666666667,1.25667016403632));
#4730=CARTESIAN_POINT('Ctrl Pts',(-8.19950527136453,17.8,0.0900738855901489));
#4731=CARTESIAN_POINT('',(-8.19950527136453,17.8,-0.0900738855901617));
#4732=CARTESIAN_POINT('Origin',(0.,17.8,0.));
#4733=CARTESIAN_POINT('',(-8.19950527136453,16.8,-0.0900738855901617));
#4734=CARTESIAN_POINT('',(-8.19950527136453,16.1,-0.0900738855901617));
#4735=CARTESIAN_POINT('',(-7.42658057597792,17.8,-3.47647823932604));
#4736=CARTESIAN_POINT('Ctrl Pts',(-8.19950527136453,16.8,-0.0900738855901615));
#4737=CARTESIAN_POINT('Ctrl Pts',(-8.18668988113829,17.1333333333333,-1.25667016403634));
#4738=CARTESIAN_POINT('Ctrl Pts',(-7.92120146368691,17.4666666666667,-2.41985092160561));
#4739=CARTESIAN_POINT('Ctrl Pts',(-7.42658057597792,17.8,-3.47647823932604));
#4740=CARTESIAN_POINT('',(-7.34841738742451,17.8,-3.63878577278151));
#4741=CARTESIAN_POINT('Origin',(0.,17.8,0.));
#4742=CARTESIAN_POINT('',(-7.34841738742451,16.8,-3.63878577278151));
#4743=CARTESIAN_POINT('',(-7.34841738742451,16.1,-3.63878577278151));
#4744=CARTESIAN_POINT('',(-5.18273051648531,17.8,-6.35447121273611));
#4745=CARTESIAN_POINT('Ctrl Pts',(-7.34841738742451,16.8,-3.63878577278151));
#4746=CARTESIAN_POINT('Ctrl Pts',(-6.83070396446779,17.1333333333333,-4.68429231164272));
#4747=CARTESIAN_POINT('Ctrl Pts',(-6.08682194919167,17.4666666666667,-5.61709085469958));
#4748=CARTESIAN_POINT('Ctrl Pts',(-5.18273051648531,17.8,-6.35447121273611));
#4749=CARTESIAN_POINT('',(-5.0418853174801,17.8,-6.46679151089461));
#4750=CARTESIAN_POINT('Origin',(0.,17.8,0.));
#4751=CARTESIAN_POINT('',(-5.0418853174801,16.8,-6.46679151089461));
#4752=CARTESIAN_POINT('',(-5.0418853174801,16.1,-6.46679151089461));
#4753=CARTESIAN_POINT('',(-1.91237711618427,17.8,-7.97388322998868));
#4754=CARTESIAN_POINT('Ctrl Pts',(-5.0418853174801,16.8,-6.46679151089461));
#4755=CARTESIAN_POINT('Ctrl Pts',(-4.12181335454794,17.1333333333333,-7.18413291785316));
#4756=CARTESIAN_POINT('Ctrl Pts',(-3.04687269768672,17.4666666666667,-7.70179705492182));
#4757=CARTESIAN_POINT('Ctrl Pts',(-1.91237711618427,17.8,-7.97388322998868));
#4758=CARTESIAN_POINT('',(-1.73674602574324,17.8,-8.01396988028187));
#4759=CARTESIAN_POINT('Origin',(0.,17.8,0.));
#4760=CARTESIAN_POINT('',(-1.73674602574324,16.8,-8.01396988028187));
#4761=CARTESIAN_POINT('',(-1.73674602574324,16.1,-8.01396988028187));
#4762=CARTESIAN_POINT('',(1.73674602574325,17.8,-8.01396988028187));
#4763=CARTESIAN_POINT('Ctrl Pts',(-1.73674602574324,16.8,-8.01396988028187));
#4764=CARTESIAN_POINT('Ctrl Pts',(-0.596547059036467,17.1333333333333,-8.26106789207461));
#4765=CARTESIAN_POINT('Ctrl Pts',(0.596547059036479,17.4666666666667,-8.26106789207461));
#4766=CARTESIAN_POINT('Ctrl Pts',(1.73674602574325,17.8,-8.01396988028187));
#4767=CARTESIAN_POINT('',(1.91237711618428,17.8,-7.97388322998868));
#4768=CARTESIAN_POINT('Origin',(0.,17.8,0.));
#4769=CARTESIAN_POINT('',(1.91237711618428,16.8,-7.97388322998868));
#4770=CARTESIAN_POINT('',(1.91237711618428,16.1,-7.97388322998868));
#4771=CARTESIAN_POINT('',(5.04188531748011,17.8,-6.4667915108946));
#4772=CARTESIAN_POINT('Ctrl Pts',(1.91237711618428,16.8,-7.97388322998868));
#4773=CARTESIAN_POINT('Ctrl Pts',(3.04687269768673,17.1333333333333,-7.70179705492181));
#4774=CARTESIAN_POINT('Ctrl Pts',(4.12181335454795,17.4666666666667,-7.18413291785315));
#4775=CARTESIAN_POINT('Ctrl Pts',(5.04188531748011,17.8,-6.4667915108946));
#4776=CARTESIAN_POINT('',(5.18273051648532,17.8,-6.3544712127361));
#4777=CARTESIAN_POINT('Origin',(0.,17.8,0.));
#4778=CARTESIAN_POINT('',(5.18273051648532,16.8,-6.3544712127361));
#4779=CARTESIAN_POINT('',(5.18273051648532,16.1,-6.3544712127361));
#4780=CARTESIAN_POINT('',(7.34841738742452,17.8,-3.6387857727815));
#4781=CARTESIAN_POINT('Ctrl Pts',(5.18273051648532,16.8,-6.3544712127361));
#4782=CARTESIAN_POINT('Ctrl Pts',(6.08682194919168,17.1333333333333,-5.61709085469957));
#4783=CARTESIAN_POINT('Ctrl Pts',(6.8307039644678,17.4666666666667,-4.68429231164271));
#4784=CARTESIAN_POINT('Ctrl Pts',(7.34841738742452,17.8,-3.6387857727815));
#4785=CARTESIAN_POINT('',(7.42658057597792,17.8,-3.47647823932603));
#4786=CARTESIAN_POINT('Origin',(0.,17.8,0.));
#4787=CARTESIAN_POINT('',(7.42658057597792,16.8,-3.47647823932603));
#4788=CARTESIAN_POINT('',(7.42658057597792,16.1,-3.47647823932603));
#4789=CARTESIAN_POINT('',(8.19950527136453,17.8,-0.0900738855901503));
#4790=CARTESIAN_POINT('Ctrl Pts',(7.42658057597792,16.8,-3.47647823932603));
#4791=CARTESIAN_POINT('Ctrl Pts',(7.92120146368691,17.1333333333333,-2.41985092160559));
#4792=CARTESIAN_POINT('Ctrl Pts',(8.18668988113829,17.4666666666667,-1.25667016403632));
#4793=CARTESIAN_POINT('Ctrl Pts',(8.19950527136453,17.8,-0.0900738855901484));
#4794=CARTESIAN_POINT('',(8.2,17.8,-1.00421037530083E-15));
#4795=CARTESIAN_POINT('Origin',(0.,17.8,0.));
#4796=CARTESIAN_POINT('',(8.2,16.1,-1.00421037530083E-15));
#4797=CARTESIAN_POINT('',(8.19950527136453,17.8,0.0900738855901606));
#4798=CARTESIAN_POINT('Origin',(0.,17.8,0.));
#4799=CARTESIAN_POINT('',(8.19950527136453,16.8,0.0900738855901606));
#4800=CARTESIAN_POINT('',(8.19950527136453,16.1,0.0900738855901606));
#4801=CARTESIAN_POINT('',(7.42658057597792,17.8,3.47647823932604));
#4802=CARTESIAN_POINT('Ctrl Pts',(8.19950527136453,16.8,0.0900738855901603));
#4803=CARTESIAN_POINT('Ctrl Pts',(8.18668988113829,17.1333333333333,1.25667016403633));
#4804=CARTESIAN_POINT('Ctrl Pts',(7.92120146368691,17.4666666666667,2.41985092160561));
#4805=CARTESIAN_POINT('Ctrl Pts',(7.42658057597792,17.8,3.47647823932604));
#4806=CARTESIAN_POINT('',(7.34841738742451,17.8,3.63878577278151));
#4807=CARTESIAN_POINT('Origin',(0.,17.8,0.));
#4808=CARTESIAN_POINT('',(7.34841738742451,16.8,3.63878577278151));
#4809=CARTESIAN_POINT('',(7.34841738742451,16.1,3.63878577278151));
#4810=CARTESIAN_POINT('',(5.18273051648531,17.8,6.3544712127361));
#4811=CARTESIAN_POINT('Ctrl Pts',(7.34841738742452,16.8,3.63878577278151));
#4812=CARTESIAN_POINT('Ctrl Pts',(6.8307039644678,17.1333333333333,4.68429231164273));
#4813=CARTESIAN_POINT('Ctrl Pts',(6.08682194919168,17.4666666666667,5.61709085469959));
#4814=CARTESIAN_POINT('Ctrl Pts',(5.18273051648532,17.8,6.35447121273612));
#4815=CARTESIAN_POINT('',(5.0418853174801,17.8,6.46679151089461));
#4816=CARTESIAN_POINT('Origin',(0.,17.8,0.));
#4817=CARTESIAN_POINT('',(5.0418853174801,16.8,6.46679151089461));
#4818=CARTESIAN_POINT('',(5.0418853174801,16.1,6.46679151089461));
#4819=CARTESIAN_POINT('',(1.91237711618427,17.8,7.97388322998868));
#4820=CARTESIAN_POINT('Ctrl Pts',(5.0418853174801,16.8,6.46679151089461));
#4821=CARTESIAN_POINT('Ctrl Pts',(4.12181335454794,17.1333333333333,7.18413291785316));
#4822=CARTESIAN_POINT('Ctrl Pts',(3.04687269768672,17.4666666666667,7.70179705492181));
#4823=CARTESIAN_POINT('Ctrl Pts',(1.91237711618427,17.8,7.97388322998868));
#4824=CARTESIAN_POINT('',(1.73674602574324,17.8,8.01396988028187));
#4825=CARTESIAN_POINT('Origin',(0.,17.8,0.));
#4826=CARTESIAN_POINT('',(1.73674602574324,16.8,8.01396988028187));
#4827=CARTESIAN_POINT('',(1.73674602574324,16.1,8.01396988028187));
#4828=CARTESIAN_POINT('',(-1.73674602574325,17.8,8.01396988028187));
#4829=CARTESIAN_POINT('Ctrl Pts',(1.73674602574324,16.8,8.01396988028187));
#4830=CARTESIAN_POINT('Ctrl Pts',(0.596547059036468,17.1333333333333,8.26106789207461));
#4831=CARTESIAN_POINT('Ctrl Pts',(-0.596547059036477,17.4666666666667,8.26106789207461));
#4832=CARTESIAN_POINT('Ctrl Pts',(-1.73674602574325,17.8,8.01396988028187));
#4833=CARTESIAN_POINT('Origin',(0.,17.8,0.));
#4834=CARTESIAN_POINT('Origin',(0.,17.8,0.));
#4835=CARTESIAN_POINT('',(-4.07665997943053,17.8,4.99833406367656));
#4836=CARTESIAN_POINT('Origin',(0.,17.8,0.));
#4837=CARTESIAN_POINT('',(-2.59136525824266,17.8,3.17723560636805));
#4838=CARTESIAN_POINT('Ctrl Pts',(-4.07665997943053,16.8,4.99833406367656));
#4839=CARTESIAN_POINT('Ctrl Pts',(-4.44535015844879,16.8,5.45037978002974));
#4840=CARTESIAN_POINT('Ctrl Pts',(-4.81404033746706,16.8,5.90242549638292));
#4841=CARTESIAN_POINT('Ctrl Pts',(-5.18273051648533,16.8,6.3544712127361));
#4842=CARTESIAN_POINT('Ctrl Pts',(-4.78780506979102,17.1333333333333,4.4183214649771));
#4843=CARTESIAN_POINT('Ctrl Pts',(-5.22085445575746,17.1333333333333,4.81794863805488));
#4844=CARTESIAN_POINT('Ctrl Pts',(-5.65377256322524,17.1333333333333,5.21746368162179));
#4845=CARTESIAN_POINT('Ctrl Pts',(-6.08682194919168,17.1333333333333,5.61709085469957));
#4846=CARTESIAN_POINT('Ctrl Pts',(-5.37293177692894,17.4666666666667,3.68459578171896));
#4847=CARTESIAN_POINT('Ctrl Pts',(-5.85890201624325,17.4666666666667,4.01786230366325));
#4848=CARTESIAN_POINT('Ctrl Pts',(-6.3447337251535,17.4666666666667,4.35102578969842));
#4849=CARTESIAN_POINT('Ctrl Pts',(-6.8307039644678,17.4666666666667,4.68429231164271));
#4850=CARTESIAN_POINT('Ctrl Pts',(-5.7801575791327,17.8,2.86221563834642));
#4851=CARTESIAN_POINT('Ctrl Pts',(-6.30291084856331,17.8,3.12107234982478));
#4852=CARTESIAN_POINT('Ctrl Pts',(-6.82566411799391,17.8,3.37992906130314));
#4853=CARTESIAN_POINT('Ctrl Pts',(-7.34841738742452,17.8,3.6387857727815));
#4854=CARTESIAN_POINT('',(-4.07665997943053,16.8,4.99833406367656));
#4855=CARTESIAN_POINT('',(-5.7801575791327,17.8,2.86221563834642));
#4856=CARTESIAN_POINT('Ctrl Pts',(-4.07665997943053,16.8,4.99833406367657));
#4857=CARTESIAN_POINT('Ctrl Pts',(-4.78780506979102,17.1333333333333,4.4183214649771));
#4858=CARTESIAN_POINT('Ctrl Pts',(-5.37293177692894,17.4666666666667,3.68459578171896));
#4859=CARTESIAN_POINT('Ctrl Pts',(-5.7801575791327,17.8,2.86221563834642));
#4860=CARTESIAN_POINT('Ctrl Pts',(-5.7801575791327,17.8,2.86221563834642));
#4861=CARTESIAN_POINT('Ctrl Pts',(-6.30291084856331,17.8,3.12107234982478));
#4862=CARTESIAN_POINT('Ctrl Pts',(-6.82566411799391,17.8,3.37992906130314));
#4863=CARTESIAN_POINT('Ctrl Pts',(-7.34841738742452,17.8,3.6387857727815));
#4864=CARTESIAN_POINT('',(-5.18273051648532,16.8,6.3544712127361));
#4865=CARTESIAN_POINT('Origin',(-5.18273051648532,17.3,6.3544712127361));
#4866=CARTESIAN_POINT('',(-4.07665997943053,16.1,4.99833406367656));
#4867=CARTESIAN_POINT('Origin',(0.,17.8,0.));
#4868=CARTESIAN_POINT('',(-5.84163959939727,17.8,2.73454690776255));
#4869=CARTESIAN_POINT('Origin',(0.,17.8,0.));
#4870=CARTESIAN_POINT('',(-3.71329028798896,17.8,1.73823911966301));
#4871=CARTESIAN_POINT('Ctrl Pts',(-5.84163959939727,16.8,2.73454690776255));
#4872=CARTESIAN_POINT('Ctrl Pts',(-6.36995325825749,16.8,2.98185735161704));
#4873=CARTESIAN_POINT('Ctrl Pts',(-6.8982669171177,16.8,3.22916779547154));
#4874=CARTESIAN_POINT('Ctrl Pts',(-7.42658057597792,16.8,3.47647823932603));
#4875=CARTESIAN_POINT('Ctrl Pts',(-6.2307011513147,17.1333333333333,1.90341932248245));
#4876=CARTESIAN_POINT('Ctrl Pts',(-6.79425689844269,17.1333333333333,2.0755778773877));
#4877=CARTESIAN_POINT('Ctrl Pts',(-7.35764571655892,17.1333333333333,2.24769236670034));
#4878=CARTESIAN_POINT('Ctrl Pts',(-7.92120146368691,17.1333333333333,2.41985092160559));
#4879=CARTESIAN_POINT('Ctrl Pts',(-6.4395304552856,17.4666666666667,0.988478360735887));
#4880=CARTESIAN_POINT('Ctrl Pts',(-7.02197343629877,17.4666666666667,1.07788653718827));
#4881=CARTESIAN_POINT('Ctrl Pts',(-7.60424690012512,17.4666666666667,1.16726198758394));
#4882=CARTESIAN_POINT('Ctrl Pts',(-8.18668988113829,17.4666666666667,1.25667016403632));
#4883=CARTESIAN_POINT('Ctrl Pts',(-6.44961085369527,17.8,0.0708508002507879));
#4884=CARTESIAN_POINT('Ctrl Pts',(-7.03290899291835,17.8,0.0772584953639083));
#4885=CARTESIAN_POINT('Ctrl Pts',(-7.61620713214144,17.8,0.0836661904770286));
#4886=CARTESIAN_POINT('Ctrl Pts',(-8.19950527136453,17.8,0.0900738855901489));
#4887=CARTESIAN_POINT('',(-5.84163959939727,16.8,2.73454690776255));
#4888=CARTESIAN_POINT('',(-6.44961085369527,17.8,0.0708508002507885));
#4889=CARTESIAN_POINT('Ctrl Pts',(-5.84163959939727,16.8,2.73454690776255));
#4890=CARTESIAN_POINT('Ctrl Pts',(-6.2307011513147,17.1333333333333,1.90341932248245));
#4891=CARTESIAN_POINT('Ctrl Pts',(-6.4395304552856,17.4666666666667,0.988478360735888));
#4892=CARTESIAN_POINT('Ctrl Pts',(-6.44961085369527,17.8,0.070850800250789));
#4893=CARTESIAN_POINT('Ctrl Pts',(-6.44961085369527,17.8,0.0708508002507885));
#4894=CARTESIAN_POINT('Ctrl Pts',(-7.03290899291835,17.8,0.0772584953639088));
#4895=CARTESIAN_POINT('Ctrl Pts',(-7.61620713214144,17.8,0.083666190477029));
#4896=CARTESIAN_POINT('Ctrl Pts',(-8.19950527136453,17.8,0.0900738855901495));
#4897=CARTESIAN_POINT('',(-7.42658057597792,16.8,3.47647823932603));
#4898=CARTESIAN_POINT('Origin',(-7.42658057597792,17.3,3.47647823932603));
#4899=CARTESIAN_POINT('',(-5.84163959939727,16.1,2.73454690776255));
#4900=CARTESIAN_POINT('Origin',(0.,17.8,0.));
#4901=CARTESIAN_POINT('',(-6.44961085369527,17.8,-0.0708508002507985));
#4902=CARTESIAN_POINT('Origin',(0.,17.8,0.));
#4903=CARTESIAN_POINT('',(-4.09975263568226,17.8,-0.0450369427950808));
#4904=CARTESIAN_POINT('Ctrl Pts',(-6.44961085369527,16.8,-0.0708508002507976));
#4905=CARTESIAN_POINT('Ctrl Pts',(-7.03290899291836,16.8,-0.0772584953639189));
#4906=CARTESIAN_POINT('Ctrl Pts',(-7.61620713214144,16.8,-0.0836661904770402));
#4907=CARTESIAN_POINT('Ctrl Pts',(-8.19950527136453,16.8,-0.0900738855901615));
#4908=CARTESIAN_POINT('Ctrl Pts',(-6.4395304552856,17.1333333333333,-0.988478360735898));
#4909=CARTESIAN_POINT('Ctrl Pts',(-7.02197343629877,17.1333333333333,-1.07788653718828));
#4910=CARTESIAN_POINT('Ctrl Pts',(-7.60424690012512,17.1333333333333,-1.16726198758396));
#4911=CARTESIAN_POINT('Ctrl Pts',(-8.18668988113829,17.1333333333333,-1.25667016403634));
#4912=CARTESIAN_POINT('Ctrl Pts',(-6.2307011513147,17.4666666666667,-1.90341932248246));
#4913=CARTESIAN_POINT('Ctrl Pts',(-6.79425689844269,17.4666666666667,-2.07557787738771));
#4914=CARTESIAN_POINT('Ctrl Pts',(-7.35764571655892,17.4666666666667,-2.24769236670035));
#4915=CARTESIAN_POINT('Ctrl Pts',(-7.92120146368691,17.4666666666667,-2.41985092160561));
#4916=CARTESIAN_POINT('Ctrl Pts',(-5.84163959939726,17.8,-2.73454690776256));
#4917=CARTESIAN_POINT('Ctrl Pts',(-6.36995325825748,17.8,-2.98185735161705));
#4918=CARTESIAN_POINT('Ctrl Pts',(-6.8982669171177,17.8,-3.22916779547155));
#4919=CARTESIAN_POINT('Ctrl Pts',(-7.42658057597792,17.8,-3.47647823932604));
#4920=CARTESIAN_POINT('',(-6.44961085369527,16.8,-0.0708508002507985));
#4921=CARTESIAN_POINT('',(-5.84163959939727,17.8,-2.73454690776256));
#4922=CARTESIAN_POINT('Ctrl Pts',(-6.44961085369527,16.8,-0.0708508002507977));
#4923=CARTESIAN_POINT('Ctrl Pts',(-6.4395304552856,17.1333333333333,-0.988478360735897));
#4924=CARTESIAN_POINT('Ctrl Pts',(-6.2307011513147,17.4666666666667,-1.90341932248246));
#4925=CARTESIAN_POINT('Ctrl Pts',(-5.84163959939727,17.8,-2.73454690776256));
#4926=CARTESIAN_POINT('Ctrl Pts',(-5.84163959939727,17.8,-2.73454690776256));
#4927=CARTESIAN_POINT('Ctrl Pts',(-6.36995325825748,17.8,-2.98185735161705));
#4928=CARTESIAN_POINT('Ctrl Pts',(-6.8982669171177,17.8,-3.22916779547155));
#4929=CARTESIAN_POINT('Ctrl Pts',(-7.42658057597792,17.8,-3.47647823932604));
#4930=CARTESIAN_POINT('',(-8.19950527136453,16.8,-0.0900738855901617));
#4931=CARTESIAN_POINT('Origin',(-8.19950527136453,17.3,-0.0900738855901617));
#4932=CARTESIAN_POINT('',(-6.44961085369527,16.1,-0.0708508002507979));
#4933=CARTESIAN_POINT('Origin',(0.,17.8,0.));
#4934=CARTESIAN_POINT('',(-5.78015757913269,17.8,-2.86221563834643));
#4935=CARTESIAN_POINT('Origin',(0.,17.8,0.));
#4936=CARTESIAN_POINT('',(-3.67420869371225,17.8,-1.81939288639076));
#4937=CARTESIAN_POINT('Ctrl Pts',(-5.78015757913269,16.8,-2.86221563834643));
#4938=CARTESIAN_POINT('Ctrl Pts',(-6.3029108485633,16.8,-3.12107234982479));
#4939=CARTESIAN_POINT('Ctrl Pts',(-6.82566411799391,16.8,-3.37992906130315));
#4940=CARTESIAN_POINT('Ctrl Pts',(-7.34841738742451,16.8,-3.63878577278151));
#4941=CARTESIAN_POINT('Ctrl Pts',(-5.37293177692893,17.1333333333333,-3.68459578171897));
#4942=CARTESIAN_POINT('Ctrl Pts',(-5.85890201624324,17.1333333333333,-4.01786230366326));
#4943=CARTESIAN_POINT('Ctrl Pts',(-6.34473372515349,17.1333333333333,-4.35102578969843));
#4944=CARTESIAN_POINT('Ctrl Pts',(-6.83070396446779,17.1333333333333,-4.68429231164272));
#4945=CARTESIAN_POINT('Ctrl Pts',(-4.78780506979101,17.4666666666667,-4.41832146497711));
#4946=CARTESIAN_POINT('Ctrl Pts',(-5.22085445575745,17.4666666666667,-4.81794863805489));
#4947=CARTESIAN_POINT('Ctrl Pts',(-5.65377256322523,17.4666666666667,-5.2174636816218));
#4948=CARTESIAN_POINT('Ctrl Pts',(-6.08682194919167,17.4666666666667,-5.61709085469958));
#4949=CARTESIAN_POINT('Ctrl Pts',(-4.07665997943052,17.8,-4.99833406367657));
#4950=CARTESIAN_POINT('Ctrl Pts',(-4.44535015844878,17.8,-5.45037978002975));
#4951=CARTESIAN_POINT('Ctrl Pts',(-4.81404033746705,17.8,-5.90242549638293));
#4952=CARTESIAN_POINT('Ctrl Pts',(-5.18273051648531,17.8,-6.35447121273611));
#4953=CARTESIAN_POINT('',(-5.78015757913269,16.8,-2.86221563834643));
#4954=CARTESIAN_POINT('',(-4.07665997943052,17.8,-4.99833406367657));
#4955=CARTESIAN_POINT('Ctrl Pts',(-5.7801575791327,16.8,-2.86221563834643));
#4956=CARTESIAN_POINT('Ctrl Pts',(-5.37293177692893,17.1333333333333,-3.68459578171897));
#4957=CARTESIAN_POINT('Ctrl Pts',(-4.78780506979101,17.4666666666667,-4.41832146497711));
#4958=CARTESIAN_POINT('Ctrl Pts',(-4.07665997943052,17.8,-4.99833406367657));
#4959=CARTESIAN_POINT('Ctrl Pts',(-4.07665997943052,17.8,-4.99833406367657));
#4960=CARTESIAN_POINT('Ctrl Pts',(-4.44535015844879,17.8,-5.45037978002975));
#4961=CARTESIAN_POINT('Ctrl Pts',(-4.81404033746705,17.8,-5.90242549638293));
#4962=CARTESIAN_POINT('Ctrl Pts',(-5.18273051648531,17.8,-6.35447121273611));
#4963=CARTESIAN_POINT('',(-7.34841738742451,16.8,-3.63878577278151));
#4964=CARTESIAN_POINT('Origin',(-7.34841738742451,17.3,-3.63878577278151));
#4965=CARTESIAN_POINT('',(-5.78015757913269,16.1,-2.86221563834643));
#4966=CARTESIAN_POINT('Origin',(0.,17.8,0.));
#4967=CARTESIAN_POINT('',(-3.96587320704227,17.8,-5.08668356649637));
#4968=CARTESIAN_POINT('Origin',(0.,17.8,0.));
#4969=CARTESIAN_POINT('',(-2.52094265874005,17.8,-3.2333957554473));
#4970=CARTESIAN_POINT('Ctrl Pts',(-3.96587320704227,16.8,-5.08668356649637));
#4971=CARTESIAN_POINT('Ctrl Pts',(-4.32454391052155,16.8,-5.54671954796245));
#4972=CARTESIAN_POINT('Ctrl Pts',(-4.68321461400082,16.8,-6.00675552942853));
#4973=CARTESIAN_POINT('Ctrl Pts',(-5.0418853174801,16.8,-6.46679151089461));
#4974=CARTESIAN_POINT('Ctrl Pts',(-3.24215806546759,17.1333333333333,-5.65093381953084));
#4975=CARTESIAN_POINT('Ctrl Pts',(-3.53540319715297,17.1333333333333,-6.16205116505031));
#4976=CARTESIAN_POINT('Ctrl Pts',(-3.82856822286255,17.1333333333333,-6.67301557233369));
#4977=CARTESIAN_POINT('Ctrl Pts',(-4.12181335454794,17.1333333333333,-7.18413291785316));
#4978=CARTESIAN_POINT('Ctrl Pts',(-2.39662547561943,17.4666666666667,-6.05812085417631));
#4979=CARTESIAN_POINT('Ctrl Pts',(-2.61339775853149,17.4666666666667,-6.60606558269292));
#4980=CARTESIAN_POINT('Ctrl Pts',(-2.83010041477467,17.4666666666667,-7.1538523264052));
#4981=CARTESIAN_POINT('Ctrl Pts',(-3.04687269768672,17.4666666666667,-7.70179705492182));
#4982=CARTESIAN_POINT('Ctrl Pts',(-1.50424785358397,17.8,-6.272139857735));
#4983=CARTESIAN_POINT('Ctrl Pts',(-1.6402909411174,17.8,-6.83938764848623));
#4984=CARTESIAN_POINT('Ctrl Pts',(-1.77633402865083,17.8,-7.40663543923745));
#4985=CARTESIAN_POINT('Ctrl Pts',(-1.91237711618427,17.8,-7.97388322998868));
#4986=CARTESIAN_POINT('',(-3.96587320704227,16.8,-5.08668356649637));
#4987=CARTESIAN_POINT('',(-1.50424785358397,17.8,-6.272139857735));
#4988=CARTESIAN_POINT('Ctrl Pts',(-3.96587320704227,16.8,-5.08668356649637));
#4989=CARTESIAN_POINT('Ctrl Pts',(-3.24215806546759,17.1333333333333,-5.65093381953084));
#4990=CARTESIAN_POINT('Ctrl Pts',(-2.39662547561943,17.4666666666667,-6.05812085417631));
#4991=CARTESIAN_POINT('Ctrl Pts',(-1.50424785358397,17.8,-6.272139857735));
#4992=CARTESIAN_POINT('Ctrl Pts',(-1.50424785358397,17.8,-6.272139857735));
#4993=CARTESIAN_POINT('Ctrl Pts',(-1.6402909411174,17.8,-6.83938764848623));
#4994=CARTESIAN_POINT('Ctrl Pts',(-1.77633402865083,17.8,-7.40663543923746));
#4995=CARTESIAN_POINT('Ctrl Pts',(-1.91237711618427,17.8,-7.97388322998868));
#4996=CARTESIAN_POINT('',(-5.0418853174801,16.8,-6.46679151089461));
#4997=CARTESIAN_POINT('Origin',(-5.0418853174801,17.3,-6.46679151089461));
#4998=CARTESIAN_POINT('',(-3.96587320704227,16.1,-5.08668356649637));
#4999=CARTESIAN_POINT('Origin',(0.,17.8,0.));
#5000=CARTESIAN_POINT('',(-1.36609900805413,17.8,-6.30367143022172));
#5001=CARTESIAN_POINT('Origin',(0.,17.8,0.));
#5002=CARTESIAN_POINT('',(-0.868373012871618,17.8,-4.00698494014094));
#5003=CARTESIAN_POINT('Ctrl Pts',(-1.36609900805413,16.8,-6.30367143022172));
#5004=CARTESIAN_POINT('Ctrl Pts',(-1.4896480139505,16.8,-6.8737709135751));
#5005=CARTESIAN_POINT('Ctrl Pts',(-1.61319701984687,16.8,-7.44387039692849));
#5006=CARTESIAN_POINT('Ctrl Pts',(-1.73674602574324,16.8,-8.01396988028187));
#5007=CARTESIAN_POINT('Ctrl Pts',(-0.469235186681123,17.1333333333333,-6.49803511022942));
#5008=CARTESIAN_POINT('Ctrl Pts',(-0.511674415991772,17.1333333333333,-7.08577022060106));
#5009=CARTESIAN_POINT('Ctrl Pts',(-0.554107829725818,17.1333333333333,-7.67333278170297));
#5010=CARTESIAN_POINT('Ctrl Pts',(-0.596547059036467,17.1333333333333,-8.26106789207461));
#5011=CARTESIAN_POINT('Ctrl Pts',(0.469235186681133,17.4666666666667,-6.49803511022942));
#5012=CARTESIAN_POINT('Ctrl Pts',(0.511674415991782,17.4666666666667,-7.08577022060106));
#5013=CARTESIAN_POINT('Ctrl Pts',(0.55410782972583,17.4666666666667,-7.67333278170297));
#5014=CARTESIAN_POINT('Ctrl Pts',(0.596547059036479,17.4666666666667,-8.26106789207461));
#5015=CARTESIAN_POINT('Ctrl Pts',(1.36609900805414,17.8,-6.30367143022172));
#5016=CARTESIAN_POINT('Ctrl Pts',(1.48964801395051,17.8,-6.8737709135751));
#5017=CARTESIAN_POINT('Ctrl Pts',(1.61319701984688,17.8,-7.44387039692849));
#5018=CARTESIAN_POINT('Ctrl Pts',(1.73674602574325,17.8,-8.01396988028187));
#5019=CARTESIAN_POINT('',(-1.36609900805413,16.8,-6.30367143022172));
#5020=CARTESIAN_POINT('',(1.36609900805414,17.8,-6.30367143022172));
#5021=CARTESIAN_POINT('Ctrl Pts',(-1.36609900805413,16.8,-6.30367143022172));
#5022=CARTESIAN_POINT('Ctrl Pts',(-0.469235186681124,17.1333333333333,-6.49803511022942));
#5023=CARTESIAN_POINT('Ctrl Pts',(0.469235186681132,17.4666666666667,-6.49803511022942));
#5024=CARTESIAN_POINT('Ctrl Pts',(1.36609900805414,17.8,-6.30367143022172));
#5025=CARTESIAN_POINT('Ctrl Pts',(1.36609900805414,17.8,-6.30367143022172));
#5026=CARTESIAN_POINT('Ctrl Pts',(1.48964801395051,17.8,-6.8737709135751));
#5027=CARTESIAN_POINT('Ctrl Pts',(1.61319701984688,17.8,-7.44387039692849));
#5028=CARTESIAN_POINT('Ctrl Pts',(1.73674602574325,17.8,-8.01396988028187));
#5029=CARTESIAN_POINT('',(-1.73674602574324,16.8,-8.01396988028187));
#5030=CARTESIAN_POINT('Origin',(-1.73674602574324,17.3,-8.01396988028187));
#5031=CARTESIAN_POINT('',(-1.36609900805413,16.1,-6.30367143022172));
#5032=CARTESIAN_POINT('Origin',(0.,17.8,0.));
#5033=CARTESIAN_POINT('',(1.50424785358398,17.8,-6.272139857735));
#5034=CARTESIAN_POINT('Origin',(0.,17.8,0.));
#5035=CARTESIAN_POINT('',(0.956188558092139,17.8,-3.98694161499434));
#5036=CARTESIAN_POINT('Ctrl Pts',(1.50424785358397,16.8,-6.272139857735));
#5037=CARTESIAN_POINT('Ctrl Pts',(1.64029094111741,16.8,-6.83938764848622));
#5038=CARTESIAN_POINT('Ctrl Pts',(1.77633402865084,16.8,-7.40663543923745));
#5039=CARTESIAN_POINT('Ctrl Pts',(1.91237711618428,16.8,-7.97388322998868));
#5040=CARTESIAN_POINT('Ctrl Pts',(2.39662547561944,17.1333333333333,-6.0581208541763));
#5041=CARTESIAN_POINT('Ctrl Pts',(2.61339775853149,17.1333333333333,-6.60606558269292));
#5042=CARTESIAN_POINT('Ctrl Pts',(2.83010041477468,17.1333333333333,-7.1538523264052));
#5043=CARTESIAN_POINT('Ctrl Pts',(3.04687269768673,17.1333333333333,-7.70179705492181));
#5044=CARTESIAN_POINT('Ctrl Pts',(3.2421580654676,17.4666666666667,-5.65093381953083));
#5045=CARTESIAN_POINT('Ctrl Pts',(3.53540319715298,17.4666666666667,-6.1620511650503));
#5046=CARTESIAN_POINT('Ctrl Pts',(3.82856822286256,17.4666666666667,-6.67301557233368));
#5047=CARTESIAN_POINT('Ctrl Pts',(4.12181335454795,17.4666666666667,-7.18413291785315));
#5048=CARTESIAN_POINT('Ctrl Pts',(3.96587320704228,17.8,-5.08668356649636));
#5049=CARTESIAN_POINT('Ctrl Pts',(4.32454391052156,17.8,-5.54671954796244));
#5050=CARTESIAN_POINT('Ctrl Pts',(4.68321461400083,17.8,-6.00675552942852));
#5051=CARTESIAN_POINT('Ctrl Pts',(5.04188531748011,17.8,-6.4667915108946));
#5052=CARTESIAN_POINT('',(1.50424785358398,16.8,-6.272139857735));
#5053=CARTESIAN_POINT('',(3.96587320704228,17.8,-5.08668356649637));
#5054=CARTESIAN_POINT('Ctrl Pts',(1.50424785358398,16.8,-6.272139857735));
#5055=CARTESIAN_POINT('Ctrl Pts',(2.39662547561944,17.1333333333333,-6.0581208541763));
#5056=CARTESIAN_POINT('Ctrl Pts',(3.24215806546759,17.4666666666667,-5.65093381953084));
#5057=CARTESIAN_POINT('Ctrl Pts',(3.96587320704228,17.8,-5.08668356649637));
#5058=CARTESIAN_POINT('Ctrl Pts',(3.96587320704228,17.8,-5.08668356649637));
#5059=CARTESIAN_POINT('Ctrl Pts',(4.32454391052156,17.8,-5.54671954796244));
#5060=CARTESIAN_POINT('Ctrl Pts',(4.68321461400083,17.8,-6.00675552942852));
#5061=CARTESIAN_POINT('Ctrl Pts',(5.04188531748011,17.8,-6.4667915108946));
#5062=CARTESIAN_POINT('',(1.91237711618428,16.8,-7.97388322998868));
#5063=CARTESIAN_POINT('Origin',(1.91237711618428,17.3,-7.97388322998868));
#5064=CARTESIAN_POINT('',(1.50424785358398,16.1,-6.272139857735));
#5065=CARTESIAN_POINT('Origin',(0.,17.8,0.));
#5066=CARTESIAN_POINT('',(4.07665997943053,17.8,-4.99833406367657));
#5067=CARTESIAN_POINT('Origin',(0.,17.8,0.));
#5068=CARTESIAN_POINT('',(2.59136525824266,17.8,-3.17723560636805));
#5069=CARTESIAN_POINT('Ctrl Pts',(4.07665997943053,16.8,-4.99833406367656));
#5070=CARTESIAN_POINT('Ctrl Pts',(4.44535015844879,16.8,-5.45037978002974));
#5071=CARTESIAN_POINT('Ctrl Pts',(4.81404033746706,16.8,-5.90242549638292));
#5072=CARTESIAN_POINT('Ctrl Pts',(5.18273051648532,16.8,-6.3544712127361));
#5073=CARTESIAN_POINT('Ctrl Pts',(4.78780506979101,17.1333333333333,-4.4183214649771));
#5074=CARTESIAN_POINT('Ctrl Pts',(5.22085445575745,17.1333333333333,-4.81794863805488));
#5075=CARTESIAN_POINT('Ctrl Pts',(5.65377256322524,17.1333333333333,-5.21746368162179));
#5076=CARTESIAN_POINT('Ctrl Pts',(6.08682194919168,17.1333333333333,-5.61709085469957));
#5077=CARTESIAN_POINT('Ctrl Pts',(5.37293177692894,17.4666666666667,-3.68459578171896));
#5078=CARTESIAN_POINT('Ctrl Pts',(5.85890201624325,17.4666666666667,-4.01786230366325));
#5079=CARTESIAN_POINT('Ctrl Pts',(6.34473372515349,17.4666666666667,-4.35102578969842));
#5080=CARTESIAN_POINT('Ctrl Pts',(6.8307039644678,17.4666666666667,-4.68429231164271));
#5081=CARTESIAN_POINT('Ctrl Pts',(5.7801575791327,17.8,-2.86221563834642));
#5082=CARTESIAN_POINT('Ctrl Pts',(6.3029108485633,17.8,-3.12107234982478));
#5083=CARTESIAN_POINT('Ctrl Pts',(6.82566411799391,17.8,-3.37992906130314));
#5084=CARTESIAN_POINT('Ctrl Pts',(7.34841738742452,17.8,-3.6387857727815));
#5085=CARTESIAN_POINT('',(4.07665997943053,16.8,-4.99833406367657));
#5086=CARTESIAN_POINT('',(5.7801575791327,17.8,-2.86221563834642));
#5087=CARTESIAN_POINT('Ctrl Pts',(4.07665997943053,16.8,-4.99833406367657));
#5088=CARTESIAN_POINT('Ctrl Pts',(4.78780506979102,17.1333333333333,-4.4183214649771));
#5089=CARTESIAN_POINT('Ctrl Pts',(5.37293177692894,17.4666666666667,-3.68459578171896));
#5090=CARTESIAN_POINT('Ctrl Pts',(5.7801575791327,17.8,-2.86221563834642));
#5091=CARTESIAN_POINT('Ctrl Pts',(5.7801575791327,17.8,-2.86221563834642));
#5092=CARTESIAN_POINT('Ctrl Pts',(6.3029108485633,17.8,-3.12107234982478));
#5093=CARTESIAN_POINT('Ctrl Pts',(6.82566411799391,17.8,-3.37992906130314));
#5094=CARTESIAN_POINT('Ctrl Pts',(7.34841738742452,17.8,-3.6387857727815));
#5095=CARTESIAN_POINT('',(5.18273051648532,16.8,-6.3544712127361));
#5096=CARTESIAN_POINT('Origin',(5.18273051648532,17.3,-6.3544712127361));
#5097=CARTESIAN_POINT('',(4.07665997943053,16.1,-4.99833406367657));
#5098=CARTESIAN_POINT('Origin',(0.,17.8,0.));
#5099=CARTESIAN_POINT('',(5.84163959939727,17.8,-2.73454690776255));
#5100=CARTESIAN_POINT('Origin',(0.,17.8,0.));
#5101=CARTESIAN_POINT('',(3.71329028798896,17.8,-1.73823911966301));
#5102=CARTESIAN_POINT('Ctrl Pts',(5.84163959939727,16.8,-2.73454690776255));
#5103=CARTESIAN_POINT('Ctrl Pts',(6.36995325825749,16.8,-2.98185735161704));
#5104=CARTESIAN_POINT('Ctrl Pts',(6.8982669171177,16.8,-3.22916779547154));
#5105=CARTESIAN_POINT('Ctrl Pts',(7.42658057597792,16.8,-3.47647823932603));
#5106=CARTESIAN_POINT('Ctrl Pts',(6.2307011513147,17.1333333333333,-1.90341932248245));
#5107=CARTESIAN_POINT('Ctrl Pts',(6.79425689844269,17.1333333333333,-2.0755778773877));
#5108=CARTESIAN_POINT('Ctrl Pts',(7.35764571655893,17.1333333333333,-2.24769236670034));
#5109=CARTESIAN_POINT('Ctrl Pts',(7.92120146368691,17.1333333333333,-2.41985092160559));
#5110=CARTESIAN_POINT('Ctrl Pts',(6.4395304552856,17.4666666666667,-0.988478360735887));
#5111=CARTESIAN_POINT('Ctrl Pts',(7.02197343629877,17.4666666666667,-1.07788653718827));
#5112=CARTESIAN_POINT('Ctrl Pts',(7.60424690012511,17.4666666666667,-1.16726198758394));
#5113=CARTESIAN_POINT('Ctrl Pts',(8.18668988113829,17.4666666666667,-1.25667016403632));
#5114=CARTESIAN_POINT('Ctrl Pts',(6.44961085369527,17.8,-0.0708508002507876));
#5115=CARTESIAN_POINT('Ctrl Pts',(7.03290899291835,17.8,-0.0772584953639079));
#5116=CARTESIAN_POINT('Ctrl Pts',(7.61620713214144,17.8,-0.0836661904770282));
#5117=CARTESIAN_POINT('Ctrl Pts',(8.19950527136453,17.8,-0.0900738855901484));
#5118=CARTESIAN_POINT('',(5.84163959939727,16.8,-2.73454690776255));
#5119=CARTESIAN_POINT('',(6.44961085369527,17.8,-0.070850800250789));
#5120=CARTESIAN_POINT('Ctrl Pts',(5.84163959939727,16.8,-2.73454690776255));
#5121=CARTESIAN_POINT('Ctrl Pts',(6.2307011513147,17.1333333333333,-1.90341932248245));
#5122=CARTESIAN_POINT('Ctrl Pts',(6.4395304552856,17.4666666666667,-0.988478360735889));
#5123=CARTESIAN_POINT('Ctrl Pts',(6.44961085369527,17.8,-0.0708508002507902));
#5124=CARTESIAN_POINT('Ctrl Pts',(6.44961085369527,17.8,-0.070850800250789));
#5125=CARTESIAN_POINT('Ctrl Pts',(7.03290899291836,17.8,-0.0772584953639093));
#5126=CARTESIAN_POINT('Ctrl Pts',(7.61620713214144,17.8,-0.0836661904770305));
#5127=CARTESIAN_POINT('Ctrl Pts',(8.19950527136453,17.8,-0.0900738855901503));
#5128=CARTESIAN_POINT('',(7.42658057597792,16.8,-3.47647823932603));
#5129=CARTESIAN_POINT('Origin',(7.42658057597792,17.3,-3.47647823932603));
#5130=CARTESIAN_POINT('',(5.84163959939727,16.1,-2.73454690776255));
#5131=CARTESIAN_POINT('Origin',(0.,17.8,0.));
#5132=CARTESIAN_POINT('',(6.45,17.8,-7.89897185450043E-16));
#5133=CARTESIAN_POINT('Origin',(0.,17.8,0.));
#5134=CARTESIAN_POINT('',(6.44961085369527,17.8,0.0708508002507977));
#5135=CARTESIAN_POINT('Origin',(0.,17.8,0.));
#5136=CARTESIAN_POINT('',(4.09975263568226,17.8,0.0450369427950802));
#5137=CARTESIAN_POINT('Ctrl Pts',(6.44961085369527,16.8,0.0708508002507968));
#5138=CARTESIAN_POINT('Ctrl Pts',(7.03290899291836,16.8,0.077258495363918));
#5139=CARTESIAN_POINT('Ctrl Pts',(7.61620713214144,16.8,0.0836661904770392));
#5140=CARTESIAN_POINT('Ctrl Pts',(8.19950527136453,16.8,0.0900738855901603));
#5141=CARTESIAN_POINT('Ctrl Pts',(6.4395304552856,17.1333333333333,0.988478360735896));
#5142=CARTESIAN_POINT('Ctrl Pts',(7.02197343629877,17.1333333333333,1.07788653718828));
#5143=CARTESIAN_POINT('Ctrl Pts',(7.60424690012512,17.1333333333333,1.16726198758395));
#5144=CARTESIAN_POINT('Ctrl Pts',(8.18668988113829,17.1333333333333,1.25667016403633));
#5145=CARTESIAN_POINT('Ctrl Pts',(6.2307011513147,17.4666666666667,1.90341932248246));
#5146=CARTESIAN_POINT('Ctrl Pts',(6.79425689844269,17.4666666666667,2.07557787738771));
#5147=CARTESIAN_POINT('Ctrl Pts',(7.35764571655892,17.4666666666667,2.24769236670035));
#5148=CARTESIAN_POINT('Ctrl Pts',(7.92120146368691,17.4666666666667,2.41985092160561));
#5149=CARTESIAN_POINT('Ctrl Pts',(5.84163959939726,17.8,2.73454690776256));
#5150=CARTESIAN_POINT('Ctrl Pts',(6.36995325825748,17.8,2.98185735161705));
#5151=CARTESIAN_POINT('Ctrl Pts',(6.8982669171177,17.8,3.22916779547155));
#5152=CARTESIAN_POINT('Ctrl Pts',(7.42658057597792,17.8,3.47647823932604));
#5153=CARTESIAN_POINT('',(6.44961085369527,16.8,0.0708508002507977));
#5154=CARTESIAN_POINT('',(5.84163959939727,17.8,2.73454690776256));
#5155=CARTESIAN_POINT('Ctrl Pts',(6.44961085369527,16.8,0.0708508002507969));
#5156=CARTESIAN_POINT('Ctrl Pts',(6.4395304552856,17.1333333333333,0.988478360735897));
#5157=CARTESIAN_POINT('Ctrl Pts',(6.2307011513147,17.4666666666667,1.90341932248246));
#5158=CARTESIAN_POINT('Ctrl Pts',(5.84163959939727,17.8,2.73454690776256));
#5159=CARTESIAN_POINT('Ctrl Pts',(5.84163959939727,17.8,2.73454690776256));
#5160=CARTESIAN_POINT('Ctrl Pts',(6.36995325825748,17.8,2.98185735161705));
#5161=CARTESIAN_POINT('Ctrl Pts',(6.8982669171177,17.8,3.22916779547155));
#5162=CARTESIAN_POINT('Ctrl Pts',(7.42658057597792,17.8,3.47647823932604));
#5163=CARTESIAN_POINT('',(8.19950527136453,16.8,0.0900738855901606));
#5164=CARTESIAN_POINT('Origin',(8.19950527136453,17.3,0.0900738855901606));
#5165=CARTESIAN_POINT('',(6.44961085369527,16.1,0.070850800250797));
#5166=CARTESIAN_POINT('Origin',(0.,17.8,0.));
#5167=CARTESIAN_POINT('',(5.78015757913269,17.8,2.86221563834643));
#5168=CARTESIAN_POINT('Origin',(0.,17.8,0.));
#5169=CARTESIAN_POINT('',(3.67420869371226,17.8,1.81939288639075));
#5170=CARTESIAN_POINT('Ctrl Pts',(5.78015757913269,16.8,2.86221563834643));
#5171=CARTESIAN_POINT('Ctrl Pts',(6.3029108485633,16.8,3.12107234982479));
#5172=CARTESIAN_POINT('Ctrl Pts',(6.82566411799391,16.8,3.37992906130315));
#5173=CARTESIAN_POINT('Ctrl Pts',(7.34841738742452,16.8,3.63878577278151));
#5174=CARTESIAN_POINT('Ctrl Pts',(5.37293177692893,17.1333333333333,3.68459578171897));
#5175=CARTESIAN_POINT('Ctrl Pts',(5.85890201624324,17.1333333333333,4.01786230366326));
#5176=CARTESIAN_POINT('Ctrl Pts',(6.34473372515349,17.1333333333333,4.35102578969843));
#5177=CARTESIAN_POINT('Ctrl Pts',(6.8307039644678,17.1333333333333,4.68429231164273));
#5178=CARTESIAN_POINT('Ctrl Pts',(4.78780506979101,17.4666666666667,4.41832146497711));
#5179=CARTESIAN_POINT('Ctrl Pts',(5.22085445575745,17.4666666666667,4.81794863805489));
#5180=CARTESIAN_POINT('Ctrl Pts',(5.65377256322524,17.4666666666667,5.2174636816218));
#5181=CARTESIAN_POINT('Ctrl Pts',(6.08682194919168,17.4666666666667,5.61709085469959));
#5182=CARTESIAN_POINT('Ctrl Pts',(4.07665997943052,17.8,4.99833406367657));
#5183=CARTESIAN_POINT('Ctrl Pts',(4.44535015844879,17.8,5.45037978002975));
#5184=CARTESIAN_POINT('Ctrl Pts',(4.81404033746705,17.8,5.90242549638293));
#5185=CARTESIAN_POINT('Ctrl Pts',(5.18273051648532,17.8,6.35447121273612));
#5186=CARTESIAN_POINT('',(5.78015757913269,16.8,2.86221563834643));
#5187=CARTESIAN_POINT('',(4.07665997943052,17.8,4.99833406367657));
#5188=CARTESIAN_POINT('Ctrl Pts',(5.78015757913269,16.8,2.86221563834643));
#5189=CARTESIAN_POINT('Ctrl Pts',(5.37293177692893,17.1333333333333,3.68459578171897));
#5190=CARTESIAN_POINT('Ctrl Pts',(4.78780506979101,17.4666666666667,4.41832146497711));
#5191=CARTESIAN_POINT('Ctrl Pts',(4.07665997943052,17.8,4.99833406367657));
#5192=CARTESIAN_POINT('Ctrl Pts',(4.07665997943052,17.8,4.99833406367657));
#5193=CARTESIAN_POINT('Ctrl Pts',(4.44535015844879,17.8,5.45037978002975));
#5194=CARTESIAN_POINT('Ctrl Pts',(4.81404033746705,17.8,5.90242549638293));
#5195=CARTESIAN_POINT('Ctrl Pts',(5.18273051648531,17.8,6.3544712127361));
#5196=CARTESIAN_POINT('',(7.34841738742451,16.8,3.63878577278151));
#5197=CARTESIAN_POINT('Origin',(7.34841738742451,17.3,3.63878577278151));
#5198=CARTESIAN_POINT('',(5.78015757913269,16.1,2.86221563834643));
#5199=CARTESIAN_POINT('Origin',(0.,17.8,0.));
#5200=CARTESIAN_POINT('',(3.96587320704227,17.8,5.08668356649637));
#5201=CARTESIAN_POINT('Origin',(0.,17.8,0.));
#5202=CARTESIAN_POINT('',(2.52094265874005,17.8,3.2333957554473));
#5203=CARTESIAN_POINT('Ctrl Pts',(3.96587320704227,16.8,5.08668356649637));
#5204=CARTESIAN_POINT('Ctrl Pts',(4.32454391052155,16.8,5.54671954796245));
#5205=CARTESIAN_POINT('Ctrl Pts',(4.68321461400082,16.8,6.00675552942853));
#5206=CARTESIAN_POINT('Ctrl Pts',(5.0418853174801,16.8,6.46679151089461));
#5207=CARTESIAN_POINT('Ctrl Pts',(3.24215806546759,17.1333333333333,5.65093381953084));
#5208=CARTESIAN_POINT('Ctrl Pts',(3.53540319715297,17.1333333333333,6.16205116505031));
#5209=CARTESIAN_POINT('Ctrl Pts',(3.82856822286255,17.1333333333333,6.67301557233369));
#5210=CARTESIAN_POINT('Ctrl Pts',(4.12181335454794,17.1333333333333,7.18413291785316));
#5211=CARTESIAN_POINT('Ctrl Pts',(2.39662547561943,17.4666666666667,6.05812085417631));
#5212=CARTESIAN_POINT('Ctrl Pts',(2.61339775853149,17.4666666666667,6.60606558269292));
#5213=CARTESIAN_POINT('Ctrl Pts',(2.83010041477467,17.4666666666667,7.1538523264052));
#5214=CARTESIAN_POINT('Ctrl Pts',(3.04687269768672,17.4666666666667,7.70179705492181));
#5215=CARTESIAN_POINT('Ctrl Pts',(1.50424785358397,17.8,6.272139857735));
#5216=CARTESIAN_POINT('Ctrl Pts',(1.6402909411174,17.8,6.83938764848623));
#5217=CARTESIAN_POINT('Ctrl Pts',(1.77633402865083,17.8,7.40663543923745));
#5218=CARTESIAN_POINT('Ctrl Pts',(1.91237711618427,17.8,7.97388322998868));
#5219=CARTESIAN_POINT('',(3.96587320704227,16.8,5.08668356649637));
#5220=CARTESIAN_POINT('',(1.50424785358397,17.8,6.272139857735));
#5221=CARTESIAN_POINT('Ctrl Pts',(3.96587320704227,16.8,5.08668356649637));
#5222=CARTESIAN_POINT('Ctrl Pts',(3.24215806546759,17.1333333333333,5.65093381953084));
#5223=CARTESIAN_POINT('Ctrl Pts',(2.39662547561943,17.4666666666667,6.05812085417631));
#5224=CARTESIAN_POINT('Ctrl Pts',(1.50424785358397,17.8,6.272139857735));
#5225=CARTESIAN_POINT('Ctrl Pts',(1.50424785358397,17.8,6.272139857735));
#5226=CARTESIAN_POINT('Ctrl Pts',(1.6402909411174,17.8,6.83938764848623));
#5227=CARTESIAN_POINT('Ctrl Pts',(1.77633402865084,17.8,7.40663543923746));
#5228=CARTESIAN_POINT('Ctrl Pts',(1.91237711618427,17.8,7.97388322998868));
#5229=CARTESIAN_POINT('',(5.0418853174801,16.8,6.46679151089461));
#5230=CARTESIAN_POINT('Origin',(5.0418853174801,17.3,6.46679151089461));
#5231=CARTESIAN_POINT('',(3.96587320704227,16.1,5.08668356649637));
#5232=CARTESIAN_POINT('Origin',(0.,17.8,0.));
#5233=CARTESIAN_POINT('',(1.36609900805413,17.8,6.30367143022172));
#5234=CARTESIAN_POINT('Origin',(0.,17.8,0.));
#5235=CARTESIAN_POINT('',(0.868373012871619,17.8,4.00698494014094));
#5236=CARTESIAN_POINT('Ctrl Pts',(1.36609900805413,16.8,6.30367143022172));
#5237=CARTESIAN_POINT('Ctrl Pts',(1.4896480139505,16.8,6.8737709135751));
#5238=CARTESIAN_POINT('Ctrl Pts',(1.61319701984687,16.8,7.44387039692849));
#5239=CARTESIAN_POINT('Ctrl Pts',(1.73674602574324,16.8,8.01396988028187));
#5240=CARTESIAN_POINT('Ctrl Pts',(0.469235186681124,17.1333333333333,6.49803511022942));
#5241=CARTESIAN_POINT('Ctrl Pts',(0.511674415991773,17.1333333333333,7.08577022060106));
#5242=CARTESIAN_POINT('Ctrl Pts',(0.55410782972582,17.1333333333333,7.67333278170297));
#5243=CARTESIAN_POINT('Ctrl Pts',(0.596547059036468,17.1333333333333,8.26106789207461));
#5244=CARTESIAN_POINT('Ctrl Pts',(-0.469235186681131,17.4666666666667,6.49803511022942));
#5245=CARTESIAN_POINT('Ctrl Pts',(-0.511674415991781,17.4666666666667,7.08577022060106));
#5246=CARTESIAN_POINT('Ctrl Pts',(-0.554107829725827,17.4666666666667,7.67333278170297));
#5247=CARTESIAN_POINT('Ctrl Pts',(-0.596547059036477,17.4666666666667,8.26106789207461));
#5248=CARTESIAN_POINT('Ctrl Pts',(-1.36609900805414,17.8,6.30367143022172));
#5249=CARTESIAN_POINT('Ctrl Pts',(-1.48964801395051,17.8,6.8737709135751));
#5250=CARTESIAN_POINT('Ctrl Pts',(-1.61319701984688,17.8,7.44387039692849));
#5251=CARTESIAN_POINT('Ctrl Pts',(-1.73674602574325,17.8,8.01396988028187));
#5252=CARTESIAN_POINT('',(-1.36609900805414,17.8,6.30367143022172));
#5253=CARTESIAN_POINT('',(1.36609900805413,16.8,6.30367143022172));
#5254=CARTESIAN_POINT('Ctrl Pts',(-1.36609900805414,17.8,6.30367143022172));
#5255=CARTESIAN_POINT('Ctrl Pts',(-0.469235186681132,17.4666666666667,6.49803511022942));
#5256=CARTESIAN_POINT('Ctrl Pts',(0.469235186681124,17.1333333333333,6.49803511022942));
#5257=CARTESIAN_POINT('Ctrl Pts',(1.36609900805413,16.8,6.30367143022172));
#5258=CARTESIAN_POINT('',(-1.73674602574325,17.8,8.01396988028187));
#5259=CARTESIAN_POINT('',(1.73674602574324,16.8,8.01396988028187));
#5260=CARTESIAN_POINT('Origin',(1.73674602574324,17.3,8.01396988028187));
#5261=CARTESIAN_POINT('',(1.36609900805413,16.1,6.30367143022172));
#5262=CARTESIAN_POINT('Origin',(0.,16.1,0.));
#5263=CARTESIAN_POINT('Origin',(0.,17.8,0.));
#5264=CARTESIAN_POINT('',(6.45,16.1,-7.89897185450043E-16));
#5265=CARTESIAN_POINT('',(6.45,16.1,-7.89897185450043E-16));
#5266=CARTESIAN_POINT('Origin',(0.,16.1,0.));
#5267=CARTESIAN_POINT('Origin',(0.,17.8,0.));
#5268=CARTESIAN_POINT('Origin',(0.,10.3731853800445,0.));
#5269=CARTESIAN_POINT('Ctrl Pts',(-5.95669417588578,12.3575603800445,7.93881936870904E-5));
#5270=CARTESIAN_POINT('Ctrl Pts',(-5.95675045810319,12.3593436697629,0.084142060438233));
#5271=CARTESIAN_POINT('Ctrl Pts',(-5.93470871978382,12.3818885692079,1.14685891479783));
#5272=CARTESIAN_POINT('Ctrl Pts',(-5.33507292061219,12.4251950783795,3.1646213144748));
#5273=CARTESIAN_POINT('Ctrl Pts',(-3.20184461347588,12.4874799075596,5.31281578612801));
#5274=CARTESIAN_POINT('Ctrl Pts',(-0.305937148353481,12.5497647367395,6.19550093139466));
#5275=CARTESIAN_POINT('Ctrl Pts',(2.6628443007747,12.6120495659196,5.60241773275241));
#5276=CARTESIAN_POINT('Ctrl Pts',(4.99733683317159,12.6743343950996,3.67484028101903));
#5277=CARTESIAN_POINT('Ctrl Pts',(6.14146462862779,12.7366192242796,0.87191627219358));
#5278=CARTESIAN_POINT('Ctrl Pts',(5.82269673173138,12.7989040534596,-2.13869788079561));
#5279=CARTESIAN_POINT('Ctrl Pts',(4.11696356071875,12.8611888826396,-4.63987467560532));
#5280=CARTESIAN_POINT('Ctrl Pts',(1.43057045226642,12.9234737118196,-6.03583416179148));
#5281=CARTESIAN_POINT('Ctrl Pts',(-1.59658427078738,12.9857585409996,-5.99405910798384));
#5282=CARTESIAN_POINT('Ctrl Pts',(-4.24343292043425,13.0480433701796,-4.52450029682174));
#5283=CARTESIAN_POINT('Ctrl Pts',(-5.69297455461942,13.1032273165279,-2.26761474290036));
#5284=CARTESIAN_POINT('Ctrl Pts',(-5.95552526366246,13.1376496531496,-0.644052317559261));
#5285=CARTESIAN_POINT('Ctrl Pts',(-5.95600158490861,13.1513103800445,0.000118513429403048));
#5286=CARTESIAN_POINT('Ctrl Pts',(-5.9562919337423,12.2393146199555,-9.99523277302877E-5));
#5287=CARTESIAN_POINT('Ctrl Pts',(-5.95555398801353,12.2551612424836,0.747041794579707));
#5288=CARTESIAN_POINT('Ctrl Pts',(-5.62961510852588,12.2917694747385,2.47358456586803));
#5289=CARTESIAN_POINT('Ctrl Pts',(-4.00296491223591,12.34913931672,4.73861770773328));
#5290=CARTESIAN_POINT('Ctrl Pts',(-1.28342137012938,12.4114241459,6.06880774613152));
#5291=CARTESIAN_POINT('Ctrl Pts',(1.74181818427789,12.4737089750801,5.95348611061104));
#5292=CARTESIAN_POINT('Ctrl Pts',(4.35216430458495,12.5359938042601,4.42000677429237));
#5293=CARTESIAN_POINT('Ctrl Pts',(5.92582205937596,12.5982786334401,1.8337017968623));
#5294=CARTESIAN_POINT('Ctrl Pts',(6.08795193537291,12.6605634626201,-1.18940013292687));
#5295=CARTESIAN_POINT('Ctrl Pts',(4.79993190431384,12.7228482918001,-3.92918242960899));
#5296=CARTESIAN_POINT('Ctrl Pts',(2.36856945020107,12.7851331209801,-5.73303657645465));
#5297=CARTESIAN_POINT('Ctrl Pts',(-0.626986024360877,12.8474179501601,-6.17128131587776));
#5298=CARTESIAN_POINT('Ctrl Pts',(-3.47319343449113,12.9097027793401,-5.13952859661288));
#5299=CARTESIAN_POINT('Ctrl Pts',(-5.47903685683877,12.9715850026052,-2.89812343192976));
#5300=CARTESIAN_POINT('Ctrl Pts',(-5.95660353896701,13.0127056161437,-0.959644949166266));
#5301=CARTESIAN_POINT('Ctrl Pts',(-5.9567833400781,13.0330646199555,1.91711121656779E-5));
#5302=CARTESIAN_POINT('Ctrl Pts',(4.02052898032756,12.1,3.82395627527908));
#5303=CARTESIAN_POINT('Ctrl Pts',(4.64897802556222,12.1207616097267,3.16320143993758));
#5304=CARTESIAN_POINT('Ctrl Pts',(5.5733201019551,12.16228482918,1.52660468458559));
#5305=CARTESIAN_POINT('Ctrl Pts',(5.6318784988451,12.22456965836,-1.29345063126162));
#5306=CARTESIAN_POINT('Ctrl Pts',(4.34902535915315,12.28685448754,-3.8048011925123));
#5307=CARTESIAN_POINT('Ctrl Pts',(2.03018851717777,12.34913931672,-5.41014270511751));
#5308=CARTESIAN_POINT('Ctrl Pts',(-0.772215928035028,12.4114241459,-5.72664347426141));
#5309=CARTESIAN_POINT('Ctrl Pts',(-3.39069008023264,12.47370897508,-4.67913142888657));
#5310=CARTESIAN_POINT('Ctrl Pts',(-5.20149681971709,12.5359938042601,-2.51701500348036));
#5311=CARTESIAN_POINT('Ctrl Pts',(-5.77331082587296,12.5982786334401,0.244635907394372));
#5312=CARTESIAN_POINT('Ctrl Pts',(-4.96992187423341,12.6605634626201,2.94802356565893));
#5313=CARTESIAN_POINT('Ctrl Pts',(-2.98269917191389,12.7228482918001,4.94918809586211));
#5314=CARTESIAN_POINT('Ctrl Pts',(-0.284997740118626,12.7851331209801,5.77145918321178));
#5315=CARTESIAN_POINT('Ctrl Pts',(2.48058992539119,12.8474179501601,5.21896867257896));
#5316=CARTESIAN_POINT('Ctrl Pts',(4.65530162561336,12.9097027793401,3.42332136199832));
#5317=CARTESIAN_POINT('Ctrl Pts',(5.72112131396052,12.9719876085201,0.812239273606347));
#5318=CARTESIAN_POINT('Ctrl Pts',(5.42417100659581,13.0342724377001,-1.99231791923156));
#5319=CARTESIAN_POINT('Ctrl Pts',(3.83518417841796,13.0965572668801,-4.3223054280852));
#5320=CARTESIAN_POINT('Ctrl Pts',(1.33265720809211,13.1588420960601,-5.62272056564328));
#5321=CARTESIAN_POINT('Ctrl Pts',(-1.48730846035609,13.2211269252401,-5.58380474259731));
#5322=CARTESIAN_POINT('Ctrl Pts',(-3.95299753291625,13.2834117544201,-4.21482767522691));
#5323=CARTESIAN_POINT('Ctrl Pts',(-5.47708333983602,13.3456965836002,-1.84187945528334));
#5324=CARTESIAN_POINT('Ctrl Pts',(-5.69652892855329,13.4079814127802,0.969804105394124));
#5325=CARTESIAN_POINT('Ctrl Pts',(-4.55906240174457,13.4702662419602,3.55048051014982));
#5326=CARTESIAN_POINT('Ctrl Pts',(-2.33562807117867,13.5325510711402,5.28543312798178));
#5327=CARTESIAN_POINT('Ctrl Pts',(0.444152425104178,13.5948359003202,5.7613965719752));
#5328=CARTESIAN_POINT('Ctrl Pts',(3.11813589757125,13.6571207295002,4.86499643998697));
#5329=CARTESIAN_POINT('Ctrl Pts',(5.04937998770451,13.7194055586802,2.80975507408774));
#5330=CARTESIAN_POINT('Ctrl Pts',(5.77786271772811,13.7816903878602,0.0852305798507407));
#5331=CARTESIAN_POINT('Ctrl Pts',(5.13005963882756,13.8439752170402,-2.65959582243734));
#5332=CARTESIAN_POINT('Ctrl Pts',(3.26027732214251,13.9062600462202,-4.77090700175157));
#5333=CARTESIAN_POINT('Ctrl Pts',(0.613897562626248,13.9685448754002,-5.74578903365356));
#5334=CARTESIAN_POINT('Ctrl Pts',(-2.17871248044796,14.0308297045803,-5.35202520212531));
#5335=CARTESIAN_POINT('Ctrl Pts',(-4.45235362186243,14.0931145337602,-3.68340997752575));
#5336=CARTESIAN_POINT('Ctrl Pts',(-5.66544497083046,14.1553993629403,-1.13740719143959));
#5337=CARTESIAN_POINT('Ctrl Pts',(-5.52902839697156,14.2176841921203,1.67952577298736));
#5338=CARTESIAN_POINT('Ctrl Pts',(-4.07559830243339,14.2799690213003,4.09639601526131));
#5339=CARTESIAN_POINT('Ctrl Pts',(-1.65136146143269,14.3422538504803,5.53750549980247));
#5340=CARTESIAN_POINT('Ctrl Pts',(1.16622936802387,14.4045386796603,5.65958221936946));
#5341=CARTESIAN_POINT('Ctrl Pts',(3.70602458211704,14.4668235088403,4.43354752240193));
#5342=CARTESIAN_POINT('Ctrl Pts',(5.36304544017757,14.5291083380203,2.15144264232849));
#5343=CARTESIAN_POINT('Ctrl Pts',(5.7425898865433,14.5913931672003,-0.64313546910771));
#5344=CARTESIAN_POINT('Ctrl Pts',(4.75425050571524,14.6536779963803,-3.28451883318707));
#5345=CARTESIAN_POINT('Ctrl Pts',(2.63344955169011,14.7159628255603,-5.14353043106539));
#5346=CARTESIAN_POINT('Ctrl Pts',(-0.114638588557099,14.7782476547403,-5.77735405101869));
#5347=CARTESIAN_POINT('Ctrl Pts',(-2.83541983861803,14.8405324839203,-5.03501302630537));
#5348=CARTESIAN_POINT('Ctrl Pts',(-4.8808046182967,14.9028173131004,-3.09333284908991));
#5349=CARTESIAN_POINT('Ctrl Pts',(-5.76358265892831,14.9651021422804,-0.414821370779678));
#5350=CARTESIAN_POINT('Ctrl Pts',(-5.27347639817113,15.0273869714604,2.36250047928374));
#5351=CARTESIAN_POINT('Ctrl Pts',(-3.52722905417408,15.0896718006404,4.57707516201059));
#5352=CARTESIAN_POINT('Ctrl Pts',(-0.940796416051153,15.1519566298204,5.70139140303891));
#5353=CARTESIAN_POINT('Ctrl Pts',(1.86973375261451,15.2142414590004,5.46763729174065));
#5354=CARTESIAN_POINT('Ctrl Pts',(4.23489369067766,15.2765262881804,3.93149300167839));
#5355=CARTESIAN_POINT('Ctrl Pts',(5.59130275808747,15.3388111173604,1.45886783618182));
#5356=CARTESIAN_POINT('Ctrl Pts',(5.61586454925013,15.4010959465404,-1.36125940384684));
#5357=CARTESIAN_POINT('Ctrl Pts',(4.30272849375925,15.4633807757204,-3.85713484799716));
#5358=CARTESIAN_POINT('Ctrl Pts',(1.96468326466811,15.5256656049004,-5.4342416253315));
#5359=CARTESIAN_POINT('Ctrl Pts',(-0.84134902999752,15.5879504340805,-5.71691282013597));
#5360=CARTESIAN_POINT('Ctrl Pts',(-3.4469723799069,15.6502352632604,-4.63781696787523));
#5361=CARTESIAN_POINT('Ctrl Pts',(-5.23152708695991,15.7125200924405,-2.4539929699907));
#5362=CARTESIAN_POINT('Ctrl Pts',(-5.76993397763305,15.7748049216205,0.31436964455839));
#5363=CARTESIAN_POINT('Ctrl Pts',(-4.93394178015222,15.8370897508005,3.0078535751258));
#5364=CARTESIAN_POINT('Ctrl Pts',(-2.92268940275978,15.8993745799805,4.98485911017231));
#5365=CARTESIAN_POINT('Ctrl Pts',(-0.215245291823683,15.9616594091605,5.77448868847536));
#5366=CARTESIAN_POINT('Ctrl Pts',(2.54345481296246,16.0239442383405,5.1886029463845));
#5367=CARTESIAN_POINT('Ctrl Pts',(4.69633536099228,16.0862290675205,3.36685961722644));
#5368=CARTESIAN_POINT('Ctrl Pts',(5.73048767904685,16.1485138967005,0.7429970722637));
#5369=CARTESIAN_POINT('Ctrl Pts',(5.39976357491942,16.2107987258805,-2.05757704503095));
#5370=CARTESIAN_POINT('Ctrl Pts',(3.7825640867577,16.2730835550605,-4.36859562690648));
#5371=CARTESIAN_POINT('Ctrl Pts',(2.10410863464022,16.3146067745139,-5.21455337353219));
#5372=CARTESIAN_POINT('Ctrl Pts',(1.21432346287798,16.3353683842405,-5.41412166509066));
#5373=CARTESIAN_POINT('Ctrl Pts',(4.11899467062169,12.0215438719198,3.91760775650015));
#5374=CARTESIAN_POINT('Ctrl Pts',(4.76283489183257,12.0423054816465,3.24067055279482));
#5375=CARTESIAN_POINT('Ctrl Pts',(5.70981478057932,12.0838287010998,1.56399234795265));
#5376=CARTESIAN_POINT('Ctrl Pts',(5.76980731536521,12.1461135302798,-1.32512818162669));
#5377=CARTESIAN_POINT('Ctrl Pts',(4.45553616561445,12.2083983594598,-3.89798355177044));
#5378=CARTESIAN_POINT('Ctrl Pts',(2.07990931629382,12.2706831886399,-5.54264105015014));
#5379=CARTESIAN_POINT('Ctrl Pts',(-0.791128059941581,12.3329680178199,-5.86689315422158));
#5380=CARTESIAN_POINT('Ctrl Pts',(-3.47373055599023,12.3952528469999,-4.79372677402066));
#5381=CARTESIAN_POINT('Ctrl Pts',(-5.32888527467468,12.4575376761799,-2.5786585386995));
#5382=CARTESIAN_POINT('Ctrl Pts',(-5.914703423348,12.5198225053599,0.250627219385949));
#5383=CARTESIAN_POINT('Ctrl Pts',(-5.091638889693,12.5821073345399,3.02022281526422));
#5384=CARTESIAN_POINT('Ctrl Pts',(-3.05574765243455,12.6443921637199,5.07039732595075));
#5385=CARTESIAN_POINT('Ctrl Pts',(-0.291977542863577,12.7066769928999,5.91280643260608));
#5386=CARTESIAN_POINT('Ctrl Pts',(2.54134138385236,12.7689618220799,5.34678502597011));
#5387=CARTESIAN_POINT('Ctrl Pts',(4.76931336146611,12.8312466512599,3.50716100167189));
#5388=CARTESIAN_POINT('Ctrl Pts',(5.86123575218294,12.8935314804399,0.832131606468757));
#5389=CARTESIAN_POINT('Ctrl Pts',(5.55701291497434,12.95581630962,-2.04111123975291));
#5390=CARTESIAN_POINT('Ctrl Pts',(3.92911063918488,13.0181011387999,-4.42816184392525));
#5391=CARTESIAN_POINT('Ctrl Pts',(1.36529495615021,13.08038596798,-5.76042509769267));
#5392=CARTESIAN_POINT('Ctrl Pts',(-1.52373373049985,13.14267079716,-5.72055619772615));
#5393=CARTESIAN_POINT('Ctrl Pts',(-4.04980932875558,13.20495562634,-4.31805188242518));
#5394=CARTESIAN_POINT('Ctrl Pts',(-5.61122110988922,13.26724045552,-1.88698842798083));
#5395=CARTESIAN_POINT('Ctrl Pts',(-5.83604108130111,13.3295252847,0.993555316032069));
#5396=CARTESIAN_POINT('Ctrl Pts',(-4.67071716873626,13.39181011388,3.63743437020613));
#5397=CARTESIAN_POINT('Ctrl Pts',(-2.39282930798712,13.45409494306,5.41487724441438));
#5398=CARTESIAN_POINT('Ctrl Pts',(0.455030042290296,13.51637977224,5.90249738067315));
#5399=CARTESIAN_POINT('Ctrl Pts',(3.19450132239161,13.57866460142,4.98414375495118));
#5400=CARTESIAN_POINT('Ctrl Pts',(5.1730429903789,13.6409494306,2.87856802737851));
#5401=CARTESIAN_POINT('Ctrl Pts',(5.91936679435822,13.70323425978,0.0873179389818967));
#5402=CARTESIAN_POINT('Ctrl Pts',(5.25569854506573,13.7655190889601,-2.72473126601728));
#5403=CARTESIAN_POINT('Ctrl Pts',(3.34012389423435,13.8278039181401,-4.88774999767453));
#5404=CARTESIAN_POINT('Ctrl Pts',(0.628932362168708,13.8900887473201,-5.88650760234226));
#5405=CARTESIAN_POINT('Ctrl Pts',(-2.23207073986841,13.9523735765001,-5.48310020707551));
#5406=CARTESIAN_POINT('Ctrl Pts',(-4.56139501292201,14.0146584056801,-3.77361937729578));
#5407=CARTESIAN_POINT('Ctrl Pts',(-5.80419585475787,14.0769432348601,-1.1652631240292));
#5408=CARTESIAN_POINT('Ctrl Pts',(-5.6644383394014,14.1392280640401,1.72065858546381));
#5409=CARTESIAN_POINT('Ctrl Pts',(-4.17541268063444,14.2015128932201,4.19671974463484));
#5410=CARTESIAN_POINT('Ctrl Pts',(-1.69180450935517,14.2637977224001,5.67312305267014));
#5411=CARTESIAN_POINT('Ctrl Pts',(1.19479117676238,14.3260825515801,5.79818952023293));
#5412=CARTESIAN_POINT('Ctrl Pts',(3.79678783006543,14.3883673807601,4.54212833835455));
#5413=CARTESIAN_POINT('Ctrl Pts',(5.49439033880403,14.4506522099401,2.20413304350248));
#5414=CARTESIAN_POINT('Ctrl Pts',(5.88323010578343,14.5129370391201,-0.658886326327786));
#5415=CARTESIAN_POINT('Ctrl Pts',(4.87068557188863,14.5752218683001,-3.3649590975842));
#5416=CARTESIAN_POINT('Ctrl Pts',(2.69794465400892,14.6375066974802,-5.26949924684108));
#5417=CARTESIAN_POINT('Ctrl Pts',(-0.117446171293563,14.6997915266602,-5.91884567002968));
#5418=CARTESIAN_POINT('Ctrl Pts',(-2.90486134073113,14.7620763558402,-5.15832417160513));
#5419=CARTESIAN_POINT('Ctrl Pts',(-5.00033908708996,14.8243611850202,-3.16909082914316));
#5420=CARTESIAN_POINT('Ctrl Pts',(-5.9047370064919,14.8866460142002,-0.424980649029488));
#5421=CARTESIAN_POINT('Ctrl Pts',(-5.40262768556054,14.9489308433802,2.42035984098742));
#5422=CARTESIAN_POINT('Ctrl Pts',(-3.61361346909663,15.0112156725602,4.6891710746531));
#5423=CARTESIAN_POINT('Ctrl Pts',(-0.963837207197291,15.0735005017402,5.84102264133718));
#5424=CARTESIAN_POINT('Ctrl Pts',(1.91552489739129,15.1357853309202,5.60154372117902));
#5425=CARTESIAN_POINT('Ctrl Pts',(4.33860932924542,15.1980701601002,4.0277781358463));
#5426=CARTESIAN_POINT('Ctrl Pts',(5.72823784509029,15.2603549892802,1.4945965746738));
#5427=CARTESIAN_POINT('Ctrl Pts',(5.75340117245218,15.3226398184602,-1.39459764056271));
#5428=CARTESIAN_POINT('Ctrl Pts',(4.40810545618366,15.3849246476403,-3.95159889668924));
#5429=CARTESIAN_POINT('Ctrl Pts',(2.01279979232192,15.4472094768203,-5.56733017051586));
#5430=CARTESIAN_POINT('Ctrl Pts',(-0.86195428204827,15.5094943060003,-5.85692418927183));
#5431=CARTESIAN_POINT('Ctrl Pts',(-3.5313912502777,15.5717791351803,-4.75140049169363));
#5432=CARTESIAN_POINT('Ctrl Pts',(-5.3596510050887,15.6340639643603,-2.5140930495945));
#5433=CARTESIAN_POINT('Ctrl Pts',(-5.9112438736291,15.6963487935403,0.322068786688803));
#5434=CARTESIAN_POINT('Ctrl Pts',(-5.0547776168371,15.7586336227203,3.08151810534746));
#5435=CARTESIAN_POINT('Ctrl Pts',(-2.99426820021808,15.8209184519003,5.10694194944639));
#5436=CARTESIAN_POINT('Ctrl Pts',(-0.220516806180547,15.8832032810803,5.91591013266553));
#5437=CARTESIAN_POINT('Ctrl Pts',(2.60574587842068,15.9454881102603,5.3156756209698));
#5438=CARTESIAN_POINT('Ctrl Pts',(4.81135204298499,16.0077729394403,3.44931646754533));
#5439=CARTESIAN_POINT('Ctrl Pts',(5.87083150638904,16.0700577686204,0.761193613058441));
#5440=CARTESIAN_POINT('Ctrl Pts',(5.53200772747523,16.1323425978003,-2.1079686091917));
#5441=CARTESIAN_POINT('Ctrl Pts',(3.87520184305962,16.1946274269804,-4.47558572351416));
#5442=CARTESIAN_POINT('Ctrl Pts',(2.15563979140527,16.2361506464337,-5.34226159302589));
#5443=CARTESIAN_POINT('Ctrl Pts',(1.24406313111509,16.2569122561604,-5.54671745775825));
#5444=CARTESIAN_POINT('Ctrl Pts',(4.21746036091581,11.9430877438396,4.01125923772122));
#5445=CARTESIAN_POINT('Ctrl Pts',(4.87669175810292,11.9638493535663,3.31813966565207));
#5446=CARTESIAN_POINT('Ctrl Pts',(5.84630945920353,12.0053725730197,1.6013800113197));
#5447=CARTESIAN_POINT('Ctrl Pts',(5.90773613188534,12.0676574021997,-1.35680573199176));
#5448=CARTESIAN_POINT('Ctrl Pts',(4.56204697207573,12.1299422313797,-3.99116591102858));
#5449=CARTESIAN_POINT('Ctrl Pts',(2.12963011540987,12.1922270605597,-5.67513939518277));
#5450=CARTESIAN_POINT('Ctrl Pts',(-0.81004019184814,12.2545118897397,-6.00714283418175));
#5451=CARTESIAN_POINT('Ctrl Pts',(-3.55677103174781,12.3167967189197,-4.90832211915475));
#5452=CARTESIAN_POINT('Ctrl Pts',(-5.45627372963227,12.3790815480997,-2.64030207391863));
#5453=CARTESIAN_POINT('Ctrl Pts',(-6.05609602082302,12.4413663772797,0.256618531377525));
#5454=CARTESIAN_POINT('Ctrl Pts',(-5.2133559051526,12.5036512064597,3.09242206486951));
#5455=CARTESIAN_POINT('Ctrl Pts',(-3.12879613295521,12.5659360356397,5.19160655603938));
#5456=CARTESIAN_POINT('Ctrl Pts',(-0.298957345608531,12.6282208648197,6.05415368200037));
#5457=CARTESIAN_POINT('Ctrl Pts',(2.60209284231353,12.6905056939997,5.47460137936126));
#5458=CARTESIAN_POINT('Ctrl Pts',(4.88332509731885,12.7527905231797,3.59100064134546));
#5459=CARTESIAN_POINT('Ctrl Pts',(6.00135019040537,12.8150753523598,0.852023939331169));
#5460=CARTESIAN_POINT('Ctrl Pts',(5.68985482335286,12.8773601815398,-2.08990456027426));
#5461=CARTESIAN_POINT('Ctrl Pts',(4.02303709995182,12.9396450107198,-4.53401825976528));
#5462=CARTESIAN_POINT('Ctrl Pts',(1.39793270420831,13.0019298398998,-5.89812962974207));
#5463=CARTESIAN_POINT('Ctrl Pts',(-1.56015900064362,13.0642146690798,-5.857307652855));
#5464=CARTESIAN_POINT('Ctrl Pts',(-4.14662112459491,13.1264994982598,-4.42127608962346));
#5465=CARTESIAN_POINT('Ctrl Pts',(-5.74535887994242,13.1887843274398,-1.93209740067832));
#5466=CARTESIAN_POINT('Ctrl Pts',(-5.97555323404893,13.2510691566198,1.01730652667002));
#5467=CARTESIAN_POINT('Ctrl Pts',(-4.78237193572794,13.3133539857998,3.72438823026244));
#5468=CARTESIAN_POINT('Ctrl Pts',(-2.45003054479557,13.3756388149798,5.544321360847));
#5469=CARTESIAN_POINT('Ctrl Pts',(0.465907659476416,13.4379236441598,6.04359818937109));
#5470=CARTESIAN_POINT('Ctrl Pts',(3.27086674721196,13.5002084733398,5.10329106991539));
#5471=CARTESIAN_POINT('Ctrl Pts',(5.29670599305328,13.5624933025199,2.94738098066928));
#5472=CARTESIAN_POINT('Ctrl Pts',(6.06087087098831,13.6247781316999,0.0894052981130605));
#5473=CARTESIAN_POINT('Ctrl Pts',(5.3813374513039,13.6870629608799,-2.78986670959724));
#5474=CARTESIAN_POINT('Ctrl Pts',(3.41997046632619,13.7493477900599,-5.00459299359749));
#5475=CARTESIAN_POINT('Ctrl Pts',(0.643967161711171,13.8116326192399,-6.02722617103098));
#5476=CARTESIAN_POINT('Ctrl Pts',(-2.28542899928886,13.8739174484199,-5.6141752120257));
#5477=CARTESIAN_POINT('Ctrl Pts',(-4.67043640398158,13.9362022775999,-3.86382877706581));
#5478=CARTESIAN_POINT('Ctrl Pts',(-5.94294673868529,13.9984871067799,-1.19311905661882));
#5479=CARTESIAN_POINT('Ctrl Pts',(-5.79984828183123,14.0607719359599,1.76179139794027));
#5480=CARTESIAN_POINT('Ctrl Pts',(-4.27522705883549,14.1230567651399,4.29704347400837));
#5481=CARTESIAN_POINT('Ctrl Pts',(-1.73224755727764,14.1853415943199,5.80874060553782));
#5482=CARTESIAN_POINT('Ctrl Pts',(1.22335298550089,14.2476264234999,5.93679682109641));
#5483=CARTESIAN_POINT('Ctrl Pts',(3.88755107801381,14.3099112526799,4.65070915430717));
#5484=CARTESIAN_POINT('Ctrl Pts',(5.6257352374305,14.37219608186,2.25682344467646));
#5485=CARTESIAN_POINT('Ctrl Pts',(6.02387032502355,14.43448091104,-0.674637183547868));
#5486=CARTESIAN_POINT('Ctrl Pts',(4.98712063806202,14.49676574022,-3.44539936198131));
#5487=CARTESIAN_POINT('Ctrl Pts',(2.76243975632771,14.5590505694,-5.39546806261678));
#5488=CARTESIAN_POINT('Ctrl Pts',(-0.120253754030023,14.62133539858,-6.06033728904066));
#5489=CARTESIAN_POINT('Ctrl Pts',(-2.97430284284423,14.68362022776,-5.2816353169049));
#5490=CARTESIAN_POINT('Ctrl Pts',(-5.11987355588321,14.74590505694,-3.2448488091964));
#5491=CARTESIAN_POINT('Ctrl Pts',(-6.0458913540555,14.80818988612,-0.435139927279302));
#5492=CARTESIAN_POINT('Ctrl Pts',(-5.53177897294993,14.8704747153,2.4782192026911));
#5493=CARTESIAN_POINT('Ctrl Pts',(-3.69999788401919,14.93275954448,4.80126698729561));
#5494=CARTESIAN_POINT('Ctrl Pts',(-0.986877998343424,14.99504437366,5.98065387963546));
#5495=CARTESIAN_POINT('Ctrl Pts',(1.96131604216807,15.05732920284,5.7354501506174));
#5496=CARTESIAN_POINT('Ctrl Pts',(4.44232496781317,15.11961403202,4.1240632700142));
#5497=CARTESIAN_POINT('Ctrl Pts',(5.86517293209312,15.1818988612001,1.53032531316578));
#5498=CARTESIAN_POINT('Ctrl Pts',(5.89093779565424,15.24418369038,-1.42793587727857));
#5499=CARTESIAN_POINT('Ctrl Pts',(4.51348241860807,15.3064685195601,-4.04606294538132));
#5500=CARTESIAN_POINT('Ctrl Pts',(2.06091631997572,15.3687533487401,-5.70041871570022));
#5501=CARTESIAN_POINT('Ctrl Pts',(-0.882559534099022,15.4310381779201,-5.99693555840768));
#5502=CARTESIAN_POINT('Ctrl Pts',(-3.61581012064851,15.4933230071001,-4.86498401551205));
#5503=CARTESIAN_POINT('Ctrl Pts',(-5.4877749232175,15.5556078362801,-2.5741931291983));
#5504=CARTESIAN_POINT('Ctrl Pts',(-6.05255376962515,15.6178926654601,0.329767928819204));
#5505=CARTESIAN_POINT('Ctrl Pts',(-5.175613453522,15.6801774946401,3.15518263556913));
#5506=CARTESIAN_POINT('Ctrl Pts',(-3.06584699767637,15.7424623238201,5.22902478872046));
#5507=CARTESIAN_POINT('Ctrl Pts',(-0.225788320537409,15.8047471530001,6.05733157685571));
#5508=CARTESIAN_POINT('Ctrl Pts',(2.66803694387891,15.8670319821801,5.44274829555508));
#5509=CARTESIAN_POINT('Ctrl Pts',(4.92636872497771,15.9293168113602,3.53177331786422));
#5510=CARTESIAN_POINT('Ctrl Pts',(6.01117533373123,15.9916016405401,0.779390153853179));
#5511=CARTESIAN_POINT('Ctrl Pts',(5.66425188003105,16.0538864697202,-2.15836017335245));
#5512=CARTESIAN_POINT('Ctrl Pts',(3.96783959936154,16.1161712989002,-4.58257582012186));
#5513=CARTESIAN_POINT('Ctrl Pts',(2.20717094817033,16.1576945183535,-5.46996981251958));
#5514=CARTESIAN_POINT('Ctrl Pts',(1.2738027993522,16.1784561280802,-5.67931325042584));
#5515=CARTESIAN_POINT('Ctrl Pts',(4.31592605120994,11.8646316157595,4.10491071894229));
#5516=CARTESIAN_POINT('Ctrl Pts',(4.99054862437327,11.8853932254861,3.39560877850932));
#5517=CARTESIAN_POINT('Ctrl Pts',(5.98280413782774,11.9269164449395,1.63876767468676));
#5518=CARTESIAN_POINT('Ctrl Pts',(6.04566494840547,11.9892012741195,-1.38848328235683));
#5519=CARTESIAN_POINT('Ctrl Pts',(4.66855777853702,12.0514861032995,-4.08434827028672));
#5520=CARTESIAN_POINT('Ctrl Pts',(2.17935091452592,12.1137709324795,-5.80763774021541));
#5521=CARTESIAN_POINT('Ctrl Pts',(-0.8289523237547,12.1760557616595,-6.14739251414191));
#5522=CARTESIAN_POINT('Ctrl Pts',(-3.63981150750539,12.2383405908395,-5.02291746428886));
#5523=CARTESIAN_POINT('Ctrl Pts',(-5.58366218458987,12.3006254200195,-2.70194560913776));
#5524=CARTESIAN_POINT('Ctrl Pts',(-6.19748861829805,12.3629102491995,0.262609843369099));
#5525=CARTESIAN_POINT('Ctrl Pts',(-5.33507292061219,12.4251950783795,3.1646213144748));
#5526=CARTESIAN_POINT('Ctrl Pts',(-3.20184461347588,12.4874799075596,5.31281578612801));
#5527=CARTESIAN_POINT('Ctrl Pts',(-0.305937148353481,12.5497647367395,6.19550093139466));
#5528=CARTESIAN_POINT('Ctrl Pts',(2.6628443007747,12.6120495659196,5.60241773275241));
#5529=CARTESIAN_POINT('Ctrl Pts',(4.99733683317159,12.6743343950996,3.67484028101903));
#5530=CARTESIAN_POINT('Ctrl Pts',(6.14146462862779,12.7366192242796,0.87191627219358));
#5531=CARTESIAN_POINT('Ctrl Pts',(5.82269673173138,12.7989040534596,-2.13869788079561));
#5532=CARTESIAN_POINT('Ctrl Pts',(4.11696356071875,12.8611888826396,-4.63987467560532));
#5533=CARTESIAN_POINT('Ctrl Pts',(1.43057045226642,12.9234737118196,-6.03583416179148));
#5534=CARTESIAN_POINT('Ctrl Pts',(-1.59658427078738,12.9857585409996,-5.99405910798384));
#5535=CARTESIAN_POINT('Ctrl Pts',(-4.24343292043425,13.0480433701796,-4.52450029682174));
#5536=CARTESIAN_POINT('Ctrl Pts',(-5.87949664999562,13.1103281993596,-1.9772063733758));
#5537=CARTESIAN_POINT('Ctrl Pts',(-6.11506538679675,13.1726130285396,1.04105773730796));
#5538=CARTESIAN_POINT('Ctrl Pts',(-4.89402670271962,13.2348978577196,3.81134209031875));
#5539=CARTESIAN_POINT('Ctrl Pts',(-2.50723178160402,13.2971826868996,5.6737654772796));
#5540=CARTESIAN_POINT('Ctrl Pts',(0.476785276662533,13.3594675160797,6.18469899806905));
#5541=CARTESIAN_POINT('Ctrl Pts',(3.34723217203231,13.4217523452597,5.22243838487959));
#5542=CARTESIAN_POINT('Ctrl Pts',(5.42036899572766,13.4840371744397,3.01619393396006));
#5543=CARTESIAN_POINT('Ctrl Pts',(6.20237494761841,13.5463220036197,0.0914926572442142));
#5544=CARTESIAN_POINT('Ctrl Pts',(5.50697635754207,13.6086068327997,-2.85500215317718));
#5545=CARTESIAN_POINT('Ctrl Pts',(3.49981703841803,13.6708916619797,-5.12143598952045));
#5546=CARTESIAN_POINT('Ctrl Pts',(0.65900196125363,13.7331764911597,-6.16794473971966));
#5547=CARTESIAN_POINT('Ctrl Pts',(-2.33878725870931,13.7954613203397,-5.7452502169759));
#5548=CARTESIAN_POINT('Ctrl Pts',(-4.77947779504115,13.8577461495197,-3.95403817683583));
#5549=CARTESIAN_POINT('Ctrl Pts',(-6.0816976226127,13.9200309786997,-1.22097498920844));
#5550=CARTESIAN_POINT('Ctrl Pts',(-5.93525822426107,13.9823158078797,1.80292421041673));
#5551=CARTESIAN_POINT('Ctrl Pts',(-4.37504143703654,14.0446006370597,4.3973672033819));
#5552=CARTESIAN_POINT('Ctrl Pts',(-1.77269060520011,14.1068854662398,5.94435815840549));
#5553=CARTESIAN_POINT('Ctrl Pts',(1.2519147942394,14.1691702954197,6.07540412195988));
#5554=CARTESIAN_POINT('Ctrl Pts',(3.97831432596221,14.2314551245998,4.7592899702598));
#5555=CARTESIAN_POINT('Ctrl Pts',(5.75708013605695,14.2937399537798,2.30951384585045));
#5556=CARTESIAN_POINT('Ctrl Pts',(6.16451054426369,14.3560247829598,-0.690388040767942));
#5557=CARTESIAN_POINT('Ctrl Pts',(5.10355570423541,14.4183096121398,-3.52583962637844));
#5558=CARTESIAN_POINT('Ctrl Pts',(2.82693485864652,14.4805944413198,-5.52143687839246));
#5559=CARTESIAN_POINT('Ctrl Pts',(-0.12306133676649,14.5428792704998,-6.20182890805166));
#5560=CARTESIAN_POINT('Ctrl Pts',(-3.04374434495733,14.6051640996798,-5.40494646220466));
#5561=CARTESIAN_POINT('Ctrl Pts',(-5.23940802467647,14.6674489288598,-3.32060678924965));
#5562=CARTESIAN_POINT('Ctrl Pts',(-6.18704570161909,14.7297337580398,-0.445299205529109));
#5563=CARTESIAN_POINT('Ctrl Pts',(-5.66093026033934,14.7920185872198,2.53607856439477));
#5564=CARTESIAN_POINT('Ctrl Pts',(-3.78638229894174,14.8543034163999,4.91336289993813));
#5565=CARTESIAN_POINT('Ctrl Pts',(-1.00991878948956,14.9165882455798,6.12028511793373));
#5566=CARTESIAN_POINT('Ctrl Pts',(2.00710718694485,14.9788730747599,5.86935658005577));
#5567=CARTESIAN_POINT('Ctrl Pts',(4.54604060638093,15.0411579039399,4.22034840418211));
#5568=CARTESIAN_POINT('Ctrl Pts',(6.00210801909594,15.1034427331199,1.56605405165776));
#5569=CARTESIAN_POINT('Ctrl Pts',(6.02847441885629,15.1657275622999,-1.46127411399443));
#5570=CARTESIAN_POINT('Ctrl Pts',(4.61885938103248,15.2280123914799,-4.1405269940734));
#5571=CARTESIAN_POINT('Ctrl Pts',(2.10903284762954,15.2902972206599,-5.83350726088458));
#5572=CARTESIAN_POINT('Ctrl Pts',(-0.903164786149775,15.3525820498399,-6.13694692754355));
#5573=CARTESIAN_POINT('Ctrl Pts',(-3.70022899101931,15.4148668790199,-4.97856753933046));
#5574=CARTESIAN_POINT('Ctrl Pts',(-5.6158988413463,15.4771517081999,-2.6342932088021));
#5575=CARTESIAN_POINT('Ctrl Pts',(-6.1938636656212,15.5394365373799,0.337467070949614));
#5576=CARTESIAN_POINT('Ctrl Pts',(-5.29644929020689,15.6017213665599,3.22884716579079));
#5577=CARTESIAN_POINT('Ctrl Pts',(-3.13742579513467,15.6640061957399,5.35110762799454));
#5578=CARTESIAN_POINT('Ctrl Pts',(-0.231059834894272,15.72629102492,6.19875302104587));
#5579=CARTESIAN_POINT('Ctrl Pts',(2.73032800933713,15.7885758541,5.56982097014038));
#5580=CARTESIAN_POINT('Ctrl Pts',(5.04138540697043,15.85086068328,3.61423016818311));
#5581=CARTESIAN_POINT('Ctrl Pts',(6.15151916107341,15.91314551246,0.797586694647919));
#5582=CARTESIAN_POINT('Ctrl Pts',(5.79649603258687,15.97543034164,-2.20875173751319));
#5583=CARTESIAN_POINT('Ctrl Pts',(4.06047735566345,16.03771517082,-4.68956591672954));
#5584=CARTESIAN_POINT('Ctrl Pts',(2.25870210493538,16.0792383902733,-5.59767803201327));
#5585=CARTESIAN_POINT('Ctrl Pts',(1.30354246758932,16.1,-5.81190904309343));
#5586=CARTESIAN_POINT('Ctrl Pts',(1.30354246758932,16.1,-5.81190904309343));
#5587=CARTESIAN_POINT('Ctrl Pts',(1.46444891790379,16.1,-5.76955969108825));
#5588=CARTESIAN_POINT('Ctrl Pts',(1.62319826036376,16.1,-5.72043159682556));
#5589=CARTESIAN_POINT('Ctrl Pts',(1.77943118967038,16.1,-5.66480856939414));
#5590=CARTESIAN_POINT('Ctrl Pts',(1.93740491911248,16.1,-5.60856577137966));
#5591=CARTESIAN_POINT('Ctrl Pts',(2.09280650729233,16.1,-5.54568219007257));
#5592=CARTESIAN_POINT('Ctrl Pts',(2.24524959624598,16.1,-5.47640009487554));
#5593=CARTESIAN_POINT('Ctrl Pts',(2.39750403308583,16.1,-5.40720373799434));
#5594=CARTESIAN_POINT('Ctrl Pts',(2.54680792182769,16.1,-5.3316242988111));
#5595=CARTESIAN_POINT('Ctrl Pts',(2.69275185095654,16.1,-5.24985786051714));
#5596=CARTESIAN_POINT('Ctrl Pts',(2.83724769501643,16.1,-5.16890272529787));
#5597=CARTESIAN_POINT('Ctrl Pts',(2.97845048921928,16.1,-5.08188233690893));
#5598=CARTESIAN_POINT('Ctrl Pts',(3.11593003056143,16.1,-4.98894875022124));
#5599=CARTESIAN_POINT('Ctrl Pts',(3.17888620895021,16.1,-4.94639155658572));
#5600=CARTESIAN_POINT('Ctrl Pts',(3.24106110927642,16.1,-4.90259386630955));
#5601=CARTESIAN_POINT('Ctrl Pts',(3.30241058986395,16.1,-4.85756792508686));
#5602=CARTESIAN_POINT('Ctrl Pts',(3.32002661337689,16.1,-4.84463907822988));
#5603=CARTESIAN_POINT('Ctrl Pts',(3.33757456823158,16.1,-4.83160895257352));
#5604=CARTESIAN_POINT('Ctrl Pts',(3.35505337902326,16.1,-4.81847781729234));
#5605=CARTESIAN_POINT('Ctrl Pts',(3.37351639821938,16.1,-4.80460728538643));
#5606=CARTESIAN_POINT('Ctrl Pts',(3.39189600797398,16.1,-4.79062871122685));
#5607=CARTESIAN_POINT('Ctrl Pts',(3.41018482818052,16.1,-4.77654756365913));
#5608=CARTESIAN_POINT('Ctrl Pts',(3.54195510829818,16.1,-4.67509341088041));
#5609=CARTESIAN_POINT('Ctrl Pts',(3.66911858038006,16.1,-4.5682401698289));
#5610=CARTESIAN_POINT('Ctrl Pts',(3.79129778082932,16.1,-4.45620904285183));
#5611=CARTESIAN_POINT('Ctrl Pts',(3.80383268846684,16.1,-4.44471527121131));
#5612=CARTESIAN_POINT('Ctrl Pts',(3.81631510730251,16.1,-4.43316696223943));
#5613=CARTESIAN_POINT('Ctrl Pts',(3.82874461096873,16.1,-4.4215643299998));
#5614=CARTESIAN_POINT('Ctrl Pts',(3.94975770968655,16.1,-4.30860161497064));
#5615=CARTESIAN_POINT('Ctrl Pts',(4.06575819162879,16.1,-4.19049267337109));
#5616=CARTESIAN_POINT('Ctrl Pts',(4.17652133691026,16.1,-4.06764212855228));
#5617=CARTESIAN_POINT('Ctrl Pts',(4.28761910051749,16.1,-3.9444204490612));
#5618=CARTESIAN_POINT('Ctrl Pts',(4.39344824781319,16.1,-3.81642782881446));
#5619=CARTESIAN_POINT('Ctrl Pts',(4.49373992981131,16.1,-3.68404159879412));
#5620=CARTESIAN_POINT('Ctrl Pts',(4.58750005128169,16.1,-3.56027710745829));
#5621=CARTESIAN_POINT('Ctrl Pts',(4.67642036188854,16.1,-3.43267193167263));
#5622=CARTESIAN_POINT('Ctrl Pts',(4.7602432532964,16.1,-3.30151750471608));
#5623=CARTESIAN_POINT('Ctrl Pts',(4.78266126168827,16.1,-3.26644091651015));
#5624=CARTESIAN_POINT('Ctrl Pts',(4.80471445111559,16.1,-3.23111039401139));
#5625=CARTESIAN_POINT('Ctrl Pts',(4.82639740677158,16.1,-3.19553138237953));
#5626=CARTESIAN_POINT('Ctrl Pts',(4.83778305138868,16.1,-3.17684896709007));
#5627=CARTESIAN_POINT('Ctrl Pts',(4.84906660925646,16.1,-3.15809803607407));
#5628=CARTESIAN_POINT('Ctrl Pts',(4.86024727258501,16.1,-3.13927937341934));
#5629=CARTESIAN_POINT('Ctrl Pts',(4.87176006669518,16.1,-3.11990168694349));
#5630=CARTESIAN_POINT('Ctrl Pts',(4.88315948903179,16.1,-3.1004593276787));
#5631=CARTESIAN_POINT('Ctrl Pts',(4.89444164536346,16.1,-3.08095905428001));
#5632=CARTESIAN_POINT('Ctrl Pts',(4.97689210217145,16.1,-2.93845026408637));
#5633=CARTESIAN_POINT('Ctrl Pts',(5.05314051553987,16.1,-2.79275452555464));
#5634=CARTESIAN_POINT('Ctrl Pts',(5.12296915108765,16.1,-2.64426293041216));
#5635=CARTESIAN_POINT('Ctrl Pts',(5.19254939800698,16.1,-2.49629953725107));
#5636=CARTESIAN_POINT('Ctrl Pts',(5.25575579333485,16.1,-2.34555947778256));
#5637=CARTESIAN_POINT('Ctrl Pts',(5.31232719149548,16.1,-2.19240617900919));
#5638=CARTESIAN_POINT('Ctrl Pts',(5.33046923683284,16.1,-2.14329100455259));
#5639=CARTESIAN_POINT('Ctrl Pts',(5.34792853945468,16.1,-2.09392750283641));
#5640=CARTESIAN_POINT('Ctrl Pts',(5.36469539764421,16.1,-2.04432731622319));
#5641=CARTESIAN_POINT('Ctrl Pts',(5.4172264309104,16.1,-1.88892855137794));
#5642=CARTESIAN_POINT('Ctrl Pts',(5.46296439638139,16.1,-1.73120687874525));
#5643=CARTESIAN_POINT('Ctrl Pts',(5.50185487574487,16.1,-1.57161801361956));
#5644=CARTESIAN_POINT('Ctrl Pts',(5.5246572713589,16.1,-1.47804733776907));
#5645=CARTESIAN_POINT('Ctrl Pts',(5.54510469879597,16.1,-1.38383463457424));
#5646=CARTESIAN_POINT('Ctrl Pts',(5.56317784318412,16.1,-1.2890717504666));
#5647=CARTESIAN_POINT('Ctrl Pts',(5.57421126953718,16.1,-1.23122020674237));
#5648=CARTESIAN_POINT('Ctrl Pts',(5.58435969229757,16.1,-1.17316361998312));
#5649=CARTESIAN_POINT('Ctrl Pts',(5.59361757569185,16.1,-1.11492304701073));
#5650=CARTESIAN_POINT('Ctrl Pts',(5.59719505385742,16.1,-1.092417429983));
#5651=CARTESIAN_POINT('Ctrl Pts',(5.60063954363455,16.1,-1.06988434111707));
#5652=CARTESIAN_POINT('Ctrl Pts',(5.60395069077861,16.1,-1.047325003027));
#5653=CARTESIAN_POINT('Ctrl Pts',(5.60721469988438,16.1,-1.02508682340445));
#5654=CARTESIAN_POINT('Ctrl Pts',(5.61034800859422,16.1,-1.00283063365668));
#5655=CARTESIAN_POINT('Ctrl Pts',(5.61334969341267,16.1,-0.9805644010238));
#5656=CARTESIAN_POINT('Ctrl Pts',(5.63511751840187,16.1,-0.819092599540005));
#5657=CARTESIAN_POINT('Ctrl Pts',(5.64998402091223,16.1,-0.656981670867189));
#5658=CARTESIAN_POINT('Ctrl Pts',(5.6579480310462,16.1,-0.494683247019898));
#5659=CARTESIAN_POINT('Ctrl Pts',(5.66590308751333,16.1,-0.3325672897932));
#5660=CARTESIAN_POINT('Ctrl Pts',(5.66697116933419,16.1,-0.170263498428056));
#5661=CARTESIAN_POINT('Ctrl Pts',(5.66109932481149,16.1,-0.00821927008572594));
#5662=CARTESIAN_POINT('Ctrl Pts',(5.65531144118771,16.1,0.151507904556582));
#5663=CARTESIAN_POINT('Ctrl Pts',(5.64278058760478,16.1,0.310983579898601));
#5664=CARTESIAN_POINT('Ctrl Pts',(5.62340651382743,16.1,0.469771146699114));
#5665=CARTESIAN_POINT('Ctrl Pts',(5.61302559001129,16.1,0.554851943481927));
#5666=CARTESIAN_POINT('Ctrl Pts',(5.60067915052899,16.1,0.639734984351498));
#5667=CARTESIAN_POINT('Ctrl Pts',(5.58634591324222,16.1,0.724351081642686));
#5668=CARTESIAN_POINT('Ctrl Pts',(5.57808564147908,16.1,0.773115498583359));
#5669=CARTESIAN_POINT('Ctrl Pts',(5.56916542526131,16.1,0.821791225715842));
#5670=CARTESIAN_POINT('Ctrl Pts',(5.55958896535913,16.1,0.870365785061362));
#5671=CARTESIAN_POINT('Ctrl Pts',(5.55547811376652,16.1,0.891217206848308));
#5672=CARTESIAN_POINT('Ctrl Pts',(5.5512457846803,16.1,0.912052582160241));
#5673=CARTESIAN_POINT('Ctrl Pts',(5.54689407346503,16.1,0.932862237399923));
#5674=CARTESIAN_POINT('Ctrl Pts',(5.5137855881103,16.1,1.09118528129173));
#5675=CARTESIAN_POINT('Ctrl Pts',(5.47382468202959,16.1,1.24777447717681));
#5676=CARTESIAN_POINT('Ctrl Pts',(5.42725440259329,16.1,1.40222866012997));
#5677=CARTESIAN_POINT('Ctrl Pts',(5.3807814877924,16.1,1.55635992521803));
#5678=CARTESIAN_POINT('Ctrl Pts',(5.32772643203697,16.1,1.70836578934392));
#5679=CARTESIAN_POINT('Ctrl Pts',(5.26827961346762,16.1,1.85783320118361));
#5680=CARTESIAN_POINT('Ctrl Pts',(5.20864597582821,16.1,2.00777033307822));
#5681=CARTESIAN_POINT('Ctrl Pts',(5.14258002102774,16.1,2.15515374694662));
#5682=CARTESIAN_POINT('Ctrl Pts',(5.07022753566144,16.1,2.29954139480942));
#5683=CARTESIAN_POINT('Ctrl Pts',(4.99787505029513,16.1,2.44392904267221));
#5684=CARTESIAN_POINT('Ctrl Pts',(4.91923570492952,16.1,2.58532163430544));
#5685=CARTESIAN_POINT('Ctrl Pts',(4.83441385690525,16.1,2.72324140458902));
#5686=CARTESIAN_POINT('Ctrl Pts',(4.02052898032756,12.1,3.82395627527908));
#5687=CARTESIAN_POINT('Ctrl Pts',(4.13357989019899,12.1,3.71410662142804));
#5688=CARTESIAN_POINT('Ctrl Pts',(4.24161987299199,12.1,3.59958229942363));
#5689=CARTESIAN_POINT('Ctrl Pts',(4.3445068454772,12.1,3.48082312199879));
#5690=CARTESIAN_POINT('Ctrl Pts',(4.44902769619999,12.1,3.36017801061341));
#5691=CARTESIAN_POINT('Ctrl Pts',(4.54823103893447,12.1,3.23516199254425));
#5692=CARTESIAN_POINT('Ctrl Pts',(4.64193775983806,12.1,3.1061915212333));
#5693=CARTESIAN_POINT('Ctrl Pts',(4.73646769532718,12.1,2.97608804289719));
#5694=CARTESIAN_POINT('Ctrl Pts',(4.82540448134446,12.1,2.84195975882497));
#5695=CARTESIAN_POINT('Ctrl Pts',(4.90852673175364,12.1,2.70419716321441));
#5696=CARTESIAN_POINT('Ctrl Pts',(4.99123151649543,12.1,2.5671264539957));
#5697=CARTESIAN_POINT('Ctrl Pts',(5.06818041912353,12.1,2.42645720794375));
#5698=CARTESIAN_POINT('Ctrl Pts',(5.13911202908258,12.1,2.2825467331105));
#5699=CARTESIAN_POINT('Ctrl Pts',(5.17127707215762,12.1,2.21728828733951));
#5700=CARTESIAN_POINT('Ctrl Pts',(5.20220414521854,12.1,2.1513630294953));
#5701=CARTESIAN_POINT('Ctrl Pts',(5.23186557141234,12.1,2.08480295137281));
#5702=CARTESIAN_POINT('Ctrl Pts',(5.24348654465495,12.1,2.05872555098641));
#5703=CARTESIAN_POINT('Ctrl Pts',(5.25491529333625,12.1,2.03254565195291));
#5704=CARTESIAN_POINT('Ctrl Pts',(5.26613774978073,12.1,2.00629455007477));
#5705=CARTESIAN_POINT('Ctrl Pts',(5.33020078863523,12.1,1.85644096250124));
#5706=CARTESIAN_POINT('Ctrl Pts',(5.38761545640305,12.1,1.70411765663154));
#5707=CARTESIAN_POINT('Ctrl Pts',(5.43819215379816,12.1,1.54974122181362));
#5708=CARTESIAN_POINT('Ctrl Pts',(5.44424337983417,12.1,1.53127092324076));
#5709=CARTESIAN_POINT('Ctrl Pts',(5.45019667369264,12.1,1.51277119632027));
#5710=CARTESIAN_POINT('Ctrl Pts',(5.45605167076494,12.1,1.4942427247326));
#5711=CARTESIAN_POINT('Ctrl Pts',(5.50454989550093,12.1,1.34076733132484));
#5712=CARTESIAN_POINT('Ctrl Pts',(5.54630773927558,12.1,1.18532165061278));
#5713=CARTESIAN_POINT('Ctrl Pts',(5.58137068370414,12.1,1.02836288341567));
#5714=CARTESIAN_POINT('Ctrl Pts',(5.616764365455,12.1,0.869923575344935));
#5715=CARTESIAN_POINT('Ctrl Pts',(5.64533640072667,12.1,0.709941791941554));
#5716=CARTESIAN_POINT('Ctrl Pts',(5.66708356497414,12.1,0.548870072806715));
#5717=CARTESIAN_POINT('Ctrl Pts',(5.68766170837046,12.1,0.396456779021426));
#5718=CARTESIAN_POINT('Ctrl Pts',(5.70212867408076,12.1,0.24306690513491));
#5719=CARTESIAN_POINT('Ctrl Pts',(5.71043932949648,12.1,0.0890782786701671));
#5720=CARTESIAN_POINT('Ctrl Pts',(5.71292962503822,12.1,0.042935445069097));
#5721=CARTESIAN_POINT('Ctrl Pts',(5.71486685654234,12.1,-0.00326115483545785));
#5722=CARTESIAN_POINT('Ctrl Pts',(5.71624907376076,12.1,-0.0495013286833015));
#5723=CARTESIAN_POINT('Ctrl Pts',(5.71718083974721,12.1,-0.0806722767978042));
#5724=CARTESIAN_POINT('Ctrl Pts',(5.71786039140817,12.1,-0.111869924962693));
#5725=CARTESIAN_POINT('Ctrl Pts',(5.7182868024307,12.1,-0.14305381226619));
#5726=CARTESIAN_POINT('Ctrl Pts',(5.72053321737078,12.1,-0.307336503443478));
#5727=CARTESIAN_POINT('Ctrl Pts',(5.71576566480581,12.1,-0.471386924015542));
#5728=CARTESIAN_POINT('Ctrl Pts',(5.70403127471205,12.1,-0.634740297049605));
#5729=CARTESIAN_POINT('Ctrl Pts',(5.69223269191785,12.1,-0.798987290805089));
#5730=CARTESIAN_POINT('Ctrl Pts',(5.67339094129295,12.1,-0.962530345805822));
#5731=CARTESIAN_POINT('Ctrl Pts',(5.64750260422813,12.1,-1.12490718439046));
#5732=CARTESIAN_POINT('Ctrl Pts',(5.63869060694191,12.1,-1.18017779746115));
#5733=CARTESIAN_POINT('Ctrl Pts',(5.62906173596935,12.1,-1.23531332547067));
#5734=CARTESIAN_POINT('Ctrl Pts',(5.61861447683533,12.1,-1.29029556211694));
#5735=CARTESIAN_POINT('Ctrl Pts',(5.58800308473608,12.1,-1.45139837223032));
#5736=CARTESIAN_POINT('Ctrl Pts',(5.55036930126839,12.1,-1.61118587909306));
#5737=CARTESIAN_POINT('Ctrl Pts',(5.50592596114183,12.1,-1.76926373608273));
#5738=CARTESIAN_POINT('Ctrl Pts',(5.47913810413041,12.1,-1.864543861691));
#5739=CARTESIAN_POINT('Ctrl Pts',(5.44987533978085,12.1,-1.95920272328795));
#5740=CARTESIAN_POINT('Ctrl Pts',(5.4181755249172,12.1,-2.05315140870735));
#5741=CARTESIAN_POINT('Ctrl Pts',(5.39926388595524,12.1,-2.10919979975457));
#5742=CARTESIAN_POINT('Ctrl Pts',(5.37948474402433,12.1,-2.16499538553171));
#5743=CARTESIAN_POINT('Ctrl Pts',(5.35884508033052,12.1,-2.22051880929451));
#5744=CARTESIAN_POINT('Ctrl Pts',(5.35056430987082,12.1,-2.24279517649397));
#5745=CARTESIAN_POINT('Ctrl Pts',(5.34214501528869,12.1,-2.26502773013531));
#5746=CARTESIAN_POINT('Ctrl Pts',(5.33358761279611,12.1,-2.2872152010412));
#5747=CARTESIAN_POINT('Ctrl Pts',(5.32555303044303,12.1,-2.30804711380384));
#5748=CARTESIAN_POINT('Ctrl Pts',(5.31739955207286,12.1,-2.32883182751369));
#5749=CARTESIAN_POINT('Ctrl Pts',(5.30912999858043,12.1,-2.34956295583857));
#5750=CARTESIAN_POINT('Ctrl Pts',(5.24760191446816,12.1,-2.5038090839377));
#5751=CARTESIAN_POINT('Ctrl Pts',(5.17961564574456,12.1,-2.655184925969));
#5752=CARTESIAN_POINT('Ctrl Pts',(5.10543836388731,12.1,-2.8033018623299));
#5753=CARTESIAN_POINT('Ctrl Pts',(5.03089545990149,12.1,-2.95214887167532));
#5754=CARTESIAN_POINT('Ctrl Pts',(4.95010009734595,12.1,-3.09770547260083));
#5755=CARTESIAN_POINT('Ctrl Pts',(4.86327207037447,12.1,-3.23956505161457));
#5756=CARTESIAN_POINT('Ctrl Pts',(4.7769943718585,12.1,-3.3805255043238));
#5757=CARTESIAN_POINT('Ctrl Pts',(4.68475990030739,12.1,-3.5178363181303));
#5758=CARTESIAN_POINT('Ctrl Pts',(4.58673836524286,12.1,-3.65107632564363));
#5759=CARTESIAN_POINT('Ctrl Pts',(4.53288583196857,12.1,-3.72427770872088));
#5760=CARTESIAN_POINT('Ctrl Pts',(4.47728578304223,12.1,-3.79624993198006));
#5761=CARTESIAN_POINT('Ctrl Pts',(4.41996095119199,12.1,-3.86691915470332));
#5762=CARTESIAN_POINT('Ctrl Pts',(4.38724497340705,12.1,-3.90725093843595));
#5763=CARTESIAN_POINT('Ctrl Pts',(4.35396714186143,12.1,-3.94715825950586));
#5764=CARTESIAN_POINT('Ctrl Pts',(4.32013795063501,12.1,-3.98663279153156));
#5765=CARTESIAN_POINT('Ctrl Pts',(4.30593480497817,12.1,-4.00320612680122));
#5766=CARTESIAN_POINT('Ctrl Pts',(4.29163265132251,12.1,-4.01970523208475));
#5767=CARTESIAN_POINT('Ctrl Pts',(4.27723833461284,12.1,-4.03612254747061));
#5768=CARTESIAN_POINT('Ctrl Pts',(4.16430007927011,12.1,-4.16493331316986));
#5769=CARTESIAN_POINT('Ctrl Pts',(4.04586408248253,12.1,-4.28851916480306));
#5770=CARTESIAN_POINT('Ctrl Pts',(3.92240587504213,12.1,-4.40666220254021));
#5771=CARTESIAN_POINT('Ctrl Pts',(3.80134020467006,12.1,-4.52251570762487));
#5772=CARTESIAN_POINT('Ctrl Pts',(3.67544433525005,12.1,-4.63313568385557));
#5773=CARTESIAN_POINT('Ctrl Pts',(3.54512064511419,12.1,-4.73828692858917));
#5774=CARTESIAN_POINT('Ctrl Pts',(3.41093370961851,12.1,-4.84655522025317));
#5775=CARTESIAN_POINT('Ctrl Pts',(3.27205210533787,12.1,-4.94902646322607));
#5776=CARTESIAN_POINT('Ctrl Pts',(3.12887438173603,12.1,-5.04540350746605));
#5777=CARTESIAN_POINT('Ctrl Pts',(2.98569665813419,12.1,-5.14178055170604));
#5778=CARTESIAN_POINT('Ctrl Pts',(2.83822214840774,12.1,-5.23206395913684));
#5779=CARTESIAN_POINT('Ctrl Pts',(2.68681804792298,12.1,-5.31590738509084));
#5780=CARTESIAN_POINT('Ctrl Pts',(-5.54894723882946,15.7679287642851,9.13561613857805E-5));
#5781=CARTESIAN_POINT('Ctrl Pts',(-5.5483074627548,15.7494592070035,-0.810979402215212));
#5782=CARTESIAN_POINT('Ctrl Pts',(-5.36825410291894,15.730989649722,-1.6223245019183));
#5783=CARTESIAN_POINT('Ctrl Pts',(-5.02383578422993,15.7125200924405,-2.35656986721327));
#5784=CARTESIAN_POINT('Ctrl Pts',(-4.63667551794224,15.6917584827138,-3.18193430261887));
#5785=CARTESIAN_POINT('Ctrl Pts',(-4.04182394892457,15.6709968729871,-3.90987563524705));
#5786=CARTESIAN_POINT('Ctrl Pts',(-3.3101276060975,15.6502352632605,-4.45369561027126));
#5787=CARTESIAN_POINT('Ctrl Pts',(-2.57843126327044,15.6294736535338,-4.99751558529548));
#5788=CARTESIAN_POINT('Ctrl Pts',(-1.70989014663398,15.6087120438071,-5.35721420271572));
#5789=CARTESIAN_POINT('Ctrl Pts',(-0.807947539204809,15.5879504340804,-5.4899516456251));
#5790=CARTESIAN_POINT('Ctrl Pts',(0.0939950682243609,15.5671888243538,-5.62268908853448));
#5791=CARTESIAN_POINT('Ctrl Pts',(1.02933916644624,15.5464272146271,-5.52846535693299));
#5792=CARTESIAN_POINT('Ctrl Pts',(1.88668542040571,15.5256656049004,-5.21850236157652));
#5793=CARTESIAN_POINT('Ctrl Pts',(2.74403167436516,15.5049039951738,-4.90853936622005));
#5794=CARTESIAN_POINT('Ctrl Pts',(3.5233800840622,15.4841423854471,-4.38283710710861));
#5795=CARTESIAN_POINT('Ctrl Pts',(4.1319102981592,15.4633807757204,-3.70400673686117));
#5796=CARTESIAN_POINT('Ctrl Pts',(4.74044051225621,15.4426191659938,-3.02517636661373));
#5797=CARTESIAN_POINT('Ctrl Pts',(5.17815253075317,15.4218575562671,-2.19321788523028));
#5798=CARTESIAN_POINT('Ctrl Pts',(5.39291490814121,15.4010959465404,-1.30721743786712));
#5799=CARTESIAN_POINT('Ctrl Pts',(5.60767728552924,15.3803343368137,-0.421216990503953));
#5800=CARTESIAN_POINT('Ctrl Pts',(5.59949002180835,15.3595727270871,0.518825422838934));
#5801=CARTESIAN_POINT('Ctrl Pts',(5.36932821204628,15.3388111173604,1.40095082375981));
#5802=CARTESIAN_POINT('Ctrl Pts',(5.1391664022842,15.3180495076337,2.28307622468068));
#5803=CARTESIAN_POINT('Ctrl Pts',(4.68703004648093,15.2972878979071,3.10728461317953));
#5804=CARTESIAN_POINT('Ctrl Pts',(4.06676854556877,15.2765262881804,3.77541285577267));
#5805=CARTESIAN_POINT('Ctrl Pts',(3.44650704465661,15.2557646784537,4.44354109836581));
#5806=CARTESIAN_POINT('Ctrl Pts',(2.65812039863556,15.2350030687271,4.95558919505323));
#5807=CARTESIAN_POINT('Ctrl Pts',(1.79550538084743,15.2142414590004,5.25057226194665));
#5808=CARTESIAN_POINT('Ctrl Pts',(0.932890363059291,15.1934798492737,5.54555532884007));
#5809=CARTESIAN_POINT('Ctrl Pts',(-0.00395302649593157,15.1727182395471,
5.62347336593949));
#5810=CARTESIAN_POINT('Ctrl Pts',(-0.903446827627364,15.1519566298204,5.47504634431781));
#5811=CARTESIAN_POINT('Ctrl Pts',(-1.8029406287588,15.1311950200937,5.32661932269613));
#5812=CARTESIAN_POINT('Ctrl Pts',(-2.66508484146644,15.110433410367,4.95184724235336));
#5813=CARTESIAN_POINT('Ctrl Pts',(-3.38719817181977,15.0896718006404,4.3953654217275));
#5814=CARTESIAN_POINT('Ctrl Pts',(-4.1093115021731,15.0689101909137,3.83888360110164));
#5815=CARTESIAN_POINT('Ctrl Pts',(-4.69139395017211,15.048148581187,3.10069204019269));
#5816=CARTESIAN_POINT('Ctrl Pts',(-5.06411955096449,15.0273869714604,2.26870928472765));
#5817=CARTESIAN_POINT('Ctrl Pts',(-5.38252872455601,15.0096509024019,1.55796942396451));
#5818=CARTESIAN_POINT('Ctrl Pts',(-5.54815319817107,14.9919148333435,0.778782508749202));
#5819=CARTESIAN_POINT('Ctrl Pts',(-5.54886273009685,14.9741787642851,-0.000112111572450821));
#5820=CARTESIAN_POINT('Ctrl Pts',(-2.6869338578504,12.1,-5.31581566022912));
#5821=CARTESIAN_POINT('Ctrl Pts',(-3.56056290479096,12.1207616097267,-4.87423084701064));
#5822=CARTESIAN_POINT('Ctrl Pts',(-5.08513620864621,12.16228482918,-3.55258824816406));
#5823=CARTESIAN_POINT('Ctrl Pts',(-6.16087265687731,12.22456965836,-0.722220008710372));
#5824=CARTESIAN_POINT('Ctrl Pts',(-5.76897343016366,12.28685448754,2.27953472170103));
#5825=CARTESIAN_POINT('Ctrl Pts',(-4.00296491223591,12.34913931672,4.73861770773328));
#5826=CARTESIAN_POINT('Ctrl Pts',(-1.28342137012938,12.4114241459,6.06880774613152));
#5827=CARTESIAN_POINT('Ctrl Pts',(1.74181818427789,12.4737089750801,5.95348611061104));
#5828=CARTESIAN_POINT('Ctrl Pts',(4.35216430458495,12.5359938042601,4.42000677429237));
#5829=CARTESIAN_POINT('Ctrl Pts',(5.92582205937596,12.5982786334401,1.8337017968623));
#5830=CARTESIAN_POINT('Ctrl Pts',(6.08795193537291,12.6605634626201,-1.18940013292687));
#5831=CARTESIAN_POINT('Ctrl Pts',(4.79993190431384,12.7228482918001,-3.92918242960899));
#5832=CARTESIAN_POINT('Ctrl Pts',(2.36856945020107,12.7851331209801,-5.73303657645465));
#5833=CARTESIAN_POINT('Ctrl Pts',(-0.626986024360877,12.8474179501601,-6.17128131587776));
#5834=CARTESIAN_POINT('Ctrl Pts',(-3.47319343449113,12.9097027793401,-5.13952859661288));
#5835=CARTESIAN_POINT('Ctrl Pts',(-5.49208687966545,12.9719876085201,-2.88354084375908));
#5836=CARTESIAN_POINT('Ctrl Pts',(-6.20276623889707,13.0342724377001,0.0593056485427294));
#5837=CARTESIAN_POINT('Ctrl Pts',(-5.43594786445636,13.0965572668801,2.98802561892617));
#5838=CARTESIAN_POINT('Ctrl Pts',(-3.37428772774215,13.1588420960601,5.20499841476433));
#5839=CARTESIAN_POINT('Ctrl Pts',(-0.508872894522736,13.2211269252402,6.18214158847838));
#5840=CARTESIAN_POINT('Ctrl Pts',(2.47775536783796,13.2834117544201,5.68669979361953));
#5841=CARTESIAN_POINT('Ctrl Pts',(4.87418276835138,13.3456965836002,3.83668718560717));
#5842=CARTESIAN_POINT('Ctrl Pts',(6.10958075375812,13.4079814127802,1.0727764118551));
#5843=CARTESIAN_POINT('Ctrl Pts',(5.88967775645469,13.4702662419602,-1.94666949963491));
#5844=CARTESIAN_POINT('Ctrl Pts',(4.26685462921231,13.5325510711402,-4.50241910425138));
#5845=CARTESIAN_POINT('Ctrl Pts',(1.62766753451189,13.5948359003202,-5.98569332769149));
#5846=CARTESIAN_POINT('Ctrl Pts',(-1.39922965969776,13.6571207295002,-6.04317653027631));
#5847=CARTESIAN_POINT('Ctrl Pts',(-4.09283061305338,13.7194055586802,-4.66117622379462));
#5848=CARTESIAN_POINT('Ctrl Pts',(-5.81152008680263,13.7816903878602,-2.16888462053066));
#5849=CARTESIAN_POINT('Ctrl Pts',(-6.14590657267198,13.8439752170402,0.840034890032505));
#5850=CARTESIAN_POINT('Ctrl Pts',(-5.0163392728304,13.9062600462202,3.64885824831918));
#5851=CARTESIAN_POINT('Ctrl Pts',(-2.69188090492226,13.9685448754003,5.58852426050003));
#5852=CARTESIAN_POINT('Ctrl Pts',(0.273782986507011,14.0308297045802,6.19700484853554));
#5853=CARTESIAN_POINT('Ctrl Pts',(3.17423182222046,14.0931145337603,5.32936005119569));
#5854=CARTESIAN_POINT('Ctrl Pts',(5.31857923694572,14.1553993629402,3.19226269545699));
#5855=CARTESIAN_POINT('Ctrl Pts',(6.19604208119224,14.2176841921203,0.294768968128159));
#5856=CARTESIAN_POINT('Ctrl Pts',(5.59760887106192,14.2799690213003,-2.6729386717778));
#5857=CARTESIAN_POINT('Ctrl Pts',(3.66582628426696,14.3422538504803,-5.00395282452334));
#5858=CARTESIAN_POINT('Ctrl Pts',(0.860844568401635,14.4045386796603,-6.1430263588501));
#5859=CARTESIAN_POINT('Ctrl Pts',(-2.14919016119207,14.4668235088403,-5.81883217385737));
#5860=CARTESIAN_POINT('Ctrl Pts',(-4.64728820000077,14.5291083380203,-4.10859326322296));
#5861=CARTESIAN_POINT('Ctrl Pts',(-6.03840306664044,14.5913931672003,-1.41968821269733));
#5862=CARTESIAN_POINT('Ctrl Pts',(-5.99117146241786,14.6536779963803,1.6073863021672));
#5863=CARTESIAN_POINT('Ctrl Pts',(-4.51684394654734,14.7159628255603,4.25158170319632));
#5864=CARTESIAN_POINT('Ctrl Pts',(-1.96660505505839,14.7782476547403,5.88305114494844));
#5865=CARTESIAN_POINT('Ctrl Pts',(1.05207878938671,14.8405324839203,6.11317891419816));
#5866=CARTESIAN_POINT('Ctrl Pts',(3.82015766476896,14.9028173131004,4.88714861994858));
#5867=CARTESIAN_POINT('Ctrl Pts',(5.67827570534581,14.9651021422804,2.49700044648885));
#5868=CARTESIAN_POINT('Ctrl Pts',(6.18382954460783,15.0273869714604,-0.487932761515003));
#5869=CARTESIAN_POINT('Ctrl Pts',(5.21639635329779,15.0896718006404,-3.35664047893089));
#5870=CARTESIAN_POINT('Ctrl Pts',(3.00641853531961,15.1519566298204,-5.42579706550925));
#5871=CARTESIAN_POINT('Ctrl Pts',(0.0803123891996088,15.2142414590004,-6.20252981959096));
#5872=CARTESIAN_POINT('Ctrl Pts',(-2.86492415202247,15.2765262881804,-5.50182113217512));
#5873=CARTESIAN_POINT('Ctrl Pts',(-5.1277363026257,15.3388111173604,-3.49057970761036));
#5874=CARTESIAN_POINT('Ctrl Pts',(-6.16912263026788,15.4010959465404,-0.647882818931826));
#5875=CARTESIAN_POINT('Ctrl Pts',(-5.74102511853095,15.4633807757204,2.34913956158779));
#5876=CARTESIAN_POINT('Ctrl Pts',(-3.94541649325695,15.5256656049004,4.78659748919104));
#5877=CARTESIAN_POINT('Ctrl Pts',(-1.21001043159341,15.5879504340804,6.08388850242021));
#5878=CARTESIAN_POINT('Ctrl Pts',(1.81361994213057,15.6502352632604,5.93199901659626));
#5879=CARTESIAN_POINT('Ctrl Pts',(4.40524627623264,15.7125200924405,4.36710729166759));
#5880=CARTESIAN_POINT('Ctrl Pts',(5.94754400300731,15.7748049216205,1.76197382951872));
#5881=CARTESIAN_POINT('Ctrl Pts',(6.07313742034635,15.8370897508005,-1.26286627668638));
#5882=CARTESIAN_POINT('Ctrl Pts',(4.75211155475511,15.8993745799805,-3.98688221421913));
#5883=CARTESIAN_POINT('Ctrl Pts',(2.2991317974748,15.9616594091605,-5.76124295913304));
#5884=CARTESIAN_POINT('Ctrl Pts',(-0.701497073018228,16.0239442383405,-6.16323776349393));
#5885=CARTESIAN_POINT('Ctrl Pts',(-3.53503679503824,16.0862290675205,-5.09722873004155));
#5886=CARTESIAN_POINT('Ctrl Pts',(-5.52651673991486,16.1485138967005,-2.81690356753932));
#5887=CARTESIAN_POINT('Ctrl Pts',(-6.20161055101337,16.2107987258805,0.134090300916271));
#5888=CARTESIAN_POINT('Ctrl Pts',(-5.3994268002125,16.2730835550605,3.0537982498235));
#5889=CARTESIAN_POINT('Ctrl Pts',(-4.00720595923848,16.3146067745139,4.51420368937502));
#5890=CARTESIAN_POINT('Ctrl Pts',(-3.17944329986427,16.3353683842405,5.03673008934847));
#5891=CARTESIAN_POINT('Ctrl Pts',(-2.625632808215,12.0215438719198,-5.19453798951601));
#5892=CARTESIAN_POINT('Ctrl Pts',(-3.47933044619552,12.0423054816465,-4.76302771254792));
#5893=CARTESIAN_POINT('Ctrl Pts',(-4.9691213740353,12.0838287010998,-3.47153772736372));
#5894=CARTESIAN_POINT('Ctrl Pts',(-6.02031543421508,12.1461135302798,-0.705742921091608));
#5895=CARTESIAN_POINT('Ctrl Pts',(-5.63735719199149,12.2083983594598,2.22752827922299));
#5896=CARTESIAN_POINT('Ctrl Pts',(-3.91163927351326,12.2706831886399,4.63050851909202));
#5897=CARTESIAN_POINT('Ctrl Pts',(-1.25414075464881,12.3329680178199,5.93035093827735));
#5898=CARTESIAN_POINT('Ctrl Pts',(1.70207947516963,12.3952528469999,5.81766030808751));
#5899=CARTESIAN_POINT('Ctrl Pts',(4.25287185669783,12.4575376761799,4.31916653445244));
#5900=CARTESIAN_POINT('Ctrl Pts',(5.79062739831984,12.5198225053599,1.79186680917269));
#5901=CARTESIAN_POINT('Ctrl Pts',(5.94905836243369,12.5821073345399,-1.16226456486223));
#5902=CARTESIAN_POINT('Ctrl Pts',(4.69042386300007,12.6443921637199,-3.83954010125757));
#5903=CARTESIAN_POINT('Ctrl Pts',(2.31453172500459,12.7066769928999,-5.6022402195931));
#5904=CARTESIAN_POINT('Ctrl Pts',(-0.612681652376524,12.7689618220799,-6.03048662487586));
#5905=CARTESIAN_POINT('Ctrl Pts',(-3.39395426658269,12.8312466512599,-5.0222728269247));
#5906=CARTESIAN_POINT('Ctrl Pts',(-5.36678766940443,12.8935314804399,-2.81775430425327));
#5907=CARTESIAN_POINT('Ctrl Pts',(-6.06125323515251,12.9558163096199,0.0579526198872739));
#5908=CARTESIAN_POINT('Ctrl Pts',(-5.31192943769797,13.0181011387999,2.91985531162871));
#5909=CARTESIAN_POINT('Ctrl Pts',(-3.2973050439749,13.08038596798,5.08624898397972));
#5910=CARTESIAN_POINT('Ctrl Pts',(-0.497263214413151,13.14267079716,6.04109912579881));
#5911=CARTESIAN_POINT('Ctrl Pts',(2.42122662063994,13.20495562634,5.55696058724057));
#5912=CARTESIAN_POINT('Ctrl Pts',(4.76298073077919,13.26724045552,3.74915508990142));
#5913=CARTESIAN_POINT('Ctrl Pts',(5.97019373016491,13.3295252847,1.04830155555051));
#5914=CARTESIAN_POINT('Ctrl Pts',(5.75530770955903,13.39181011388,-1.90225721041082));
#5915=CARTESIAN_POINT('Ctrl Pts',(4.16950847882303,13.45409494306,-4.39969866839746));
#5916=CARTESIAN_POINT('Ctrl Pts',(1.59053311528103,13.51637977224,-5.8491327336482));
#5917=CARTESIAN_POINT('Ctrl Pts',(-1.3673069361183,13.57866460142,-5.90530448576894));
#5918=CARTESIAN_POINT('Ctrl Pts',(-3.99945473339523,13.6409494306,-4.55483382380612));
#5919=CARTESIAN_POINT('Ctrl Pts',(-5.67893316797792,13.70323425978,-2.11940260466781));
#5920=CARTESIAN_POINT('Ctrl Pts',(-6.00569079372189,13.7655190889601,0.820869914929419));
#5921=CARTESIAN_POINT('Ctrl Pts',(-4.90189400583832,13.82780391814,3.56561137570294));
#5922=CARTESIAN_POINT('Ctrl Pts',(-2.63046699088671,13.8900887473201,5.46102487971677));
#5923=CARTESIAN_POINT('Ctrl Pts',(0.267536764853225,13.9523735765001,6.05562328802524));
#5924=CARTESIAN_POINT('Ctrl Pts',(3.10181331369646,14.0146584056801,5.20777337198931));
#5925=CARTESIAN_POINT('Ctrl Pts',(5.19723851661455,14.0769432348601,3.11943282159475));
#5926=CARTESIAN_POINT('Ctrl Pts',(6.05468248573647,14.1392280640401,0.288043961819052));
#5927=CARTESIAN_POINT('Ctrl Pts',(5.46990222944068,14.2015128932201,-2.61195691530014));
#5928=CARTESIAN_POINT('Ctrl Pts',(3.58219229441268,14.2637977224001,-4.88979014814296));
#5929=CARTESIAN_POINT('Ctrl Pts',(0.841204830913582,14.3260825515801,-6.00287629053518));
#5930=CARTESIAN_POINT('Ctrl Pts',(-2.10015746455081,14.3883673807601,-5.68607843343034));
#5931=CARTESIAN_POINT('Ctrl Pts',(-4.54126264831632,14.4506522099401,-4.01485776659933));
#5932=CARTESIAN_POINT('Ctrl Pts',(-5.9006399263141,14.5129370391201,-1.38729873748227));
#5933=CARTESIAN_POINT('Ctrl Pts',(-5.85448588747571,14.5752218683001,1.57071458909003));
#5934=CARTESIAN_POINT('Ctrl Pts',(-4.41379441514423,14.6375066974801,4.15458399696135));
#5935=CARTESIAN_POINT('Ctrl Pts',(-1.92173794612635,14.6997915266602,5.74883228087391));
#5936=CARTESIAN_POINT('Ctrl Pts',(1.02807613896787,14.7620763558402,5.97370980037744));
#5937=CARTESIAN_POINT('Ctrl Pts',(3.73300268179876,14.8243611850202,4.77565077296894));
#5938=CARTESIAN_POINT('Ctrl Pts',(5.54872869031979,14.8866460142002,2.44003263246448));
#5939=CARTESIAN_POINT('Ctrl Pts',(6.04274857205494,14.9489308433802,-0.476800820047601));
#5940=CARTESIAN_POINT('Ctrl Pts',(5.09738688425666,15.0112156725602,-3.28006040830283));
#5941=CARTESIAN_POINT('Ctrl Pts',(2.9378286028507,15.0735005017402,-5.30201022414262));
#5942=CARTESIAN_POINT('Ctrl Pts',(0.0784801022818337,15.1357853309202,-6.0610222096344));
#5943=CARTESIAN_POINT('Ctrl Pts',(-2.79956234301044,15.1980701601002,-5.37629983982059));
#5944=CARTESIAN_POINT('Ctrl Pts',(-5.01074956821613,15.2603549892802,-3.41094388059239));
#5945=CARTESIAN_POINT('Ctrl Pts',(-6.02837718859652,15.3226398184602,-0.633101697050014));
#5946=CARTESIAN_POINT('Ctrl Pts',(-5.61004650708472,15.3849246476403,2.29554511956437));
#5947=CARTESIAN_POINT('Ctrl Pts',(-3.85540379287773,15.4472094768202,4.67739366587686));
#5948=CARTESIAN_POINT('Ctrl Pts',(-1.18240464989182,15.5094943060003,5.94508763466777));
#5949=CARTESIAN_POINT('Ctrl Pts',(1.77224311189433,15.5717791351803,5.79666343135622));
#5950=CARTESIAN_POINT('Ctrl Pts',(4.30474278975995,15.6340639643603,4.26747392701761));
#5951=CARTESIAN_POINT('Ctrl Pts',(5.81185376669138,15.6963487935403,1.7217752794636));
#5952=CARTESIAN_POINT('Ctrl Pts',(5.93458183314441,15.7586336227203,-1.23405461536326));
#5953=CARTESIAN_POINT('Ctrl Pts',(4.64369451075538,15.8209184519003,-3.89592349419323));
#5954=CARTESIAN_POINT('Ctrl Pts',(2.24667825753241,15.8832032810803,-5.62980308778395));
#5955=CARTESIAN_POINT('Ctrl Pts',(-0.685492768793713,15.9454881102603,-6.02262658210931));
#5956=CARTESIAN_POINT('Ctrl Pts',(-3.45438670184654,16.0077729394403,-4.98093801061416));
#5957=CARTESIAN_POINT('Ctrl Pts',(-5.40043202964388,16.0700577686203,-2.75263732410078));
#5958=CARTESIAN_POINT('Ctrl Pts',(-6.0601239137088,16.1323425978003,0.13103109788897));
#5959=CARTESIAN_POINT('Ctrl Pts',(-5.27624158323537,16.1946274269804,2.98412737290855));
#5960=CARTESIAN_POINT('Ctrl Pts',(-3.91578356315351,16.2361506464337,4.41121439411636));
#5961=CARTESIAN_POINT('Ctrl Pts',(-3.10690589408911,16.2569122561604,4.92181961609467));
#5962=CARTESIAN_POINT('Ctrl Pts',(-2.56433175857961,11.9430877438396,-5.07326031880289));
#5963=CARTESIAN_POINT('Ctrl Pts',(-3.39809798760007,11.9638493535663,-4.65182457808521));
#5964=CARTESIAN_POINT('Ctrl Pts',(-4.8531065394244,12.0053725730197,-3.39048720656339));
#5965=CARTESIAN_POINT('Ctrl Pts',(-5.87975821155285,12.0676574021997,-0.689265833472842));
#5966=CARTESIAN_POINT('Ctrl Pts',(-5.50574095381931,12.1299422313797,2.17552183674495));
#5967=CARTESIAN_POINT('Ctrl Pts',(-3.8203136347906,12.1922270605597,4.52239933045078));
#5968=CARTESIAN_POINT('Ctrl Pts',(-1.22486013916825,12.2545118897397,5.79189413042317));
#5969=CARTESIAN_POINT('Ctrl Pts',(1.66234076606138,12.3167967189197,5.68183450556398));
#5970=CARTESIAN_POINT('Ctrl Pts',(4.15357940881071,12.3790815480997,4.2183262946125));
#5971=CARTESIAN_POINT('Ctrl Pts',(5.65543273726371,12.4413663772797,1.75003182148309));
#5972=CARTESIAN_POINT('Ctrl Pts',(5.81016478949448,12.5036512064597,-1.13512899679758));
#5973=CARTESIAN_POINT('Ctrl Pts',(4.5809158216863,12.5659360356397,-3.74989777290615));
#5974=CARTESIAN_POINT('Ctrl Pts',(2.2604939998081,12.6282208648197,-5.47144386273155));
#5975=CARTESIAN_POINT('Ctrl Pts',(-0.598377280392175,12.6905056939997,-5.88969193387396));
#5976=CARTESIAN_POINT('Ctrl Pts',(-3.31471509867425,12.7527905231797,-4.90501705723651));
#5977=CARTESIAN_POINT('Ctrl Pts',(-5.24148845914341,12.8150753523598,-2.75196776474747));
#5978=CARTESIAN_POINT('Ctrl Pts',(-5.91974023140794,12.8773601815398,0.0565995912318249));
#5979=CARTESIAN_POINT('Ctrl Pts',(-5.18791101093959,12.9396450107198,2.85168500433124));
#5980=CARTESIAN_POINT('Ctrl Pts',(-3.22032236020764,13.0019298398998,4.96749955319513));
#5981=CARTESIAN_POINT('Ctrl Pts',(-0.485653534303574,13.0642146690798,5.90005666311924));
#5982=CARTESIAN_POINT('Ctrl Pts',(2.36469787344194,13.1264994982598,5.42722138086162));
#5983=CARTESIAN_POINT('Ctrl Pts',(4.65177869320699,13.1887843274398,3.66162299419567));
#5984=CARTESIAN_POINT('Ctrl Pts',(5.83080670657171,13.2510691566198,1.02382669924594));
#5985=CARTESIAN_POINT('Ctrl Pts',(5.62093766266337,13.3133539857998,-1.85784492118675));
#5986=CARTESIAN_POINT('Ctrl Pts',(4.07216232843376,13.3756388149798,-4.29697823254353));
#5987=CARTESIAN_POINT('Ctrl Pts',(1.55339869605016,13.4379236441598,-5.71257213960493));
#5988=CARTESIAN_POINT('Ctrl Pts',(-1.33538421253884,13.5002084733398,-5.76743244126156));
#5989=CARTESIAN_POINT('Ctrl Pts',(-3.90607885373707,13.5624933025199,-4.44849142381763));
#5990=CARTESIAN_POINT('Ctrl Pts',(-5.54634624915322,13.6247781316999,-2.06992058880496));
#5991=CARTESIAN_POINT('Ctrl Pts',(-5.8654750147718,13.6870629608799,0.801704939826333));
#5992=CARTESIAN_POINT('Ctrl Pts',(-4.78744873884624,13.7493477900599,3.4823645030867));
#5993=CARTESIAN_POINT('Ctrl Pts',(-2.56905307685117,13.8116326192399,5.33352549893351));
#5994=CARTESIAN_POINT('Ctrl Pts',(0.261290543199441,13.8739174484199,5.91424172751494));
#5995=CARTESIAN_POINT('Ctrl Pts',(3.02939480517245,13.9362022775999,5.08618669278293));
#5996=CARTESIAN_POINT('Ctrl Pts',(5.07589779628338,13.9984871067799,3.04660294773251));
#5997=CARTESIAN_POINT('Ctrl Pts',(5.9133228902807,14.0607719359599,0.281318955509945));
#5998=CARTESIAN_POINT('Ctrl Pts',(5.34219558781943,14.1230567651399,-2.55097515882248));
#5999=CARTESIAN_POINT('Ctrl Pts',(3.49855830455841,14.1853415943199,-4.77562747176258));
#6000=CARTESIAN_POINT('Ctrl Pts',(0.821565093425527,14.2476264234999,-5.86272622222026));
#6001=CARTESIAN_POINT('Ctrl Pts',(-2.05112476790954,14.3099112526799,-5.55332469300332));
#6002=CARTESIAN_POINT('Ctrl Pts',(-4.43523709663187,14.37219608186,-3.92112226997569));
#6003=CARTESIAN_POINT('Ctrl Pts',(-5.76287678598777,14.43448091104,-1.35490926226721));
#6004=CARTESIAN_POINT('Ctrl Pts',(-5.71780031253355,14.49676574022,1.53404287601287));
#6005=CARTESIAN_POINT('Ctrl Pts',(-4.31074488374113,14.5590505694,4.05758629072639));
#6006=CARTESIAN_POINT('Ctrl Pts',(-1.87687083719431,14.62133539858,5.6146134167994));
#6007=CARTESIAN_POINT('Ctrl Pts',(1.00407348854903,14.68362022776,5.83424068655671));
#6008=CARTESIAN_POINT('Ctrl Pts',(3.64584769882854,14.74590505694,4.66415292598931));
#6009=CARTESIAN_POINT('Ctrl Pts',(5.41918167529379,14.80818988612,2.3830648184401));
#6010=CARTESIAN_POINT('Ctrl Pts',(5.90166759950205,14.8704747153,-0.465668878580202));
#6011=CARTESIAN_POINT('Ctrl Pts',(4.97837741521554,14.93275954448,-3.20348033767477));
#6012=CARTESIAN_POINT('Ctrl Pts',(2.86923867038179,14.99504437366,-5.17822338277599));
#6013=CARTESIAN_POINT('Ctrl Pts',(0.0766478153640611,15.05732920284,-5.91951459967786));
#6014=CARTESIAN_POINT('Ctrl Pts',(-2.73420053399842,15.11961403202,-5.25077854746606));
#6015=CARTESIAN_POINT('Ctrl Pts',(-4.89376283380654,15.1818988612001,-3.33130805357441));
#6016=CARTESIAN_POINT('Ctrl Pts',(-5.88763174692517,15.24418369038,-0.6183205751682));
#6017=CARTESIAN_POINT('Ctrl Pts',(-5.47906789563849,15.3064685195601,2.24195067754093));
#6018=CARTESIAN_POINT('Ctrl Pts',(-3.76539109249853,15.3687533487401,4.5681898425627));
#6019=CARTESIAN_POINT('Ctrl Pts',(-1.15479886819022,15.4310381779201,5.80628676691533));
#6020=CARTESIAN_POINT('Ctrl Pts',(1.73086628165809,15.4933230071001,5.66132784611617));
#6021=CARTESIAN_POINT('Ctrl Pts',(4.20423930328726,15.5556078362801,4.16784056236762));
#6022=CARTESIAN_POINT('Ctrl Pts',(5.67616353037543,15.6178926654601,1.68157672940849));
#6023=CARTESIAN_POINT('Ctrl Pts',(5.79602624594247,15.6801774946401,-1.20524295404014));
#6024=CARTESIAN_POINT('Ctrl Pts',(4.53527746675563,15.7424623238201,-3.80496477416734));
#6025=CARTESIAN_POINT('Ctrl Pts',(2.19422471759002,15.8047471530001,-5.49836321643486));
#6026=CARTESIAN_POINT('Ctrl Pts',(-0.669488464569206,15.8670319821801,-5.8820154007247));
#6027=CARTESIAN_POINT('Ctrl Pts',(-3.37373660865483,15.9293168113602,-4.86464729118677));
#6028=CARTESIAN_POINT('Ctrl Pts',(-5.2743473193729,15.9916016405402,-2.68837108066226));
#6029=CARTESIAN_POINT('Ctrl Pts',(-5.91863727640423,16.0538864697202,0.127971894861672));
#6030=CARTESIAN_POINT('Ctrl Pts',(-5.15305636625824,16.1161712989002,2.9144564959936));
#6031=CARTESIAN_POINT('Ctrl Pts',(-3.82436116706854,16.1576945183535,4.3082250988577));
#6032=CARTESIAN_POINT('Ctrl Pts',(-3.03436848831396,16.1784561280802,4.80690914284088));
#6033=CARTESIAN_POINT('Ctrl Pts',(-2.50303070894422,11.8646316157595,-4.95198264808977));
#6034=CARTESIAN_POINT('Ctrl Pts',(-3.31686552900463,11.8853932254861,-4.54062144362249));
#6035=CARTESIAN_POINT('Ctrl Pts',(-4.7370917048135,11.9269164449395,-3.30943668576306));
#6036=CARTESIAN_POINT('Ctrl Pts',(-5.73920098889062,11.9892012741195,-0.672788745854079));
#6037=CARTESIAN_POINT('Ctrl Pts',(-5.37412471564713,12.0514861032995,2.12351539426691));
#6038=CARTESIAN_POINT('Ctrl Pts',(-3.72898799606795,12.1137709324795,4.41429014180952));
#6039=CARTESIAN_POINT('Ctrl Pts',(-1.19557952368768,12.1760557616595,5.653437322569));
#6040=CARTESIAN_POINT('Ctrl Pts',(1.62260205695312,12.2383405908395,5.54600870304044));
#6041=CARTESIAN_POINT('Ctrl Pts',(4.05428696092359,12.3006254200195,4.11748605477258));
#6042=CARTESIAN_POINT('Ctrl Pts',(5.52023807620758,12.3629102491995,1.70819683379347));
#6043=CARTESIAN_POINT('Ctrl Pts',(5.67127121655527,12.4251950783795,-1.10799342873294));
#6044=CARTESIAN_POINT('Ctrl Pts',(4.47140778037253,12.4874799075596,-3.66025544455472));
#6045=CARTESIAN_POINT('Ctrl Pts',(2.20645627461162,12.5497647367395,-5.34064750587001));
#6046=CARTESIAN_POINT('Ctrl Pts',(-0.58407290840782,12.6120495659196,-5.74889724287205));
#6047=CARTESIAN_POINT('Ctrl Pts',(-3.23547593076583,12.6743343950996,-4.78776128754833));
#6048=CARTESIAN_POINT('Ctrl Pts',(-5.11618924888238,12.7366192242796,-2.68618122524166));
#6049=CARTESIAN_POINT('Ctrl Pts',(-5.77822722766339,12.7989040534596,0.0552465625763713));
#6050=CARTESIAN_POINT('Ctrl Pts',(-5.0638925841812,12.8611888826396,2.78351469703378));
#6051=CARTESIAN_POINT('Ctrl Pts',(-3.14333967644039,12.9234737118196,4.84875012241052));
#6052=CARTESIAN_POINT('Ctrl Pts',(-0.474043854193995,12.9857585409996,5.75901420043967));
#6053=CARTESIAN_POINT('Ctrl Pts',(2.30816912624393,13.0480433701796,5.29748217448266));
#6054=CARTESIAN_POINT('Ctrl Pts',(4.54057665563479,13.1103281993596,3.57409089848993));
#6055=CARTESIAN_POINT('Ctrl Pts',(5.69141968297851,13.1726130285396,0.999351842941348));
#6056=CARTESIAN_POINT('Ctrl Pts',(5.48656761576771,13.2348978577196,-1.81343263196266));
#6057=CARTESIAN_POINT('Ctrl Pts',(3.97481617804448,13.2971826868996,-4.19425779668961));
#6058=CARTESIAN_POINT('Ctrl Pts',(1.51626427681929,13.3594675160797,-5.57601154556165));
#6059=CARTESIAN_POINT('Ctrl Pts',(-1.30346148895938,13.4217523452596,-5.62956039675419));
#6060=CARTESIAN_POINT('Ctrl Pts',(-3.81270297407893,13.4840371744397,-4.34214902382915));
#6061=CARTESIAN_POINT('Ctrl Pts',(-5.41375933032851,13.5463220036197,-2.0204385729421));
#6062=CARTESIAN_POINT('Ctrl Pts',(-5.72525923582172,13.6086068327997,0.782539964723244));
#6063=CARTESIAN_POINT('Ctrl Pts',(-4.67300347185416,13.6708916619797,3.39911763047047));
#6064=CARTESIAN_POINT('Ctrl Pts',(-2.50763916281564,13.7331764911597,5.20602611815025));
#6065=CARTESIAN_POINT('Ctrl Pts',(0.255044321545657,13.7954613203397,5.77286016700464));
#6066=CARTESIAN_POINT('Ctrl Pts',(2.95697629664844,13.8577461495197,4.96460001357654));
#6067=CARTESIAN_POINT('Ctrl Pts',(4.95455707595221,13.9200309786997,2.97377307387027));
#6068=CARTESIAN_POINT('Ctrl Pts',(5.77196329482493,13.9823158078797,0.274593949200837));
#6069=CARTESIAN_POINT('Ctrl Pts',(5.21448894619819,14.0446006370597,-2.48999340234482));
#6070=CARTESIAN_POINT('Ctrl Pts',(3.41492431470413,14.1068854662398,-4.66146479538219));
#6071=CARTESIAN_POINT('Ctrl Pts',(0.801925355937472,14.1691702954198,-5.72257615390534));
#6072=CARTESIAN_POINT('Ctrl Pts',(-2.00209207126827,14.2314551245998,-5.4205709525763));
#6073=CARTESIAN_POINT('Ctrl Pts',(-4.32921154494742,14.2937399537798,-3.82738677335205));
#6074=CARTESIAN_POINT('Ctrl Pts',(-5.62511364566142,14.3560247829598,-1.32251978705216));
#6075=CARTESIAN_POINT('Ctrl Pts',(-5.5811147375914,14.4183096121398,1.49737116293571));
#6076=CARTESIAN_POINT('Ctrl Pts',(-4.20769535233802,14.4805944413198,3.96058858449141));
#6077=CARTESIAN_POINT('Ctrl Pts',(-1.83200372826228,14.5428792704998,5.48039455272489));
#6078=CARTESIAN_POINT('Ctrl Pts',(0.980070838130182,14.6051640996798,5.69477157273599));
#6079=CARTESIAN_POINT('Ctrl Pts',(3.55869271585834,14.6674489288598,4.55265507900967));
#6080=CARTESIAN_POINT('Ctrl Pts',(5.28963466026777,14.7297337580398,2.32609700441573));
#6081=CARTESIAN_POINT('Ctrl Pts',(5.76058662694917,14.7920185872198,-0.454536937112804));
#6082=CARTESIAN_POINT('Ctrl Pts',(4.85936794617442,14.8543034163998,-3.1269002670467));
#6083=CARTESIAN_POINT('Ctrl Pts',(2.80064873791287,14.9165882455798,-5.05443654140937));
#6084=CARTESIAN_POINT('Ctrl Pts',(0.0748155284462884,14.9788730747599,-5.77800698972129));
#6085=CARTESIAN_POINT('Ctrl Pts',(-2.66883872498639,15.0411579039399,-5.12525725511154));
#6086=CARTESIAN_POINT('Ctrl Pts',(-4.77677609939695,15.1034427331199,-3.25167222655643));
#6087=CARTESIAN_POINT('Ctrl Pts',(-5.74688630525381,15.1657275622999,-0.603539453286386));
#6088=CARTESIAN_POINT('Ctrl Pts',(-5.34808928419226,15.2280123914799,2.1883562355175));
#6089=CARTESIAN_POINT('Ctrl Pts',(-3.67537839211932,15.2902972206599,4.45898601924854));
#6090=CARTESIAN_POINT('Ctrl Pts',(-1.12719308648862,15.3525820498399,5.66748589916288));
#6091=CARTESIAN_POINT('Ctrl Pts',(1.68948945142185,15.4148668790199,5.52599226087613));
#6092=CARTESIAN_POINT('Ctrl Pts',(4.10373581681458,15.4771517081999,4.06820719771764));
#6093=CARTESIAN_POINT('Ctrl Pts',(5.54047329405949,15.5394365373799,1.64137817935337));
#6094=CARTESIAN_POINT('Ctrl Pts',(5.65747065874054,15.6017213665599,-1.17643129271702));
#6095=CARTESIAN_POINT('Ctrl Pts',(4.42686042275589,15.6640061957399,-3.71400605414144));
#6096=CARTESIAN_POINT('Ctrl Pts',(2.14177117764763,15.72629102492,-5.36692334508577));
#6097=CARTESIAN_POINT('Ctrl Pts',(-0.653484160344697,15.7885758541,-5.74140421934008));
#6098=CARTESIAN_POINT('Ctrl Pts',(-3.29308651546313,15.85086068328,-4.74835657175939));
#6099=CARTESIAN_POINT('Ctrl Pts',(-5.14826260910192,15.91314551246,-2.62410483722373));
#6100=CARTESIAN_POINT('Ctrl Pts',(-5.77715063909966,15.97543034164,0.124912691834371));
#6101=CARTESIAN_POINT('Ctrl Pts',(-5.02987114928111,16.03771517082,2.84478561907865));
#6102=CARTESIAN_POINT('Ctrl Pts',(-3.73293877098357,16.0792383902733,4.20523580359903));
#6103=CARTESIAN_POINT('Ctrl Pts',(-2.9618310825388,16.1,4.69199866958709));
#6104=CARTESIAN_POINT('Ctrl Pts',(-2.9618310825388,16.1,4.69199866958709));
#6105=CARTESIAN_POINT('Ctrl Pts',(-3.09833775281439,16.1,4.61317393623185));
#6106=CARTESIAN_POINT('Ctrl Pts',(-3.23113064175342,16.1,4.52858988236372));
#6107=CARTESIAN_POINT('Ctrl Pts',(-3.35996430428994,16.1,4.43863814647398));
#6108=CARTESIAN_POINT('Ctrl Pts',(-3.49084392656258,16.1,4.34725792034186));
#6109=CARTESIAN_POINT('Ctrl Pts',(-3.6176381424339,16.1,4.25033782103458));
#6110=CARTESIAN_POINT('Ctrl Pts',(-3.74007132295228,16.1,4.14823777221193));
#6111=CARTESIAN_POINT('Ctrl Pts',(-3.86358015846843,16.1,4.0452407081576));
#6112=CARTESIAN_POINT('Ctrl Pts',(-3.98265158986425,16.1,3.93697184177399));
#6113=CARTESIAN_POINT('Ctrl Pts',(-4.09697535842194,16.1,3.82375557785171));
#6114=CARTESIAN_POINT('Ctrl Pts',(-4.21072499612673,16.1,3.71110788292421));
#6115=CARTESIAN_POINT('Ctrl Pts',(-4.31977507628824,16.1,3.59356183442616));
#6116=CARTESIAN_POINT('Ctrl Pts',(-4.42378465951363,16.1,3.47139986124505));
#6117=CARTESIAN_POINT('Ctrl Pts',(-4.47094933885526,16.1,3.41600371298491));
#6118=CARTESIAN_POINT('Ctrl Pts',(-4.51707700767654,16.1,3.35965793180605));
#6119=CARTESIAN_POINT('Ctrl Pts',(-4.56213299867914,16.1,3.30238675919411));
#6120=CARTESIAN_POINT('Ctrl Pts',(-4.57978557938393,16.1,3.27994836700488));
#6121=CARTESIAN_POINT('Ctrl Pts',(-4.59727688092942,16.1,3.25736352627148));
#6122=CARTESIAN_POINT('Ctrl Pts',(-4.61458560049894,16.1,3.23465913621871));
#6123=CARTESIAN_POINT('Ctrl Pts',(-4.71339082404801,16.1,3.105053227145));
#6124=CARTESIAN_POINT('Ctrl Pts',(-4.80635478207448,16.1,2.97142490522459));
#6125=CARTESIAN_POINT('Ctrl Pts',(-4.89319164576192,16.1,2.834131658916));
#6126=CARTESIAN_POINT('Ctrl Pts',(-4.903581212686,16.1,2.81770525531071));
#6127=CARTESIAN_POINT('Ctrl Pts',(-4.91388303413527,16.1,2.80122634014066));
#6128=CARTESIAN_POINT('Ctrl Pts',(-4.92409658920102,16.1,2.78469548700795));
#6129=CARTESIAN_POINT('Ctrl Pts',(-5.00869769119819,16.1,2.64776682867327));
#6130=CARTESIAN_POINT('Ctrl Pts',(-5.08724602434006,16.1,2.50727745591511));
#6131=CARTESIAN_POINT('Ctrl Pts',(-5.15967373584825,16.1,2.36368178556349));
#6132=CARTESIAN_POINT('Ctrl Pts',(-5.23278461109755,16.1,2.21873167016147));
#6133=CARTESIAN_POINT('Ctrl Pts',(-5.299659175701,16.1,2.07061573045207));
#6134=CARTESIAN_POINT('Ctrl Pts',(-5.36018349466478,16.1,1.919771937551));
#6135=CARTESIAN_POINT('Ctrl Pts',(-5.4174542967639,16.1,1.77703683273658));
#6136=CARTESIAN_POINT('Ctrl Pts',(-5.46903907128008,16.1,1.63185853254639));
#6137=CARTESIAN_POINT('Ctrl Pts',(-5.51480154494228,16.1,1.48459230895901));
#6138=CARTESIAN_POINT('Ctrl Pts',(-5.52851439120952,16.1,1.44046359556566));
#6139=CARTESIAN_POINT('Ctrl Pts',(-5.54170416797635,16.1,1.39614733044581));
#6140=CARTESIAN_POINT('Ctrl Pts',(-5.55436648859213,16.1,1.35165291824391));
#6141=CARTESIAN_POINT('Ctrl Pts',(-5.56290209451981,16.1,1.3216594612732));
#6142=CARTESIAN_POINT('Ctrl Pts',(-5.5711997089495,16.1,1.29157836419782));
#6143=CARTESIAN_POINT('Ctrl Pts',(-5.57924852707902,16.1,1.26144862814519));
#6144=CARTESIAN_POINT('Ctrl Pts',(-5.62165195065899,16.1,1.1027167572502));
#6145=CARTESIAN_POINT('Ctrl Pts',(-5.65719803543366,16.1,0.942492684072906));
#6146=CARTESIAN_POINT('Ctrl Pts',(-5.68581867182204,16.1,0.781238574247329));
#6147=CARTESIAN_POINT('Ctrl Pts',(-5.71459586619707,16.1,0.619102386943447));
#6148=CARTESIAN_POINT('Ctrl Pts',(-5.73637192308432,16.1,0.455924155336295));
#6149=CARTESIAN_POINT('Ctrl Pts',(-5.75103033504214,16.1,0.292151244288346));
#6150=CARTESIAN_POINT('Ctrl Pts',(-5.75601984479296,16.1,0.236405332729499));
#6151=CARTESIAN_POINT('Ctrl Pts',(-5.76018426707249,16.1,0.180590377898233));
#6152=CARTESIAN_POINT('Ctrl Pts',(-5.76351767549599,16.1,0.124723661002083));
#6153=CARTESIAN_POINT('Ctrl Pts',(-5.77328483851692,16.1,-0.038970450863569));
#6154=CARTESIAN_POINT('Ctrl Pts',(-5.7759213115357,16.1,-0.203108770215329));
#6155=CARTESIAN_POINT('Ctrl Pts',(-5.77153689430332,16.1,-0.367256838584347));
#6156=CARTESIAN_POINT('Ctrl Pts',(-5.76889422253381,16.1,-0.466195749574402));
#6157=CARTESIAN_POINT('Ctrl Pts',(-5.76369985914248,16.1,-0.565138302413079));
#6158=CARTESIAN_POINT('Ctrl Pts',(-5.75596873833536,16.1,-0.663989021482548));
#6159=CARTESIAN_POINT('Ctrl Pts',(-5.75135646529479,16.1,-0.722961907559473));
#6160=CARTESIAN_POINT('Ctrl Pts',(-5.74584119480731,16.1,-0.781902096410539));
#6161=CARTESIAN_POINT('Ctrl Pts',(-5.73942495604751,16.1,-0.840789111004799));
#6162=CARTESIAN_POINT('Ctrl Pts',(-5.73685072077167,16.1,-0.864414950991813));
#6163=CARTESIAN_POINT('Ctrl Pts',(-5.73413145026157,16.1,-0.888032229459871));
#6164=CARTESIAN_POINT('Ctrl Pts',(-5.73126723729965,16.1,-0.911639613949768));
#6165=CARTESIAN_POINT('Ctrl Pts',(-5.7285780116973,16.1,-0.93380471955418));
#6166=CARTESIAN_POINT('Ctrl Pts',(-5.7257619521713,16.1,-0.955953175152099));
#6167=CARTESIAN_POINT('Ctrl Pts',(-5.72282023003734,16.1,-0.978078098042034));
#6168=CARTESIAN_POINT('Ctrl Pts',(-5.70093290867591,16.1,-1.14269435863231));
#6169=CARTESIAN_POINT('Ctrl Pts',(-5.67208118847454,16.1,-1.30610902431698));
#6170=CARTESIAN_POINT('Ctrl Pts',(-5.63642895422394,16.1,-1.46787988469498));
#6171=CARTESIAN_POINT('Ctrl Pts',(-5.60060098507236,16.1,-1.63044813650517));
#6172=CARTESIAN_POINT('Ctrl Pts',(-5.55790521176064,16.1,-1.79135708405113));
#6173=CARTESIAN_POINT('Ctrl Pts',(-5.50845517810288,16.1,-1.95015867119642));
#6174=CARTESIAN_POINT('Ctrl Pts',(-5.45931856264684,16.1,-2.10795376139536));
#6175=CARTESIAN_POINT('Ctrl Pts',(-5.40351286914117,16.1,-2.26366884926196));
#6176=CARTESIAN_POINT('Ctrl Pts',(-5.34109951775566,16.1,-2.41685403119496));
#6177=CARTESIAN_POINT('Ctrl Pts',(-5.30680992587493,16.1,-2.50101322556688));
#6178=CARTESIAN_POINT('Ctrl Pts',(-5.27052504660562,16.1,-2.58440856113833));
#6179=CARTESIAN_POINT('Ctrl Pts',(-5.23224884068805,16.1,-2.66696287819543));
#6180=CARTESIAN_POINT('Ctrl Pts',(-5.21040415409404,16.1,-2.71407761017745));
#6181=CARTESIAN_POINT('Ctrl Pts',(-5.18791078532371,16.1,-2.76091837207927));
#6182=CARTESIAN_POINT('Ctrl Pts',(-5.16477687024723,16.1,-2.80747452149284));
#6183=CARTESIAN_POINT('Ctrl Pts',(-5.15506412374291,16.1,-2.8270210649973));
#6184=CARTESIAN_POINT('Ctrl Pts',(-5.14523720756013,16.1,-2.84651988055393));
#6185=CARTESIAN_POINT('Ctrl Pts',(-5.13530090720348,16.1,-2.8659619623649));
#6186=CARTESIAN_POINT('Ctrl Pts',(-5.05734038483278,16.1,-3.01850514237671));
#6187=CARTESIAN_POINT('Ctrl Pts',(-4.97277013205769,16.1,-3.16732859694041));
#6188=CARTESIAN_POINT('Ctrl Pts',(-4.88199785006351,16.1,-3.31210462477933));
#6189=CARTESIAN_POINT('Ctrl Pts',(-4.79298467437055,16.1,-3.45407498973039));
#6190=CARTESIAN_POINT('Ctrl Pts',(-4.69800688057362,16.1,-3.59215382761166));
#6191=CARTESIAN_POINT('Ctrl Pts',(-4.59739700755183,16.1,-3.72601457261205));
#6192=CARTESIAN_POINT('Ctrl Pts',(-4.4938047087225,16.1,-3.86384341466408));
#6193=CARTESIAN_POINT('Ctrl Pts',(-4.38424121554315,16.1,-3.99720117940717));
#6194=CARTESIAN_POINT('Ctrl Pts',(-4.26902018644786,16.1,-4.12570217692432));
#6195=CARTESIAN_POINT('Ctrl Pts',(-4.15379915735257,16.1,-4.25420317444147));
#6196=CARTESIAN_POINT('Ctrl Pts',(-4.03292008342577,16.1,-4.37784811281934));
#6197=CARTESIAN_POINT('Ctrl Pts',(-3.90665417790541,16.1,-4.49621128219878));
#6198=CARTESIAN_POINT('Ctrl Pts',(-5.54868247660303,15.1789462357149,-0.00013379004630676));
#6199=CARTESIAN_POINT('Ctrl Pts',(-5.54796652804574,15.1953016209699,0.718194300611134));
#6200=CARTESIAN_POINT('Ctrl Pts',(-5.40774913604211,15.2116570062249,1.43679381667492));
#6201=CARTESIAN_POINT('Ctrl Pts',(-5.13577030569036,15.2280123914799,2.10147858467202));
#6202=CARTESIAN_POINT('Ctrl Pts',(-4.79051898683461,15.2487740012066,2.94523283009452));
#6203=CARTESIAN_POINT('Ctrl Pts',(-4.23294868947695,15.2695356109332,3.70210942467155));
#6204=CARTESIAN_POINT('Ctrl Pts',(-3.52946598985966,15.2902972206599,4.28196436861245));
#6205=CARTESIAN_POINT('Ctrl Pts',(-2.82598329024239,15.3110588303866,4.86181931255333));
#6206=CARTESIAN_POINT('Ctrl Pts',(-1.97658818836551,15.3318204401132,5.2646526058581));
#6207=CARTESIAN_POINT('Ctrl Pts',(-1.08244354777533,15.3525820498399,5.4424869794627));
#6208=CARTESIAN_POINT('Ctrl Pts',(-0.188298907185131,15.3733436595666,5.6203213530673));
#6209=CARTESIAN_POINT('Ctrl Pts',(0.750595272118358,15.3941052692932,5.57315680697171));
#6210=CARTESIAN_POINT('Ctrl Pts',(1.62241675600223,15.4148668790199,5.30661035673084));
#6211=CARTESIAN_POINT('Ctrl Pts',(2.49423823988609,15.4356284887466,5.04006390648996));
#6212=CARTESIAN_POINT('Ctrl Pts',(3.29898702835034,15.4563900984733,4.5541355521038));
#6213=CARTESIAN_POINT('Ctrl Pts',(3.94081766878994,15.4771517081999,3.90669987185001));
#6214=CARTESIAN_POINT('Ctrl Pts',(4.58264830922955,15.4979133179266,3.25926419159622));
#6215=CARTESIAN_POINT('Ctrl Pts',(5.06156080164452,15.5186749276533,2.45032118547479));
#6216=CARTESIAN_POINT('Ctrl Pts',(5.32051660863218,15.5394365373799,1.57621477040235));
#6217=CARTESIAN_POINT('Ctrl Pts',(5.57947241561984,15.5601981471066,0.702108355329906));
#6218=CARTESIAN_POINT('Ctrl Pts',(5.61847153718019,15.5809597568333,-0.237161468693555));
#6219=CARTESIAN_POINT('Ctrl Pts',(5.43286939196292,15.6017213665599,-1.12972550760936));
#6220=CARTESIAN_POINT('Ctrl Pts',(5.24726724674566,15.6224829762866,-2.02228954652514));
#6221=CARTESIAN_POINT('Ctrl Pts',(4.83706383475079,15.6432445860133,-2.86814780033328));
#6222=CARTESIAN_POINT('Ctrl Pts',(4.25111392123531,15.6640061957399,-3.56656314239473));
#6223=CARTESIAN_POINT('Ctrl Pts',(3.66516400771983,15.6847678054666,-4.2649784844562));
#6224=CARTESIAN_POINT('Ctrl Pts',(2.90346759268373,15.7055294151933,-4.81595091477099));
#6225=CARTESIAN_POINT('Ctrl Pts',(2.05674349550029,15.72629102492,-5.15385060897076));
#6226=CARTESIAN_POINT('Ctrl Pts',(1.21001939831685,15.7470526346466,-5.49175030317054));
#6227=CARTESIAN_POINT('Ctrl Pts',(0.278267618986078,15.7678142443733,-5.61657726125531));
#6228=CARTESIAN_POINT('Ctrl Pts',(-0.627541996532381,15.7885758541,-5.51348279903425));
#6229=CARTESIAN_POINT('Ctrl Pts',(-1.53335161205084,15.8093374638266,-5.41038833681318));
#6230=CARTESIAN_POINT('Ctrl Pts',(-2.41321906375698,15.8300990735533,-5.07937245428628));
#6231=CARTESIAN_POINT('Ctrl Pts',(-3.16234880521652,15.85086068328,-4.55982255726689));
#6232=CARTESIAN_POINT('Ctrl Pts',(-3.91147854667606,15.8716222930066,-4.0402726602475));
#6233=CARTESIAN_POINT('Ctrl Pts',(-4.52987057788899,15.8923839027333,-3.33218874873561));
#6234=CARTESIAN_POINT('Ctrl Pts',(-4.94388126516175,15.91314551246,-2.51997720480332));
#6235=CARTESIAN_POINT('Ctrl Pts',(-5.3397181998849,15.932995753545,-1.74341916468416));
#6236=CARTESIAN_POINT('Ctrl Pts',(-5.54872334402875,15.9528459946299,-0.871674589244137));
#6237=CARTESIAN_POINT('Ctrl Pts',(-5.5490641132576,15.9726962357149,2.94747581642243E-6));
#6238=CARTESIAN_POINT('Ctrl Pts',(-2.6869338578504,12.1,-5.31581566022912));
#6239=CARTESIAN_POINT('Ctrl Pts',(-2.83257277074626,12.1,-5.23535683334175));
#6240=CARTESIAN_POINT('Ctrl Pts',(-2.97446043253701,12.1,-5.14885378151935));
#6241=CARTESIAN_POINT('Ctrl Pts',(-3.11231796985734,12.1,-5.0566696562325));
#6242=CARTESIAN_POINT('Ctrl Pts',(-3.25171161659272,12.1,-4.96345834806161));
#6243=CARTESIAN_POINT('Ctrl Pts',(-3.3869853919123,12.1,-4.86443819672136));
#6244=CARTESIAN_POINT('Ctrl Pts',(-3.51782402184673,12.1,-4.75993870295676));
#6245=CARTESIAN_POINT('Ctrl Pts',(-3.64850081332631,12.1,-4.65556846793334));
#6246=CARTESIAN_POINT('Ctrl Pts',(-3.77475394175171,12.1,-4.54573189897493));
#6247=CARTESIAN_POINT('Ctrl Pts',(-3.89623447185641,12.1,-4.43071936179944));
#6248=CARTESIAN_POINT('Ctrl Pts',(-4.01650967476656,12.1,-4.31684797653244));
#6249=CARTESIAN_POINT('Ctrl Pts',(-4.13210696033801,12.1,-4.19790227764725));
#6250=CARTESIAN_POINT('Ctrl Pts',(-4.2426464538522,12.1,-4.07413503370019));
#6251=CARTESIAN_POINT('Ctrl Pts',(-4.29326591951514,12.1,-4.01745817047238));
#6252=CARTESIAN_POINT('Ctrl Pts',(-4.34282414861755,12.1,-3.95976987174258));
#6253=CARTESIAN_POINT('Ctrl Pts',(-4.39128134177429,12.1,-3.90109281919873));
#6254=CARTESIAN_POINT('Ctrl Pts',(-4.40519536737325,12.1,-3.88424425744803));
#6255=CARTESIAN_POINT('Ctrl Pts',(-4.41901859884245,12.1,-3.86731416777925));
#6256=CARTESIAN_POINT('Ctrl Pts',(-4.43275005944248,12.1,-3.85030307449326));
#6257=CARTESIAN_POINT('Ctrl Pts',(-4.44725487147437,12.1,-3.83233392192041));
#6258=CARTESIAN_POINT('Ctrl Pts',(-4.46165235762123,12.1,-3.81428043822154));
#6259=CARTESIAN_POINT('Ctrl Pts',(-4.47593670123154,12.1,-3.79614973317095));
#6260=CARTESIAN_POINT('Ctrl Pts',(-4.57885438627074,12.1,-3.66551928609957));
#6261=CARTESIAN_POINT('Ctrl Pts',(-4.67598350716481,12.1,-3.53078210443469));
#6262=CARTESIAN_POINT('Ctrl Pts',(-4.76701225472457,12.1,-3.39224508556615));
#6263=CARTESIAN_POINT('Ctrl Pts',(-4.77635130009878,12.1,-3.37803195466075));
#6264=CARTESIAN_POINT('Ctrl Pts',(-4.78562610076236,12.1,-3.36377879878086));
#6265=CARTESIAN_POINT('Ctrl Pts',(-4.79483629574284,12.1,-3.34948592987732));
#6266=CARTESIAN_POINT('Ctrl Pts',(-4.88450634889573,12.1,-3.21033118700766));
#6267=CARTESIAN_POINT('Ctrl Pts',(-4.96805629665277,12.1,-3.06741424232671));
#6268=CARTESIAN_POINT('Ctrl Pts',(-5.04536733148183,12.1,-2.92118242226262));
#6269=CARTESIAN_POINT('Ctrl Pts',(-5.12291190377418,12.1,-2.77450887213522));
#6270=CARTESIAN_POINT('Ctrl Pts',(-5.19418005565285,12.1,-2.62449966295961));
#6271=CARTESIAN_POINT('Ctrl Pts',(-5.2590035112179,12.1,-2.4715864644256));
#6272=CARTESIAN_POINT('Ctrl Pts',(-5.31960529197697,12.1,-2.32863184943402));
#6273=CARTESIAN_POINT('Ctrl Pts',(-5.37457418105606,12.1,-2.1831385152809));
#6274=CARTESIAN_POINT('Ctrl Pts',(-5.42373176898761,12.1,-2.03545209701266));
#6275=CARTESIAN_POINT('Ctrl Pts',(-5.43687873893115,12.1,-1.99595404627945));
#6276=CARTESIAN_POINT('Ctrl Pts',(-5.44960981687047,12.1,-1.9562991181917));
#6277=CARTESIAN_POINT('Ctrl Pts',(-5.46192108604949,12.1,-1.91649391796171));
#6278=CARTESIAN_POINT('Ctrl Pts',(-5.4683856530437,12.1,-1.89559246744003));
#6279=CARTESIAN_POINT('Ctrl Pts',(-5.47473446543616,12.1,-1.87464958357634));
#6280=CARTESIAN_POINT('Ctrl Pts',(-5.4809669320168,12.1,-1.85366622435971));
#6281=CARTESIAN_POINT('Ctrl Pts',(-5.48738456501714,12.1,-1.8320594500876));
#6282=CARTESIAN_POINT('Ctrl Pts',(-5.49367644193267,12.1,-1.81041773128215));
#6283=CARTESIAN_POINT('Ctrl Pts',(-5.49984044196146,12.1,-1.78874857434534));
#6284=CARTESIAN_POINT('Ctrl Pts',(-5.54488721861208,12.1,-1.63038944582805));
#6285=CARTESIAN_POINT('Ctrl Pts',(-5.58314040317661,12.1,-1.47045897671186));
#6286=CARTESIAN_POINT('Ctrl Pts',(-5.61448464782225,12.1,-1.30938966310143));
#6287=CARTESIAN_POINT('Ctrl Pts',(-5.64571739003267,12.1,-1.14889332934453));
#6288=CARTESIAN_POINT('Ctrl Pts',(-5.67009042260784,12.1,-0.987265512570097));
#6289=CARTESIAN_POINT('Ctrl Pts',(-5.68743953425319,12.1,-0.824922515438009));
#6290=CARTESIAN_POINT('Ctrl Pts',(-5.69300327233161,12.1,-0.772860258109079));
#6291=CARTESIAN_POINT('Ctrl Pts',(-5.69784424594605,12.1,-0.720724404271941));
#6292=CARTESIAN_POINT('Ctrl Pts',(-5.70195589932352,12.1,-0.66852861727077));
#6293=CARTESIAN_POINT('Ctrl Pts',(-5.71483782233042,12.1,-0.504997782420282));
#6294=CARTESIAN_POINT('Ctrl Pts',(-5.72056468126994,12.1,-0.340878051743658));
#6295=CARTESIAN_POINT('Ctrl Pts',(-5.71919529928757,12.1,-0.176624595650472));
#6296=CARTESIAN_POINT('Ctrl Pts',(-5.71839239865007,12.1,-0.0803189582843885));
#6297=CARTESIAN_POINT('Ctrl Pts',(-5.71514901101033,12.1,0.0160325413293296));
#6298=CARTESIAN_POINT('Ctrl Pts',(-5.70946889866078,12.1,0.11233612271746));
#6299=CARTESIAN_POINT('Ctrl Pts',(-5.70600126184747,12.1,0.171128242225759));
#6300=CARTESIAN_POINT('Ctrl Pts',(-5.70162535504434,12.1,0.229902466988455));
#6301=CARTESIAN_POINT('Ctrl Pts',(-5.69634096689201,12.1,0.288637025577614));
#6302=CARTESIAN_POINT('Ctrl Pts',(-5.69429894959459,12.1,0.311333500767964));
#6303=CARTESIAN_POINT('Ctrl Pts',(-5.69212126581152,12.1,0.334024048872581));
#6304=CARTESIAN_POINT('Ctrl Pts',(-5.68980787144692,12.1,0.356707397753427));
#6305=CARTESIAN_POINT('Ctrl Pts',(-5.6875274049179,12.1,0.379067881845687));
#6306=CARTESIAN_POINT('Ctrl Pts',(-5.68511580628329,12.1,0.401413825374742));
#6307=CARTESIAN_POINT('Ctrl Pts',(-5.68257413098681,12.1,0.423737277392328));
#6308=CARTESIAN_POINT('Ctrl Pts',(-5.66414225963121,12.1,0.585623808047752));
#6309=CARTESIAN_POINT('Ctrl Pts',(-5.6388626484954,12.1,0.746440195961652));
#6310=CARTESIAN_POINT('Ctrl Pts',(-5.60684474843578,12.1,0.90574826783731));
#6311=CARTESIAN_POINT('Ctrl Pts',(-5.57486284389914,12.1,1.06487724060426));
#6312=CARTESIAN_POINT('Ctrl Pts',(-5.53615761234005,12.1,1.22250202545745));
#6313=CARTESIAN_POINT('Ctrl Pts',(-5.49078726213678,12.1,1.37817587602865));
#6314=CARTESIAN_POINT('Ctrl Pts',(-5.44606566038361,12.1,1.53162375371608));
#6315=CARTESIAN_POINT('Ctrl Pts',(-5.39486792726726,12.1,1.68317674126003));
#6316=CARTESIAN_POINT('Ctrl Pts',(-5.33720377089683,12.1,1.83238697073222));
#6317=CARTESIAN_POINT('Ctrl Pts',(-5.30630642785262,12.1,1.91233610960618));
#6318=CARTESIAN_POINT('Ctrl Pts',(-5.2735518205062,12.1,1.99161224581587));
#6319=CARTESIAN_POINT('Ctrl Pts',(-5.23893625561159,12.1,2.07014308630494));
#6320=CARTESIAN_POINT('Ctrl Pts',(-5.21898724516628,12.1,2.11540054669784));
#6321=CARTESIAN_POINT('Ctrl Pts',(-5.19842009532128,12.1,2.16041042625142));
#6322=CARTESIAN_POINT('Ctrl Pts',(-5.17724144946966,12.1,2.20516153300603));
#6323=CARTESIAN_POINT('Ctrl Pts',(-5.16815017057116,12.1,2.22437167492791));
#6324=CARTESIAN_POINT('Ctrl Pts',(-5.15894504105452,12.1,2.24353651445773));
#6325=CARTESIAN_POINT('Ctrl Pts',(-5.14963046112233,12.1,2.26264718552697));
#6326=CARTESIAN_POINT('Ctrl Pts',(-5.0787637087456,12.1,2.40804410135974));
#6327=CARTESIAN_POINT('Ctrl Pts',(-5.00167766614171,12.1,2.55008209807221));
#6328=CARTESIAN_POINT('Ctrl Pts',(-4.91870620879781,12.1,2.68843173486454));
#6329=CARTESIAN_POINT('Ctrl Pts',(-4.83590822145639,12.1,2.82649212144232));
#6330=CARTESIAN_POINT('Ctrl Pts',(-4.74724886946578,12.1,2.96088013557943));
#6331=CARTESIAN_POINT('Ctrl Pts',(-4.65301387277904,12.1,3.09124191558783));
#6332=CARTESIAN_POINT('Ctrl Pts',(-4.55848272858375,12.1,3.22201337690061));
#6333=CARTESIAN_POINT('Ctrl Pts',(-4.45834035744919,12.1,3.34873387292352));
#6334=CARTESIAN_POINT('Ctrl Pts',(-4.35283634513097,12.1,3.47101050952309));
#6335=CARTESIAN_POINT('Ctrl Pts',(-4.24733233281274,12.1,3.59328714612266));
#6336=CARTESIAN_POINT('Ctrl Pts',(-4.13646618611416,12.1,3.71112053080435));
#6337=CARTESIAN_POINT('Ctrl Pts',(-4.02045606813842,12.1,3.82407299541564));
#6338=CARTESIAN_POINT('Origin',(0.,12.1,-1.11022302462516E-15));
#6339=CARTESIAN_POINT('',(5.11929417477915,12.1,5.60021939713685));
#6340=CARTESIAN_POINT('',(3.54108717754034,12.1,6.71046434645584));
#6341=CARTESIAN_POINT('Origin',(0.,12.1,0.));
#6342=CARTESIAN_POINT('',(-2.29028517729731,12.1,7.23354850337287));
#6343=CARTESIAN_POINT('',(4.65069078633762,12.1,6.61093098914274));
#6344=CARTESIAN_POINT('',(-4.04088900645033,12.1,6.42190362599319));
#6345=CARTESIAN_POINT('Origin',(0.,12.1,0.));
#6346=CARTESIAN_POINT('',(-7.40957935207647,12.1,1.63332910623601));
#6347=CARTESIAN_POINT('',(-3.39988878609459,12.1,7.33308186068597));
#6348=CARTESIAN_POINT('',(-7.58197618399067,12.1,-0.288560720462646));
#6349=CARTESIAN_POINT('Origin',(0.,12.1,0.));
#6350=CARTESIAN_POINT('',(-5.11929417477916,12.1,-5.60021939713685));
#6351=CARTESIAN_POINT('',(-8.05057957243221,12.1,0.722150871543236));
#6352=CARTESIAN_POINT('',(-3.54108717754034,12.1,-6.71046434645584));
#6353=CARTESIAN_POINT('Origin',(0.,12.1,0.));
#6354=CARTESIAN_POINT('',(2.29028517729731,12.1,-7.23354850337287));
#6355=CARTESIAN_POINT('',(-4.65069078633762,12.1,-6.61093098914274));
#6356=CARTESIAN_POINT('',(4.04088900645032,12.1,-6.4219036259932));
#6357=CARTESIAN_POINT('Origin',(0.,12.1,0.));
#6358=CARTESIAN_POINT('',(7.40957935207647,12.1,-1.63332910623601));
#6359=CARTESIAN_POINT('',(3.39988878609458,12.1,-7.33308186068597));
#6360=CARTESIAN_POINT('',(7.58197618399067,12.1,0.28856072046265));
#6361=CARTESIAN_POINT('Origin',(0.,12.1,0.));
#6362=CARTESIAN_POINT('',(8.05057957243221,12.1,-0.722150871543233));
#6363=CARTESIAN_POINT('Origin',(0.,12.3269782107212,0.));
#6364=CARTESIAN_POINT('',(3.39988878609458,12.7054498982505,-7.33308186068597));
#6365=CARTESIAN_POINT('Ctrl Pts',(3.39988878609458,12.7054498982505,-7.33308186068597));
#6366=CARTESIAN_POINT('Ctrl Pts',(2.82754622451115,12.3543305017475,-7.28174174585945));
#6367=CARTESIAN_POINT('Ctrl Pts',(2.29028517729731,12.1,-7.23354850337287));
#6368=CARTESIAN_POINT('Ctrl Pts',(4.04088900645032,12.1,-6.4219036259932));
#6369=CARTESIAN_POINT('Ctrl Pts',(3.73052191055927,12.3543305017475,-6.86308872010094));
#6370=CARTESIAN_POINT('Ctrl Pts',(3.39988878609459,12.7054498982505,-7.33308186068597));
#6371=CARTESIAN_POINT('Origin',(0.,12.3269782107212,0.));
#6372=CARTESIAN_POINT('',(-4.65069078633762,12.7054498982505,-6.61093098914274));
#6373=CARTESIAN_POINT('Ctrl Pts',(-4.65069078633762,12.7054498982505,-6.61093098914274));
#6374=CARTESIAN_POINT('Ctrl Pts',(-4.89240022345636,12.3543305017475,-6.08959773373116));
#6375=CARTESIAN_POINT('Ctrl Pts',(-5.11929417477915,12.1,-5.60021939713686));
#6376=CARTESIAN_POINT('Ctrl Pts',(-3.54108717754034,12.1,-6.71046434645584));
#6377=CARTESIAN_POINT('Ctrl Pts',(-4.0783482247542,12.3543305017475,-6.66227110396926));
#6378=CARTESIAN_POINT('Ctrl Pts',(-4.65069078633762,12.7054498982505,-6.61093098914274));
#6379=CARTESIAN_POINT('Origin',(0.,12.3269782107212,0.));
#6380=CARTESIAN_POINT('',(-8.05057957243221,12.7054498982505,0.722150871543236));
#6381=CARTESIAN_POINT('Ctrl Pts',(-8.05057957243221,12.7054498982505,0.722150871543236));
#6382=CARTESIAN_POINT('Ctrl Pts',(-7.71994644796752,12.3543305017475,1.19214401212827));
#6383=CARTESIAN_POINT('Ctrl Pts',(-7.40957935207647,12.1,1.63332910623601));
#6384=CARTESIAN_POINT('Ctrl Pts',(-7.58197618399067,12.1,-0.288560720462641));
#6385=CARTESIAN_POINT('Ctrl Pts',(-7.80887013531348,12.3543305017475,0.200817616131674));
#6386=CARTESIAN_POINT('Ctrl Pts',(-8.05057957243221,12.7054498982505,0.722150871543236));
#6387=CARTESIAN_POINT('Origin',(0.,12.3269782107212,0.));
#6388=CARTESIAN_POINT('',(-3.39988878609459,12.7054498982505,7.33308186068597));
#6389=CARTESIAN_POINT('Ctrl Pts',(-3.39988878609459,12.7054498982505,7.33308186068597));
#6390=CARTESIAN_POINT('Ctrl Pts',(-2.82754622451116,12.3543305017475,7.28174174585945));
#6391=CARTESIAN_POINT('Ctrl Pts',(-2.29028517729731,12.1,7.23354850337287));
#6392=CARTESIAN_POINT('Ctrl Pts',(-4.04088900645033,12.1,6.42190362599319));
#6393=CARTESIAN_POINT('Ctrl Pts',(-3.73052191055928,12.3543305017475,6.86308872010094));
#6394=CARTESIAN_POINT('Ctrl Pts',(-3.39988878609459,12.7054498982505,7.33308186068597));
#6395=CARTESIAN_POINT('Origin',(0.,12.3269782107212,0.));
#6396=CARTESIAN_POINT('',(8.05057957243221,12.7054498982505,-0.722150871543233));
#6397=CARTESIAN_POINT('Ctrl Pts',(7.58197618399067,12.1,0.28856072046265));
#6398=CARTESIAN_POINT('Ctrl Pts',(7.80887013531348,12.3543305017475,-0.200817616131681));
#6399=CARTESIAN_POINT('Ctrl Pts',(8.05057957243221,12.7054498982505,-0.722150871543233));
#6400=CARTESIAN_POINT('Ctrl Pts',(8.05057957243221,12.7054498982505,-0.722150871543233));
#6401=CARTESIAN_POINT('Ctrl Pts',(7.71994644796751,12.3543305017475,-1.19214401212827));
#6402=CARTESIAN_POINT('Ctrl Pts',(7.40957935207647,12.1,-1.63332910623601));
#6403=CARTESIAN_POINT('Origin',(0.,12.3269782107212,0.));
#6404=CARTESIAN_POINT('',(4.65069078633762,12.7054498982505,6.61093098914274));
#6405=CARTESIAN_POINT('Ctrl Pts',(4.65069078633762,12.7054498982505,6.61093098914274));
#6406=CARTESIAN_POINT('Ctrl Pts',(4.89240022345635,12.3543305017475,6.08959773373118));
#6407=CARTESIAN_POINT('Ctrl Pts',(5.11929417477915,12.1,5.60021939713686));
#6408=CARTESIAN_POINT('Ctrl Pts',(3.54108717754034,12.1,6.71046434645584));
#6409=CARTESIAN_POINT('Ctrl Pts',(4.07834822475416,12.3543305017475,6.66227110396927));
#6410=CARTESIAN_POINT('Ctrl Pts',(4.65069078633762,12.7054498982505,6.61093098914274));
#6411=CARTESIAN_POINT('Origin',(-3.39988878609459,12.1,7.33308186068597));
#6412=CARTESIAN_POINT('',(4.65069078633762,12.1,6.61093098914274));
#6413=CARTESIAN_POINT('',(-3.39988878609459,12.1,7.33308186068597));
#6414=CARTESIAN_POINT('Origin',(-8.05057957243221,12.1,0.722150871543238));
#6415=CARTESIAN_POINT('',(-8.05057957243221,12.1,0.722150871543236));
#6416=CARTESIAN_POINT('Origin',(-4.65069078633762,12.1,-6.61093098914274));
#6417=CARTESIAN_POINT('',(-4.65069078633762,12.1,-6.61093098914274));
#6418=CARTESIAN_POINT('Origin',(3.39988878609458,12.1,-7.33308186068597));
#6419=CARTESIAN_POINT('',(3.39988878609458,12.1,-7.33308186068597));
#6420=CARTESIAN_POINT('Origin',(0.,12.1,0.));
#6421=CARTESIAN_POINT('Origin',(4.65069078633762,12.1,6.61093098914274));
#6422=CARTESIAN_POINT('',(8.05057957243221,12.1,-0.722150871543233));
#6423=CARTESIAN_POINT('Origin',(8.05057957243221,12.1,-0.722150871543233));
#6424=CARTESIAN_POINT('Origin',(0.,16.1,-1.11022302462516E-15));
#6425=CARTESIAN_POINT('Origin',(0.,6.47245021859244,0.));
#6426=CARTESIAN_POINT('',(5.46947185702299,17.1880752185924,5.30902323179336E-5));
#6427=CARTESIAN_POINT('',(5.47006218782642,17.3400497814076,0.000125438079902548));
#6428=CARTESIAN_POINT('',(5.46989,6.47245021859244,-3.80826049240103E-13));
#6429=CARTESIAN_POINT('',(2.03686634470852,17.8315899049939,5.0764170351348));
#6430=CARTESIAN_POINT('Ctrl Pts',(5.46947185702299,17.1880752185924,5.30902323180732E-5));
#6431=CARTESIAN_POINT('Ctrl Pts',(5.46929467925436,17.1998819873557,-0.511266805564481));
#6432=CARTESIAN_POINT('Ctrl Pts',(5.27273913009881,17.2325033524614,-1.92414521270016));
#6433=CARTESIAN_POINT('Ctrl Pts',(4.07183302825497,17.2859393139093,-3.98542986331029));
#6434=CARTESIAN_POINT('Ctrl Pts',(1.6937203616181,17.3483831029363,-5.44010812910088));
#6435=CARTESIAN_POINT('Ctrl Pts',(-1.08985317806843,17.4108268919633,-5.59246781739404));
#6436=CARTESIAN_POINT('Ctrl Pts',(-3.6125296514167,17.4732706809904,-4.40603073019849));
#6437=CARTESIAN_POINT('Ctrl Pts',(-5.27038370639842,17.5357144700173,-2.16482950749738));
#6438=CARTESIAN_POINT('Ctrl Pts',(-5.66656907441825,17.5981582590444,0.594626539992718));
#6439=CARTESIAN_POINT('Ctrl Pts',(-4.70618092235228,17.6606020480714,3.21171152204511));
#6440=CARTESIAN_POINT('Ctrl Pts',(-2.61924826311744,17.7230458370984,5.05998053651128));
#6441=CARTESIAN_POINT('Ctrl Pts',(-0.141922806166941,17.7800417894059,5.64128228760915));
#6442=CARTESIAN_POINT('Ctrl Pts',(1.4191069769069,17.816223145371,5.32358447595031));
#6443=CARTESIAN_POINT('Ctrl Pts',(2.03686634470852,17.8315899049939,5.0764170351348));
#6444=CARTESIAN_POINT('',(-4.0046711405635,17.8315899049938,3.72589662605363));
#6445=CARTESIAN_POINT('Origin',(0.,17.8315899049938,0.));
#6446=CARTESIAN_POINT('Ctrl Pts',(5.47006218782641,17.3400497814076,0.000125438079902531));
#6447=CARTESIAN_POINT('Ctrl Pts',(5.46932054719916,17.3574256547378,-0.75214296209938));
#6448=CARTESIAN_POINT('Ctrl Pts',(5.12441478493452,17.3957259330012,-2.41096654107091));
#6449=CARTESIAN_POINT('Ctrl Pts',(3.50053077004627,17.4549506161977,-4.49866222097291));
#6450=CARTESIAN_POINT('Ctrl Pts',(0.932655689893028,17.517723830997,-5.62329685296099));
#6451=CARTESIAN_POINT('Ctrl Pts',(-1.86078058621757,17.5804970457964,-5.38789963980602));
#6452=CARTESIAN_POINT('Ctrl Pts',(-4.2041894512942,17.6432702605958,-3.84914310068654));
#6453=CARTESIAN_POINT('Ctrl Pts',(-5.5306326237874,17.7060434753951,-1.37972823343708));
#6454=CARTESIAN_POINT('Ctrl Pts',(-5.51955273944489,17.7688166901945,1.42410295005685));
#6455=CARTESIAN_POINT('Ctrl Pts',(-4.62180595560832,17.8106655000607,3.06258729901399));
#6456=CARTESIAN_POINT('Ctrl Pts',(-4.00467114056345,17.8315899049938,3.72589662605369));
#6457=CARTESIAN_POINT('Origin',(0.,6.47245021859244,0.));
#6458=CARTESIAN_POINT('',(5.46976081241155,16.3943252185924,-0.000131972070525666));
#6459=CARTESIAN_POINT('',(5.46943393720305,16.5462997814076,-2.06180999193228E-5));
#6460=CARTESIAN_POINT('',(5.46989,6.47245021859244,-3.80826049240103E-13));
#6461=CARTESIAN_POINT('Ctrl Pts',(5.46976081241155,16.3943252185924,-0.000131972070525864));
#6462=CARTESIAN_POINT('Ctrl Pts',(5.46999466530598,16.4001255682387,-0.25129170103735));
#6463=CARTESIAN_POINT('Ctrl Pts',(5.39203798313963,16.4267405142273,-1.40359589863037));
#6464=CARTESIAN_POINT('Ctrl Pts',(4.59702650251481,16.4741700565583,-3.36612812538669));
#6465=CARTESIAN_POINT('Ctrl Pts',(2.44985418981347,16.5366138455853,-5.14409230786481));
#6466=CARTESIAN_POINT('Ctrl Pts',(-0.283794392741232,16.5990576346123,-5.69060031661985));
#6467=CARTESIAN_POINT('Ctrl Pts',(-2.94950477734115,16.6615014236393,-4.87482233422436));
#6468=CARTESIAN_POINT('Ctrl Pts',(-4.9091263827286,16.7239452126663,-2.89204934013959));
#6469=CARTESIAN_POINT('Ctrl Pts',(-5.69354084834422,16.7863890016933,-0.216941957159659));
#6470=CARTESIAN_POINT('Ctrl Pts',(-5.11496538826164,16.8488327907203,2.51009966709351));
#6471=CARTESIAN_POINT('Ctrl Pts',(-3.3119065024817,16.9112765797473,4.63624271051227));
#6472=CARTESIAN_POINT('Ctrl Pts',(-0.71600267266209,16.9737203687743,5.65250488579236));
#6473=CARTESIAN_POINT('Ctrl Pts',(2.05130674512092,17.0361641578013,5.31560079582897));
#6474=CARTESIAN_POINT('Ctrl Pts',(4.32754899255275,17.0986079468283,3.70618277102921));
#6475=CARTESIAN_POINT('Ctrl Pts',(5.33330304723664,17.149244967092,1.68159539689492));
#6476=CARTESIAN_POINT('Ctrl Pts',(5.46960703260089,17.1790673910134,0.390158253753834));
#6477=CARTESIAN_POINT('Ctrl Pts',(5.46947185702299,17.1880752185924,5.30902323180732E-5));
#6478=CARTESIAN_POINT('Ctrl Pts',(5.46943393720305,16.5462997814076,-2.06180999191841E-5));
#6479=CARTESIAN_POINT('Ctrl Pts',(5.46949091219711,16.5562417239406,-0.430588180577076));
#6480=CARTESIAN_POINT('Ctrl Pts',(5.31354687318609,16.5871080714068,-1.7673133142018));
#6481=CARTESIAN_POINT('Ctrl Pts',(4.23618198943703,16.638898823806,-3.81396426579395));
#6482=CARTESIAN_POINT('Ctrl Pts',(1.90574103004109,16.7016720386054,-5.37212364456608));
#6483=CARTESIAN_POINT('Ctrl Pts',(-0.885646312465431,16.7644452534048,-5.63091394196774));
#6484=CARTESIAN_POINT('Ctrl Pts',(-3.46282014510319,16.8272184682041,-4.52774094054792));
#6485=CARTESIAN_POINT('Ctrl Pts',(-5.20243296795232,16.8899916830035,-2.32943178637712));
#6486=CARTESIAN_POINT('Ctrl Pts',(-5.68372020742992,16.9527648978028,0.432302787740145));
#6487=CARTESIAN_POINT('Ctrl Pts',(-4.79027178925161,17.0155381126022,3.08947541181014));
#6488=CARTESIAN_POINT('Ctrl Pts',(-2.73818817133618,17.0783113274016,4.99938842525519));
#6489=CARTESIAN_POINT('Ctrl Pts',(-0.0238122953488824,17.1410845422009,
5.70008759289814));
#6490=CARTESIAN_POINT('Ctrl Pts',(2.6963235243287,17.2038577570003,5.02209063386689));
#6491=CARTESIAN_POINT('Ctrl Pts',(4.76429199720647,17.2666309717996,3.12939109061162));
#6492=CARTESIAN_POINT('Ctrl Pts',(5.42646384624722,17.3120283132687,1.21319683125687));
#6493=CARTESIAN_POINT('Ctrl Pts',(5.47021364698785,17.3365012498047,0.153755022109236));
#6494=CARTESIAN_POINT('Ctrl Pts',(5.47006218782641,17.3400497814076,0.000125438079902531));
#6495=CARTESIAN_POINT('Origin',(0.,6.47245021859244,0.));
#6496=CARTESIAN_POINT('',(5.47034124245426,15.6005752185924,9.13113829752545E-6));
#6497=CARTESIAN_POINT('',(5.47019003886469,15.7525497814076,-0.000100182453000586));
#6498=CARTESIAN_POINT('',(5.46989,6.47245021859244,-3.80826049240103E-13));
#6499=CARTESIAN_POINT('Ctrl Pts',(5.47034124245426,15.6005752185924,9.13113829773145E-6));
#6500=CARTESIAN_POINT('Ctrl Pts',(5.47025275573131,15.621183745464,-0.892082812321322));
#6501=CARTESIAN_POINT('Ctrl Pts',(5.02267067493123,15.662606868678,-2.68527253038668));
#6502=CARTESIAN_POINT('Ctrl Pts',(3.15622857157753,15.7248445882342,-4.7435948842632));
#6503=CARTESIAN_POINT('Ctrl Pts',(0.528029798074157,15.7872883772613,-5.67315218854531));
#6504=CARTESIAN_POINT('Ctrl Pts',(-2.22657525193087,15.8497321662883,-5.24460044898936));
#6505=CARTESIAN_POINT('Ctrl Pts',(-4.44815529468501,15.9121759553153,-3.56053165923511));
#6506=CARTESIAN_POINT('Ctrl Pts',(-5.60488113763432,15.9746197443423,-1.02409894787763));
#6507=CARTESIAN_POINT('Ctrl Pts',(-5.41984150176679,16.0370635333693,1.75749518285838));
#6508=CARTESIAN_POINT('Ctrl Pts',(-3.93733345414608,16.0995073223963,4.11835847066823));
#6509=CARTESIAN_POINT('Ctrl Pts',(-1.51225803040206,16.1619511114233,5.49331838432087));
#6510=CARTESIAN_POINT('Ctrl Pts',(1.27484034626159,16.2243949004503,5.55322008510445));
#6511=CARTESIAN_POINT('Ctrl Pts',(3.75675173937964,16.2868386894773,4.28372356609753));
#6512=CARTESIAN_POINT('Ctrl Pts',(5.1923217089808,16.343482128858,2.20191590300174));
#6513=CARTESIAN_POINT('Ctrl Pts',(5.46915548251563,16.3793109718964,0.649996789259422));
#6514=CARTESIAN_POINT('Ctrl Pts',(5.46976081241155,16.3943252185924,-0.000131972070525864));
#6515=CARTESIAN_POINT('Ctrl Pts',(5.47019003886469,15.7525497814076,-0.000100182453000291));
#6516=CARTESIAN_POINT('Ctrl Pts',(5.47028202742526,15.7550577931434,-0.108674464063817));
#6517=CARTESIAN_POINT('Ctrl Pts',(5.44069425349148,15.7784902098123,-1.1230366108715));
#6518=CARTESIAN_POINT('Ctrl Pts',(4.84015643169474,15.8228470314144,-3.01072200682397));
#6519=CARTESIAN_POINT('Ctrl Pts',(2.81958205814128,15.8856202462137,-4.95393967495053));
#6520=CARTESIAN_POINT('Ctrl Pts',(0.11702827570015,15.9483934610131,-5.69893548553999));
#6521=CARTESIAN_POINT('Ctrl Pts',(-2.61383143032927,16.0111666758125,-5.06551542682989));
#6522=CARTESIAN_POINT('Ctrl Pts',(-4.71247714966192,16.0739398906118,-3.20688640266209));
#6523=CARTESIAN_POINT('Ctrl Pts',(-5.67130416017786,16.1367131054112,-0.572599692989116));
#6524=CARTESIAN_POINT('Ctrl Pts',(-5.25839855959949,16.1994863202105,2.20018314554392));
#6525=CARTESIAN_POINT('Ctrl Pts',(-3.5736308647893,16.2622595350099,4.44080214918555));
#6526=CARTESIAN_POINT('Ctrl Pts',(-1.02450007835977,16.3250327498093,5.60731316000482));
#6527=CARTESIAN_POINT('Ctrl Pts',(1.77242912047695,16.3878059646086,5.41756922426781));
#6528=CARTESIAN_POINT('Ctrl Pts',(4.1406564271221,16.450579179408,3.917464184498));
#6529=CARTESIAN_POINT('Ctrl Pts',(5.29091393703787,16.5034104516743,1.85748508448307));
#6530=CARTESIAN_POINT('Ctrl Pts',(5.46937099922812,16.5353173190075,0.47560997922936));
#6531=CARTESIAN_POINT('Ctrl Pts',(5.46943393720305,16.5462997814076,-2.06180999191841E-5));
#6532=CARTESIAN_POINT('Origin',(0.,6.47245021859244,0.));
#6533=CARTESIAN_POINT('',(5.46971091738501,14.8068252185924,0.000127151472703452));
#6534=CARTESIAN_POINT('',(5.46987664257988,14.9587997814076,0.000139323644739314));
#6535=CARTESIAN_POINT('',(5.46989,6.47245021859244,-3.80826049240103E-13));
#6536=CARTESIAN_POINT('Ctrl Pts',(5.46971091738501,14.8068252185924,0.000127151472703695));
#6537=CARTESIAN_POINT('Ctrl Pts',(5.46915220534842,14.821427326347,-0.63217223926555));
#6538=CARTESIAN_POINT('Ctrl Pts',(5.20332690737302,14.8568440304439,-2.16624144445044));
#6539=CARTESIAN_POINT('Ctrl Pts',(3.79849704872167,14.9130753308832,-4.24675068645467));
#6540=CARTESIAN_POINT('Ctrl Pts',(1.32912921790906,14.9755191199102,-5.54047712242826));
#6541=CARTESIAN_POINT('Ctrl Pts',(-1.45842193520473,15.0379629089372,-5.50785590597323));
#6542=CARTESIAN_POINT('Ctrl Pts',(-3.89683808292725,15.1004066979642,-4.1566963056613));
#6543=CARTESIAN_POINT('Ctrl Pts',(-5.40238113525115,15.1628504869912,-1.81045554806878));
#6544=CARTESIAN_POINT('Ctrl Pts',(-5.61463565340551,15.2252942760182,0.969194356957414));
#6545=CARTESIAN_POINT('Ctrl Pts',(-4.48278953661807,15.2877380650453,3.51682657980716));
#6546=CARTESIAN_POINT('Ctrl Pts',(-2.27779804862128,15.3501818540722,5.2225575412577));
#6547=CARTESIAN_POINT('Ctrl Pts',(0.472480790579521,15.4126256430992,5.67804835525234));
#6548=CARTESIAN_POINT('Ctrl Pts',(3.10965135885796,15.4750694321262,4.77425802071939));
#6549=CARTESIAN_POINT('Ctrl Pts',(5.0023952850704,15.5375132211533,2.72754699940368));
#6550=CARTESIAN_POINT('Ctrl Pts',(5.46816215067837,15.5793484833086,0.918861347002805));
#6551=CARTESIAN_POINT('Ctrl Pts',(5.47034212725366,15.6003691491217,0.00892936671718726));
#6552=CARTESIAN_POINT('Ctrl Pts',(5.47034124245426,15.6005752185924,9.13113829773145E-6));
#6553=CARTESIAN_POINT('Ctrl Pts',(5.46987664257988,14.9587997814076,0.000139323644739175));
#6554=CARTESIAN_POINT('Ctrl Pts',(5.46917600162415,14.9747982672793,-0.692565302072905));
#6555=CARTESIAN_POINT('Ctrl Pts',(5.16436372179071,15.0117211580841,-2.29185673071991));
#6556=CARTESIAN_POINT('Ctrl Pts',(3.64577784772596,15.0695684538221,-4.3817650747933));
#6557=CARTESIAN_POINT('Ctrl Pts',(1.11606509917118,15.1323416686214,-5.58980858170114));
#6558=CARTESIAN_POINT('Ctrl Pts',(-1.68359312389669,15.1951148834208,-5.44583101820241));
#6559=CARTESIAN_POINT('Ctrl Pts',(-4.07603644072403,15.2578880982202,-3.98465659995155));
#6560=CARTESIAN_POINT('Ctrl Pts',(-5.48259856483141,15.3206613130195,-1.55970326105839));
#6561=CARTESIAN_POINT('Ctrl Pts',(-5.56307077514485,15.3834345278189,1.24249943113749));
#6562=CARTESIAN_POINT('Ctrl Pts',(-4.29798905561873,15.4462077426182,3.74417565873041));
#6563=CARTESIAN_POINT('Ctrl Pts',(-1.993341905785,15.5089809574176,5.34023869619039));
#6564=CARTESIAN_POINT('Ctrl Pts',(0.793439867758089,15.5717541722169,5.64464475958403));
#6565=CARTESIAN_POINT('Ctrl Pts',(3.38831034351156,15.6345273870163,4.58376638821183));
#6566=CARTESIAN_POINT('Ctrl Pts',(5.09271090914563,15.6947925900799,2.50088271093926));
#6567=CARTESIAN_POINT('Ctrl Pts',(5.46951456455288,15.7341333882103,0.797163495664196));
#6568=CARTESIAN_POINT('Ctrl Pts',(5.47019003886469,15.7525497814076,-0.000100182453000291));
#6569=CARTESIAN_POINT('Origin',(0.,6.47245021859244,0.));
#6570=CARTESIAN_POINT('',(5.46949362245346,14.0130752185924,-6.7489760881615E-5));
#6571=CARTESIAN_POINT('',(5.46948964363537,14.1650497814076,-7.19475373078815E-5));
#6572=CARTESIAN_POINT('',(5.46989,6.47245021859244,-3.80826049240103E-13));
#6573=CARTESIAN_POINT('Ctrl Pts',(5.46949362245347,14.0130752185924,-6.74897608815908E-5));
#6574=CARTESIAN_POINT('Ctrl Pts',(5.46965846476697,14.02167090723,-0.37231977857995));
#6575=CARTESIAN_POINT('Ctrl Pts',(5.34148124382513,14.0510811922099,-1.64587492502659));
#6576=CARTESIAN_POINT('Ctrl Pts',(4.36361455774335,14.1013060735322,-3.66365107693142));
#6577=CARTESIAN_POINT('Ctrl Pts',(2.10323280107328,14.1637498625592,-5.29526987098296));
#6578=CARTESIAN_POINT('Ctrl Pts',(-0.660646727823269,14.2261936515862,-5.65924174453317));
#6579=CARTESIAN_POINT('Ctrl Pts',(-3.26637250620871,14.2886374406132,-4.66843462765993));
#6580=CARTESIAN_POINT('Ctrl Pts',(-5.09015380403136,14.3510812296402,-2.56004013120022));
#6581=CARTESIAN_POINT('Ctrl Pts',(-5.69539139175584,14.4135250186672,0.161208302404228));
#6582=CARTESIAN_POINT('Ctrl Pts',(-4.93719604127032,14.4759688076942,2.84386470706944));
#6583=CARTESIAN_POINT('Ctrl Pts',(-2.99707389382897,14.5384125967212,4.8457217519147));
#6584=CARTESIAN_POINT('Ctrl Pts',(-0.339475284451964,14.6008563857482,5.68755024182616));
#6585=CARTESIAN_POINT('Ctrl Pts',(2.39939109963848,14.6633001747752,5.1678229045727));
#6586=CARTESIAN_POINT('Ctrl Pts',(4.56386169038091,14.7257439638022,3.41095847132796));
#6587=CARTESIAN_POINT('Ctrl Pts',(5.38511742039752,14.7735856450746,1.43931610541519));
#6588=CARTESIAN_POINT('Ctrl Pts',(5.46994862225676,14.8006127300047,0.269139873130156));
#6589=CARTESIAN_POINT('Ctrl Pts',(5.46971091738501,14.8068252185924,0.000127151472703695));
#6590=CARTESIAN_POINT('Ctrl Pts',(5.46948964363537,14.1650497814076,-7.19475373073611E-5));
#6591=CARTESIAN_POINT('Ctrl Pts',(5.46966311194611,14.1736143364821,-0.370976535596439));
#6592=CARTESIAN_POINT('Ctrl Pts',(5.34164484087149,14.2031032964897,-1.6479347598061));
#6593=CARTESIAN_POINT('Ctrl Pts',(4.35864653221475,14.2535166614305,-3.67338559000551));
#6594=CARTESIAN_POINT('Ctrl Pts',(2.080409620459,14.3162898762298,-5.30692539016229));
#6595=CARTESIAN_POINT('Ctrl Pts',(-0.701021202291268,14.3790630910292,-5.65686578942667));
#6596=CARTESIAN_POINT('Ctrl Pts',(-3.31289426247302,14.4418363058285,-4.63856582267848));
#6597=CARTESIAN_POINT('Ctrl Pts',(-5.12346924930836,14.5046095206279,-2.49832426579085));
#6598=CARTESIAN_POINT('Ctrl Pts',(-5.69481783377253,14.5673827354272,0.2461932691893));
#6599=CARTESIAN_POINT('Ctrl Pts',(-4.88874649573832,14.6301559502266,2.93116341851729));
#6600=CARTESIAN_POINT('Ctrl Pts',(-2.90022173850261,14.6929291650259,4.90716569448847));
#6601=CARTESIAN_POINT('Ctrl Pts',(-0.210213049931037,14.7557023798253,5.69625945329797));
#6602=CARTESIAN_POINT('Ctrl Pts',(2.5306403981036,14.8184755946247,5.1075846014661));
#6603=CARTESIAN_POINT('Ctrl Pts',(4.65940148378817,14.881248809424,3.2835254070161));
#6604=CARTESIAN_POINT('Ctrl Pts',(5.40586610942317,14.9280235383517,1.33256416095273));
#6605=CARTESIAN_POINT('Ctrl Pts',(5.47009236928468,14.9538738623462,0.213422439753596));
#6606=CARTESIAN_POINT('Ctrl Pts',(5.46987664257988,14.9587997814076,0.000139323644739175));
#6607=CARTESIAN_POINT('Origin',(0.,6.47245021859244,0.));
#6608=CARTESIAN_POINT('',(5.47017301896005,13.2193252185924,-0.000100300123042783));
#6609=CARTESIAN_POINT('',(5.47031455838308,13.3712997814076,-4.98622860986564E-5));
#6610=CARTESIAN_POINT('',(5.46989,6.47245021859244,-3.80826049240103E-13));
#6611=CARTESIAN_POINT('Ctrl Pts',(5.47017301896005,13.2193252185924,-0.000100300123042074));
#6612=CARTESIAN_POINT('Ctrl Pts',(5.47026837789016,13.221914488113,-0.112193356480702));
#6613=CARTESIAN_POINT('Ctrl Pts',(5.43975070478794,13.2453183539759,-1.12532718796927));
#6614=CARTESIAN_POINT('Ctrl Pts',(4.84010304235749,13.2895368161811,-3.00613934497591));
#6615=CARTESIAN_POINT('Ctrl Pts',(2.83461779193419,13.3519806052081,-4.94251081897659));
#6616=CARTESIAN_POINT('Ctrl Pts',(0.150546822124916,13.4144243942351,-5.69568317907507));
#6617=CARTESIAN_POINT('Ctrl Pts',(-2.56956390016301,13.4768681832621,-5.08535274932128));
#6618=CARTESIAN_POINT('Ctrl Pts',(-4.67454076819313,13.5393119722891,-3.25762794507768));
#6619=CARTESIAN_POINT('Ctrl Pts',(-5.66046849351011,13.6017557613161,-0.650052041016505));
#6620=CARTESIAN_POINT('Ctrl Pts',(-5.29132355412441,13.6641995503431,2.1131413269393));
#6621=CARTESIAN_POINT('Ctrl Pts',(-3.65547641217146,13.7266433393702,4.37046489770922));
#6622=CARTESIAN_POINT('Ctrl Pts',(-1.14453630427792,13.7890871283971,5.58153275276965));
#6623=CARTESIAN_POINT('Ctrl Pts',(1.64039700072733,13.8515309174242,5.45642455295181));
#6624=CARTESIAN_POINT('Ctrl Pts',(4.03263186787457,13.9139747064512,4.02509024001362));
#6625=CARTESIAN_POINT('Ctrl Pts',(5.26307234796064,13.9678228068406,1.95985115799491));
#6626=CARTESIAN_POINT('Ctrl Pts',(5.46925929649082,14.0008563108877,0.529095041799538));
#6627=CARTESIAN_POINT('Ctrl Pts',(5.46949362245347,14.0130752185924,-6.74897608815908E-5));
#6628=CARTESIAN_POINT('Ctrl Pts',(5.47031455838308,13.3712997814076,-4.98622860983702E-5));
#6629=CARTESIAN_POINT('Ctrl Pts',(5.47033803678473,13.3724304056849,-0.0489924612756472));
#6630=CARTESIAN_POINT('Ctrl Pts',(5.4577901786939,13.3944854348953,-1.00370113866282));
#6631=CARTESIAN_POINT('Ctrl Pts',(4.93602895992578,13.4374648690388,-2.85082082783567));
#6632=CARTESIAN_POINT('Ctrl Pts',(2.98008569250298,13.5002380838382,-4.85907918756082));
#6633=CARTESIAN_POINT('Ctrl Pts',(0.303341598184066,13.5630112986375,-5.69205983458175));
#6634=CARTESIAN_POINT('Ctrl Pts',(-2.44677249195515,13.6257845134369,-5.14828764331008));
#6635=CARTESIAN_POINT('Ctrl Pts',(-4.60507956128798,13.6885577282362,-3.3592861622457));
#6636=CARTESIAN_POINT('Ctrl Pts',(-5.649544446804,13.7513309430356,-0.757765682275055));
#6637=CARTESIAN_POINT('Ctrl Pts',(-5.32753979787438,13.8141041578349,2.02703749045552));
#6638=CARTESIAN_POINT('Ctrl Pts',(-3.71694968937549,13.8768773726343,4.32155600360556));
#6639=CARTESIAN_POINT('Ctrl Pts',(-1.2073316044754,13.9396505874336,5.57080888942372));
#6640=CARTESIAN_POINT('Ctrl Pts',(1.5943068142805,14.002423802233,5.47263620822603));
#6641=CARTESIAN_POINT('Ctrl Pts',(4.01032623122365,14.0651970170324,4.0507832335003));
#6642=CARTESIAN_POINT('Ctrl Pts',(5.25906650367558,14.1194056767572,1.97682648244027));
#6643=CARTESIAN_POINT('Ctrl Pts',(5.469239304621,14.152689931549,0.535195206495332));
#6644=CARTESIAN_POINT('Ctrl Pts',(5.46948964363537,14.1650497814076,-7.19475373073611E-5));
#6645=CARTESIAN_POINT('Origin',(0.,6.47245021859244,0.));
#6646=CARTESIAN_POINT('',(5.47007285659816,12.4255752185924,0.000120250531696805));
#6647=CARTESIAN_POINT('',(5.46970010679758,12.5775497814076,0.000129737642564492));
#6648=CARTESIAN_POINT('',(5.46989,6.47245021859244,-3.80826049240103E-13));
#6649=CARTESIAN_POINT('Ctrl Pts',(5.47007285659816,12.4255752185924,0.000120250531697001));
#6650=CARTESIAN_POINT('Ctrl Pts',(5.46934968251979,12.4429726653383,-0.753079152637267));
#6651=CARTESIAN_POINT('Ctrl Pts',(5.12471511696614,12.4811847084265,-2.40806031262144));
#6652=CARTESIAN_POINT('Ctrl Pts',(3.50842908875247,12.5402113478571,-4.48936482714938));
#6653=CARTESIAN_POINT('Ctrl Pts',(0.958682627674279,12.6026551368841,-5.61644005055214));
#6654=CARTESIAN_POINT('Ctrl Pts',(-1.82056508835767,12.6650989259111,-5.39898268020037));
#6655=CARTESIAN_POINT('Ctrl Pts',(-4.16398351068823,12.7275427149381,-3.88905033970597));
#6656=CARTESIAN_POINT('Ctrl Pts',(-5.51057627484651,12.7899865039651,-1.44810922970236));
#6657=CARTESIAN_POINT('Ctrl Pts',(-5.53797941974181,12.8524302929921,1.33949810323372));
#6658=CARTESIAN_POINT('Ctrl Pts',(-4.2396328430403,12.9148740820191,3.806439882392));
#6659=CARTESIAN_POINT('Ctrl Pts',(-1.92635073925892,12.9773178710461,5.36214920077828));
#6660=CARTESIAN_POINT('Ctrl Pts',(0.848084930237481,13.0397616600731,5.63420120098266));
#6661=CARTESIAN_POINT('Ctrl Pts',(3.4194955837606,13.1022054491001,4.55746872448867));
#6662=CARTESIAN_POINT('Ctrl Pts',(5.09962395361686,13.1620599686066,2.47960054617293));
#6663=CARTESIAN_POINT('Ctrl Pts',(5.46950180738756,13.2010998917707,0.78889928850443));
#6664=CARTESIAN_POINT('Ctrl Pts',(5.47017301896005,13.2193252185924,-0.000100300123042074));
#6665=CARTESIAN_POINT('Ctrl Pts',(5.46970010679758,12.5775497814076,0.000129737642564354));
#6666=CARTESIAN_POINT('Ctrl Pts',(5.46913633696759,12.5921708798208,-0.632995304631707));
#6667=CARTESIAN_POINT('Ctrl Pts',(5.20204140131252,12.6277163831671,-2.17265550552919));
#6668=CARTESIAN_POINT('Ctrl Pts',(3.78712735329794,12.6841862914465,-4.26019103979508));
#6669=CARTESIAN_POINT('Ctrl Pts',(1.29827518310835,12.7469595062458,-5.55031916510867));
#6670=CARTESIAN_POINT('Ctrl Pts',(-1.50459407319302,12.8097327210452,-5.49797762459617));
#6671=CARTESIAN_POINT('Ctrl Pts',(-3.94354337416264,12.8725059358446,-4.11582639839749));
#6672=CARTESIAN_POINT('Ctrl Pts',(-5.42865791388761,12.9352791506439,-1.73816988227072));
#6673=CARTESIAN_POINT('Ctrl Pts',(-5.60072930082334,12.9980523654433,1.0599021580064));
#6674=CARTESIAN_POINT('Ctrl Pts',(-4.41813819553252,13.0608255802426,3.60161299570404));
#6675=CARTESIAN_POINT('Ctrl Pts',(-2.16692088506493,13.123598795042,5.27219263338482));
#6676=CARTESIAN_POINT('Ctrl Pts',(0.608415033703979,13.1863720098414,5.66757376947232));
#6677=CARTESIAN_POINT('Ctrl Pts',(3.23659207697708,13.2491452246407,4.69212457346316));
#6678=CARTESIAN_POINT('Ctrl Pts',(5.04868966361249,13.3107878151628,2.61978935914857));
#6679=CARTESIAN_POINT('Ctrl Pts',(5.46990352322151,13.3515060007517,0.856785682987622));
#6680=CARTESIAN_POINT('Ctrl Pts',(5.47031455838308,13.3712997814076,-4.98622860983702E-5));
#6681=CARTESIAN_POINT('Origin',(0.,6.47245021859244,0.));
#6682=CARTESIAN_POINT('',(5.46945542409009,11.6318252185924,3.78067553742389E-5));
#6683=CARTESIAN_POINT('',(5.46960286407628,11.7837997814076,-0.00011250067232127));
#6684=CARTESIAN_POINT('',(5.46989,6.47245021859244,-3.80826049240103E-13));
#6685=CARTESIAN_POINT('Ctrl Pts',(5.46945542409009,11.6318252185924,3.78067553742645E-5));
#6686=CARTESIAN_POINT('Ctrl Pts',(5.46933414278902,11.6432162462213,-0.493281704395307));
#6687=CARTESIAN_POINT('Ctrl Pts',(5.28229417370319,11.6754218701925,-1.88812424716758));
#6688=CARTESIAN_POINT('Ctrl Pts',(4.11098096445914,11.7284420905061,-3.94503570730419));
#6689=CARTESIAN_POINT('Ctrl Pts',(1.74734670745988,11.790885879533,-5.42312185977594));
#6690=CARTESIAN_POINT('Ctrl Pts',(-1.0345889254329,11.8533296685601,-5.60295430798986));
#6691=CARTESIAN_POINT('Ctrl Pts',(-3.56885191892038,11.915773457587,-4.44148254559994));
#6692=CARTESIAN_POINT('Ctrl Pts',(-5.24875918456559,11.9782172466141,-2.21675398826501));
#6693=CARTESIAN_POINT('Ctrl Pts',(-5.67215383066937,12.040661035641,0.538648441261341));
#6694=CARTESIAN_POINT('Ctrl Pts',(-4.73767843213969,12.1031048246681,3.16510257269631));
#6695=CARTESIAN_POINT('Ctrl Pts',(-2.6690392192712,12.1655486136951,5.03385546753607));
#6696=CARTESIAN_POINT('Ctrl Pts',(0.0385474749233971,12.2279924027221,5.69754204146205));
#6697=CARTESIAN_POINT('Ctrl Pts',(2.73690619980381,12.2904361917491,4.99728082816306));
#6698=CARTESIAN_POINT('Ctrl Pts',(4.78007060967976,12.3528799807761,3.10070898159215));
#6699=CARTESIAN_POINT('Ctrl Pts',(5.42849387197561,12.3979263230572,1.19706265598744));
#6700=CARTESIAN_POINT('Ctrl Pts',(5.47021490008571,12.422158068996,0.148061214178871));
#6701=CARTESIAN_POINT('Ctrl Pts',(5.47007285659816,12.4255752185924,0.000120250531697001));
#6702=CARTESIAN_POINT('Ctrl Pts',(5.46960286407628,11.7837997814076,-0.000112500672321027));
#6703=CARTESIAN_POINT('Ctrl Pts',(5.46983690923722,11.7909869490235,-0.311348206972603));
#6704=CARTESIAN_POINT('Ctrl Pts',(5.36764782216183,11.8190985215726,-1.52854988838266));
#6705=CARTESIAN_POINT('Ctrl Pts',(4.47644813325373,11.8681344990548,-3.52887707294218));
#6706=CARTESIAN_POINT('Ctrl Pts',(2.25285256031385,11.9309077138542,-5.23604971587694));
#6707=CARTESIAN_POINT('Ctrl Pts',(-0.515646131497515,11.9936809286536,-5.67676583564262));
#6708=CARTESIAN_POINT('Ctrl Pts',(-3.15942419567585,12.0564541434529,-4.74442831513194));
#6709=CARTESIAN_POINT('Ctrl Pts',(-5.03902437782625,12.1192273582523,-2.66454397699128));
#6710=CARTESIAN_POINT('Ctrl Pts',(-5.69982305120655,12.1820005730516,0.0598203191412185));
#6711=CARTESIAN_POINT('Ctrl Pts',(-4.98199117755029,12.244773787851,2.76971572412381));
#6712=CARTESIAN_POINT('Ctrl Pts',(-3.05915255881912,12.3075470026503,4.80969301593336));
#6713=CARTESIAN_POINT('Ctrl Pts',(-0.396389011235922,12.3703202174497,5.68633775266816));
#6714=CARTESIAN_POINT('Ctrl Pts',(2.36225014414947,12.4330934322491,5.18761366546444));
#6715=CARTESIAN_POINT('Ctrl Pts',(4.54952591172293,12.4958666470484,3.43414840451157));
#6716=CARTESIAN_POINT('Ctrl Pts',(5.38324319461099,12.5440187634346,1.45194199333997));
#6717=CARTESIAN_POINT('Ctrl Pts',(5.46994315379342,12.5712464748876,0.273076481732833));
#6718=CARTESIAN_POINT('Ctrl Pts',(5.46970010679758,12.5775497814076,0.000129737642564354));
#6719=CARTESIAN_POINT('Origin',(0.,6.47245021859244,0.));
#6720=CARTESIAN_POINT('',(5.46981345967077,10.8380752185924,-0.000134871783927029));
#6721=CARTESIAN_POINT('',(5.47035057311215,10.9900497814076,1.11658985490299E-5));
#6722=CARTESIAN_POINT('',(5.46989,6.47245021859244,-3.80826049240103E-13));
#6723=CARTESIAN_POINT('Ctrl Pts',(5.46981345967077,10.8380752185924,-0.000134871783927099));
#6724=CARTESIAN_POINT('Ctrl Pts',(5.47003911151852,10.8434598271043,-0.2332862283296));
#6725=CARTESIAN_POINT('Ctrl Pts',(5.39883393871775,10.8696590319585,-1.36756427284562));
#6726=CARTESIAN_POINT('Ctrl Pts',(4.63003503635738,10.916672833155,-3.32057928442517));
#6727=CARTESIAN_POINT('Ctrl Pts',(2.500520568773,10.979116622182,-5.11965507697479));
#6728=CARTESIAN_POINT('Ctrl Pts',(-0.227599310034173,11.041560411209,-5.69312478135887));
#6729=CARTESIAN_POINT('Ctrl Pts',(-2.90123366279588,11.104004200236,-4.90370415664632));
#6730=CARTESIAN_POINT('Ctrl Pts',(-4.88033496853553,11.166447989263,-2.94037443481946));
#6731=CARTESIAN_POINT('Ctrl Pts',(-5.69112158123561,11.22889177829,-0.273141665889204));
#6732=CARTESIAN_POINT('Ctrl Pts',(-5.13949741555686,11.291335567317,2.45947911915001));
#6733=CARTESIAN_POINT('Ctrl Pts',(-3.35751705831615,11.353779356344,4.60331950066108));
#6734=CARTESIAN_POINT('Ctrl Pts',(-0.771772915054261,11.416223145371,5.64516056367214));
#6735=CARTESIAN_POINT('Ctrl Pts',(1.99872773409526,11.478666934398,5.33559356276403));
#6736=CARTESIAN_POINT('Ctrl Pts',(4.29074832108012,11.541110723425,3.74872645937237));
#6737=CARTESIAN_POINT('Ctrl Pts',(5.32486244106535,11.5921634848232,1.71762728420063));
#6738=CARTESIAN_POINT('Ctrl Pts',(5.46955575767821,11.622401649879,0.408151144944507));
#6739=CARTESIAN_POINT('Ctrl Pts',(5.46945542409009,11.6318252185924,3.78067553742645E-5));
#6740=CARTESIAN_POINT('Ctrl Pts',(5.47035057311215,10.9900497814076,1.1165898549147E-5));
#6741=CARTESIAN_POINT('Ctrl Pts',(5.47024370886862,11.0107274231594,-0.895067905455177));
#6742=CARTESIAN_POINT('Ctrl Pts',(5.01919428215049,11.0523294698444,-2.69601154886798));
#6743=CARTESIAN_POINT('Ctrl Pts',(3.13740118932585,11.1148559214625,-4.7590203889944));
#6744=CARTESIAN_POINT('Ctrl Pts',(0.489330401565103,11.1776291362619,-5.67909473805041));
#6745=CARTESIAN_POINT('Ctrl Pts',(-2.27709596199699,11.2404023510613,-5.22555214934313));
#6746=CARTESIAN_POINT('Ctrl Pts',(-4.49275539410528,11.3031755658606,-3.50809211030521));
#6747=CARTESIAN_POINT('Ctrl Pts',(-5.62174077141715,11.36594878066,-0.942121003180525));
#6748=CARTESIAN_POINT('Ctrl Pts',(-5.39098155922706,11.4287219954593,1.85172328216754));
#6749=CARTESIAN_POINT('Ctrl Pts',(-3.8562920689755,11.4914952102587,4.19768659673449));
#6750=CARTESIAN_POINT('Ctrl Pts',(-1.388871510264,11.554268425058,5.52834488917113));
#6751=CARTESIAN_POINT('Ctrl Pts',(1.41447889622644,11.6170416398574,5.52184848920883));
#6752=CARTESIAN_POINT('Ctrl Pts',(3.87570573204508,11.6798148546568,4.1797686974569));
#6753=CARTESIAN_POINT('Ctrl Pts',(5.22503962418305,11.7354009018402,2.09612836668608));
#6754=CARTESIAN_POINT('Ctrl Pts',(5.46915552040899,11.7700625440904,0.594769793365404));
#6755=CARTESIAN_POINT('Ctrl Pts',(5.46960286407628,11.7837997814076,-0.000112500672321027));
#6756=CARTESIAN_POINT('Origin',(0.,6.47245021859244,0.));
#6757=CARTESIAN_POINT('',(5.47033067531073,10.0443252185924,2.73460347684597E-5));
#6758=CARTESIAN_POINT('',(5.46955635139904,10.1962997814076,9.96556541639493E-5));
#6759=CARTESIAN_POINT('',(5.46989,6.47245021859244,-3.80826049240103E-13));
#6760=CARTESIAN_POINT('Ctrl Pts',(5.47033067531073,10.0443252185924,2.73460347682657E-5));
#6761=CARTESIAN_POINT('Ctrl Pts',(5.47008443726603,10.0645180043296,-0.87407312000493));
#6762=CARTESIAN_POINT('Ctrl Pts',(5.03660534389959,10.1055253864091,-2.64942642514446));
#6763=CARTESIAN_POINT('Ctrl Pts',(3.20290655787826,10.167347364831,-4.71220339157219));
#6764=CARTESIAN_POINT('Ctrl Pts',(0.58401305664983,10.2297911538579,-5.66766265507357));
#6765=CARTESIAN_POINT('Ctrl Pts',(-2.17468868303235,10.292234942885,-5.26632702686995));
#6766=CARTESIAN_POINT('Ctrl Pts',(-4.41278666138335,10.354678731912,-3.60427317266153));
#6767=CARTESIAN_POINT('Ctrl Pts',(-5.59449741898399,10.417122520939,-1.07938401462695));
#6768=CARTESIAN_POINT('Ctrl Pts',(-5.43692848022955,10.479566309966,1.7039013829794));
#6769=CARTESIAN_POINT('Ctrl Pts',(-3.97780063836497,10.542010098993,4.07928588155744));
#6770=CARTESIAN_POINT('Ctrl Pts',(-1.56641788741192,10.60445388802,5.47812068359638));
#6771=CARTESIAN_POINT('Ctrl Pts',(1.21995327009561,10.666897677047,5.56553548554256));
#6772=CARTESIAN_POINT('Ctrl Pts',(3.71427698834671,10.729341466074,4.32060385546842));
#6773=CARTESIAN_POINT('Ctrl Pts',(5.18101680378853,10.7864006465891,2.23789561480393));
#6774=CARTESIAN_POINT('Ctrl Pts',(5.46916683786773,10.8226452307619,0.667977319889793));
#6775=CARTESIAN_POINT('Ctrl Pts',(5.46981345967077,10.8380752185924,-0.000134871783927099));
#6776=CARTESIAN_POINT('Ctrl Pts',(5.46955635139904,10.1962997814076,9.96556541637758E-5));
#6777=CARTESIAN_POINT('Ctrl Pts',(5.46917879285094,10.2095434923622,-0.573424773289662));
#6778=CARTESIAN_POINT('Ctrl Pts',(5.23748428365085,10.24371160825,-2.05338727351005));
#6779=CARTESIAN_POINT('Ctrl Pts',(3.92442533682503,10.2988041290709,-4.13405939257447));
#6780=CARTESIAN_POINT('Ctrl Pts',(1.47909635401616,10.3615773438702,-5.50489193910143));
#6781=CARTESIAN_POINT('Ctrl Pts',(-1.32398538661305,10.4243505586696,-5.54424241729045));
#6782=CARTESIAN_POINT('Ctrl Pts',(-3.8068314494999,10.487123773469,-4.24259302794249));
#6783=CARTESIAN_POINT('Ctrl Pts',(-5.36890960844469,10.5498969882683,-1.91477698492486));
#6784=CARTESIAN_POINT('Ctrl Pts',(-5.63239608761566,10.6126702030677,0.876170986656967));
#6785=CARTESIAN_POINT('Ctrl Pts',(-4.53356074913786,10.675443417867,3.45519727649872));
#6786=CARTESIAN_POINT('Ctrl Pts',(-2.33818166194065,10.7382166326664,5.19850630483529));
#6787=CARTESIAN_POINT('Ctrl Pts',(0.422739308699737,10.8009898474657,5.68443952932281));
#6788=CARTESIAN_POINT('Ctrl Pts',(3.08141125877038,10.8637630622651,4.79546305792994));
#6789=CARTESIAN_POINT('Ctrl Pts',(4.99477451220985,10.9265362770644,2.74659586721937));
#6790=CARTESIAN_POINT('Ctrl Pts',(5.46772330673586,10.968631850112,0.927134734951356));
#6791=CARTESIAN_POINT('Ctrl Pts',(5.47035184841042,10.9898030182263,0.0106928752428816));
#6792=CARTESIAN_POINT('Ctrl Pts',(5.47035057311215,10.9900497814076,1.1165898549147E-5));
#6793=CARTESIAN_POINT('Origin',(0.,6.47245021859244,0.));
#6794=CARTESIAN_POINT('',(5.46966349801851,9.25057521859243,0.000120423655494117));
#6795=CARTESIAN_POINT('',(5.46976069368867,9.40254978140757,-0.000135735416488536));
#6796=CARTESIAN_POINT('',(5.46989,6.47245021859244,-3.80826049240103E-13));
#6797=CARTESIAN_POINT('Ctrl Pts',(5.46966349801851,9.25057521859243,0.000120423655494244));
#6798=CARTESIAN_POINT('Ctrl Pts',(5.46915633991969,9.26476158521259,-0.614191866888943));
#6799=CARTESIAN_POINT('Ctrl Pts',(5.21422572144487,9.29976254817509,-2.13024914373926));
#6800=CARTESIAN_POINT('Ctrl Pts',(3.84023857189593,9.35557810747991,-4.20904252446804));
#6801=CARTESIAN_POINT('Ctrl Pts',(1.38376357983864,9.41802189650691,-5.52708508706468));
#6802=CARTESIAN_POINT('Ctrl Pts',(-1.40397377564739,9.48046568553392,-5.52198595296097));
#6803=CARTESIAN_POINT('Ctrl Pts',(-3.85561059951063,9.54290947456092,-4.19496580757845));
#6804=CARTESIAN_POINT('Ctrl Pts',(-5.38424386933563,9.60535326358793,-1.86370308160582));
#6805=CARTESIAN_POINT('Ctrl Pts',(-5.6239305278058,9.66779705261492,0.913715842915334));
#6806=CARTESIAN_POINT('Ctrl Pts',(-4.51729142945557,9.73024084164194,3.4723982148812));
#6807=CARTESIAN_POINT('Ctrl Pts',(-2.32924747203538,9.79268463066892,5.19981513483017));
#6808=CARTESIAN_POINT('Ctrl Pts',(0.416400433334071,9.85512841969595,5.68243626458293));
#6809=CARTESIAN_POINT('Ctrl Pts',(3.06236527435914,9.91757220872293,4.80472581407833));
#6810=CARTESIAN_POINT('Ctrl Pts',(4.97522339864597,9.98001599774994,2.77680092113737));
#6811=CARTESIAN_POINT('Ctrl Pts',(5.46362988697022,10.0222670010398,0.954874384838566));
#6812=CARTESIAN_POINT('Ctrl Pts',(5.47033825789144,10.0437034079873,0.0269441343785878));
#6813=CARTESIAN_POINT('Ctrl Pts',(5.47033067531073,10.0443252185924,2.73460347682657E-5));
#6814=CARTESIAN_POINT('Ctrl Pts',(5.46976069368867,9.40254978140757,-0.00013573541648871));
#6815=CARTESIAN_POINT('Ctrl Pts',(5.46999929768569,9.408359561565,-0.251703722864262));
#6816=CARTESIAN_POINT('Ctrl Pts',(5.39158351177485,9.43509374665556,-1.40916710587092));
#6817=CARTESIAN_POINT('Ctrl Pts',(4.589460767239,9.48275233667923,-3.38059331372801));
#6818=CARTESIAN_POINT('Ctrl Pts',(2.42288536682801,9.54552555147858,-5.15957244198908));
#6819=CARTESIAN_POINT('Ctrl Pts',(-0.329719415216548,9.60829876627794,-5.69059279804968));
#6820=CARTESIAN_POINT('Ctrl Pts',(-3.00257413249599,9.6710719810773,-4.84521515150766));
#6821=CARTESIAN_POINT('Ctrl Pts',(-4.94918868727245,9.73384519587665,-2.82791312162103));
#6822=CARTESIAN_POINT('Ctrl Pts',(-5.69873051786975,9.79661841067603,-0.126616627520579));
#6823=CARTESIAN_POINT('Ctrl Pts',(-5.06990605521173,9.85939162547536,2.60530494893708));
#6824=CARTESIAN_POINT('Ctrl Pts',(-3.21481065475305,9.92216484027474,4.70707486022335));
#6825=CARTESIAN_POINT('Ctrl Pts',(-0.582140910007832,9.98493805507408,5.67033272802722));
#6826=CARTESIAN_POINT('Ctrl Pts',(2.19133272180566,10.0477112698735,5.26209294748714));
#6827=CARTESIAN_POINT('Ctrl Pts',(4.43478319292475,10.1104844846728,3.58109750180016));
#6828=CARTESIAN_POINT('Ctrl Pts',(5.3585698591606,10.1600139885175,1.5713263777376));
#6829=CARTESIAN_POINT('Ctrl Pts',(5.46977531658763,10.1886190874291,0.332715313227739));
#6830=CARTESIAN_POINT('Ctrl Pts',(5.46955635139904,10.1962997814076,9.96556541637758E-5));
#6831=CARTESIAN_POINT('Origin',(0.,6.47245021859244,0.));
#6832=CARTESIAN_POINT('',(5.46951374110022,8.45682521859243,-7.39736699892969E-5));
#6833=CARTESIAN_POINT('',(5.47027805985556,8.60879978140758,6.92695801041143E-5));
#6834=CARTESIAN_POINT('',(5.46989,6.47245021859244,-3.80826049240103E-13));
#6835=CARTESIAN_POINT('Ctrl Pts',(5.46951374110022,8.45682521859243,-7.39736699892357E-5));
#6836=CARTESIAN_POINT('Ctrl Pts',(5.46970907650307,8.46500516609558,-0.354322408690851));
#6837=CARTESIAN_POINT('Ctrl Pts',(5.34956134592796,8.49399970994106,-1.60986212035748));
#6838=CARTESIAN_POINT('Ctrl Pts',(4.39955678959879,8.54380885012887,-3.62037702868707));
#6839=CARTESIAN_POINT('Ctrl Pts',(2.15541627475817,8.60625263915587,-5.27425506396162));
#6840=CARTESIAN_POINT('Ctrl Pts',(-0.604746799665184,8.66869642818287,-5.66548431446915));
#6841=CARTESIAN_POINT('Ctrl Pts',(-3.22012153050192,8.73114021720988,-4.70045685084081));
#6842=CARTESIAN_POINT('Ctrl Pts',(-5.06463240373408,8.79358400623687,-2.6101675910525));
#6843=CARTESIAN_POINT('Ctrl Pts',(-5.69670484861467,8.85602779526389,0.104971364854273));
#6844=CARTESIAN_POINT('Ctrl Pts',(-4.96503214664067,8.91847158429087,2.79498321787057));
#6845=CARTESIAN_POINT('Ctrl Pts',(-3.04476776089913,8.9809153733179,4.81589642055342));
#6846=CARTESIAN_POINT('Ctrl Pts',(-0.395609949558865,9.04335916234489,5.68392160838079));
#6847=CARTESIAN_POINT('Ctrl Pts',(2.34825414154512,9.1058029513719,5.19125933680203));
#6848=CARTESIAN_POINT('Ctrl Pts',(4.52996408195127,9.1682467403989,3.45584962048807));
#6849=CARTESIAN_POINT('Ctrl Pts',(5.37795058945918,9.21650416280574,1.47534913224348));
#6850=CARTESIAN_POINT('Ctrl Pts',(5.46990045512489,9.24394698887025,0.287142681849382));
#6851=CARTESIAN_POINT('Ctrl Pts',(5.46966349801851,9.25057521859243,0.000120423655494244));
#6852=CARTESIAN_POINT('Ctrl Pts',(5.47027805985556,8.60879978140758,6.92695801041057E-5));
#6853=CARTESIAN_POINT('Ctrl Pts',(5.4697456403893,8.62810003570091,-0.835418884690201));
#6854=CARTESIAN_POINT('Ctrl Pts',(5.06473322819722,8.66832469492735,-2.57719998684935));
#6855=CARTESIAN_POINT('Ctrl Pts',(3.29136039164005,8.72947375908693,-4.65387068626365));
#6856=CARTESIAN_POINT('Ctrl Pts',(0.674795640113167,8.79224697388629,-5.66005388068924));
#6857=CARTESIAN_POINT('Ctrl Pts',(-2.1049833258155,8.85502018868564,-5.29722638114683));
#6858=CARTESIAN_POINT('Ctrl Pts',(-4.37562483299653,8.91779340348501,-3.65314500362348));
#6859=CARTESIAN_POINT('Ctrl Pts',(-5.58792286910669,8.98056661828435,-1.12546845461604));
#6860=CARTESIAN_POINT('Ctrl Pts',(-5.44865597772021,9.04333983308373,1.67442808698969));
#6861=CARTESIAN_POINT('Ctrl Pts',(-3.99150893061662,9.10611304788307,4.06932643928182));
#6862=CARTESIAN_POINT('Ctrl Pts',(-1.56892558309349,9.16888626268244,5.47996659121228));
#6863=CARTESIAN_POINT('Ctrl Pts',(1.23313774943996,9.23165947748178,5.56515341740818));
#6864=CARTESIAN_POINT('Ctrl Pts',(3.73693894808931,9.29443269228116,4.30428258701101));
#6865=CARTESIAN_POINT('Ctrl Pts',(5.18879998690223,9.35139612692307,2.21537471776267));
#6866=CARTESIAN_POINT('Ctrl Pts',(5.46913994560749,9.38743515663188,0.654339241745119));
#6867=CARTESIAN_POINT('Ctrl Pts',(5.46976069368867,9.40254978140757,-0.00013573541648871));
#6868=CARTESIAN_POINT('Origin',(3.075,-5.9,0.8));
#6869=CARTESIAN_POINT('',(2.85,-5.9,0.9));
#6870=CARTESIAN_POINT('',(2.85,-6.,0.8));
#6871=CARTESIAN_POINT('Origin',(2.85,-5.9,0.8));
#6872=CARTESIAN_POINT('',(3.15,-6.,0.8));
#6873=CARTESIAN_POINT('',(3.075,-6.,0.8));
#6874=CARTESIAN_POINT('',(3.15,-5.9,0.9));
#6875=CARTESIAN_POINT('Origin',(3.15,-5.9,0.8));
#6876=CARTESIAN_POINT('',(3.075,-5.9,0.9));
#6877=CARTESIAN_POINT('Origin',(3.15,7.53157781475622E-16,-0.9));
#6878=CARTESIAN_POINT('',(3.15,-6.,-0.8));
#6879=CARTESIAN_POINT('',(3.15,-6.,0.9));
#6880=CARTESIAN_POINT('',(3.15,-5.9,-0.9));
#6881=CARTESIAN_POINT('Origin',(3.15,-5.9,-0.8));
#6882=CARTESIAN_POINT('',(3.15,7.53157781475622E-16,-0.9));
#6883=CARTESIAN_POINT('',(3.15,7.53157781475622E-16,-0.9));
#6884=CARTESIAN_POINT('',(3.15,7.53157781475622E-16,0.9));
#6885=CARTESIAN_POINT('',(3.15,7.53157781475622E-16,-0.45));
#6886=CARTESIAN_POINT('',(3.15,7.53157781475622E-16,0.9));
#6887=CARTESIAN_POINT('',(3.15,-3.78956765833727,-0.5));
#6888=CARTESIAN_POINT('',(3.15,-5.58956765833727,-0.5));
#6889=CARTESIAN_POINT('',(3.15,-2.79478382916863,-0.5));
#6890=CARTESIAN_POINT('',(3.15,-5.58956765833727,0.5));
#6891=CARTESIAN_POINT('',(3.15,-5.58956765833727,-0.2));
#6892=CARTESIAN_POINT('',(3.15,-3.78956765833727,0.5));
#6893=CARTESIAN_POINT('',(3.15,-1.89478382916863,0.5));
#6894=CARTESIAN_POINT('',(3.15,-3.78956765833727,-0.7));
#6895=CARTESIAN_POINT('Origin',(3.,-6.,0.));
#6896=CARTESIAN_POINT('',(2.85,-6.,-0.8));
#6897=CARTESIAN_POINT('',(2.85,-6.,-0.9));
#6898=CARTESIAN_POINT('',(2.925,-6.,-0.8));
#6899=CARTESIAN_POINT('Origin',(2.925,-5.9,-0.8));
#6900=CARTESIAN_POINT('',(2.85,-5.9,-0.9));
#6901=CARTESIAN_POINT('Origin',(2.85,-5.9,-0.8));
#6902=CARTESIAN_POINT('',(2.925,-5.9,-0.9));
#6903=CARTESIAN_POINT('Origin',(-2.925,-5.9,0.8));
#6904=CARTESIAN_POINT('',(-3.15,-5.9,0.9));
#6905=CARTESIAN_POINT('',(-3.15,-6.,0.8));
#6906=CARTESIAN_POINT('Origin',(-3.15,-5.9,0.8));
#6907=CARTESIAN_POINT('',(-2.85,-6.,0.8));
#6908=CARTESIAN_POINT('',(-2.925,-6.,0.8));
#6909=CARTESIAN_POINT('',(-2.85,-5.9,0.9));
#6910=CARTESIAN_POINT('Origin',(-2.85,-5.9,0.8));
#6911=CARTESIAN_POINT('',(-2.925,-5.9,0.9));
#6912=CARTESIAN_POINT('Origin',(-3.,-6.,0.));
#6913=CARTESIAN_POINT('',(-3.15,-6.,-0.8));
#6914=CARTESIAN_POINT('',(-3.15,-6.,0.9));
#6915=CARTESIAN_POINT('',(-2.85,-6.,-0.8));
#6916=CARTESIAN_POINT('',(-3.075,-6.,-0.8));
#6917=CARTESIAN_POINT('',(-2.85,-6.,-0.9));
#6918=CARTESIAN_POINT('Origin',(-3.15,7.53157781475622E-16,0.9));
#6919=CARTESIAN_POINT('',(-3.15,7.53157781475622E-16,0.9));
#6920=CARTESIAN_POINT('',(-3.15,7.53157781475622E-16,0.9));
#6921=CARTESIAN_POINT('',(-3.15,7.53157781475622E-16,-0.9));
#6922=CARTESIAN_POINT('',(-3.15,7.53157781475622E-16,0.45));
#6923=CARTESIAN_POINT('',(-3.15,-5.9,-0.9));
#6924=CARTESIAN_POINT('',(-3.15,7.53157781475622E-16,-0.9));
#6925=CARTESIAN_POINT('Origin',(-3.15,-5.9,-0.8));
#6926=CARTESIAN_POINT('',(-3.15,-5.58956765833727,-0.5));
#6927=CARTESIAN_POINT('',(-3.15,-3.78956765833727,-0.5));
#6928=CARTESIAN_POINT('',(-3.15,-2.79478382916863,-0.5));
#6929=CARTESIAN_POINT('',(-3.15,-3.78956765833727,0.5));
#6930=CARTESIAN_POINT('',(-3.15,-3.78956765833727,0.2));
#6931=CARTESIAN_POINT('',(-3.15,-5.58956765833727,0.5));
#6932=CARTESIAN_POINT('',(-3.15,-1.89478382916863,0.5));
#6933=CARTESIAN_POINT('',(-3.15,-5.58956765833727,0.7));
#6934=CARTESIAN_POINT('Origin',(-3.075,-5.9,-0.8));
#6935=CARTESIAN_POINT('',(-2.85,-5.9,-0.9));
#6936=CARTESIAN_POINT('Origin',(-2.85,-5.9,-0.8));
#6937=CARTESIAN_POINT('',(-3.075,-5.9,-0.9));
#6938=CARTESIAN_POINT('Origin',(-2.85,7.53157781475622E-16,-0.9));
#6939=CARTESIAN_POINT('',(-2.85,7.53157781475622E-16,-0.9));
#6940=CARTESIAN_POINT('',(-2.85,7.53157781475622E-16,-0.9));
#6941=CARTESIAN_POINT('',(-2.85,7.53157781475622E-16,0.9));
#6942=CARTESIAN_POINT('',(-2.85,7.53157781475622E-16,-0.45));
#6943=CARTESIAN_POINT('',(-2.85,7.53157781475622E-16,0.9));
#6944=CARTESIAN_POINT('',(-2.85,-3.78956765833727,-0.5));
#6945=CARTESIAN_POINT('',(-2.85,-5.58956765833727,-0.5));
#6946=CARTESIAN_POINT('',(-2.85,-2.79478382916863,-0.5));
#6947=CARTESIAN_POINT('',(-2.85,-5.58956765833727,0.5));
#6948=CARTESIAN_POINT('',(-2.85,-5.58956765833727,-0.2));
#6949=CARTESIAN_POINT('',(-2.85,-3.78956765833727,0.5));
#6950=CARTESIAN_POINT('',(-2.85,-1.89478382916863,0.5));
#6951=CARTESIAN_POINT('',(-2.85,-3.78956765833727,-0.7));
#6952=CARTESIAN_POINT('Origin',(-3.15,7.53157781475622E-16,-0.9));
#6953=CARTESIAN_POINT('',(-4.65,7.53157781475622E-16,-0.9));
#6954=CARTESIAN_POINT('Origin',(-3.15,-3.78956765833727,0.5));
#6955=CARTESIAN_POINT('',(-3.15,-5.58956765833727,0.5));
#6956=CARTESIAN_POINT('',(-3.15,-3.78956765833727,0.5));
#6957=CARTESIAN_POINT('Origin',(-3.15,-3.78956765833727,0.5));
#6958=CARTESIAN_POINT('',(2.85,-3.78956765833727,0.5));
#6959=CARTESIAN_POINT('',(2.85,-5.58956765833727,0.5));
#6960=CARTESIAN_POINT('',(2.85,-1.89478382916863,0.5));
#6961=CARTESIAN_POINT('',(-3.15,-3.78956765833727,0.5));
#6962=CARTESIAN_POINT('',(-3.15,-5.58956765833727,0.5));
#6963=CARTESIAN_POINT('Origin',(-3.15,-5.58956765833727,0.5));
#6964=CARTESIAN_POINT('',(-3.15,-5.58956765833727,-0.5));
#6965=CARTESIAN_POINT('Origin',(-3.15,-5.58956765833727,0.5));
#6966=CARTESIAN_POINT('',(2.85,-5.58956765833727,-0.5));
#6967=CARTESIAN_POINT('',(2.85,-5.58956765833727,0.7));
#6968=CARTESIAN_POINT('',(-3.15,-5.58956765833727,-0.5));
#6969=CARTESIAN_POINT('Origin',(-3.15,-3.78956765833727,-0.5));
#6970=CARTESIAN_POINT('',(-3.15,-3.78956765833727,-0.5));
#6971=CARTESIAN_POINT('Origin',(-3.15,-5.58956765833727,-0.5));
#6972=CARTESIAN_POINT('Origin',(-3.15,-5.58956765833727,-0.5));
#6973=CARTESIAN_POINT('',(2.85,-3.78956765833727,-0.5));
#6974=CARTESIAN_POINT('',(2.85,-2.79478382916863,-0.5));
#6975=CARTESIAN_POINT('',(-3.15,-3.78956765833727,-0.5));
#6976=CARTESIAN_POINT('Origin',(-3.15,-3.78956765833727,-0.5));
#6977=CARTESIAN_POINT('',(2.85,-3.78956765833727,0.2));
#6978=CARTESIAN_POINT('Origin',(2.85,7.53157781475622E-16,-0.9));
#6979=CARTESIAN_POINT('',(2.85,7.53157781475622E-16,-0.9));
#6980=CARTESIAN_POINT('',(2.85,7.53157781475622E-16,-0.9));
#6981=CARTESIAN_POINT('',(-1.65,7.53157781475622E-16,-0.9));
#6982=CARTESIAN_POINT('Origin',(2.85,7.53157781475622E-16,0.9));
#6983=CARTESIAN_POINT('',(2.85,7.53157781475622E-16,0.9));
#6984=CARTESIAN_POINT('',(2.85,7.53157781475622E-16,0.9));
#6985=CARTESIAN_POINT('',(2.85,7.53157781475622E-16,0.45));
#6986=CARTESIAN_POINT('Origin',(3.15,7.53157781475622E-16,0.9));
#6987=CARTESIAN_POINT('',(-1.5,7.53157781475622E-16,0.9));
#6988=CARTESIAN_POINT('Origin',(-2.85,7.53157781475622E-16,0.9));
#6989=CARTESIAN_POINT('',(-4.5,7.53157781475622E-16,0.9));
#6990=CARTESIAN_POINT('Origin',(0.,7.53157781475622E-16,0.));
#6991=CARTESIAN_POINT('',(-5.7,7.53157781475622E-16,-6.98048675513991E-16));
#6992=CARTESIAN_POINT('Origin',(0.,7.53157781475622E-16,0.));
#6993=CARTESIAN_POINT('',(-5.7,8.23158990499385,6.98048675513991E-16));
#6994=CARTESIAN_POINT('',(-5.7,7.53157781475622E-16,6.98048675513991E-16));
#6995=CARTESIAN_POINT('',(-3.56137837801761,8.23158990499385,-4.45104026096708));
#6996=CARTESIAN_POINT('Origin',(0.,8.23158990499385,0.));
#6997=CARTESIAN_POINT('',(-5.34608304921058,8.3,-1.97854200855168));
#6998=CARTESIAN_POINT('Ctrl Pts',(-5.34608304921058,8.3,-1.97854200855168));
#6999=CARTESIAN_POINT('Ctrl Pts',(-5.33236551133244,8.29912296544531,-2.01565128686685));
#7000=CARTESIAN_POINT('Ctrl Pts',(-5.31825540520524,8.29824593089062,-2.05261517729521));
#7001=CARTESIAN_POINT('Ctrl Pts',(-5.30375382260008,8.29736889633593,-2.08942509145275));
#7002=CARTESIAN_POINT('Ctrl Pts',(-4.95777317112095,8.27644449140281,-2.96764083023587));
#7003=CARTESIAN_POINT('Ctrl Pts',(-4.38896003898809,8.25552008646969,-3.75821167508597));
#7004=CARTESIAN_POINT('Ctrl Pts',(-3.66624318264964,8.23459568153657,-4.36512619909703));
#7005=CARTESIAN_POINT('Ctrl Pts',(-3.631637254297,8.23359375602233,-4.39418715201366));
#7006=CARTESIAN_POINT('Ctrl Pts',(-3.59667845673086,8.23259183050809,-4.42282701920399));
#7007=CARTESIAN_POINT('Ctrl Pts',(-3.56137837801761,8.23158990499385,-4.45104026096708));
#7008=CARTESIAN_POINT('',(5.7,8.3,0.));
#7009=CARTESIAN_POINT('Origin',(0.,8.3,0.));
#7010=CARTESIAN_POINT('',(5.59766750215058,8.3,1.07526534291352));
#7011=CARTESIAN_POINT('Origin',(0.,8.3,0.));
#7012=CARTESIAN_POINT('',(4.24282763476343,8.23158990499385,3.80679918035426));
#7013=CARTESIAN_POINT('Ctrl Pts',(4.24282763476343,8.23158990499385,3.80679918035426));
#7014=CARTESIAN_POINT('Ctrl Pts',(4.7893921616408,8.24974900387311,3.19656186249721));
#7015=CARTESIAN_POINT('Ctrl Pts',(5.20369563058088,8.26790810275237,2.46736480350927));
#7016=CARTESIAN_POINT('Ctrl Pts',(5.44578442870647,8.28606720163163,1.68484277943515));
#7017=CARTESIAN_POINT('Ctrl Pts',(5.50769965981551,8.29071146775442,1.4847094715597));
#7018=CARTESIAN_POINT('Ctrl Pts',(5.5583502914668,8.29535573387721,1.28108816600117));
#7019=CARTESIAN_POINT('Ctrl Pts',(5.59766750215058,8.3,1.07526534291352));
#7020=CARTESIAN_POINT('Origin',(0.,8.23158990499385,0.));
#7021=CARTESIAN_POINT('Origin',(0.,8.3,0.));
#7022=CARTESIAN_POINT('',(5.7,8.29999999999772,-0.942332008490982));
#7023=CARTESIAN_POINT('',(5.7,8.3,-0.803150428017689));
#7024=CARTESIAN_POINT('',(-1.18641012738808,8.3,-5.80195083137827));
#7025=CARTESIAN_POINT('Ctrl Pts',(-1.18641012738808,8.3,-5.80195083137827));
#7026=CARTESIAN_POINT('Ctrl Pts',(-1.34868882604486,8.3,-5.76247311821926));
#7027=CARTESIAN_POINT('Ctrl Pts',(-1.50903146648277,8.3,-5.71605545263778));
#7028=CARTESIAN_POINT('Ctrl Pts',(-1.66705356856492,8.3,-5.66295232937678));
#7029=CARTESIAN_POINT('Ctrl Pts',(-1.82599384965303,8.3,-5.609540653247));
#7030=CARTESIAN_POINT('Ctrl Pts',(-1.9825872207674,8.3,-5.54936526648028));
#7031=CARTESIAN_POINT('Ctrl Pts',(-2.13642352422745,8.3,-5.48263604924761));
#7032=CARTESIAN_POINT('Ctrl Pts',(-2.28768599205298,8.3,-5.4170232787399));
#7033=CARTESIAN_POINT('Ctrl Pts',(-2.4362834246494,8.3,-5.34507368123341));
#7034=CARTESIAN_POINT('Ctrl Pts',(-2.58179872151287,8.3,-5.26694569713197));
#7035=CARTESIAN_POINT('Ctrl Pts',(-2.60646041869026,8.3,-5.25370469273917));
#7036=CARTESIAN_POINT('Ctrl Pts',(-2.63102642675518,8.3,-5.24028990608395));
#7037=CARTESIAN_POINT('Ctrl Pts',(-2.6554886991327,8.3,-5.22670579504321));
#7038=CARTESIAN_POINT('Ctrl Pts',(-2.80112806843001,8.3,-5.14583099592785));
#7039=CARTESIAN_POINT('Ctrl Pts',(-2.94316194334002,8.3,-5.05892084067408));
#7040=CARTESIAN_POINT('Ctrl Pts',(-3.08119061303542,8.3,-4.96618580433049));
#7041=CARTESIAN_POINT('Ctrl Pts',(-3.21764582792433,8.3,-4.87450789900895));
#7042=CARTESIAN_POINT('Ctrl Pts',(-3.35018719145227,8.3,-4.77713671780246));
#7043=CARTESIAN_POINT('Ctrl Pts',(-3.47839758986081,8.3,-4.67423580463924));
#7044=CARTESIAN_POINT('Ctrl Pts',(-3.56744072375566,8.3,-4.60277030806151));
#7045=CARTESIAN_POINT('Ctrl Pts',(-3.65439422118513,8.3,-4.52863676874685));
#7046=CARTESIAN_POINT('Ctrl Pts',(-3.73910725910336,8.3,-4.45188009763991));
#7047=CARTESIAN_POINT('Ctrl Pts',(-3.75876063510251,8.3,-4.43407259415782));
#7048=CARTESIAN_POINT('Ctrl Pts',(-3.77829337793546,8.3,-4.41612387178068));
#7049=CARTESIAN_POINT('Ctrl Pts',(-3.79770430502658,8.3,-4.39803540631438));
#7050=CARTESIAN_POINT('Ctrl Pts',(-3.81398597138455,8.3,-4.3828630058274));
#7051=CARTESIAN_POINT('Ctrl Pts',(-3.83017528350957,8.3,-4.36759847107536));
#7052=CARTESIAN_POINT('Ctrl Pts',(-3.84627028413662,8.3,-4.35224432329265));
#7053=CARTESIAN_POINT('Ctrl Pts',(-3.96456005511504,8.3,-4.23939943021864));
#7054=CARTESIAN_POINT('Ctrl Pts',(-4.07778515758341,8.3,-4.12169252496409));
#7055=CARTESIAN_POINT('Ctrl Pts',(-4.18575139419272,8.3,-3.99954002003756));
#7056=CARTESIAN_POINT('Ctrl Pts',(-4.29479385633522,8.3,-3.87616987847875));
#7057=CARTESIAN_POINT('Ctrl Pts',(-4.39847253362674,8.3,-3.74826446529249));
#7058=CARTESIAN_POINT('Ctrl Pts',(-4.4965491633756,8.3,-3.61621602114733));
#7059=CARTESIAN_POINT('Ctrl Pts',(-4.59428889495884,8.3,-3.48462117006219));
#7060=CARTESIAN_POINT('Ctrl Pts',(-4.68646536483248,8.3,-3.34891104116444));
#7061=CARTESIAN_POINT('Ctrl Pts',(-4.77279904473669,8.3,-3.20944712942274));
#7062=CARTESIAN_POINT('Ctrl Pts',(-4.85817670950206,8.3,-3.07152756990944));
#7063=CARTESIAN_POINT('Ctrl Pts',(-4.93784056291617,8.3,-2.92993626280302));
#7064=CARTESIAN_POINT('Ctrl Pts',(-5.01147262735716,8.3,-2.78500634378781));
#7065=CARTESIAN_POINT('Ctrl Pts',(-5.02847715256374,8.3,-2.75153635378018));
#7066=CARTESIAN_POINT('Ctrl Pts',(-5.04515977197685,8.3,-2.71788825872106));
#7067=CARTESIAN_POINT('Ctrl Pts',(-5.06151617656116,8.3,-2.68406608995707));
#7068=CARTESIAN_POINT('Ctrl Pts',(-5.07668696339054,8.3,-2.65269557024528));
#7069=CARTESIAN_POINT('Ctrl Pts',(-5.09157711232501,8.3,-2.62117529771103));
#7070=CARTESIAN_POINT('Ctrl Pts',(-5.10618306594737,8.3,-2.58950847728932));
#7071=CARTESIAN_POINT('Ctrl Pts',(-5.11513168051372,8.3,-2.57010719902826));
#7072=CARTESIAN_POINT('Ctrl Pts',(-5.12396969141371,8.3,-2.55065939005999));
#7073=CARTESIAN_POINT('Ctrl Pts',(-5.13269516351939,8.3,-2.53116909990626));
#7074=CARTESIAN_POINT('Ctrl Pts',(-5.19734786814374,8.3,-2.3867528486031));
#7075=CARTESIAN_POINT('Ctrl Pts',(-5.25585180790705,8.3,-2.23994832740122));
#7076=CARTESIAN_POINT('Ctrl Pts',(-5.30799422516825,8.3,-2.0910956070574));
#7077=CARTESIAN_POINT('Ctrl Pts',(-5.32109203762864,8.3,-2.05370483927775));
#7078=CARTESIAN_POINT('Ctrl Pts',(-5.33378824837068,8.3,-2.01618473283945));
#7079=CARTESIAN_POINT('Ctrl Pts',(-5.3460830492106,8.3,-1.97854200855163));
#7080=CARTESIAN_POINT('',(4.01894569416567,8.3,-4.34951467953003));
#7081=CARTESIAN_POINT('Origin',(0.,8.3,0.));
#7082=CARTESIAN_POINT('Ctrl Pts',(5.7004190101669,8.29999999999602,-0.942465275862588));
#7083=CARTESIAN_POINT('Ctrl Pts',(5.69308157102308,8.29999999999616,-1.00065322611411));
#7084=CARTESIAN_POINT('Ctrl Pts',(5.68484755436545,8.29999999999633,-1.05870894766428));
#7085=CARTESIAN_POINT('Ctrl Pts',(5.67571582313449,8.2999999999965,-1.11661186113819));
#7086=CARTESIAN_POINT('Ctrl Pts',(5.65015192958389,8.29999999999699,-1.27870860696663));
#7087=CARTESIAN_POINT('Ctrl Pts',(5.61755655358773,8.29999999999757,-1.43960812093312));
#7088=CARTESIAN_POINT('Ctrl Pts',(5.57815740471896,8.29999999999811,-1.59891529293241));
#7089=CARTESIAN_POINT('Ctrl Pts',(5.5385219841664,8.29999999999866,-1.75917780977671));
#7090=CARTESIAN_POINT('Ctrl Pts',(5.49200073680679,8.29999999999917,-1.91782953397673));
#7091=CARTESIAN_POINT('Ctrl Pts',(5.43877376971403,8.29999999999952,-2.07445841329743));
#7092=CARTESIAN_POINT('Ctrl Pts',(5.41330061896391,8.29999999999969,-2.14941724098724));
#7093=CARTESIAN_POINT('Ctrl Pts',(5.38629088447452,8.29999999999982,-2.22391255659538));
#7094=CARTESIAN_POINT('Ctrl Pts',(5.35776036607909,8.2999999999999,-2.29789767607203));
#7095=CARTESIAN_POINT('Ctrl Pts',(5.34065238552114,8.29999999999995,-2.34226195883903));
#7096=CARTESIAN_POINT('Ctrl Pts',(5.32299753541032,8.29999999999998,-2.38644277083247));
#7097=CARTESIAN_POINT('Ctrl Pts',(5.30479880185703,8.3,-2.43042982068563));
#7098=CARTESIAN_POINT('Ctrl Pts',(5.29476882136317,8.3,-2.45467267531711));
#7099=CARTESIAN_POINT('Ctrl Pts',(5.2845722177211,8.3,-2.47885978534283));
#7100=CARTESIAN_POINT('Ctrl Pts',(5.27421981045087,8.3,-2.50296580524864));
#7101=CARTESIAN_POINT('Ctrl Pts',(5.20841453611062,8.3,-2.65619618072994));
#7102=CARTESIAN_POINT('Ctrl Pts',(5.13624221607867,8.3,-2.80633929345262));
#7103=CARTESIAN_POINT('Ctrl Pts',(5.05795919000172,8.3,-2.95300076835818));
#7104=CARTESIAN_POINT('Ctrl Pts',(4.97922327157194,8.3,-3.10051072682104));
#7105=CARTESIAN_POINT('Ctrl Pts',(4.89430549809393,8.3,-3.24449935851359));
#7106=CARTESIAN_POINT('Ctrl Pts',(4.80341543353028,8.3,-3.38455370988749));
#7107=CARTESIAN_POINT('Ctrl Pts',(4.72356254677165,8.3,-3.50760064922022));
#7108=CARTESIAN_POINT('Ctrl Pts',(4.63909891021044,8.3,-3.6276109396592));
#7109=CARTESIAN_POINT('Ctrl Pts',(4.55013651917391,8.3,-3.74429054725833));
#7110=CARTESIAN_POINT('Ctrl Pts',(4.44900461522378,8.3,-3.87693121407459));
#7111=CARTESIAN_POINT('Ctrl Pts',(4.34205939002708,8.3,-4.00526870268092));
#7112=CARTESIAN_POINT('Ctrl Pts',(4.22965462419542,8.3,-4.12902997402521));
#7113=CARTESIAN_POINT('Ctrl Pts',(4.16141087509013,8.3,-4.20416854211067));
#7114=CARTESIAN_POINT('Ctrl Pts',(4.09115393761313,8.3,-4.27761967292471));
#7115=CARTESIAN_POINT('Ctrl Pts',(4.01895656654449,8.3,-4.3493154356095));
#7116=CARTESIAN_POINT('Origin',(0.,8.3,0.));
#7117=CARTESIAN_POINT('',(5.7,8.29999999998907,0.503868558003093));
#7118=CARTESIAN_POINT('Ctrl Pts',(5.59766750215059,8.3,1.0752653429135));
#7119=CARTESIAN_POINT('Ctrl Pts',(5.63436722237941,8.3,0.91646733558963));
#7120=CARTESIAN_POINT('Ctrl Pts',(5.66424826036456,8.29999999999096,0.756145423784756));
#7121=CARTESIAN_POINT('Ctrl Pts',(5.68730494638142,8.2999999999843,0.594754980344368));
#7122=CARTESIAN_POINT('Ctrl Pts',(5.69162614350801,8.29999999998305,0.564507792177607));
#7123=CARTESIAN_POINT('Ctrl Pts',(5.69570749487164,8.29999999998188,0.534223031118215));
#7124=CARTESIAN_POINT('Ctrl Pts',(5.69954876633503,8.29999999998088,0.503903645845191));
#7125=CARTESIAN_POINT('',(5.7,8.3,-0.803150428017689));
#7126=CARTESIAN_POINT('Origin',(5.7,7.53157781475622E-16,-1.60630085603538));
#7127=CARTESIAN_POINT('Ctrl Pts',(5.69954876633973,8.29999999997814,0.50390364584578));
#7128=CARTESIAN_POINT('Ctrl Pts',(5.69951704805269,8.30676838096542,0.41095661218999));
#7129=CARTESIAN_POINT('Ctrl Pts',(5.69951017649346,8.31226420508986,0.317780612731392));
#7130=CARTESIAN_POINT('Ctrl Pts',(5.69952604708587,8.31645481948226,0.224286264816124));
#7131=CARTESIAN_POINT('Ctrl Pts',(5.6995376243204,8.31951177692739,0.156084274326008));
#7132=CARTESIAN_POINT('Ctrl Pts',(5.69956184348416,8.32186645370846,0.0878749752609267));
#7133=CARTESIAN_POINT('Ctrl Pts',(5.69959735328705,8.32351489262981,0.0196263284677469));
#7134=CARTESIAN_POINT('Ctrl Pts',(5.69959954305934,8.32361654641482,0.0154176597824134));
#7135=CARTESIAN_POINT('Ctrl Pts',(5.69960177522056,8.32371551224374,0.0112089362852682));
#7136=CARTESIAN_POINT('Ctrl Pts',(5.69960404925171,8.32381178955615,0.00700015035487107));
#7137=CARTESIAN_POINT('Ctrl Pts',(5.69960477425542,8.32384248456596,0.0056583105989532));
#7138=CARTESIAN_POINT('Ctrl Pts',(5.69960550351443,8.32387290628341,0.0043164652434165));
#7139=CARTESIAN_POINT('Ctrl Pts',(5.69960623701144,8.32390305469127,0.00297461404121809));
#7140=CARTESIAN_POINT('Ctrl Pts',(5.69960670329434,8.32392221998722,0.00212160132034092));
#7141=CARTESIAN_POINT('Ctrl Pts',(5.6996071712898,8.3239412748325,0.00126858636336858));
#7142=CARTESIAN_POINT('Ctrl Pts',(5.69960764099331,8.32396021922294,0.000415569099531577));
#7143=CARTESIAN_POINT('Ctrl Pts',(5.69960807809082,8.3239778485269,-0.000378233196723911));
#7144=CARTESIAN_POINT('Ctrl Pts',(5.69960851666744,8.32399538217728,-0.00117203741696857));
#7145=CARTESIAN_POINT('Ctrl Pts',(5.6996089567195,8.32401282017054,-0.00196584360851983));
#7146=CARTESIAN_POINT('Ctrl Pts',(5.69960952763747,8.32403544400209,-0.00299571770489107));
#7147=CARTESIAN_POINT('Ctrl Pts',(5.69961010103885,8.32405790681912,-0.00402559497684119));
#7148=CARTESIAN_POINT('Ctrl Pts',(5.69961067691558,8.32408020861422,-0.00505547553412344));
#7149=CARTESIAN_POINT('Ctrl Pts',(5.69961192349027,8.32412848431577,-0.00728481206051136));
#7150=CARTESIAN_POINT('Ctrl Pts',(5.69961318166323,8.32417600548525,-0.00951416276694051));
#7151=CARTESIAN_POINT('Ctrl Pts',(5.69961445135135,8.3242227720504,-0.0117435287904572));
#7152=CARTESIAN_POINT('Ctrl Pts',(5.69962356611446,8.32455849714252,-0.0277475716617252));
#7153=CARTESIAN_POINT('Ctrl Pts',(5.69963327449225,8.32485532686695,-0.0437520541294956));
#7154=CARTESIAN_POINT('Ctrl Pts',(5.69964354295982,8.32511323958586,-0.0597573965021156));
#7155=CARTESIAN_POINT('Ctrl Pts',(5.69973923877431,8.32751682780899,-0.20891736270124));
#7156=CARTESIAN_POINT('Ctrl Pts',(5.69988623423479,8.32653518472458,-0.357827878468832));
#7157=CARTESIAN_POINT('Ctrl Pts',(5.70003755184629,8.32219498911073,-0.50682768257706));
#7158=CARTESIAN_POINT('Ctrl Pts',(5.70006792035993,8.32132393855422,-0.536731026535546));
#7159=CARTESIAN_POINT('Ctrl Pts',(5.7000983579766,8.32031761215037,-0.566637835835615));
#7160=CARTESIAN_POINT('Ctrl Pts',(5.70012834230331,8.31917622555846,-0.596550628759842));
#7161=CARTESIAN_POINT('Ctrl Pts',(5.70024424909007,8.31476410540072,-0.712180895988901));
#7162=CARTESIAN_POINT('Ctrl Pts',(5.70035371437633,8.30835182213457,-0.827433528647866));
#7163=CARTESIAN_POINT('Ctrl Pts',(5.70041901016788,8.29999999999545,-0.942465275862708));
#7164=CARTESIAN_POINT('Ctrl Pts',(-1.24681690460401,7.97055830128784,5.78927025163739));
#7165=CARTESIAN_POINT('Ctrl Pts',(-0.292949635676819,7.99137289763017,5.99470164176994));
#7166=CARTESIAN_POINT('Ctrl Pts',(1.71732269986537,8.03300209031485,5.92494350046508));
#7167=CARTESIAN_POINT('Ctrl Pts',(4.32284104866318,8.09544587934184,4.400555093458));
#7168=CARTESIAN_POINT('Ctrl Pts',(5.89297086783658,8.15788966836884,1.82325601831897));
#7169=CARTESIAN_POINT('Ctrl Pts',(6.05263321119466,8.22033345739585,-1.19078360016239));
#7170=CARTESIAN_POINT('Ctrl Pts',(4.76320717666572,8.28277724642285,-3.91962342344269));
#7171=CARTESIAN_POINT('Ctrl Pts',(2.33357466663512,8.34522103544986,-5.7102046350715));
#7172=CARTESIAN_POINT('Ctrl Pts',(-0.654732836507687,8.40766482447685,-6.1337713857371));
#7173=CARTESIAN_POINT('Ctrl Pts',(-3.48628435029727,8.47010861350388,-5.08897847584647));
#7174=CARTESIAN_POINT('Ctrl Pts',(-5.48325537464869,8.53255240253085,-2.82591397192429));
#7175=CARTESIAN_POINT('Ctrl Pts',(-6.16757248876021,8.59499619155789,0.113647892805977));
#7176=CARTESIAN_POINT('Ctrl Pts',(-5.37542254464488,8.65743998058486,3.02600574528218));
#7177=CARTESIAN_POINT('Ctrl Pts',(-3.29643651476034,8.7198837696119,5.2139598349293));
#7178=CARTESIAN_POINT('Ctrl Pts',(-0.428309541396124,8.78232755863887,6.153732635217));
#7179=CARTESIAN_POINT('Ctrl Pts',(2.54235176736122,8.84477134766589,5.6203488013717));
#7180=CARTESIAN_POINT('Ctrl Pts',(4.90439343258387,8.90721513669289,3.74149681456606));
#7181=CARTESIAN_POINT('Ctrl Pts',(6.09236107762183,8.96965892571989,0.966959153665205));
#7182=CARTESIAN_POINT('Ctrl Pts',(5.82186424868136,9.0321027147469,-2.03906105555735));
#7183=CARTESIAN_POINT('Ctrl Pts',(4.15765787340395,9.09454650377389,-4.55694573754223));
#7184=CARTESIAN_POINT('Ctrl Pts',(1.49814013763355,9.15699029280091,-5.98393261225506));
#7185=CARTESIAN_POINT('Ctrl Pts',(-1.52002083023999,9.21943408182789,-5.97841200340308));
#7186=CARTESIAN_POINT('Ctrl Pts',(-4.17430049350312,9.28187787085491,-4.54170549355431));
#7187=CARTESIAN_POINT('Ctrl Pts',(-5.82928469066914,9.3443216598819,-2.01774958660972));
#7188=CARTESIAN_POINT('Ctrl Pts',(-6.08878292341734,9.40676544890892,0.989240068612504));
#7189=CARTESIAN_POINT('Ctrl Pts',(-4.89067330753457,9.46920923793591,3.75941325191339));
#7190=CARTESIAN_POINT('Ctrl Pts',(-2.52177407989346,9.53165302696292,5.6296117886494));
#7191=CARTESIAN_POINT('Ctrl Pts',(0.450818486333096,9.59409681598992,6.15212451863251));
#7192=CARTESIAN_POINT('Ctrl Pts',(3.31548857077701,9.65654060501693,5.20186590922854));
#7193=CARTESIAN_POINT('Ctrl Pts',(5.38645616621455,9.71898439404393,3.00632057006354));
#7194=CARTESIAN_POINT('Ctrl Pts',(6.16794754269539,9.78142818307093,0.0910851857338037));
#7195=CARTESIAN_POINT('Ctrl Pts',(5.47287966935978,9.84387197209794,-2.84595529220771));
#7196=CARTESIAN_POINT('Ctrl Pts',(3.46764645446633,9.90631576112494,-5.10169594030673));
#7197=CARTESIAN_POINT('Ctrl Pts',(0.632285322302831,9.96875955015194,-6.13612977957001));
#7198=CARTESIAN_POINT('Ctrl Pts',(-2.35444005780816,10.031203339179,-5.70162129702685));
#7199=CARTESIAN_POINT('Ctrl Pts',(-4.77753057860006,10.093647128206,-3.90218848482024));
#7200=CARTESIAN_POINT('Ctrl Pts',(-6.0569169873978,10.156090917233,-1.16860173211182));
#7201=CARTESIAN_POINT('Ctrl Pts',(-5.88632400819838,10.21853470626,1.84473929622308));
#7202=CARTESIAN_POINT('Ctrl Pts',(-4.30659028945808,10.280978495287,4.41646391123805));
#7203=CARTESIAN_POINT('Ctrl Pts',(-1.6958919454381,10.343422284314,5.9309210001416));
#7204=CARTESIAN_POINT('Ctrl Pts',(1.32078989980397,10.405866073341,6.02556117229743));
#7205=CARTESIAN_POINT('Ctrl Pts',(4.0212847914234,10.468309862368,4.67772829766643));
#7206=CARTESIAN_POINT('Ctrl Pts',(5.75911500182604,10.530753651395,2.21008321025808));
#7207=CARTESIAN_POINT('Ctrl Pts',(6.11825733139315,10.593197440422,-0.786638816342288));
#7208=CARTESIAN_POINT('Ctrl Pts',(5.01273586592397,10.655641229449,-3.59504555450998));
#7209=CARTESIAN_POINT('Ctrl Pts',(2.70720394989288,10.718085018476,-5.54282600973609));
#7210=CARTESIAN_POINT('Ctrl Pts',(-0.246411790733502,10.780528807503,-6.16369650695993));
#7211=CARTESIAN_POINT('Ctrl Pts',(-3.14103844198215,10.84297259653,-5.30902541965216));
#7212=CARTESIAN_POINT('Ctrl Pts',(-5.28372462462992,10.905416385557,-3.18341443918349));
#7213=CARTESIAN_POINT('Ctrl Pts',(-6.16152773004449,10.967860174584,-0.295718501983167));
#7214=CARTESIAN_POINT('Ctrl Pts',(-5.56430843945709,11.030303963611,2.66277017241616));
#7215=CARTESIAN_POINT('Ctrl Pts',(-3.63503646225408,11.092747752638,4.98381212713781));
#7216=CARTESIAN_POINT('Ctrl Pts',(-0.835564686068762,11.155191541665,6.11176775212519));
#7217=CARTESIAN_POINT('Ctrl Pts',(2.1639348558361,11.217635330692,5.77661313748983));
#7218=CARTESIAN_POINT('Ctrl Pts',(4.64540502001312,11.280079119719,4.0585817227893));
#7219=CARTESIAN_POINT('Ctrl Pts',(6.01480091572461,11.342522908746,1.36895702807681));
#7220=CARTESIAN_POINT('Ctrl Pts',(5.94429968739555,11.404966697773,-1.648385460671));
#7221=CARTESIAN_POINT('Ctrl Pts',(4.45077878738636,11.4674104868,-4.27111713563021));
#7222=CARTESIAN_POINT('Ctrl Pts',(1.89177564357687,11.529854275827,-5.87137618577552));
#7223=CARTESIAN_POINT('Ctrl Pts',(-1.12010405370176,11.592298064854,-6.06607289021517));
#7224=CARTESIAN_POINT('Ctrl Pts',(-3.86383944692955,11.654741853881,-4.80859835387337));
#7225=CARTESIAN_POINT('Ctrl Pts',(-5.68260136466898,11.7171856429081,-2.39998231884836));
#7226=CARTESIAN_POINT('Ctrl Pts',(-6.14099217840986,11.779629431935,0.583171042860805));
#7227=CARTESIAN_POINT('Ctrl Pts',(-5.12927664942361,11.842073220962,3.4267177377485));
#7228=CARTESIAN_POINT('Ctrl Pts',(-2.88965170175568,11.9045170099891,5.44993453566765));
#7229=CARTESIAN_POINT('Ctrl Pts',(0.0417336604522051,11.966960799016,6.16847888073777));
#7230=CARTESIAN_POINT('Ctrl Pts',(2.96312830501162,12.0294045880431,5.41033677773958));
#7231=CARTESIAN_POINT('Ctrl Pts',(5.17517280077471,12.0918483770701,3.35700162088793));
#7232=CARTESIAN_POINT('Ctrl Pts',(6.14832069186927,12.1542921660971,0.50002606977502));
#7233=CARTESIAN_POINT('Ctrl Pts',(5.64960785042371,12.2167359551241,-2.47665188045338));
#7234=CARTESIAN_POINT('Ctrl Pts',(3.79842229878172,12.2791797441511,-4.86043840004585));
#7235=CARTESIAN_POINT('Ctrl Pts',(1.03792363428031,12.3416235331781,-6.08067331221838));
#7236=CARTESIAN_POINT('Ctrl Pts',(-1.971045973302,12.4040673222051,-5.84524175476536));
#7237=CARTESIAN_POINT('Ctrl Pts',(-4.50816231955864,12.4665111112321,-4.21050423358463));
#7238=CARTESIAN_POINT('Ctrl Pts',(-5.96605924532372,12.5289549002591,-1.56780435061579));
#7239=CARTESIAN_POINT('Ctrl Pts',(-5.99572742843187,12.5913986892861,1.45021584754555));
#7240=CARTESIAN_POINT('Ctrl Pts',(-4.59006453380475,12.6538424783131,4.12106551464913));
#7241=CARTESIAN_POINT('Ctrl Pts',(-2.08557545789749,12.7162862673401,5.80536376206851));
#7242=CARTESIAN_POINT('Ctrl Pts',(0.918184357951527,12.7787300563671,6.09990253080618));
#7243=CARTESIAN_POINT('Ctrl Pts',(3.70213789344684,12.8411738453941,4.93417150273756));
#7244=CARTESIAN_POINT('Ctrl Pts',(5.59982806291129,12.9036176344211,2.58723772899857));
#7245=CARTESIAN_POINT('Ctrl Pts',(6.15696242082298,12.9660614234481,-0.379060877823266));
#7246=CARTESIAN_POINT('Ctrl Pts',(5.24016728268239,13.0285052124751,-3.2546152230375));
#7247=CARTESIAN_POINT('Ctrl Pts',(3.06891636029469,13.0909490015021,-5.35103969094214));
#7248=CARTESIAN_POINT('Ctrl Pts',(0.162990441506534,13.1533927905291,-6.1664663719589));
#7249=CARTESIAN_POINT('Ctrl Pts',(-2.78195413662875,13.2158365795561,-5.5056883840458));
#7250=CARTESIAN_POINT('Ctrl Pts',(-5.06092026981297,13.2782803685831,-3.52689090037086));
#7251=CARTESIAN_POINT('Ctrl Pts',(-6.12834097637281,13.3407241576101,-0.703782834283753));
#7252=CARTESIAN_POINT('Ctrl Pts',(-5.72868394076669,13.4031679466371,2.28780543476151));
#7253=CARTESIAN_POINT('Ctrl Pts',(-3.95762398652325,13.4656117356641,4.73171066125331));
#7254=CARTESIAN_POINT('Ctrl Pts',(-1.23913925861344,13.5280555246911,6.04288071190268));
#7255=CARTESIAN_POINT('Ctrl Pts',(1.77598588678696,13.5904993137182,5.90743155105974));
#7256=CARTESIAN_POINT('Ctrl Pts',(4.36595365681425,13.6529431027451,4.35778866709627));
#7257=CARTESIAN_POINT('Ctrl Pts',(5.91074566753984,13.7153868917721,1.76492465963325));
#7258=CARTESIAN_POINT('Ctrl Pts',(6.04055058112383,13.7778306807992,-1.25044875041205));
#7259=CARTESIAN_POINT('Ctrl Pts',(4.72429409862023,13.8402744698262,-3.96647433752755));
#7260=CARTESIAN_POINT('Ctrl Pts',(2.27707790838282,13.9027182588532,-5.73295644494857));
#7261=CARTESIAN_POINT('Ctrl Pts',(-0.715253237018746,13.9651620478801,-6.12701282905925));
#7262=CARTESIAN_POINT('Ctrl Pts',(-3.53635825318114,14.0276058369072,-5.05430941926592));
#7263=CARTESIAN_POINT('Ctrl Pts',(-5.51088627541168,14.0900496259342,-2.7716431696742));
#7264=CARTESIAN_POINT('Ctrl Pts',(-6.16615046662584,14.1524934149612,0.174533158604779));
#7265=CARTESIAN_POINT('Ctrl Pts',(-5.34528561421953,14.2149372039882,3.07892758975265));
#7266=CARTESIAN_POINT('Ctrl Pts',(-3.2448004566809,14.2773809930152,5.2462504130899));
#7267=CARTESIAN_POINT('Ctrl Pts',(-0.367535001485869,14.3398247820422,6.15766119750066));
#7268=CARTESIAN_POINT('Ctrl Pts',(2.59771550908152,14.4022685710692,5.59497520409161));
#7269=CARTESIAN_POINT('Ctrl Pts',(4.94109288652103,14.4647123600962,3.69289513624388));
#7270=CARTESIAN_POINT('Ctrl Pts',(6.10161059219337,14.5271561491232,0.906764347422279));
#7271=CARTESIAN_POINT('Ctrl Pts',(5.80144960428736,14.5895999381502,-2.09643885897885));
#7272=CARTESIAN_POINT('Ctrl Pts',(4.11246615699774,14.6520437271772,-4.59777071068912));
#7273=CARTESIAN_POINT('Ctrl Pts',(1.43898991017184,14.7144875162042,-5.99843158158416));
#7274=CARTESIAN_POINT('Ctrl Pts',(-1.57896946455991,14.7769313052312,-5.96311402125683));
#7275=CARTESIAN_POINT('Ctrl Pts',(-4.21893568160894,14.8393750942582,-4.50027278228437));
#7276=CARTESIAN_POINT('Ctrl Pts',(-5.84892111299653,14.9018188832852,-1.96010081742392));
#7277=CARTESIAN_POINT('Ctrl Pts',(-6.0787197705665,14.9642626723122,1.0493042225429));
#7278=CARTESIAN_POINT('Ctrl Pts',(-4.85331962137221,15.0267064613392,3.80751389404242));
#7279=CARTESIAN_POINT('Ctrl Pts',(-2.46607204567475,15.0891502503662,5.65423399463306));
#7280=CARTESIAN_POINT('Ctrl Pts',(0.511534229503636,15.1515940393932,6.14737392164887));
#7281=CARTESIAN_POINT('Ctrl Pts',(3.36668314055132,15.2140378284202,5.16887976564072));
#7282=CARTESIAN_POINT('Ctrl Pts',(5.41587397591902,15.2764816174472,2.95299550922208));
#7283=CARTESIAN_POINT('Ctrl Pts',(6.16854619473452,15.3389254064742,0.0301868174630434));
#7284=CARTESIAN_POINT('Ctrl Pts',(5.4445158510282,15.4013691955012,-2.8998483664539));
#7285=CARTESIAN_POINT('Ctrl Pts',(3.41711024594059,15.4638129845283,-5.13568213264899));
#7286=CARTESIAN_POINT('Ctrl Pts',(0.571674703603426,15.5262567735552,-6.14207305669533));
#7287=CARTESIAN_POINT('Ctrl Pts',(-2.41061537027015,15.5887005625823,-5.67809888405791));
#7288=CARTESIAN_POINT('Ctrl Pts',(-4.81582264664873,15.6511443516092,-3.85483146668526));
#7289=CARTESIAN_POINT('Ctrl Pts',(-6.06815898416272,15.7135881406363,-1.10874701508093));
#7290=CARTESIAN_POINT('Ctrl Pts',(-5.8678246860317,15.7760319296633,1.90276295279046));
#7291=CARTESIAN_POINT('Ctrl Pts',(-4.26277824394782,15.8384757186903,4.45876608979006));
#7292=CARTESIAN_POINT('Ctrl Pts',(-1.63725544364173,15.9009195077173,5.94737488416258));
#7293=CARTESIAN_POINT('Ctrl Pts',(1.38021372988568,15.9633632967443,6.01222782838217));
#7294=CARTESIAN_POINT('Ctrl Pts',(4.06727034147368,16.0258070857713,4.63779962589109));
#7295=CARTESIAN_POINT('Ctrl Pts',(5.78065368446266,16.0882508747983,2.153117827869));
#7296=CARTESIAN_POINT('Ctrl Pts',(6.11019295155285,16.1506946638253,-0.847003834534969));
#7297=CARTESIAN_POINT('Ctrl Pts',(4.97699897404843,16.2131384528523,-3.64435928689994));
#7298=CARTESIAN_POINT('Ctrl Pts',(2.65234968356173,16.2755822418793,-5.56928312783225));
#7299=CARTESIAN_POINT('Ctrl Pts',(-0.307251742129611,16.3380260309063,-6.16096337970708));
#7300=CARTESIAN_POINT('Ctrl Pts',(-3.19329946058548,16.4004698199333,-5.27775633723897));
#7301=CARTESIAN_POINT('Ctrl Pts',(-5.3148958260189,16.4629136089603,-3.13109497865591));
#7302=CARTESIAN_POINT('Ctrl Pts',(-6.16414696443675,16.5253573979873,-0.234873542195405));
#7303=CARTESIAN_POINT('Ctrl Pts',(-5.53774868945069,16.5878011870143,2.71757481951634));
#7304=CARTESIAN_POINT('Ctrl Pts',(-3.58565591387794,16.6502449760413,5.01945664247009));
#7305=CARTESIAN_POINT('Ctrl Pts',(-0.77518469064859,16.7126887650683,6.11971912757133));
#7306=CARTESIAN_POINT('Ctrl Pts',(2.22085984501944,16.7751325540953,5.75496784558871));
#7307=CARTESIAN_POINT('Ctrl Pts',(4.68524749298197,16.8375763431223,4.01252153733673));
#7308=CARTESIAN_POINT('Ctrl Pts',(6.02802309575729,16.9000201321493,1.30950829168906));
#7309=CARTESIAN_POINT('Ctrl Pts',(5.92773588509352,16.9624639211763,-1.70699095858057));
#7310=CARTESIAN_POINT('Ctrl Pts',(4.40839503384096,17.0249077102033,-4.31485011669742));
#7311=CARTESIAN_POINT('Ctrl Pts',(1.83371675092299,17.0873514992303,-5.88976647457566));
#7312=CARTESIAN_POINT('Ctrl Pts',(-1.17993623620454,17.1497952882573,-6.05471962677233));
#7313=CARTESIAN_POINT('Ctrl Pts',(-3.91112741224889,17.2122390772843,-4.77021622821352));
#7314=CARTESIAN_POINT('Ctrl Pts',(-5.70601328603105,17.2746828663113,-2.34376596086845));
#7315=CARTESIAN_POINT('Ctrl Pts',(-6.13494580775769,17.3371266553383,0.6437760752231));
#7316=CARTESIAN_POINT('Ctrl Pts',(-5.09517567702084,17.3995704443654,3.47717920299426));
#7317=CARTESIAN_POINT('Ctrl Pts',(-2.83574521730131,17.4620142333923,5.47821900203204));
#7318=CARTESIAN_POINT('Ctrl Pts',(0.10270841786043,17.5244580224194,6.1677239836432));
#7319=CARTESIAN_POINT('Ctrl Pts',(3.01624408604248,17.5869018114463,5.38090247783587));
#7320=CARTESIAN_POINT('Ctrl Pts',(5.20838983525447,17.6493456004734,3.30557529988263));
#7321=CARTESIAN_POINT('Ctrl Pts',(5.83748602112737,17.690974793158,1.39499971900532));
#7322=CARTESIAN_POINT('Ctrl Pts',(5.90697372543353,17.7117893895004,0.421739074710754));
#7323=CARTESIAN_POINT('Ctrl Pts',(-1.21508720140584,8.05756883585651,5.64194162131479));
#7324=CARTESIAN_POINT('Ctrl Pts',(-0.285494487324464,8.07838343219884,5.84214507700691));
#7325=CARTESIAN_POINT('Ctrl Pts',(1.67361929853919,8.12001262488351,5.77416218041607));
#7326=CARTESIAN_POINT('Ctrl Pts',(4.21283093976876,8.18245641391052,4.28856727350867));
#7327=CARTESIAN_POINT('Ctrl Pts',(5.74300320546258,8.24490020293752,1.77685676586906));
#7328=CARTESIAN_POINT('Ctrl Pts',(5.89860237102129,8.30734399196452,-1.16047986425148));
#7329=CARTESIAN_POINT('Ctrl Pts',(4.64199038097674,8.36978778099153,-3.81987462519081));
#7330=CARTESIAN_POINT('Ctrl Pts',(2.27418853600947,8.43223157001852,-5.56488811136821));
#7331=CARTESIAN_POINT('Ctrl Pts',(-0.638070824226853,8.49467535904554,-5.97767569531445));
#7332=CARTESIAN_POINT('Ctrl Pts',(-3.39756341036548,8.55711914807253,-4.95947126751125));
#7333=CARTESIAN_POINT('Ctrl Pts',(-5.34371438434382,8.61956293709954,-2.75399851163369));
#7334=CARTESIAN_POINT('Ctrl Pts',(-6.01061660871169,8.68200672612653,0.110755716822074));
#7335=CARTESIAN_POINT('Ctrl Pts',(-5.23862574531014,8.74445051515355,2.94899823614498));
#7336=CARTESIAN_POINT('Ctrl Pts',(-3.21254693013993,8.80689430418054,5.08127203013734));
#7337=CARTESIAN_POINT('Ctrl Pts',(-0.417409677450375,8.86933809320755,5.99712895960494));
#7338=CARTESIAN_POINT('Ctrl Pts',(2.47765255875586,8.93178188223455,5.47731897984847));
#7339=CARTESIAN_POINT('Ctrl Pts',(4.77958364903967,8.99422567126155,3.64628108320673));
#7340=CARTESIAN_POINT('Ctrl Pts',(5.93731922018861,9.05666946028857,0.942351429116993));
#7341=CARTESIAN_POINT('Ctrl Pts',(5.67370614784994,9.11911324931556,-1.98716987421642));
#7342=CARTESIAN_POINT('Ctrl Pts',(4.05185143956794,9.18155703834258,-4.44097799985083));
#7343=CARTESIAN_POINT('Ctrl Pts',(1.46001461836858,9.24400082736957,-5.83165010385827));
#7344=CARTESIAN_POINT('Ctrl Pts',(-1.48133847870913,9.30644461639657,-5.82626998658904));
#7345=CARTESIAN_POINT('Ctrl Pts',(-4.06807052883896,9.36888840542358,-4.42612559822902));
#7346=CARTESIAN_POINT('Ctrl Pts',(-5.68093775022464,9.43133219445059,-1.96640075160842));
#7347=CARTESIAN_POINT('Ctrl Pts',(-5.93383212488016,9.49377598347758,0.964065326713449));
#7348=CARTESIAN_POINT('Ctrl Pts',(-4.76621268150823,9.55621977250459,3.66374157290266));
#7349=CARTESIAN_POINT('Ctrl Pts',(-2.45759854394077,9.6186635615316,5.48634623737633));
#7350=CARTESIAN_POINT('Ctrl Pts',(0.439345802000088,9.68110735055859,5.99556176728265));
#7351=CARTESIAN_POINT('Ctrl Pts',(3.23111413863772,9.74355113958561,5.0694858775118));
#7352=CARTESIAN_POINT('Ctrl Pts',(5.24937857702502,9.80599492861259,2.92981402042149));
#7353=CARTESIAN_POINT('Ctrl Pts',(6.01098211806178,9.86843871763962,0.088767198306441));
#7354=CARTESIAN_POINT('Ctrl Pts',(5.33360272588332,9.9308825066666,-2.77352980904052));
#7355=CARTESIAN_POINT('Ctrl Pts',(3.37939982227031,9.99332629569362,-4.97186509072855));
#7356=CARTESIAN_POINT('Ctrl Pts',(0.616194567085163,10.0557700847206,-5.97997407140453));
#7357=CARTESIAN_POINT('Ctrl Pts',(-2.29452293288289,10.1182138737476,-5.55652320697455));
#7358=CARTESIAN_POINT('Ctrl Pts',(-4.65594927286116,10.1806576627746,-3.80288338076734));
#7359=CARTESIAN_POINT('Ctrl Pts',(-5.90277713125986,10.2431014518016,-1.13886249295019));
#7360=CARTESIAN_POINT('Ctrl Pts',(-5.73652549887544,10.3055452408286,1.79779332514186));
#7361=CARTESIAN_POINT('Ctrl Pts',(-4.19699373909371,10.3679890298556,4.30407123467785));
#7362=CARTESIAN_POINT('Ctrl Pts',(-1.65273392609604,10.4304328188826,5.77998756129319));
#7363=CARTESIAN_POINT('Ctrl Pts',(1.28717768990118,10.4928766079096,5.87221927671247));
#7364=CARTESIAN_POINT('Ctrl Pts',(3.91894885706451,10.5553203969366,4.55868681693376));
#7365=CARTESIAN_POINT('Ctrl Pts',(5.61255377939055,10.6177641859636,2.15383976020075));
#7366=CARTESIAN_POINT('Ctrl Pts',(5.96255645141775,10.6802079749906,-0.766619985931414));
#7367=CARTESIAN_POINT('Ctrl Pts',(4.88516892273511,10.7426517640177,-3.50355679781504));
#7368=CARTESIAN_POINT('Ctrl Pts',(2.63830948951959,10.8050955530446,-5.40176903214899));
#7369=CARTESIAN_POINT('Ctrl Pts',(-0.240140963833724,10.8675393420717,-6.00683926509291));
#7370=CARTESIAN_POINT('Ctrl Pts',(-3.06110351558673,10.9299831310987,-5.17391833198355));
#7371=CARTESIAN_POINT('Ctrl Pts',(-5.14926140593179,10.9924269201257,-3.10240110439548));
#7372=CARTESIAN_POINT('Ctrl Pts',(-6.00472568044153,11.0548707091527,-0.288192889951845));
#7373=CARTESIAN_POINT('Ctrl Pts',(-5.42270476482368,11.1173144981797,2.59500648799411));
#7374=CARTESIAN_POINT('Ctrl Pts',(-3.54252999427477,11.1797582872067,4.85698125164557));
#7375=CARTESIAN_POINT('Ctrl Pts',(-0.814300762397261,11.2422020762337,5.95623202264084));
#7376=CARTESIAN_POINT('Ctrl Pts',(2.10886581525581,11.3046458652607,5.62960661258123));
#7377=CARTESIAN_POINT('Ctrl Pts',(4.52718612036879,11.3670896542877,3.95529663498366));
#7378=CARTESIAN_POINT('Ctrl Pts',(5.86173285324709,11.4295334433147,1.33411903379591));
#7379=CARTESIAN_POINT('Ctrl Pts',(5.79302578013179,11.4919772323417,-1.60643641327671));
#7380=CARTESIAN_POINT('Ctrl Pts',(4.33751284641062,11.5544210213687,-4.16242332618821));
#7381=CARTESIAN_POINT('Ctrl Pts',(1.84363266487121,11.6168648103957,-5.72195807710899));
#7382=CARTESIAN_POINT('Ctrl Pts',(-1.09159901094548,11.6793085994227,-5.9117000294734));
#7383=CARTESIAN_POINT('Ctrl Pts',(-3.76551027092649,11.7417523884497,-4.68622641778223));
#7384=CARTESIAN_POINT('Ctrl Pts',(-5.53798730463452,11.8041961774767,-2.33890620865391));
#7385=CARTESIAN_POINT('Ctrl Pts',(-5.98471272916303,11.8666399665037,0.568330175660983));
#7386=CARTESIAN_POINT('Ctrl Pts',(-4.99874391032897,11.9290837555307,3.33951268273111));
#7387=CARTESIAN_POINT('Ctrl Pts',(-2.81611420759419,11.9915275445577,5.31124151295713));
#7388=CARTESIAN_POINT('Ctrl Pts',(0.0406715986092707,12.0539713335847,6.01149993431252));
#7389=CARTESIAN_POINT('Ctrl Pts',(2.88772093660901,12.1164151226117,5.27265146121408));
#7390=CARTESIAN_POINT('Ctrl Pts',(5.04347207040972,12.1788589116387,3.27157074112266));
#7391=CARTESIAN_POINT('Ctrl Pts',(5.99185474245864,12.2413027006657,0.487301122971103));
#7392=CARTESIAN_POINT('Ctrl Pts',(5.50583342803819,12.3037464896927,-2.41362463980421));
#7393=CARTESIAN_POINT('Ctrl Pts',(3.70175789543865,12.3661902787198,-4.73674720908036));
#7394=CARTESIAN_POINT('Ctrl Pts',(1.01150996541163,12.4286340677467,-5.92592889166297));
#7395=CARTESIAN_POINT('Ctrl Pts',(-1.92088567832055,12.4910778567738,-5.69648872991037));
#7396=CARTESIAN_POINT('Ctrl Pts',(-4.39343604993517,12.5535216458007,-4.10335293562508));
#7397=CARTESIAN_POINT('Ctrl Pts',(-5.81423158849798,12.6159654348278,-1.52790597697798));
#7398=CARTESIAN_POINT('Ctrl Pts',(-5.84314475886851,12.6784092238548,1.41330993277494));
#7399=CARTESIAN_POINT('Ctrl Pts',(-4.4732539702166,12.7408530128818,4.01619030389676));
#7400=CARTESIAN_POINT('Ctrl Pts',(-2.03250055168463,12.8032968019088,5.65762557497176));
#7401=CARTESIAN_POINT('Ctrl Pts',(0.894817882046842,12.8657405909358,5.94466875419834));
#7402=CARTESIAN_POINT('Ctrl Pts',(3.6079237902181,12.9281843799628,4.80860390998793));
#7403=CARTESIAN_POINT('Ctrl Pts',(5.45732046477015,12.9906281689898,2.52139623700317));
#7404=CARTESIAN_POINT('Ctrl Pts',(6.00027655179639,13.0530719580168,-0.369414321778875));
#7405=CARTESIAN_POINT('Ctrl Pts',(5.10681253590743,13.1155157470438,-3.17178993035031));
#7406=CARTESIAN_POINT('Ctrl Pts',(2.99081683750785,13.1779595360708,-5.21486340028695));
#7407=CARTESIAN_POINT('Ctrl Pts',(0.15884256837933,13.2404033250978,-6.00953864099762));
#7408=CARTESIAN_POINT('Ctrl Pts',(-2.71115739114017,13.3028471141248,-5.36557650580429));
#7409=CARTESIAN_POINT('Ctrl Pts',(-4.93212710260636,13.3652909031518,-3.43713658193979));
#7410=CARTESIAN_POINT('Ctrl Pts',(-5.97238348208524,13.4277346921788,-0.685872569861341));
#7411=CARTESIAN_POINT('Ctrl Pts',(-5.58289714521927,13.4901784812058,2.22958406548745));
#7412=CARTESIAN_POINT('Ctrl Pts',(-3.85690812840598,13.5526222702328,4.61129540673861));
#7413=CARTESIAN_POINT('Ctrl Pts',(-1.2076049405016,13.6150660592598,5.88909805885834));
#7414=CARTESIAN_POINT('Ctrl Pts',(1.73078959143375,13.6775098482868,5.75709588502376));
#7415=CARTESIAN_POINT('Ctrl Pts',(4.25484639383436,13.7399536373138,4.24688919140205));
#7416=CARTESIAN_POINT('Ctrl Pts',(5.76032566198947,13.8023974263408,1.72000985665737));
#7417=CARTESIAN_POINT('Ctrl Pts',(5.8868272265681,13.8648412153678,-1.2186266219435));
#7418=CARTESIAN_POINT('Ctrl Pts',(4.60406758499461,13.9272850043948,-3.86553325066217));
#7419=CARTESIAN_POINT('Ctrl Pts',(2.21912953927964,13.9897287934218,-5.58706092029337));
#7420=CARTESIAN_POINT('Ctrl Pts',(-0.697051067286922,14.0521725824488,-5.97108913421722));
#7421=CARTESIAN_POINT('Ctrl Pts',(-3.44636300419033,14.1146163714758,-4.92568448873059));
#7422=CARTESIAN_POINT('Ctrl Pts',(-5.37064211828492,14.1770601605028,-2.7011088235162));
#7423=CARTESIAN_POINT('Ctrl Pts',(-6.0092307750025,14.2395039495298,0.170091539871264));
#7424=CARTESIAN_POINT('Ctrl Pts',(-5.2092557565698,14.3019477385568,3.00057329552491));
#7425=CARTESIAN_POINT('Ctrl Pts',(-3.16222493573025,14.3643915275839,5.11274085936484));
#7426=CARTESIAN_POINT('Ctrl Pts',(-0.35818176247457,14.4268353166108,6.00095754560916));
#7427=CARTESIAN_POINT('Ctrl Pts',(2.53160737260051,14.4892791056379,5.45259110425198));
#7428=CARTESIAN_POINT('Ctrl Pts',(4.81534915447432,14.5517228946649,3.59891624793857));
#7429=CARTESIAN_POINT('Ctrl Pts',(5.94633334787134,14.6141666836919,0.883688494417601));
#7430=CARTESIAN_POINT('Ctrl Pts',(5.6538110268961,14.6766104727189,-2.04308749477867));
#7431=CARTESIAN_POINT('Ctrl Pts',(4.00780978757238,14.7390542617459,-4.4807640359443));
#7432=CARTESIAN_POINT('Ctrl Pts',(1.40236967941758,14.8014980507729,-5.84578009519886));
#7433=CARTESIAN_POINT('Ctrl Pts',(-1.53878695477485,14.8639418397999,-5.81136131616229));
#7434=CARTESIAN_POINT('Ctrl Pts',(-4.11156981538171,14.9263856288269,-4.38574729007668));
#7435=CARTESIAN_POINT('Ctrl Pts',(-5.70007445374807,14.9888294178539,-1.91021906097221));
#7436=CARTESIAN_POINT('Ctrl Pts',(-5.92402506484617,15.0512732068809,1.02260093401441));
#7437=CARTESIAN_POINT('Ctrl Pts',(-4.72980959312084,15.1137169959079,3.71061812263066));
#7438=CARTESIAN_POINT('Ctrl Pts',(-2.40331404665692,15.1761607849349,5.51034184350795));
#7439=CARTESIAN_POINT('Ctrl Pts',(0.49851641652893,15.2386045739619,5.99093206618335));
#7440=CARTESIAN_POINT('Ctrl Pts',(3.28100587998687,15.3010483629889,5.03733918400028));
#7441=CARTESIAN_POINT('Ctrl Pts',(5.27804774563614,15.3634921520159,2.87784600594928));
#7442=CARTESIAN_POINT('Ctrl Pts',(6.01156553526456,15.4259359410429,0.029418606224431));
#7443=CARTESIAN_POINT('Ctrl Pts',(5.30596072607529,15.4883797300699,-2.82605138179042));
#7444=CARTESIAN_POINT('Ctrl Pts',(3.33014968781957,15.5508235190969,-5.00498638318705));
#7445=CARTESIAN_POINT('Ctrl Pts',(0.557126401760334,15.6132673081239,-5.98576610064533));
#7446=CARTESIAN_POINT('Ctrl Pts',(-2.34926866415705,15.6757110971509,-5.53359940570173));
#7447=CARTESIAN_POINT('Ctrl Pts',(-4.69326686266083,15.7381548861779,-3.75673153086854));
#7448=CARTESIAN_POINT('Ctrl Pts',(-5.91373303531991,15.8005986752049,-1.08053099267983));
#7449=CARTESIAN_POINT('Ctrl Pts',(-5.7184969579434,15.8630424642319,1.8543403628131));
#7450=CARTESIAN_POINT('Ctrl Pts',(-4.15429664734724,15.9254862532589,4.34529688341612));
#7451=CARTESIAN_POINT('Ctrl Pts',(-1.59558963922851,15.9879300422859,5.79602271754867));
#7452=CARTESIAN_POINT('Ctrl Pts',(1.34508926867765,16.0503738313129,5.85922524728961));
#7453=CARTESIAN_POINT('Ctrl Pts',(3.96376414077567,16.1128176203399,4.51977427262657));
#7454=CARTESIAN_POINT('Ctrl Pts',(5.63354433342479,16.175261409367,2.09832406514676));
#7455=CARTESIAN_POINT('Ctrl Pts',(5.95469729848594,16.2377051983939,-0.825448800930402));
#7456=CARTESIAN_POINT('Ctrl Pts',(4.85034148353723,16.300148987421,-3.55161556639553));
#7457=CARTESIAN_POINT('Ctrl Pts',(2.58485118564564,16.3625927764479,-5.42755285450977));
#7458=CARTESIAN_POINT('Ctrl Pts',(-0.299432625666818,16.425036565475,-6.00417569201134));
#7459=CARTESIAN_POINT('Ctrl Pts',(-3.11203456617071,16.4874803545019,-5.14344500290077));
#7460=CARTESIAN_POINT('Ctrl Pts',(-5.17963934492214,16.549924143529,-3.05141309915047));
#7461=CARTESIAN_POINT('Ctrl Pts',(-6.00727825907258,16.612367932556,-0.228896347183491));
#7462=CARTESIAN_POINT('Ctrl Pts',(-5.39682092238767,16.674811721583,2.6484164353754));
#7463=CARTESIAN_POINT('Ctrl Pts',(-3.49440611007919,16.73725551061,4.89171866515081));
#7464=CARTESIAN_POINT('Ctrl Pts',(-0.755457351319757,16.799699299637,5.96398104697835));
#7465=CARTESIAN_POINT('Ctrl Pts',(2.16434214505327,16.862143088664,5.60851216233545));
#7466=CARTESIAN_POINT('Ctrl Pts',(4.56601465950557,16.924586877691,3.91040861523423));
#7467=CARTESIAN_POINT('Ctrl Pts',(5.87461854774888,16.987030666718,1.2761831825432));
#7468=CARTESIAN_POINT('Ctrl Pts',(5.77688350285796,17.049474455745,-1.66355048526192));
#7469=CARTESIAN_POINT('Ctrl Pts',(4.29620769864562,17.111918244772,-4.20504336556837));
#7470=CARTESIAN_POINT('Ctrl Pts',(1.78705128782137,17.174362033799,-5.7398803594174));
#7471=CARTESIAN_POINT('Ctrl Pts',(-1.14990855015918,17.236805822826,-5.9006356903129));
#7472=CARTESIAN_POINT('Ctrl Pts',(-3.81159482530482,17.299249611853,-4.64882106220851));
#7473=CARTESIAN_POINT('Ctrl Pts',(-5.56080342615352,17.36169340088,-2.28412047641143));
#7474=CARTESIAN_POINT('Ctrl Pts',(-5.97882022997786,17.424137189907,0.627392896812972));
#7475=CARTESIAN_POINT('Ctrl Pts',(-4.965510758798,17.486580978934,3.38868997601121));
#7476=CARTESIAN_POINT('Ctrl Pts',(-2.76357956590668,17.549024767961,5.33880618019179));
#7477=CARTESIAN_POINT('Ctrl Pts',(0.100094635834681,17.611468556988,6.01076424826704));
#7478=CARTESIAN_POINT('Ctrl Pts',(2.93948499714185,17.673912346015,5.24396622205565));
#7479=CARTESIAN_POINT('Ctrl Pts',(5.07584377897092,17.736356135042,3.2214531462792));
#7480=CARTESIAN_POINT('Ctrl Pts',(5.68893036857742,17.7779853277267,1.35949897556647));
#7481=CARTESIAN_POINT('Ctrl Pts',(5.75664971040356,17.798799924069,0.411006419724897));
#7482=CARTESIAN_POINT('Ctrl Pts',(-1.18335749820768,8.14457937042518,5.49461299099219));
#7483=CARTESIAN_POINT('Ctrl Pts',(-0.278039338972112,8.16539396676751,5.68958851224387));
#7484=CARTESIAN_POINT('Ctrl Pts',(1.62991589721301,8.20702315945218,5.62338086036706));
#7485=CARTESIAN_POINT('Ctrl Pts',(4.10282083087435,8.26946694847918,4.17657945355934));
#7486=CARTESIAN_POINT('Ctrl Pts',(5.59303554308859,8.33191073750619,1.73045751341916));
#7487=CARTESIAN_POINT('Ctrl Pts',(5.74457153084791,8.39435452653319,-1.13017612834057));
#7488=CARTESIAN_POINT('Ctrl Pts',(4.52077358528777,8.45679831556019,-3.72012582693894));
#7489=CARTESIAN_POINT('Ctrl Pts',(2.21480240538381,8.5192421045872,-5.41957158766491));
#7490=CARTESIAN_POINT('Ctrl Pts',(-0.621408811946016,8.5816858936142,-5.82158000489181));
#7491=CARTESIAN_POINT('Ctrl Pts',(-3.3088424704337,8.6441296826412,-4.82996405917602));
#7492=CARTESIAN_POINT('Ctrl Pts',(-5.20417339403895,8.70657347166821,-2.6820830513431));
#7493=CARTESIAN_POINT('Ctrl Pts',(-5.85366072866318,8.76901726069521,0.107863540838175));
#7494=CARTESIAN_POINT('Ctrl Pts',(-5.10182894597541,8.83146104972222,2.87199072700778));
#7495=CARTESIAN_POINT('Ctrl Pts',(-3.12865734551953,8.89390483874922,4.94858422534538));
#7496=CARTESIAN_POINT('Ctrl Pts',(-0.406509813504619,8.95634862777622,5.84052528399286));
#7497=CARTESIAN_POINT('Ctrl Pts',(2.41295335015049,9.01879241680323,5.33428915832526));
#7498=CARTESIAN_POINT('Ctrl Pts',(4.65477386549547,9.08123620583023,3.5510653518474));
#7499=CARTESIAN_POINT('Ctrl Pts',(5.78227736275539,9.14367999485724,0.917743704568782));
#7500=CARTESIAN_POINT('Ctrl Pts',(5.52554804701853,9.20612378388423,-1.93527869287549));
#7501=CARTESIAN_POINT('Ctrl Pts',(3.94604500573194,9.26856757291125,-4.32501026215944));
#7502=CARTESIAN_POINT('Ctrl Pts',(1.42188909910361,9.33101136193823,-5.67936759546147));
#7503=CARTESIAN_POINT('Ctrl Pts',(-1.44265612717826,9.39345515096525,-5.67412796977501));
#7504=CARTESIAN_POINT('Ctrl Pts',(-3.96184056417479,9.45589893999225,-4.31054570290373));
#7505=CARTESIAN_POINT('Ctrl Pts',(-5.53259080978014,9.51834272901925,-1.91505191660712));
#7506=CARTESIAN_POINT('Ctrl Pts',(-5.77888132634298,9.58078651804626,0.938890584814391));
#7507=CARTESIAN_POINT('Ctrl Pts',(-4.6417520554819,9.64323030707325,3.56806989389193));
#7508=CARTESIAN_POINT('Ctrl Pts',(-2.39342300798807,9.70567409610027,5.34308068610324));
#7509=CARTESIAN_POINT('Ctrl Pts',(0.427873117667077,9.76811788512726,5.83899901593279));
#7510=CARTESIAN_POINT('Ctrl Pts',(3.14673970649843,9.83056167415427,4.93710584579507));
#7511=CARTESIAN_POINT('Ctrl Pts',(5.11230098783549,9.89300546318127,2.85330747077943));
#7512=CARTESIAN_POINT('Ctrl Pts',(5.85401669342817,9.95544925220828,0.0864492108790838));
#7513=CARTESIAN_POINT('Ctrl Pts',(5.19432578240687,10.0178930412353,-2.70110432587334));
#7514=CARTESIAN_POINT('Ctrl Pts',(3.29115319007428,10.0803368302623,-4.84203424115036));
#7515=CARTESIAN_POINT('Ctrl Pts',(0.600103811867498,10.1427806192893,-5.82381836323906));
#7516=CARTESIAN_POINT('Ctrl Pts',(-2.23460580795762,10.2052244083163,-5.41142511692224));
#7517=CARTESIAN_POINT('Ctrl Pts',(-4.53436796712225,10.2676681973433,-3.70357827671444));
#7518=CARTESIAN_POINT('Ctrl Pts',(-5.74863727512193,10.3301119863703,-1.10912325378857));
#7519=CARTESIAN_POINT('Ctrl Pts',(-5.5867269895525,10.3925557753973,1.75084735406063));
#7520=CARTESIAN_POINT('Ctrl Pts',(-4.08739718872933,10.4549995644243,4.19167855811764));
#7521=CARTESIAN_POINT('Ctrl Pts',(-1.60957590675398,10.5174433534513,5.62905412244479));
#7522=CARTESIAN_POINT('Ctrl Pts',(1.25356547999839,10.5798871424783,5.71887738112752));
#7523=CARTESIAN_POINT('Ctrl Pts',(3.8166129227056,10.6423309315053,4.43964533620109));
#7524=CARTESIAN_POINT('Ctrl Pts',(5.46599255695507,10.7047747205323,2.09759631014342));
#7525=CARTESIAN_POINT('Ctrl Pts',(5.80685557144234,10.7672185095593,-0.74660115552054));
#7526=CARTESIAN_POINT('Ctrl Pts',(4.75760197954624,10.8296622985863,-3.4120680411201));
#7527=CARTESIAN_POINT('Ctrl Pts',(2.5694150291463,10.8921060876133,-5.26071205456189));
#7528=CARTESIAN_POINT('Ctrl Pts',(-0.233870136933951,10.9545498766403,-5.84998202322589));
#7529=CARTESIAN_POINT('Ctrl Pts',(-2.9811685891913,11.0169936656673,-5.03881124431494));
#7530=CARTESIAN_POINT('Ctrl Pts',(-5.01479818723366,11.0794374546944,-3.02138776960747));
#7531=CARTESIAN_POINT('Ctrl Pts',(-5.84792363083857,11.1418812437213,-0.280667277920525));
#7532=CARTESIAN_POINT('Ctrl Pts',(-5.28110109019027,11.2043250327484,2.52724280357206));
#7533=CARTESIAN_POINT('Ctrl Pts',(-3.45002352629546,11.2667688217753,4.73015037615332));
#7534=CARTESIAN_POINT('Ctrl Pts',(-0.793036838725758,11.3292126108023,5.8006962931565));
#7535=CARTESIAN_POINT('Ctrl Pts',(2.05379677467553,11.3916563998294,5.48260008767262));
#7536=CARTESIAN_POINT('Ctrl Pts',(4.40896722072446,11.4541001888564,3.85201154717802));
#7537=CARTESIAN_POINT('Ctrl Pts',(5.70866479076957,11.5165439778834,1.29928103951501));
#7538=CARTESIAN_POINT('Ctrl Pts',(5.64175187286803,11.5789877669104,-1.56448736588241));
#7539=CARTESIAN_POINT('Ctrl Pts',(4.22424690543488,11.6414315559374,-4.0537295167462));
#7540=CARTESIAN_POINT('Ctrl Pts',(1.79548968616554,11.7038753449644,-5.57253996844246));
#7541=CARTESIAN_POINT('Ctrl Pts',(-1.06309396818919,11.7663191339914,-5.75732716873164));
#7542=CARTESIAN_POINT('Ctrl Pts',(-3.66718109492344,11.8287629230184,-4.56385448169108));
#7543=CARTESIAN_POINT('Ctrl Pts',(-5.39337324460005,11.8912067120454,-2.27783009845946));
#7544=CARTESIAN_POINT('Ctrl Pts',(-5.8284332799162,11.9536505010724,0.553489308461163));
#7545=CARTESIAN_POINT('Ctrl Pts',(-4.86821117123433,12.0160942900994,3.25230762771371));
#7546=CARTESIAN_POINT('Ctrl Pts',(-2.74257671343269,12.0785380791264,5.1725484902466));
#7547=CARTESIAN_POINT('Ctrl Pts',(0.039609536766334,12.1409818681534,5.85452098788729));
#7548=CARTESIAN_POINT('Ctrl Pts',(2.81231356820641,12.2034256571804,5.13496614468857));
#7549=CARTESIAN_POINT('Ctrl Pts',(4.91177134004474,12.2658694462074,3.1861398613574));
#7550=CARTESIAN_POINT('Ctrl Pts',(5.83538879304799,12.3283132352344,0.474576176167183));
#7551=CARTESIAN_POINT('Ctrl Pts',(5.36205900565269,12.3907570242614,-2.35059739915504));
#7552=CARTESIAN_POINT('Ctrl Pts',(3.60509349209556,12.4532008132884,-4.61305601811487));
#7553=CARTESIAN_POINT('Ctrl Pts',(0.985096296542957,12.5156446023154,-5.77118447110756));
#7554=CARTESIAN_POINT('Ctrl Pts',(-1.87072538333912,12.5780883913424,-5.54773570505537));
#7555=CARTESIAN_POINT('Ctrl Pts',(-4.2787097803117,12.6405321803694,-3.99620163766553));
#7556=CARTESIAN_POINT('Ctrl Pts',(-5.66240393167226,12.7029759693964,-1.48800760334017));
#7557=CARTESIAN_POINT('Ctrl Pts',(-5.69056208930516,12.7654197584234,1.37640401800433));
#7558=CARTESIAN_POINT('Ctrl Pts',(-4.35644340662845,12.8278635474504,3.91131509314438));
#7559=CARTESIAN_POINT('Ctrl Pts',(-1.97942564547178,12.8903073364774,5.50988738787502));
#7560=CARTESIAN_POINT('Ctrl Pts',(0.871451406142161,12.9527511255044,5.78943497759051));
#7561=CARTESIAN_POINT('Ctrl Pts',(3.51370968698935,13.0151949145314,4.6830363172383));
#7562=CARTESIAN_POINT('Ctrl Pts',(5.31481286662902,13.0776387035584,2.45555474500777));
#7563=CARTESIAN_POINT('Ctrl Pts',(5.8435906827698,13.1400824925854,-0.359767765734489));
#7564=CARTESIAN_POINT('Ctrl Pts',(4.97345778913246,13.2025262816125,-3.08896463766311));
#7565=CARTESIAN_POINT('Ctrl Pts',(2.91271731472102,13.2649700706394,-5.07868710963177));
#7566=CARTESIAN_POINT('Ctrl Pts',(0.154694695252125,13.3274138596665,-5.85261091003634));
#7567=CARTESIAN_POINT('Ctrl Pts',(-2.64036064565159,13.3898576486935,-5.22546462756279));
#7568=CARTESIAN_POINT('Ctrl Pts',(-4.80333393539973,13.4523014377205,-3.34738226350873));
#7569=CARTESIAN_POINT('Ctrl Pts',(-5.81642598779769,13.5147452267475,-0.667962305438922));
#7570=CARTESIAN_POINT('Ctrl Pts',(-5.43711034967183,13.5771890157745,2.17136269621337));
#7571=CARTESIAN_POINT('Ctrl Pts',(-3.75619227028873,13.6396328048015,4.49088015222392));
#7572=CARTESIAN_POINT('Ctrl Pts',(-1.17607062238976,13.7020765938285,5.73531540581399));
#7573=CARTESIAN_POINT('Ctrl Pts',(1.68559329608054,13.7645203828555,5.60676021898778));
#7574=CARTESIAN_POINT('Ctrl Pts',(4.14373913085446,13.8269641718825,4.13598971570784));
#7575=CARTESIAN_POINT('Ctrl Pts',(5.6099056564391,13.8894079609095,1.67509505368149));
#7576=CARTESIAN_POINT('Ctrl Pts',(5.73310387201237,13.9518517499365,-1.18680449347495));
#7577=CARTESIAN_POINT('Ctrl Pts',(4.48384107136897,14.0142955389635,-3.7645921637968));
#7578=CARTESIAN_POINT('Ctrl Pts',(2.16118117017646,14.0767393279905,-5.44116539563816));
#7579=CARTESIAN_POINT('Ctrl Pts',(-0.678848897555094,14.1391831170175,-5.8151654393752));
#7580=CARTESIAN_POINT('Ctrl Pts',(-3.35636775519952,14.2016269060445,-4.79705955819526));
#7581=CARTESIAN_POINT('Ctrl Pts',(-5.23039796115813,14.2640706950715,-2.63057447735821));
#7582=CARTESIAN_POINT('Ctrl Pts',(-5.85231108337917,14.3265144840985,0.165649921137744));
#7583=CARTESIAN_POINT('Ctrl Pts',(-5.07322589892006,14.3889582731255,2.92221900129718));
#7584=CARTESIAN_POINT('Ctrl Pts',(-3.07964941477961,14.4514020621525,4.97923130563977));
#7585=CARTESIAN_POINT('Ctrl Pts',(-0.348828523463268,14.5138458511795,5.84425389371767));
#7586=CARTESIAN_POINT('Ctrl Pts',(2.4654992361195,14.5762896402065,5.31020700441233));
#7587=CARTESIAN_POINT('Ctrl Pts',(4.68960542242761,14.6387334292335,3.50493735963327));
#7588=CARTESIAN_POINT('Ctrl Pts',(5.79105610354932,14.7011772182605,0.860612641412916));
#7589=CARTESIAN_POINT('Ctrl Pts',(5.50617244950484,14.7636210072876,-1.98973613057848));
#7590=CARTESIAN_POINT('Ctrl Pts',(3.90315341814702,14.8260647963145,-4.36375736119949));
#7591=CARTESIAN_POINT('Ctrl Pts',(1.36574944866332,14.8885085853416,-5.69312860881356));
#7592=CARTESIAN_POINT('Ctrl Pts',(-1.49860444498979,14.9509523743685,-5.65960861106776));
#7593=CARTESIAN_POINT('Ctrl Pts',(-4.00420394915448,15.0133961633956,-4.27122179786899));
#7594=CARTESIAN_POINT('Ctrl Pts',(-5.55122779449961,15.0758399524226,-1.86033730452049));
#7595=CARTESIAN_POINT('Ctrl Pts',(-5.76933035912584,15.1382837414496,0.995897645485907));
#7596=CARTESIAN_POINT('Ctrl Pts',(-4.60629956486945,15.2007275304766,3.61372235121892));
#7597=CARTESIAN_POINT('Ctrl Pts',(-2.3405560476391,15.2631713195036,5.36644969238282));
#7598=CARTESIAN_POINT('Ctrl Pts',(0.485498603554227,15.3256151085305,5.83449021071785));
#7599=CARTESIAN_POINT('Ctrl Pts',(3.19532861942241,15.3880588975576,4.90579860235983));
#7600=CARTESIAN_POINT('Ctrl Pts',(5.14022151535327,15.4505026865846,2.80269650267648));
#7601=CARTESIAN_POINT('Ctrl Pts',(5.85458487579458,15.5129464756116,0.028650394985816));
#7602=CARTESIAN_POINT('Ctrl Pts',(5.1674056011224,15.5753902646386,-2.75225439712694));
#7603=CARTESIAN_POINT('Ctrl Pts',(3.24318912969855,15.6378340536656,-4.87429063372512));
#7604=CARTESIAN_POINT('Ctrl Pts',(0.542578099917248,15.7002778426926,-5.82945914459532));
#7605=CARTESIAN_POINT('Ctrl Pts',(-2.28792195804396,15.7627216317196,-5.38909992734554));
#7606=CARTESIAN_POINT('Ctrl Pts',(-4.57071107867292,15.8251654207466,-3.65863159505182));
#7607=CARTESIAN_POINT('Ctrl Pts',(-5.75930708647711,15.8876092097736,-1.05231497027873));
#7608=CARTESIAN_POINT('Ctrl Pts',(-5.5691692298551,15.9500529988006,1.80591777283574));
#7609=CARTESIAN_POINT('Ctrl Pts',(-4.04581505074666,16.0124967878276,4.23182767704217));
#7610=CARTESIAN_POINT('Ctrl Pts',(-1.55392383481528,16.0749405768546,5.64467055093477));
#7611=CARTESIAN_POINT('Ctrl Pts',(1.30996480746962,16.1373843658816,5.70622266619702));
#7612=CARTESIAN_POINT('Ctrl Pts',(3.86025794007766,16.1998281549086,4.40174891936206));
#7613=CARTESIAN_POINT('Ctrl Pts',(5.48643498238693,16.2622719439356,2.04353030242451));
#7614=CARTESIAN_POINT('Ctrl Pts',(5.79920164541905,16.3247157329626,-0.803893767325833));
#7615=CARTESIAN_POINT('Ctrl Pts',(4.72368399302601,16.3871595219896,-3.45887184589111));
#7616=CARTESIAN_POINT('Ctrl Pts',(2.51735268772956,16.4496033110166,-5.28582258118728));
#7617=CARTESIAN_POINT('Ctrl Pts',(-0.291613509204027,16.5120471000436,-5.8473880043156));
#7618=CARTESIAN_POINT('Ctrl Pts',(-3.03076967175593,16.5744908890706,-5.00913366856256));
#7619=CARTESIAN_POINT('Ctrl Pts',(-5.04438286382537,16.6369346780976,-2.97173121964503));
#7620=CARTESIAN_POINT('Ctrl Pts',(-5.8504095537084,16.6993784671247,-0.222919152171571));
#7621=CARTESIAN_POINT('Ctrl Pts',(-5.25589315532466,16.7618222561516,2.57925805123445));
#7622=CARTESIAN_POINT('Ctrl Pts',(-3.40315630628045,16.8242660451787,4.76398068783154));
#7623=CARTESIAN_POINT('Ctrl Pts',(-0.735730011990922,16.8867098342056,5.80824296638536));
#7624=CARTESIAN_POINT('Ctrl Pts',(2.10782444508709,16.9491536232327,5.46205647908221));
#7625=CARTESIAN_POINT('Ctrl Pts',(4.44678182602916,17.0115974122596,3.80829569313172));
#7626=CARTESIAN_POINT('Ctrl Pts',(5.72121399974048,17.0740412012867,1.24285807339734));
#7627=CARTESIAN_POINT('Ctrl Pts',(5.62603112062239,17.1364849903137,-1.62011001194328));
#7628=CARTESIAN_POINT('Ctrl Pts',(4.1840203634503,17.1989287793407,-4.09523661443933));
#7629=CARTESIAN_POINT('Ctrl Pts',(1.74038582471973,17.2613725683677,-5.58999424425914));
#7630=CARTESIAN_POINT('Ctrl Pts',(-1.1198808641138,17.3238163573947,-5.74655175385347));
#7631=CARTESIAN_POINT('Ctrl Pts',(-3.71206223836076,17.3862601464217,-4.5274258962035));
#7632=CARTESIAN_POINT('Ctrl Pts',(-5.41559356627596,17.4487039354487,-2.22447499195441));
#7633=CARTESIAN_POINT('Ctrl Pts',(-5.82269465219807,17.5111477244757,0.611009718402847));
#7634=CARTESIAN_POINT('Ctrl Pts',(-4.83584584057514,17.5735915135027,3.30020074902815));
#7635=CARTESIAN_POINT('Ctrl Pts',(-2.69141391451206,17.6360353025297,5.19939335835154));
#7636=CARTESIAN_POINT('Ctrl Pts',(0.0974808538089363,17.6984790915567,5.85380451289089));
#7637=CARTESIAN_POINT('Ctrl Pts',(2.86272590824121,17.7609228805837,5.10702996627542));
#7638=CARTESIAN_POINT('Ctrl Pts',(4.94329772268738,17.8233666696107,3.13733099267578));
#7639=CARTESIAN_POINT('Ctrl Pts',(5.54037471602746,17.8649958622954,1.32399823212762));
#7640=CARTESIAN_POINT('Ctrl Pts',(5.60632569537358,17.8858104586377,0.400273764739039));
#7641=CARTESIAN_POINT('Ctrl Pts',(-1.15162779500951,8.23158990499385,5.34728436066959));
#7642=CARTESIAN_POINT('Ctrl Pts',(-0.270584190619756,8.25240450133618,5.53703194748084));
#7643=CARTESIAN_POINT('Ctrl Pts',(1.58621249588682,8.29403369402085,5.47259954031805));
#7644=CARTESIAN_POINT('Ctrl Pts',(3.99281072197994,8.35647748304786,4.06459163361002));
#7645=CARTESIAN_POINT('Ctrl Pts',(5.44306788071459,8.41892127207485,1.68405826096926));
#7646=CARTESIAN_POINT('Ctrl Pts',(5.59054069067454,8.48136506110187,-1.09987239242967));
#7647=CARTESIAN_POINT('Ctrl Pts',(4.39955678959879,8.54380885012887,-3.62037702868707));
#7648=CARTESIAN_POINT('Ctrl Pts',(2.15541627475817,8.60625263915587,-5.27425506396162));
#7649=CARTESIAN_POINT('Ctrl Pts',(-0.604746799665184,8.66869642818287,-5.66548431446915));
#7650=CARTESIAN_POINT('Ctrl Pts',(-3.22012153050192,8.73114021720988,-4.70045685084081));
#7651=CARTESIAN_POINT('Ctrl Pts',(-5.06463240373408,8.79358400623687,-2.6101675910525));
#7652=CARTESIAN_POINT('Ctrl Pts',(-5.69670484861467,8.85602779526389,0.104971364854273));
#7653=CARTESIAN_POINT('Ctrl Pts',(-4.96503214664067,8.91847158429087,2.79498321787057));
#7654=CARTESIAN_POINT('Ctrl Pts',(-3.04476776089913,8.9809153733179,4.81589642055342));
#7655=CARTESIAN_POINT('Ctrl Pts',(-0.395609949558865,9.04335916234489,5.68392160838079));
#7656=CARTESIAN_POINT('Ctrl Pts',(2.34825414154512,9.1058029513719,5.19125933680203));
#7657=CARTESIAN_POINT('Ctrl Pts',(4.52996408195127,9.1682467403989,3.45584962048807));
#7658=CARTESIAN_POINT('Ctrl Pts',(5.62723550532217,9.2306905294259,0.893135980020568));
#7659=CARTESIAN_POINT('Ctrl Pts',(5.37738994618712,9.29313431845291,-1.88338751153455));
#7660=CARTESIAN_POINT('Ctrl Pts',(3.84023857189593,9.35557810747991,-4.20904252446804));
#7661=CARTESIAN_POINT('Ctrl Pts',(1.38376357983864,9.41802189650691,-5.52708508706468));
#7662=CARTESIAN_POINT('Ctrl Pts',(-1.40397377564739,9.48046568553392,-5.52198595296097));
#7663=CARTESIAN_POINT('Ctrl Pts',(-3.85561059951063,9.54290947456092,-4.19496580757845));
#7664=CARTESIAN_POINT('Ctrl Pts',(-5.38424386933563,9.60535326358793,-1.86370308160582));
#7665=CARTESIAN_POINT('Ctrl Pts',(-5.6239305278058,9.66779705261492,0.913715842915334));
#7666=CARTESIAN_POINT('Ctrl Pts',(-4.51729142945557,9.73024084164194,3.4723982148812));
#7667=CARTESIAN_POINT('Ctrl Pts',(-2.32924747203538,9.79268463066892,5.19981513483017));
#7668=CARTESIAN_POINT('Ctrl Pts',(0.416400433334071,9.85512841969595,5.68243626458293));
#7669=CARTESIAN_POINT('Ctrl Pts',(3.06236527435914,9.91757220872293,4.80472581407833));
#7670=CARTESIAN_POINT('Ctrl Pts',(4.97522339864597,9.98001599774994,2.77680092113737));
#7671=CARTESIAN_POINT('Ctrl Pts',(5.69705126879456,10.0424597867769,0.0841312234517192));
#7672=CARTESIAN_POINT('Ctrl Pts',(5.05504883893041,10.1049035758039,-2.62867884270615));
#7673=CARTESIAN_POINT('Ctrl Pts',(3.20290655787826,10.167347364831,-4.71220339157219));
#7674=CARTESIAN_POINT('Ctrl Pts',(0.58401305664983,10.2297911538579,-5.66766265507357));
#7675=CARTESIAN_POINT('Ctrl Pts',(-2.17468868303235,10.292234942885,-5.26632702686995));
#7676=CARTESIAN_POINT('Ctrl Pts',(-4.41278666138335,10.354678731912,-3.60427317266153));
#7677=CARTESIAN_POINT('Ctrl Pts',(-5.59449741898399,10.417122520939,-1.07938401462695));
#7678=CARTESIAN_POINT('Ctrl Pts',(-5.43692848022955,10.479566309966,1.7039013829794));
#7679=CARTESIAN_POINT('Ctrl Pts',(-3.97780063836497,10.542010098993,4.07928588155744));
#7680=CARTESIAN_POINT('Ctrl Pts',(-1.56641788741192,10.60445388802,5.47812068359638));
#7681=CARTESIAN_POINT('Ctrl Pts',(1.21995327009561,10.666897677047,5.56553548554256));
#7682=CARTESIAN_POINT('Ctrl Pts',(3.71427698834671,10.729341466074,4.32060385546842));
#7683=CARTESIAN_POINT('Ctrl Pts',(5.31943133451959,10.791785255101,2.04135286008608));
#7684=CARTESIAN_POINT('Ctrl Pts',(5.65115469146693,10.854229044128,-0.726582325109665));
#7685=CARTESIAN_POINT('Ctrl Pts',(4.63003503635738,10.916672833155,-3.32057928442517));
#7686=CARTESIAN_POINT('Ctrl Pts',(2.500520568773,10.979116622182,-5.11965507697479));
#7687=CARTESIAN_POINT('Ctrl Pts',(-0.227599310034173,11.041560411209,-5.69312478135887));
#7688=CARTESIAN_POINT('Ctrl Pts',(-2.90123366279588,11.104004200236,-4.90370415664632));
#7689=CARTESIAN_POINT('Ctrl Pts',(-4.88033496853553,11.166447989263,-2.94037443481946));
#7690=CARTESIAN_POINT('Ctrl Pts',(-5.69112158123561,11.22889177829,-0.273141665889204));
#7691=CARTESIAN_POINT('Ctrl Pts',(-5.13949741555686,11.291335567317,2.45947911915001));
#7692=CARTESIAN_POINT('Ctrl Pts',(-3.35751705831615,11.353779356344,4.60331950066108));
#7693=CARTESIAN_POINT('Ctrl Pts',(-0.771772915054261,11.416223145371,5.64516056367214));
#7694=CARTESIAN_POINT('Ctrl Pts',(1.99872773409526,11.478666934398,5.33559356276403));
#7695=CARTESIAN_POINT('Ctrl Pts',(4.29074832108012,11.541110723425,3.74872645937237));
#7696=CARTESIAN_POINT('Ctrl Pts',(5.55559672829207,11.603554512452,1.26444304523412));
#7697=CARTESIAN_POINT('Ctrl Pts',(5.49047796560425,11.665998301479,-1.52253831848812));
#7698=CARTESIAN_POINT('Ctrl Pts',(4.11098096445914,11.7284420905061,-3.94503570730419));
#7699=CARTESIAN_POINT('Ctrl Pts',(1.74734670745988,11.790885879533,-5.42312185977594));
#7700=CARTESIAN_POINT('Ctrl Pts',(-1.0345889254329,11.8533296685601,-5.60295430798986));
#7701=CARTESIAN_POINT('Ctrl Pts',(-3.56885191892038,11.915773457587,-4.44148254559994));
#7702=CARTESIAN_POINT('Ctrl Pts',(-5.24875918456559,11.9782172466141,-2.21675398826501));
#7703=CARTESIAN_POINT('Ctrl Pts',(-5.67215383066937,12.040661035641,0.538648441261341));
#7704=CARTESIAN_POINT('Ctrl Pts',(-4.73767843213969,12.1031048246681,3.16510257269631));
#7705=CARTESIAN_POINT('Ctrl Pts',(-2.6690392192712,12.1655486136951,5.03385546753607));
#7706=CARTESIAN_POINT('Ctrl Pts',(0.0385474749233971,12.2279924027221,5.69754204146205));
#7707=CARTESIAN_POINT('Ctrl Pts',(2.73690619980381,12.2904361917491,4.99728082816306));
#7708=CARTESIAN_POINT('Ctrl Pts',(4.78007060967976,12.3528799807761,3.10070898159215));
#7709=CARTESIAN_POINT('Ctrl Pts',(5.67892284363735,12.4153237698031,0.461851229363262));
#7710=CARTESIAN_POINT('Ctrl Pts',(5.21828458326718,12.4777675588301,-2.28757015850587));
#7711=CARTESIAN_POINT('Ctrl Pts',(3.50842908875247,12.5402113478571,-4.48936482714938));
#7712=CARTESIAN_POINT('Ctrl Pts',(0.958682627674279,12.6026551368841,-5.61644005055214));
#7713=CARTESIAN_POINT('Ctrl Pts',(-1.82056508835767,12.6650989259111,-5.39898268020037));
#7714=CARTESIAN_POINT('Ctrl Pts',(-4.16398351068823,12.7275427149381,-3.88905033970597));
#7715=CARTESIAN_POINT('Ctrl Pts',(-5.51057627484651,12.7899865039651,-1.44810922970236));
#7716=CARTESIAN_POINT('Ctrl Pts',(-5.53797941974181,12.8524302929921,1.33949810323372));
#7717=CARTESIAN_POINT('Ctrl Pts',(-4.2396328430403,12.9148740820191,3.806439882392));
#7718=CARTESIAN_POINT('Ctrl Pts',(-1.92635073925892,12.9773178710461,5.36214920077828));
#7719=CARTESIAN_POINT('Ctrl Pts',(0.848084930237481,13.0397616600731,5.63420120098266));
#7720=CARTESIAN_POINT('Ctrl Pts',(3.4194955837606,13.1022054491001,4.55746872448867));
#7721=CARTESIAN_POINT('Ctrl Pts',(5.17230526848788,13.1646492381271,2.38971325301237));
#7722=CARTESIAN_POINT('Ctrl Pts',(5.68690481374321,13.2270930271541,-0.350121209690098));
#7723=CARTESIAN_POINT('Ctrl Pts',(4.84010304235749,13.2895368161811,-3.00613934497591));
#7724=CARTESIAN_POINT('Ctrl Pts',(2.83461779193419,13.3519806052081,-4.94251081897659));
#7725=CARTESIAN_POINT('Ctrl Pts',(0.150546822124916,13.4144243942351,-5.69568317907507));
#7726=CARTESIAN_POINT('Ctrl Pts',(-2.56956390016301,13.4768681832621,-5.08535274932128));
#7727=CARTESIAN_POINT('Ctrl Pts',(-4.67454076819313,13.5393119722891,-3.25762794507768));
#7728=CARTESIAN_POINT('Ctrl Pts',(-5.66046849351011,13.6017557613161,-0.650052041016505));
#7729=CARTESIAN_POINT('Ctrl Pts',(-5.29132355412441,13.6641995503431,2.1131413269393));
#7730=CARTESIAN_POINT('Ctrl Pts',(-3.65547641217146,13.7266433393702,4.37046489770922));
#7731=CARTESIAN_POINT('Ctrl Pts',(-1.14453630427792,13.7890871283971,5.58153275276965));
#7732=CARTESIAN_POINT('Ctrl Pts',(1.64039700072733,13.8515309174242,5.45642455295181));
#7733=CARTESIAN_POINT('Ctrl Pts',(4.03263186787457,13.9139747064512,4.02509024001362));
#7734=CARTESIAN_POINT('Ctrl Pts',(5.45948565088872,13.9764184954782,1.63018025070562));
#7735=CARTESIAN_POINT('Ctrl Pts',(5.57938051745665,14.0388622845052,-1.15498236500641));
#7736=CARTESIAN_POINT('Ctrl Pts',(4.36361455774335,14.1013060735322,-3.66365107693142));
#7737=CARTESIAN_POINT('Ctrl Pts',(2.10323280107328,14.1637498625592,-5.29526987098296));
#7738=CARTESIAN_POINT('Ctrl Pts',(-0.660646727823269,14.2261936515862,-5.65924174453317));
#7739=CARTESIAN_POINT('Ctrl Pts',(-3.26637250620871,14.2886374406132,-4.66843462765993));
#7740=CARTESIAN_POINT('Ctrl Pts',(-5.09015380403136,14.3510812296402,-2.56004013120022));
#7741=CARTESIAN_POINT('Ctrl Pts',(-5.69539139175584,14.4135250186672,0.161208302404228));
#7742=CARTESIAN_POINT('Ctrl Pts',(-4.93719604127032,14.4759688076942,2.84386470706944));
#7743=CARTESIAN_POINT('Ctrl Pts',(-2.99707389382897,14.5384125967212,4.8457217519147));
#7744=CARTESIAN_POINT('Ctrl Pts',(-0.339475284451964,14.6008563857482,5.68755024182616));
#7745=CARTESIAN_POINT('Ctrl Pts',(2.39939109963848,14.6633001747752,5.1678229045727));
#7746=CARTESIAN_POINT('Ctrl Pts',(4.56386169038091,14.7257439638022,3.41095847132796));
#7747=CARTESIAN_POINT('Ctrl Pts',(5.63577885922729,14.7881877528292,0.837536788408237));
#7748=CARTESIAN_POINT('Ctrl Pts',(5.35853387211357,14.8506315418562,-1.9363847663783));
#7749=CARTESIAN_POINT('Ctrl Pts',(3.79849704872167,14.9130753308832,-4.24675068645467));
#7750=CARTESIAN_POINT('Ctrl Pts',(1.32912921790906,14.9755191199102,-5.54047712242826));
#7751=CARTESIAN_POINT('Ctrl Pts',(-1.45842193520473,15.0379629089372,-5.50785590597323));
#7752=CARTESIAN_POINT('Ctrl Pts',(-3.89683808292725,15.1004066979642,-4.1566963056613));
#7753=CARTESIAN_POINT('Ctrl Pts',(-5.40238113525115,15.1628504869912,-1.81045554806878));
#7754=CARTESIAN_POINT('Ctrl Pts',(-5.61463565340551,15.2252942760182,0.969194356957414));
#7755=CARTESIAN_POINT('Ctrl Pts',(-4.48278953661807,15.2877380650453,3.51682657980716));
#7756=CARTESIAN_POINT('Ctrl Pts',(-2.27779804862128,15.3501818540722,5.2225575412577));
#7757=CARTESIAN_POINT('Ctrl Pts',(0.472480790579521,15.4126256430992,5.67804835525234));
#7758=CARTESIAN_POINT('Ctrl Pts',(3.10965135885796,15.4750694321262,4.77425802071939));
#7759=CARTESIAN_POINT('Ctrl Pts',(5.0023952850704,15.5375132211533,2.72754699940368));
#7760=CARTESIAN_POINT('Ctrl Pts',(5.69760421632461,15.5999570101802,0.0278821837471975));
#7761=CARTESIAN_POINT('Ctrl Pts',(5.02885047616949,15.6624007992073,-2.67845741246345));
#7762=CARTESIAN_POINT('Ctrl Pts',(3.15622857157753,15.7248445882342,-4.7435948842632));
#7763=CARTESIAN_POINT('Ctrl Pts',(0.528029798074157,15.7872883772613,-5.67315218854531));
#7764=CARTESIAN_POINT('Ctrl Pts',(-2.22657525193087,15.8497321662883,-5.24460044898936));
#7765=CARTESIAN_POINT('Ctrl Pts',(-4.44815529468501,15.9121759553153,-3.56053165923511));
#7766=CARTESIAN_POINT('Ctrl Pts',(-5.60488113763432,15.9746197443423,-1.02409894787763));
#7767=CARTESIAN_POINT('Ctrl Pts',(-5.41984150176679,16.0370635333693,1.75749518285838));
#7768=CARTESIAN_POINT('Ctrl Pts',(-3.93733345414608,16.0995073223963,4.11835847066823));
#7769=CARTESIAN_POINT('Ctrl Pts',(-1.51225803040206,16.1619511114233,5.49331838432087));
#7770=CARTESIAN_POINT('Ctrl Pts',(1.27484034626159,16.2243949004503,5.55322008510445));
#7771=CARTESIAN_POINT('Ctrl Pts',(3.75675173937964,16.2868386894773,4.28372356609753));
#7772=CARTESIAN_POINT('Ctrl Pts',(5.33932563134907,16.3492824785043,1.98873653970227));
#7773=CARTESIAN_POINT('Ctrl Pts',(5.64370599235214,16.4117262675313,-0.782338733721269));
#7774=CARTESIAN_POINT('Ctrl Pts',(4.59702650251481,16.4741700565583,-3.36612812538669));
#7775=CARTESIAN_POINT('Ctrl Pts',(2.44985418981347,16.5366138455853,-5.14409230786481));
#7776=CARTESIAN_POINT('Ctrl Pts',(-0.283794392741232,16.5990576346123,-5.69060031661985));
#7777=CARTESIAN_POINT('Ctrl Pts',(-2.94950477734115,16.6615014236393,-4.87482233422436));
#7778=CARTESIAN_POINT('Ctrl Pts',(-4.9091263827286,16.7239452126663,-2.89204934013959));
#7779=CARTESIAN_POINT('Ctrl Pts',(-5.69354084834422,16.7863890016933,-0.216941957159659));
#7780=CARTESIAN_POINT('Ctrl Pts',(-5.11496538826164,16.8488327907203,2.51009966709351));
#7781=CARTESIAN_POINT('Ctrl Pts',(-3.3119065024817,16.9112765797473,4.63624271051227));
#7782=CARTESIAN_POINT('Ctrl Pts',(-0.71600267266209,16.9737203687743,5.65250488579236));
#7783=CARTESIAN_POINT('Ctrl Pts',(2.05130674512092,17.0361641578013,5.31560079582897));
#7784=CARTESIAN_POINT('Ctrl Pts',(4.32754899255275,17.0986079468283,3.70618277102921));
#7785=CARTESIAN_POINT('Ctrl Pts',(5.56780945173207,17.1610517358553,1.20953296425148));
#7786=CARTESIAN_POINT('Ctrl Pts',(5.47517873838683,17.2234955248823,-1.57666953862463));
#7787=CARTESIAN_POINT('Ctrl Pts',(4.07183302825497,17.2859393139093,-3.98542986331029));
#7788=CARTESIAN_POINT('Ctrl Pts',(1.6937203616181,17.3483831029363,-5.44010812910088));
#7789=CARTESIAN_POINT('Ctrl Pts',(-1.08985317806843,17.4108268919633,-5.59246781739404));
#7790=CARTESIAN_POINT('Ctrl Pts',(-3.6125296514167,17.4732706809904,-4.40603073019849));
#7791=CARTESIAN_POINT('Ctrl Pts',(-5.27038370639842,17.5357144700173,-2.16482950749738));
#7792=CARTESIAN_POINT('Ctrl Pts',(-5.66656907441825,17.5981582590444,0.594626539992718));
#7793=CARTESIAN_POINT('Ctrl Pts',(-4.70618092235228,17.6606020480714,3.21171152204511));
#7794=CARTESIAN_POINT('Ctrl Pts',(-2.61924826311744,17.7230458370984,5.05998053651128));
#7795=CARTESIAN_POINT('Ctrl Pts',(0.0948670717831896,17.7854896261254,5.69684477751474));
#7796=CARTESIAN_POINT('Ctrl Pts',(2.78596681934058,17.8479334151524,4.97009371049518));
#7797=CARTESIAN_POINT('Ctrl Pts',(4.81075166640383,17.9103772041794,3.05320883907235));
#7798=CARTESIAN_POINT('Ctrl Pts',(5.39181906347751,17.952006396864,1.28849748868878));
#7799=CARTESIAN_POINT('Ctrl Pts',(5.45600168034361,17.9728209932064,0.389541109753181));
#7800=CARTESIAN_POINT('',(-5.7,8.55796803269078,-1.60630085603538));
#7801=CARTESIAN_POINT('Ctrl Pts',(-5.6995740633495,8.55796803269078,-1.60626105064743));
#7802=CARTESIAN_POINT('Ctrl Pts',(-5.59201273223731,8.5494961559708,-1.98863510574111));
#7803=CARTESIAN_POINT('Ctrl Pts',(-5.44636764897702,8.54102427925083,-2.36023892550763));
#7804=CARTESIAN_POINT('Ctrl Pts',(-5.26447972294204,8.53255240253086,-2.7131644117896));
#7805=CARTESIAN_POINT('Ctrl Pts',(-4.81759836653155,8.51173780618853,-3.58026880656501));
#7806=CARTESIAN_POINT('Ctrl Pts',(-4.15194135841441,8.4909232098462,-4.33462364120574));
#7807=CARTESIAN_POINT('Ctrl Pts',(-3.34718760205757,8.47010861350387,-4.88593321017454));
#7808=CARTESIAN_POINT('Ctrl Pts',(-2.54243384570074,8.44929401716153,-5.43724277914335));
#7809=CARTESIAN_POINT('Ctrl Pts',(-1.59858334110421,8.42847942081919,-5.78550708244023));
#7810=CARTESIAN_POINT('Ctrl Pts',(-0.628606838282142,8.40766482447686,-5.8890447756444));
#7811=CARTESIAN_POINT('Ctrl Pts',(0.341369664539917,8.38685022813452,-5.99258246884857));
#7812=CARTESIAN_POINT('Ctrl Pts',(1.33747216558751,8.36603563179219,-5.85139355196004));
#7813=CARTESIAN_POINT('Ctrl Pts',(2.24046216778308,8.34522103544986,-5.48236889157764));
#7814=CARTESIAN_POINT('Ctrl Pts',(2.894396586825,8.33014735696658,-5.2151257035993));
#7815=CARTESIAN_POINT('Ctrl Pts',(3.49949833355302,8.31507367848329,-4.82839449477953));
#7816=CARTESIAN_POINT('Ctrl Pts',(4.01895656654448,8.3,-4.34931543560952));
#7817=CARTESIAN_POINT('',(-5.7,8.62736919708206,1.60630085603538));
#7818=CARTESIAN_POINT('Ctrl Pts',(-5.6995740633495,8.55796803269077,-1.60626105064743));
#7819=CARTESIAN_POINT('Ctrl Pts',(-5.69953087452665,8.57870989451871,-1.48913007182006));
#7820=CARTESIAN_POINT('Ctrl Pts',(-5.69953494890067,8.59763275526429,-1.37194881926949));
#7821=CARTESIAN_POINT('Ctrl Pts',(-5.69956699987901,8.61466008164047,-1.25467102851591));
#7822=CARTESIAN_POINT('Ctrl Pts',(-5.69959951548535,8.63193424517633,-1.13569311666729));
#7823=CARTESIAN_POINT('Ctrl Pts',(-5.69966175887027,8.64725751865297,-1.01661583589429));
#7824=CARTESIAN_POINT('Ctrl Pts',(-5.69974363388895,8.66054999189845,-0.897337049585499));
#7825=CARTESIAN_POINT('Ctrl Pts',(-5.69982700626641,8.67408556251281,-0.775876851391935));
#7826=CARTESIAN_POINT('Ctrl Pts',(-5.69993172513178,8.68551537370679,-0.654207552949855));
#7827=CARTESIAN_POINT('Ctrl Pts',(-5.7000426960158,8.69475505036353,-0.532167079722246));
#7828=CARTESIAN_POINT('Ctrl Pts',(-5.70013575610847,8.70250343565852,-0.429824038587762));
#7829=CARTESIAN_POINT('Ctrl Pts',(-5.70023338884086,8.70871161192911,-0.327218851214918));
#7830=CARTESIAN_POINT('Ctrl Pts',(-5.70031693434994,8.71332981948231,-0.224229405340546));
#7831=CARTESIAN_POINT('Ctrl Pts',(-5.700372236123,8.71638677692743,-0.156056992189384));
#7832=CARTESIAN_POINT('Ctrl Pts',(-5.70041801687417,8.71874145370848,-0.0878780568996052));
#7833=CARTESIAN_POINT('Ctrl Pts',(-5.70044514934057,8.72038989262983,-0.019659475823698));
#7834=CARTESIAN_POINT('Ctrl Pts',(-5.70044682251018,8.72049154641485,-0.0154526611911419));
#7835=CARTESIAN_POINT('Ctrl Pts',(-5.70044842419434,8.72059051224375,-0.0112457905694471));
#7836=CARTESIAN_POINT('Ctrl Pts',(-5.70044995205284,8.72068678955616,-0.00703885608049033));
#7837=CARTESIAN_POINT('Ctrl Pts',(-5.70045043916273,8.7207174845658,-0.00569760660552204));
#7838=CARTESIAN_POINT('Ctrl Pts',(-5.70045091876814,8.72074790628334,-0.0043563513744804));
#7839=CARTESIAN_POINT('Ctrl Pts',(-5.70045139079274,8.72077805469127,-0.00301509014237038));
#7840=CARTESIAN_POINT('Ctrl Pts',(-5.70045169085804,8.72079721998718,-0.00216245246862357));
#7841=CARTESIAN_POINT('Ctrl Pts',(-5.70045198785979,8.72081627483248,-0.00130981249354096));
#7842=CARTESIAN_POINT('Ctrl Pts',(-5.70045228177834,8.72083521922294,-0.000457170147064117));
#7843=CARTESIAN_POINT('Ctrl Pts',(-5.70045255529358,8.72085284852715,0.000336283268033932));
#7844=CARTESIAN_POINT('Ctrl Pts',(-5.7004528261388,8.7208703821774,0.00112973864665255));
#7845=CARTESIAN_POINT('Ctrl Pts',(-5.70045309429812,8.72088782017055,0.00192319605423268));
#7846=CARTESIAN_POINT('Ctrl Pts',(-5.70045344220462,8.72091044400199,0.00295261764538692));
#7847=CARTESIAN_POINT('Ctrl Pts',(-5.70045378559015,8.72093290681907,0.00398204251583905));
#7848=CARTESIAN_POINT('Ctrl Pts',(-5.70045412441997,8.72095520861422,0.00501147077248463));
#7849=CARTESIAN_POINT('Ctrl Pts',(-5.70045485786977,8.7210034843158,0.00723982822039718));
#7850=CARTESIAN_POINT('Ctrl Pts',(-5.70045556997249,8.72105100548527,0.0094682003195232));
#7851=CARTESIAN_POINT('Ctrl Pts',(-5.70045626037461,8.72109777205041,0.0116965882467765));
#7852=CARTESIAN_POINT('Ctrl Pts',(-5.70046121659309,8.72143349714257,0.0276936096239577));
#7853=CARTESIAN_POINT('Ctrl Pts',(-5.70046505477643,8.72173032686702,0.043691097086437));
#7854=CARTESIAN_POINT('Ctrl Pts',(-5.70046764150886,8.72198823958594,0.0596894849840969));
#7855=CARTESIAN_POINT('Ctrl Pts',(-5.70047008616136,8.72223198608444,0.0748091388270775));
#7856=CARTESIAN_POINT('Ctrl Pts',(-5.70047141215309,8.72244091929957,0.0899262345111266));
#7857=CARTESIAN_POINT('Ctrl Pts',(-5.70047150524827,8.72261506705414,0.105041153009257));
#7858=CARTESIAN_POINT('Ctrl Pts',(-5.70047240278257,8.72429403253208,0.250764687735818));
#7859=CARTESIAN_POINT('Ctrl Pts',(-5.70036170488572,8.72273970150662,0.396288788357753));
#7860=CARTESIAN_POINT('Ctrl Pts',(-5.70022828092063,8.71797700686374,0.54194093330268));
#7861=CARTESIAN_POINT('Ctrl Pts',(-5.70021168745912,8.71738468755901,0.560055169821037));
#7862=CARTESIAN_POINT('Ctrl Pts',(-5.70019469938965,8.71674274446984,0.578171335968075));
#7863=CARTESIAN_POINT('Ctrl Pts',(-5.7001774532401,8.71605122555655,0.596290014755926));
#7864=CARTESIAN_POINT('Ctrl Pts',(-5.70006400996149,8.71150249005444,0.715472694895425));
#7865=CARTESIAN_POINT('Ctrl Pts',(-5.69994492018144,8.70482575113664,0.834268223486036));
#7866=CARTESIAN_POINT('Ctrl Pts',(-5.69984337142426,8.69608989330633,0.95285438599902));
#7867=CARTESIAN_POINT('Ctrl Pts',(-5.69974263720345,8.68742410697741,1.07048935280663));
#7868=CARTESIAN_POINT('Ctrl Pts',(-5.69965824572226,8.67673210219967,1.18791848915875));
#7869=CARTESIAN_POINT('Ctrl Pts',(-5.69960224113536,8.66408111914068,1.3052655971085));
#7870=CARTESIAN_POINT('Ctrl Pts',(-5.69955622223039,8.65368582083916,1.4016895814163));
#7871=CARTESIAN_POINT('Ctrl Pts',(-5.69952894217537,8.64196784193277,1.49805728777342));
#7872=CARTESIAN_POINT('Ctrl Pts',(-5.6995283011935,8.62896448740338,1.59441101512337));
#7873=CARTESIAN_POINT('Ctrl Pts',(-5.69952827508414,8.62843481688373,1.59833582765694));
#7874=CARTESIAN_POINT('Ctrl Pts',(-5.69952828500673,8.62790305224023,1.60226036441324));
#7875=CARTESIAN_POINT('Ctrl Pts',(-5.69952833085201,8.62736919708206,1.60618462864861));
#7876=CARTESIAN_POINT('',(5.7,8.95484303269078,1.60630085603538));
#7877=CARTESIAN_POINT('Ctrl Pts',(5.70002086582528,8.95484303269078,1.60615409455213));
#7878=CARTESIAN_POINT('Ctrl Pts',(5.49744504105089,8.93896706735815,2.3222732057726));
#7879=CARTESIAN_POINT('Ctrl Pts',(5.15999890136989,8.92309110202552,3.00066742285424));
#7880=CARTESIAN_POINT('Ctrl Pts',(4.70871442921975,8.90721513669289,3.59221586888352));
#7881=CARTESIAN_POINT('Ctrl Pts',(4.11704621084298,8.88640054035056,4.36778081016794));
#7882=CARTESIAN_POINT('Ctrl Pts',(3.3296989891021,8.86558594400822,4.99406480576982));
#7883=CARTESIAN_POINT('Ctrl Pts',(2.44091516010543,8.84477134766588,5.39610410921164));
#7884=CARTESIAN_POINT('Ctrl Pts',(1.55213133110877,8.82395675132355,5.79814341265346));
#7885=CARTESIAN_POINT('Ctrl Pts',(0.561910894856326,8.80314215498121,5.97593802393523));
#7886=CARTESIAN_POINT('Ctrl Pts',(-0.411220485497263,8.78232755863888,5.90820652952817));
#7887=CARTESIAN_POINT('Ctrl Pts',(-1.38435186585086,8.76151296229654,5.8404750351211));
#7888=CARTESIAN_POINT('Ctrl Pts',(-2.34039419030561,8.74069836595422,5.5272174350252));
#7889=CARTESIAN_POINT('Ctrl Pts',(-3.16491302418041,8.71988376961188,5.00592962003605));
#7890=CARTESIAN_POINT('Ctrl Pts',(-3.9894318580552,8.69906917326955,4.48464180504692));
#7891=CARTESIAN_POINT('Ctrl Pts',(-4.68242720135004,8.6782545769272,3.75532377516454));
#7892=CARTESIAN_POINT('Ctrl Pts',(-5.16094986368334,8.65743998058487,2.90527178481066));
#7893=CARTESIAN_POINT('Ctrl Pts',(-5.39138993793947,8.64741638608393,2.49591595028537));
#7894=CARTESIAN_POINT('Ctrl Pts',(-5.57209262433957,8.63739279158299,2.05856124992578));
#7895=CARTESIAN_POINT('Ctrl Pts',(-5.69952833085202,8.62736919708206,1.60618462864857));
#7896=CARTESIAN_POINT('',(5.7,9.02424419708206,-1.60630085603538));
#7897=CARTESIAN_POINT('Ctrl Pts',(5.70002086582527,8.95484303269077,1.60615409455217));
#7898=CARTESIAN_POINT('Ctrl Pts',(5.70012796824258,8.97553009430352,1.48939883700037));
#7899=CARTESIAN_POINT('Ctrl Pts',(5.70025695050045,8.99440775377655,1.37259585133326));
#7900=CARTESIAN_POINT('Ctrl Pts',(5.7003549263936,9.01140008282675,1.25568882817928));
#7901=CARTESIAN_POINT('Ctrl Pts',(5.70045284126319,9.02838182833283,1.13885461968396));
#7902=CARTESIAN_POINT('Ctrl Pts',(5.70052067916472,9.0434805912124,1.02191636311442));
#7903=CARTESIAN_POINT('Ctrl Pts',(5.70051139452994,9.05662058496812,0.904766091990407));
#7904=CARTESIAN_POINT('Ctrl Pts',(5.7005016694192,9.07038395826432,0.782058049413895));
#7905=CARTESIAN_POINT('Ctrl Pts',(5.70040741854328,9.08199830041229,0.659117354184298));
#7906=CARTESIAN_POINT('Ctrl Pts',(5.70028911338401,9.09137651885798,0.535782289240303));
#7907=CARTESIAN_POINT('Ctrl Pts',(5.7001898771518,9.09924311629974,0.432326892888991));
#7908=CARTESIAN_POINT('Ctrl Pts',(5.70007404414886,9.10553635053766,0.328592854201554));
#7909=CARTESIAN_POINT('Ctrl Pts',(5.6999708681442,9.11020481948231,0.224457206838411));
#7910=CARTESIAN_POINT('Ctrl Pts',(5.69990330752435,9.11326177692742,0.156268203916146));
#7911=CARTESIAN_POINT('Ctrl Pts',(5.69983821143798,9.11561645370848,0.0880688724242205));
#7912=CARTESIAN_POINT('Ctrl Pts',(5.69978044268872,9.11726489262983,0.0198270280993422));
#7913=CARTESIAN_POINT('Ctrl Pts',(5.69977688028071,9.11736654641483,0.0156187788998097));
#7914=CARTESIAN_POINT('Ctrl Pts',(5.69977334533694,9.11746551224374,0.0114104628413024));
#7915=CARTESIAN_POINT('Ctrl Pts',(5.69976983880379,9.11756178955616,0.00720207226920131));
#7916=CARTESIAN_POINT('Ctrl Pts',(5.69976872085536,9.11759248456605,0.00586035855688703));
#7917=CARTESIAN_POINT('Ctrl Pts',(5.6997676057952,9.11762290628346,0.00451863802294472));
#7918=CARTESIAN_POINT('Ctrl Pts',(5.69976649365348,9.11765305469127,0.00317691041324875));
#7919=CARTESIAN_POINT('Ctrl Pts',(5.69976578666673,9.11767221998699,0.00232397626910136));
#7920=CARTESIAN_POINT('Ctrl Pts',(5.69976508085944,9.11769127483239,0.00147103937652718));
#7921=CARTESIAN_POINT('Ctrl Pts',(5.69976437623932,9.11771021922294,0.000618099680138107));
#7922=CARTESIAN_POINT('Ctrl Pts',(5.69976372053271,9.11772784852686,-0.000175630426468175));
#7923=CARTESIAN_POINT('Ctrl Pts',(5.69976306585422,9.11774538217726,-0.000969362890355882));
#7924=CARTESIAN_POINT('Ctrl Pts',(5.69976241221005,9.11776282017055,-0.00176309775613638));
#7925=CARTESIAN_POINT('Ctrl Pts',(5.69976156418038,9.11778544400233,-0.00279287932526427));
#7926=CARTESIAN_POINT('Ctrl Pts',(5.69976071789181,9.11780790681924,-0.00382266477803473));
#7927=CARTESIAN_POINT('Ctrl Pts',(5.69975987335774,9.11783020861422,-0.004852454241411));
#7928=CARTESIAN_POINT('Ctrl Pts',(5.6997580452325,9.11787848431567,-0.00708159358810267));
#7929=CARTESIAN_POINT('Ctrl Pts',(5.69975622532951,9.11792600548521,-0.0093107505206052));
#7930=CARTESIAN_POINT('Ctrl Pts',(5.69975441378354,9.11797277205041,-0.0115399261735814));
#7931=CARTESIAN_POINT('Ctrl Pts',(5.69974140916295,9.11830849714257,-0.0275426024080274));
#7932=CARTESIAN_POINT('Ctrl Pts',(5.69972883588719,9.11860532686702,-0.0435458936574045));
#7933=CARTESIAN_POINT('Ctrl Pts',(5.69971674105369,9.11886323958593,-0.0595502220196979));
#7934=CARTESIAN_POINT('Ctrl Pts',(5.69960476900204,9.12125095466117,-0.207715757479245));
#7935=CARTESIAN_POINT('Ctrl Pts',(5.69953700906698,9.12029800250814,-0.355650286061371));
#7936=CARTESIAN_POINT('Ctrl Pts',(5.69953057816319,9.11603053683279,-0.503687266281521));
#7937=CARTESIAN_POINT('Ctrl Pts',(5.69952923618876,9.1151400197281,-0.534579011650107));
#7938=CARTESIAN_POINT('Ctrl Pts',(5.69953044673528,9.11410517008386,-0.565475081513445));
#7939=CARTESIAN_POINT('Ctrl Pts',(5.69953419486418,9.11292622555669,-0.596378264148583));
#7940=CARTESIAN_POINT('Ctrl Pts',(5.69954876816673,9.10834230762351,-0.716534598741768));
#7941=CARTESIAN_POINT('Ctrl Pts',(5.69960641727206,9.10159734066449,-0.836294603434637));
#7942=CARTESIAN_POINT('Ctrl Pts',(5.69969051467225,9.09276181994966,-0.955833324077155));
#7943=CARTESIAN_POINT('Ctrl Pts',(5.69977344576361,9.08404883507781,-1.07371421623667));
#7944=CARTESIAN_POINT('Ctrl Pts',(5.69988115862195,9.07330288025024,-1.19138006130511));
#7945=CARTESIAN_POINT('Ctrl Pts',(5.69999087829309,9.06059155822433,-1.308949077705));
#7946=CARTESIAN_POINT('Ctrl Pts',(5.7000798228705,9.05028708725507,-1.40425675018054));
#7947=CARTESIAN_POINT('Ctrl Pts',(5.70016974308013,9.03869105903708,-1.49949987155535));
#7948=CARTESIAN_POINT('Ctrl Pts',(5.70025159602136,9.02583948740338,-1.59471637930219));
#7949=CARTESIAN_POINT('Ctrl Pts',(5.70025496954572,9.02530981688435,-1.59864067576305));
#7950=CARTESIAN_POINT('Ctrl Pts',(5.70025832122055,9.02477805224147,-1.60256467458829));
#7951=CARTESIAN_POINT('Ctrl Pts',(5.70026164985601,9.02424419708206,-1.60648837887438));
#7952=CARTESIAN_POINT('',(-5.7,9.35171803269078,-1.60630085603538));
#7953=CARTESIAN_POINT('Ctrl Pts',(-5.70028090536858,9.35171803269078,-1.6064887602819));
#7954=CARTESIAN_POINT('Ctrl Pts',(-5.66902976185133,9.34925257508782,-1.71773707239327));
#7955=CARTESIAN_POINT('Ctrl Pts',(-5.63449829023407,9.34678711748487,-1.82805526594913));
#7956=CARTESIAN_POINT('Ctrl Pts',(-5.5967036965995,9.34432165988191,-1.93724396189678));
#7957=CARTESIAN_POINT('Ctrl Pts',(-5.2776232916138,9.32350706353957,-2.85906822225792));
#7958=CARTESIAN_POINT('Ctrl Pts',(-4.72596189255846,9.30269246719724,-3.70038685790611));
#7959=CARTESIAN_POINT('Ctrl Pts',(-4.0077512491536,9.28187787085491,-4.36049726070501));
#7960=CARTESIAN_POINT('Ctrl Pts',(-3.28954060574874,9.26106327451257,-5.0206076635039));
#7961=CARTESIAN_POINT('Ctrl Pts',(-2.40478071799437,9.24024867817023,-5.49950983345349));
#7962=CARTESIAN_POINT('Ctrl Pts',(-1.45937394613826,9.2194340818279,-5.73988101990361));
#7963=CARTESIAN_POINT('Ctrl Pts',(-0.513967174282144,9.19861948548557,-5.98025220635374));
#7964=CARTESIAN_POINT('Ctrl Pts',(0.492086481675715,9.17780488914324,-5.9820924093044));
#7965=CARTESIAN_POINT('Ctrl Pts',(1.43836626561638,9.1569902928009,-5.74518136499425));
#7966=CARTESIAN_POINT('Ctrl Pts',(2.38464604955703,9.13617569645857,-5.50827032068411));
#7967=CARTESIAN_POINT('Ctrl Pts',(3.27115196148049,9.11536110011623,-5.03260802911317));
#7968=CARTESIAN_POINT('Ctrl Pts',(3.99177264665512,9.0945465037739,-4.37512943633021));
#7969=CARTESIAN_POINT('Ctrl Pts',(4.71239333182976,9.07373190743156,-3.71765084354726));
#7970=CARTESIAN_POINT('Ctrl Pts',(5.26712879025556,9.05291731108923,-2.87835594955231));
#7971=CARTESIAN_POINT('Ctrl Pts',(5.58957932429187,9.0321027147469,-1.95770513435107));
#7972=CARTESIAN_POINT('Ctrl Pts',(5.63015955264195,9.02948320885862,-1.84184171851517));
#7973=CARTESIAN_POINT('Ctrl Pts',(5.66706083174647,9.02686370297034,-1.72468978037965));
#7974=CARTESIAN_POINT('Ctrl Pts',(5.70026164985601,9.02424419708206,-1.60648837887438));
#7975=CARTESIAN_POINT('',(-5.7,9.42111919708206,1.60630085603538));
#7976=CARTESIAN_POINT('Ctrl Pts',(-5.7,9.35171803269078,-1.60630085603537));
#7977=CARTESIAN_POINT('Ctrl Pts',(-5.7,9.4328988052454,-1.14800034590972));
#7978=CARTESIAN_POINT('Ctrl Pts',(-5.7,9.48621555328007,-0.689703367196387));
#7979=CARTESIAN_POINT('Ctrl Pts',(-5.7,9.51013677692736,-0.156129919493567));
#7980=CARTESIAN_POINT('Ctrl Pts',(-5.7,9.51249145370843,-0.087935045189013));
#7981=CARTESIAN_POINT('Ctrl Pts',(-5.7,9.51424154641481,-0.0154917754898396));
#7982=CARTESIAN_POINT('Ctrl Pts',(-5.7,9.51434051224373,-0.0112838632838891));
#7983=CARTESIAN_POINT('Ctrl Pts',(-5.7,9.51446748456599,-0.00573430141065954));
#7984=CARTESIAN_POINT('Ctrl Pts',(-5.7,9.51449790628343,-0.0043927127557788));
#7985=CARTESIAN_POINT('Ctrl Pts',(-5.7,9.51454721998707,-0.0021982679455631));
#7986=CARTESIAN_POINT('Ctrl Pts',(-5.7,9.51456627483243,-0.00134541567423565));
#7987=CARTESIAN_POINT('Ctrl Pts',(-5.7,9.51460284852707,0.000301090185001069));
#7988=CARTESIAN_POINT('Ctrl Pts',(-5.7,9.51462038217736,0.00109474335297089));
#7989=CARTESIAN_POINT('Ctrl Pts',(-5.7,9.51466044400209,0.00291807700590319));
#7990=CARTESIAN_POINT('Ctrl Pts',(-5.7,9.51468290681912,0.0039477588096482));
#7991=CARTESIAN_POINT('Ctrl Pts',(-5.7,9.51475348431575,0.0072063582015712));
#7992=CARTESIAN_POINT('Ctrl Pts',(-5.7,9.51480100548524,0.00943528773244763));
#7993=CARTESIAN_POINT('Ctrl Pts',(-5.7,9.51518349714255,0.0276652629375897));
#7994=CARTESIAN_POINT('Ctrl Pts',(-5.7,9.51548032686701,0.0436668009051889));
#7995=CARTESIAN_POINT('Ctrl Pts',(-5.7,9.51862421317742,0.238732613026626));
#7996=CARTESIAN_POINT('Ctrl Pts',(-5.69999999999868,9.51662981485361,0.417447742927422));
#7997=CARTESIAN_POINT('Ctrl Pts',(-5.69999999999868,9.49703253034609,0.931026559223842));
#7998=CARTESIAN_POINT('Ctrl Pts',(-5.7,9.46749572982463,1.26277611641175));
#7999=CARTESIAN_POINT('Ctrl Pts',(-5.7,9.42218481688374,1.59845377301727));
#8000=CARTESIAN_POINT('Ctrl Pts',(-5.7,9.42165305224023,1.60237745547075));
#8001=CARTESIAN_POINT('Ctrl Pts',(-5.7,9.42111919708206,1.60630085603538));
#8002=CARTESIAN_POINT('',(5.7,9.74859303269078,1.60630085603538));
#8003=CARTESIAN_POINT('Ctrl Pts',(5.69952917748724,9.74859303269077,1.60619163224451));
#8004=CARTESIAN_POINT('Ctrl Pts',(5.57406927070736,9.73872348647516,2.05162010180511));
#8005=CARTESIAN_POINT('Ctrl Pts',(5.39696600779626,9.72885394025954,2.48248028626994));
#8006=CARTESIAN_POINT('Ctrl Pts',(5.1715434630551,9.71898439404393,2.88637222920276));
#8007=CARTESIAN_POINT('Ctrl Pts',(4.69613363440203,9.6981697977016,3.73816901645188));
#8008=CARTESIAN_POINT('Ctrl Pts',(4.00581110258951,9.67735520135926,4.47001746284022));
#8009=CARTESIAN_POINT('Ctrl Pts',(3.18320482260926,9.65654060501693,4.99431812093505));
#8010=CARTESIAN_POINT('Ctrl Pts',(2.36059854262902,9.6357260086746,5.51861877902987));
#8011=CARTESIAN_POINT('Ctrl Pts',(1.40570851448107,9.61491141233226,5.83537164883119));
#8012=CARTESIAN_POINT('Ctrl Pts',(0.432831406035996,9.59409681598992,5.90666262873467));
#8013=CARTESIAN_POINT('Ctrl Pts',(-0.540045702409085,9.57328221964759,5.97795360863814));
#8014=CARTESIAN_POINT('Ctrl Pts',(-1.53090989115127,9.55246762330526,5.80378269864377));
#8015=CARTESIAN_POINT('Ctrl Pts',(-2.42115852346255,9.53165302696292,5.40499748752392));
#8016=CARTESIAN_POINT('Ctrl Pts',(-3.31140715577383,9.51083843062058,5.00621227640406));
#8017=CARTESIAN_POINT('Ctrl Pts',(-4.1010402316542,9.49002383427825,4.38281276415872));
#8018=CARTESIAN_POINT('Ctrl Pts',(-4.69554170557485,9.46920923793592,3.6094174774859));
#8019=CARTESIAN_POINT('Ctrl Pts',(-5.15338708321778,9.45317922431796,3.01380001877925));
#8020=CARTESIAN_POINT('Ctrl Pts',(-5.49549887577124,9.43714921070001,2.32921927299649));
#8021=CARTESIAN_POINT('Ctrl Pts',(-5.70004208273446,9.42111919708206,1.60616038094781));
#8022=CARTESIAN_POINT('',(5.7,9.81799419708206,-1.60630085603538));
#8023=CARTESIAN_POINT('Ctrl Pts',(5.69952917748724,9.74859303269077,1.60619163224451));
#8024=CARTESIAN_POINT('Ctrl Pts',(5.69952359251685,9.76933062442292,1.48909213457268));
#8025=CARTESIAN_POINT('Ctrl Pts',(5.6995678543625,9.78824996394565,1.3719452581121));
#8026=CARTESIAN_POINT('Ctrl Pts',(5.6996365273444,9.80527456522953,1.25470334195302));
#8027=CARTESIAN_POINT('Ctrl Pts',(5.69970614930223,9.82253442550931,1.13584128708921));
#8028=CARTESIAN_POINT('Ctrl Pts',(5.69980179206402,9.83784681984227,1.01688152937651));
#8029=CARTESIAN_POINT('Ctrl Pts',(5.69990621136077,9.85113204735241,0.897720556811901));
#8030=CARTESIAN_POINT('Ctrl Pts',(5.70001241038647,9.86464370910081,0.776528597270745));
#8031=CARTESIAN_POINT('Ctrl Pts',(5.70012866997501,9.87605851282126,0.655128339172752));
#8032=CARTESIAN_POINT('Ctrl Pts',(5.70023169718877,9.88529261250383,0.53335688824319));
#8033=CARTESIAN_POINT('Ctrl Pts',(5.70031860251491,9.89308174330923,0.430640457594016));
#8034=CARTESIAN_POINT('Ctrl Pts',(5.70039626886174,9.89931925327083,0.327658812042821));
#8035=CARTESIAN_POINT('Ctrl Pts',(5.70044041854318,9.9039548194822,0.224287236257319));
#8036=CARTESIAN_POINT('Ctrl Pts',(5.70046036166638,9.90604877950806,0.177592628169503));
#8037=CARTESIAN_POINT('Ctrl Pts',(5.70047188239892,9.90781322945874,0.130894364007762));
#8038=CARTESIAN_POINT('Ctrl Pts',(5.70047164621818,9.90924689751762,0.0841817338854484));
#8039=CARTESIAN_POINT('Ctrl Pts',(5.70047153760033,9.90990623132713,0.0626989253786706));
#8040=CARTESIAN_POINT('Ctrl Pts',(5.70046893725178,9.9104956042669,0.0412130749666616));
#8041=CARTESIAN_POINT('Ctrl Pts',(5.70046417478187,9.9110148926298,0.0197231355537177));
#8042=CARTESIAN_POINT('Ctrl Pts',(5.70046324250006,9.91111654641477,0.0155163521241361));
#8043=CARTESIAN_POINT('Ctrl Pts',(5.7004622273239,9.91121551224371,0.0113095070537871));
#8044=CARTESIAN_POINT('Ctrl Pts',(5.70046113166552,9.91131178955615,0.00710259245893478));
#8045=CARTESIAN_POINT('Ctrl Pts',(5.70046078234911,9.91134248456599,0.0057613493185605));
#8046=CARTESIAN_POINT('Ctrl Pts',(5.70046042485208,9.91137290628343,0.00442009985974967));
#8047=CARTESIAN_POINT('Ctrl Pts',(5.70046005925213,9.91140305469127,0.00307884382458206));
#8048=CARTESIAN_POINT('Ctrl Pts',(5.70045982684082,9.91142221998707,0.00222620945664463));
#8049=CARTESIAN_POINT('Ctrl Pts',(5.70045959115504,9.91144127483243,0.00137357254768604));
#8050=CARTESIAN_POINT('Ctrl Pts',(5.70045935221472,9.91146021922294,0.000520933034719042));
#8051=CARTESIAN_POINT('Ctrl Pts',(5.70045912986121,9.91147784852707,-0.00027251773786393));
#8052=CARTESIAN_POINT('Ctrl Pts',(5.70045890468935,9.91149538217736,-0.00106597068051465));
#8053=CARTESIAN_POINT('Ctrl Pts',(5.70045867671516,9.91151282017054,-0.00185942585361265));
#8054=CARTESIAN_POINT('Ctrl Pts',(5.70045838094432,9.91153544400209,-0.00288884454812092));
#8055=CARTESIAN_POINT('Ctrl Pts',(5.7004580804566,9.91155790681912,-0.00391826685417372));
#8056=CARTESIAN_POINT('Ctrl Pts',(5.70045777528692,9.91158020861422,-0.00494769288564165));
#8057=CARTESIAN_POINT('Ctrl Pts',(5.7004571146997,9.91162848431577,-0.00717604552036987));
#8058=CARTESIAN_POINT('Ctrl Pts',(5.70045643217451,9.91167600548525,-0.00940441439789524));
#8059=CARTESIAN_POINT('Ctrl Pts',(5.7004557280643,9.9117227720504,-0.0116328006944832));
#8060=CARTESIAN_POINT('Ctrl Pts',(5.70045067343892,9.91205849714255,-0.0276298103611493));
#8061=CARTESIAN_POINT('Ctrl Pts',(5.7004445069491,9.912355326867,-0.0436273681010836));
#8062=CARTESIAN_POINT('Ctrl Pts',(5.70043735656091,9.91261323958592,-0.0596259087506219));
#8063=CARTESIAN_POINT('Ctrl Pts',(5.70037184441832,9.91497624623049,-0.20620517795881));
#8064=CARTESIAN_POINT('Ctrl Pts',(5.70022695125246,9.91406736735672,-0.352553720994633));
#8065=CARTESIAN_POINT('Ctrl Pts',(5.70008186482008,9.9099119531162,-0.499004643494278));
#8066=CARTESIAN_POINT('Ctrl Pts',(5.70004975513103,9.90899230089961,-0.531416313595929));
#8067=CARTESIAN_POINT('Ctrl Pts',(5.70001749784237,9.90791363344828,-0.563832850956984));
#8068=CARTESIAN_POINT('Ctrl Pts',(5.69998573436537,9.90667622555697,-0.596257584989931));
#8069=CARTESIAN_POINT('Ctrl Pts',(5.69986875307228,9.90211899225525,-0.715674212904871));
#8070=CARTESIAN_POINT('Ctrl Pts',(5.69976391358596,9.89542579717744,-0.834704151725306));
#8071=CARTESIAN_POINT('Ctrl Pts',(5.69968673912041,9.88666591161175,-0.953524296721622));
#8072=CARTESIAN_POINT('Ctrl Pts',(5.69961027356817,9.8779864930689,-1.07125297730916));
#8073=CARTESIAN_POINT('Ctrl Pts',(5.69956004505009,9.86727817828189,-1.18877588219019));
#8074=CARTESIAN_POINT('Ctrl Pts',(5.69954129313583,9.8546083470729,-1.30621533777489));
#8075=CARTESIAN_POINT('Ctrl Pts',(5.69952594361701,9.84423736255123,-1.40234627717035));
#8076=CARTESIAN_POINT('Ctrl Pts',(5.69953127520272,9.83255209087773,-1.49842040096396));
#8077=CARTESIAN_POINT('Ctrl Pts',(5.69956174546056,9.81958948740338,-1.59447877654503));
#8078=CARTESIAN_POINT('Ctrl Pts',(5.69956299051888,9.81905981688421,-1.59840385916946));
#8079=CARTESIAN_POINT('Ctrl Pts',(5.69956426934608,9.81852805224119,-1.60232866293212));
#8080=CARTESIAN_POINT('Ctrl Pts',(5.69956558161611,9.81799419708206,-1.60625319104983));
#8081=CARTESIAN_POINT('',(-5.7,10.1454680326908,-1.60630085603538));
#8082=CARTESIAN_POINT('Ctrl Pts',(-5.70020998883248,10.1454680326908,-1.6062221749265));
#8083=CARTESIAN_POINT('Ctrl Pts',(-5.47983952921364,10.1281943978625,-2.38531514180805));
#8084=CARTESIAN_POINT('Ctrl Pts',(-5.09901567456578,10.1109207630342,-3.11951847592115));
#8085=CARTESIAN_POINT('Ctrl Pts',(-4.58691322660103,10.093647128206,-3.74649616140327));
#8086=CARTESIAN_POINT('Ctrl Pts',(-3.96983373833609,10.0728325318636,-4.50199942222245));
#8087=CARTESIAN_POINT('Ctrl Pts',(-3.16213689807213,10.0520179355213,-5.10181035962465));
#8088=CARTESIAN_POINT('Ctrl Pts',(-2.26050091458832,10.031203339179,-5.47413390874961));
#8089=CARTESIAN_POINT('Ctrl Pts',(-1.35886493110451,10.0103887428366,-5.84645745787457));
#8090=CARTESIAN_POINT('Ctrl Pts',(-0.363289804400848,9.98957414649428,-5.99129361872229));
#8091=CARTESIAN_POINT('Ctrl Pts',(0.607057947644895,9.96875955015194,-5.89130605926894));
#8092=CARTESIAN_POINT('Ctrl Pts',(1.57740569969065,9.94794495380961,-5.79131849981558));
#8093=CARTESIAN_POINT('Ctrl Pts',(2.52252607707849,9.92713035746727,-5.44650722006116));
#8094=CARTESIAN_POINT('Ctrl Pts',(3.32929180158799,9.90631576112494,-4.89814480550077));
#8095=CARTESIAN_POINT('Ctrl Pts',(4.13605752609748,9.88550116478261,-4.34978239094039));
#8096=CARTESIAN_POINT('Ctrl Pts',(4.80446859772863,9.86468656844027,-3.59786884157405));
#8097=CARTESIAN_POINT('Ctrl Pts',(5.25451877910014,9.84387197209794,-2.7324053205673));
#8098=CARTESIAN_POINT('Ctrl Pts',(5.44102727771721,9.83524604709265,-2.37374242342345));
#8099=CARTESIAN_POINT('Ctrl Pts',(5.59003413928781,9.82662012208735,-1.9955782785148));
#8100=CARTESIAN_POINT('Ctrl Pts',(5.69956558161611,9.81799419708206,-1.60625319104983));
#8101=CARTESIAN_POINT('',(-5.7,10.2148691970821,1.60630085603538));
#8102=CARTESIAN_POINT('Ctrl Pts',(-5.70020998883248,10.1454680326908,-1.60622217492652));
#8103=CARTESIAN_POINT('Ctrl Pts',(-5.70030998030464,10.1660283523575,-1.49019166647824));
#8104=CARTESIAN_POINT('Ctrl Pts',(-5.70041670138822,10.1848013730378,-1.37410964943331));
#8105=CARTESIAN_POINT('Ctrl Pts',(-5.70047159609278,10.2017125534693,-1.2579181883368));
#8106=CARTESIAN_POINT('Ctrl Pts',(-5.70049647880323,10.209378065276,-1.20525084080977));
#8107=CARTESIAN_POINT('Ctrl Pts',(-5.70051087840504,10.2166610370577,-1.1525603004125));
#8108=CARTESIAN_POINT('Ctrl Pts',(-5.70050982248286,10.2235545265932,-1.09983770065438));
#8109=CARTESIAN_POINT('Ctrl Pts',(-5.70050741721504,10.239257093453,-0.9797417545504));
#8110=CARTESIAN_POINT('Ctrl Pts',(-5.70042448284354,10.2529387328431,-0.859482960702331));
#8111=CARTESIAN_POINT('Ctrl Pts',(-5.70031174940079,10.2645173920329,-0.73893775558951));
#8112=CARTESIAN_POINT('Ctrl Pts',(-5.70019639376451,10.2763653722376,-0.615588654409738));
#8113=CARTESIAN_POINT('Ctrl Pts',(-5.7000508862609,10.2860114033117,-0.491939457484795));
#8114=CARTESIAN_POINT('Ctrl Pts',(-5.69992459205534,10.2933675726434,-0.367803638784006));
#8115=CARTESIAN_POINT('Ctrl Pts',(-5.69987605075494,10.296194923461,-0.320091916464611));
#8116=CARTESIAN_POINT('Ctrl Pts',(-5.69983021249951,10.2986840029228,-0.272307767868474));
#8117=CARTESIAN_POINT('Ctrl Pts',(-5.69978920315671,10.3008298194823,-0.224438685156471));
#8118=CARTESIAN_POINT('Ctrl Pts',(-5.69973078072763,10.3038867769274,-0.156243783715317));
#8119=CARTESIAN_POINT('Ctrl Pts',(-5.69967943835574,10.3062414537085,-0.0880390431867218));
#8120=CARTESIAN_POINT('Ctrl Pts',(-5.69963860350909,10.3078898926298,-0.0197923832381234));
#8121=CARTESIAN_POINT('Ctrl Pts',(-5.69963608535894,10.3079915464148,-0.0155838370742018));
#8122=CARTESIAN_POINT('Ctrl Pts',(-5.69963360673995,10.3080905122438,-0.0113752263163195));
#8123=CARTESIAN_POINT('Ctrl Pts',(-5.6996311682592,10.3081867895562,-0.00716654333294901));
#8124=CARTESIAN_POINT('Ctrl Pts',(-5.69963039082589,10.3082174845658,-0.00582473640522729));
#8125=CARTESIAN_POINT('Ctrl Pts',(-5.69962961747269,10.3082479062833,-0.00448292287214226));
#8126=CARTESIAN_POINT('Ctrl Pts',(-5.69962884821881,10.3082780546913,-0.0031411024967594));
#8127=CARTESIAN_POINT('Ctrl Pts',(-5.69962835920532,10.308297219987,-0.00228810938504019));
#8128=CARTESIAN_POINT('Ctrl Pts',(-5.69962787184847,10.3083162748324,-0.00143511361926856));
#8129=CARTESIAN_POINT('Ctrl Pts',(-5.69962738615314,10.3083352192229,-0.000582115144197848));
#8130=CARTESIAN_POINT('Ctrl Pts',(-5.69962693417392,10.3083528485274,0.000211669682893497));
#8131=CARTESIAN_POINT('Ctrl Pts',(-5.69962648363361,10.3083703821775,0.001005456752219));
#8132=CARTESIAN_POINT('Ctrl Pts',(-5.69962603453609,10.3083878201705,0.00179924614142275));
#8133=CARTESIAN_POINT('Ctrl Pts',(-5.69962545188265,10.3084104440021,0.00282909845011102));
#8134=CARTESIAN_POINT('Ctrl Pts',(-5.69962487165782,10.3084329068191,0.00385895452346852));
#8135=CARTESIAN_POINT('Ctrl Pts',(-5.69962429387004,10.3084552086142,0.00488881446898514));
#8136=CARTESIAN_POINT('Ctrl Pts',(-5.6996230431586,10.3085034843157,0.00711810637350315));
#8137=CARTESIAN_POINT('Ctrl Pts',(-5.69962180386734,10.3085510054852,0.00934741521194594));
#8138=CARTESIAN_POINT('Ctrl Pts',(-5.69962057608053,10.3085977720504,0.0115767421184535));
#8139=CARTESIAN_POINT('Ctrl Pts',(-5.69961176211614,10.3089334971425,0.0275805041693566));
#8140=CARTESIAN_POINT('Ctrl Pts',(-5.69960354160559,10.309230326867,0.043584847591185));
#8141=CARTESIAN_POINT('Ctrl Pts',(-5.69959594295843,10.3094882395859,0.0595901931518452));
#8142=CARTESIAN_POINT('Ctrl Pts',(-5.69952546646929,10.3118803473568,0.208037744137982));
#8143=CARTESIAN_POINT('Ctrl Pts',(-5.69951157658271,10.3109194848965,0.356250419529742));
#8144=CARTESIAN_POINT('Ctrl Pts',(-5.69955665307109,10.3066319505222,0.504562469105823));
#8145=CARTESIAN_POINT('Ctrl Pts',(-5.69956595939801,10.3057467618581,0.535182432370393));
#8146=CARTESIAN_POINT('Ctrl Pts',(-5.69957766460934,10.3047197763943,0.565806496254019));
#8147=CARTESIAN_POINT('Ctrl Pts',(-5.69959162695554,10.3035512255571,0.596437366690228));
#8148=CARTESIAN_POINT('Ctrl Pts',(-5.6996464469236,10.2989631771964,0.716702493731197));
#8149=CARTESIAN_POINT('Ctrl Pts',(-5.69974056117028,10.2922101835455,0.836567785148219));
#8150=CARTESIAN_POINT('Ctrl Pts',(-5.69985009000293,10.2833629306094,0.956208294324373));
#8151=CARTESIAN_POINT('Ctrl Pts',(-5.69995798459917,10.2746476840366,1.07406369476376));
#8152=CARTESIAN_POINT('Ctrl Pts',(-5.70007989547677,10.263900207175,1.19170110283288));
#8153=CARTESIAN_POINT('Ctrl Pts',(-5.70018684747518,10.2511880689705,1.30923825404509));
#8154=CARTESIAN_POINT('Ctrl Pts',(-5.70027348298361,10.2408907152688,1.40444817071332));
#8155=CARTESIAN_POINT('Ctrl Pts',(-5.70034997224559,10.229304216624,1.49959138241102));
#8156=CARTESIAN_POINT('Ctrl Pts',(-5.70040435305578,10.2164644874034,1.59470553566188));
#8157=CARTESIAN_POINT('Ctrl Pts',(-5.70040659639841,10.2159348168837,1.59862922923141));
#8158=CARTESIAN_POINT('Ctrl Pts',(-5.70040879408953,10.2154030522402,1.60255262096925));
#8159=CARTESIAN_POINT('Ctrl Pts',(-5.70041094475372,10.2148691970821,1.60647571394835));
#8160=CARTESIAN_POINT('',(5.7,10.5423430326908,1.60630085603538));
#8161=CARTESIAN_POINT('Ctrl Pts',(5.70009269184701,10.5423430326908,1.60647062477326));
#8162=CARTESIAN_POINT('Ctrl Pts',(5.65114920237588,10.5384799055922,1.78080951244817));
#8163=CARTESIAN_POINT('Ctrl Pts',(5.59419899818175,10.5346167784936,1.95287534300119));
#8164=CARTESIAN_POINT('Ctrl Pts',(5.52933368835346,10.530753651395,2.12190372039275));
#8165=CARTESIAN_POINT('Ctrl Pts',(5.17983826502516,10.5099390550526,3.03263157272753));
#8166=CARTESIAN_POINT('Ctrl Pts',(4.60056152822428,10.4891244587103,3.85517993519698));
#8167=CARTESIAN_POINT('Ctrl Pts',(3.86084067788727,10.468309862368,4.4910929288702));
#8168=CARTESIAN_POINT('Ctrl Pts',(3.12111982755026,10.4474952660256,5.12700592254343));
#8169=CARTESIAN_POINT('Ctrl Pts',(2.22095486367711,10.4266806696833,5.57628354742043));
#8170=CARTESIAN_POINT('Ctrl Pts',(1.2680920742002,10.405866073341,5.78514899783296));
#8171=CARTESIAN_POINT('Ctrl Pts',(0.315229284723281,10.3850514769986,5.99401444824549));
#8172=CARTESIAN_POINT('Ctrl Pts',(-0.690331330357404,10.3642368806563,5.96246772419354));
#8173=CARTESIAN_POINT('Ctrl Pts',(-1.62822802856774,10.343422284314,5.69428484735031));
#8174=CARTESIAN_POINT('Ctrl Pts',(-2.56612472677809,10.3226076879716,5.42610197050708));
#8175=CARTESIAN_POINT('Ctrl Pts',(-3.43635750811809,10.3017930916293,4.92128294087256));
#8176=CARTESIAN_POINT('Ctrl Pts',(-4.13476285191147,10.280978495287,4.24025265688614));
#8177=CARTESIAN_POINT('Ctrl Pts',(-4.83316819570485,10.2601638989446,3.55922237289972));
#8178=CARTESIAN_POINT('Ctrl Pts',(-5.35974610195162,10.2393493026023,2.7019808345614));
#8179=CARTESIAN_POINT('Ctrl Pts',(-5.6514672182749,10.21853470626,1.77113656066976));
#8180=CARTESIAN_POINT('Ctrl Pts',(-5.66859152232391,10.2173128698673,1.71649512583194));
#8181=CARTESIAN_POINT('Ctrl Pts',(-5.68490655673374,10.2160910334747,1.6616000706527));
#8182=CARTESIAN_POINT('Ctrl Pts',(-5.70041094475372,10.2148691970821,1.60647571394835));
#8183=CARTESIAN_POINT('',(5.7,10.6117441970821,-1.60630085603538));
#8184=CARTESIAN_POINT('Ctrl Pts',(5.7,10.5423430326908,1.60630085603539));
#8185=CARTESIAN_POINT('Ctrl Pts',(5.7,10.6235238052452,1.14800034591076));
#8186=CARTESIAN_POINT('Ctrl Pts',(5.7,10.6768405532798,0.689703367198494));
#8187=CARTESIAN_POINT('Ctrl Pts',(5.7,10.7007617769273,0.15612991949639));
#8188=CARTESIAN_POINT('Ctrl Pts',(5.7,10.7031164537084,0.0879350451913064));
#8189=CARTESIAN_POINT('Ctrl Pts',(5.7,10.7048665464148,0.0154917754889701));
#8190=CARTESIAN_POINT('Ctrl Pts',(5.7,10.7049655122437,0.0112838632836277));
#8191=CARTESIAN_POINT('Ctrl Pts',(5.7,10.705092484566,0.0057343014087388));
#8192=CARTESIAN_POINT('Ctrl Pts',(5.7,10.7051229062834,0.00439271275491064));
#8193=CARTESIAN_POINT('Ctrl Pts',(5.7,10.7051722199868,0.00219826795555845));
#8194=CARTESIAN_POINT('Ctrl Pts',(5.7,10.7051912748323,0.0013454156793051));
#8195=CARTESIAN_POINT('Ctrl Pts',(5.7,10.7052278485271,-0.000301090186958819));
#8196=CARTESIAN_POINT('Ctrl Pts',(5.7,10.7052453821774,-0.00109474335385756));
#8197=CARTESIAN_POINT('Ctrl Pts',(5.7,10.7052854440022,-0.00291807701051533));
#8198=CARTESIAN_POINT('Ctrl Pts',(5.7,10.7053079068192,-0.00394775881180122));
#8199=CARTESIAN_POINT('Ctrl Pts',(5.7,10.7053784843157,-0.00720635819858629));
#8200=CARTESIAN_POINT('Ctrl Pts',(5.7,10.7054260054852,-0.00943528773053912));
#8201=CARTESIAN_POINT('Ctrl Pts',(5.7,10.7058084971424,-0.0276652629302993));
#8202=CARTESIAN_POINT('Ctrl Pts',(5.7,10.7061053268667,-0.0436668008903128));
#8203=CARTESIAN_POINT('Ctrl Pts',(5.7,10.7092492131764,-0.238732612936062));
#8204=CARTESIAN_POINT('Ctrl Pts',(5.69999999999868,10.7072548148556,-0.417447742769186));
#8205=CARTESIAN_POINT('Ctrl Pts',(5.69999999999868,10.6876575303594,-0.931026559074092));
#8206=CARTESIAN_POINT('Ctrl Pts',(5.7,10.6581207298348,-1.26277611633665));
#8207=CARTESIAN_POINT('Ctrl Pts',(5.7,10.6128098168841,-1.59845377301474));
#8208=CARTESIAN_POINT('Ctrl Pts',(5.7,10.6122780522409,-1.60237745546571));
#8209=CARTESIAN_POINT('Ctrl Pts',(5.7,10.6117441970821,-1.60630085603538));
#8210=CARTESIAN_POINT('',(-5.7,10.9392180326908,-1.60630085603538));
#8211=CARTESIAN_POINT('Ctrl Pts',(-5.69955290213636,10.9392180326908,-1.60613757378377));
#8212=CARTESIAN_POINT('Ctrl Pts',(-5.55614834846391,10.9279508169795,-2.11459286008111));
#8213=CARTESIAN_POINT('Ctrl Pts',(-5.34541589776806,10.9166836012683,-2.60410541303056));
#8214=CARTESIAN_POINT('Ctrl Pts',(-5.07291077842439,10.905416385557,-3.05640027972821));
#8215=CARTESIAN_POINT('Ctrl Pts',(-4.56949589708066,10.8846017892147,-3.89195143267304));
#8216=CARTESIAN_POINT('Ctrl Pts',(-3.8552671695314,10.8637871928723,-4.6004884261626));
#8217=CARTESIAN_POINT('Ctrl Pts',(-3.01571503054867,10.84297259653,-5.09720210412534));
#8218=CARTESIAN_POINT('Ctrl Pts',(-2.17616289156593,10.8221580001877,-5.59391578208809));
#8219=CARTESIAN_POINT('Ctrl Pts',(-1.21128734114973,10.8013434038453,-5.878806144524));
#8220=CARTESIAN_POINT('Ctrl Pts',(-0.236580275837229,10.780528807503,-5.91777290953799));
#8221=CARTESIAN_POINT('Ctrl Pts',(0.738126789475282,10.7597142111607,-5.95673967455199));
#8222=CARTESIAN_POINT('Ctrl Pts',(1.72266536968408,10.7388996148183,-5.74978284214404));
#8223=CARTESIAN_POINT('Ctrl Pts',(2.599189979127,10.718085018476,-5.32167435006904));
#8224=CARTESIAN_POINT('Ctrl Pts',(3.47571458856991,10.6972704221336,-4.89356585799405));
#8225=CARTESIAN_POINT('Ctrl Pts',(4.24422522724695,10.6764558257913,-4.24430570625201));
#8226=CARTESIAN_POINT('Ctrl Pts',(4.81273412416366,10.655641229449,-3.45160784068637));
#8227=CARTESIAN_POINT('Ctrl Pts',(5.21238721757291,10.6410088853267,-2.89435331779255));
#8228=CARTESIAN_POINT('Ctrl Pts',(5.51320193420709,10.6263765412044,-2.26621365821006));
#8229=CARTESIAN_POINT('Ctrl Pts',(5.69985456577281,10.6117441970821,-1.6061163789244));
#8230=CARTESIAN_POINT('',(-5.7,11.0086191970821,1.60630085603538));
#8231=CARTESIAN_POINT('Ctrl Pts',(-5.7,10.9392180326908,-1.60630085603538));
#8232=CARTESIAN_POINT('Ctrl Pts',(-5.7,11.0203988052453,-1.14800034591048));
#8233=CARTESIAN_POINT('Ctrl Pts',(-5.7,11.0737155532799,-0.68970336719788));
#8234=CARTESIAN_POINT('Ctrl Pts',(-5.7,11.0976367769273,-0.156129919495528));
#8235=CARTESIAN_POINT('Ctrl Pts',(-5.7,11.0999914537084,-0.0879350451906229));
#8236=CARTESIAN_POINT('Ctrl Pts',(-5.7,11.1017415464148,-0.0154917754902126));
#8237=CARTESIAN_POINT('Ctrl Pts',(-5.7,11.1018405122437,-0.0112838632841986));
#8238=CARTESIAN_POINT('Ctrl Pts',(-5.7,11.1019674845662,-0.00573430140242416));
#8239=CARTESIAN_POINT('Ctrl Pts',(-5.7,11.1019979062835,-0.00439271275172349));
#8240=CARTESIAN_POINT('Ctrl Pts',(-5.7,11.1020472199868,-0.00219826795561862));
#8241=CARTESIAN_POINT('Ctrl Pts',(-5.7,11.1020662748323,-0.00134541567930514));
#8242=CARTESIAN_POINT('Ctrl Pts',(-5.7,11.1021028485269,0.000301090175877879));
#8243=CARTESIAN_POINT('Ctrl Pts',(-5.7,11.1021203821773,0.00109474334836754));
#8244=CARTESIAN_POINT('Ctrl Pts',(-5.7,11.102160444002,0.00291807700394448));
#8245=CARTESIAN_POINT('Ctrl Pts',(-5.7,11.1021829068191,0.00394775880884975));
#8246=CARTESIAN_POINT('Ctrl Pts',(-5.7,11.1022534843159,0.00720635820803435));
#8247=CARTESIAN_POINT('Ctrl Pts',(-5.7,11.1023010054853,0.00943528773620405));
#8248=CARTESIAN_POINT('Ctrl Pts',(-5.7,11.1026834971426,0.027665262941516));
#8249=CARTESIAN_POINT('Ctrl Pts',(-5.7,11.1029803268671,0.0436668009117073));
#8250=CARTESIAN_POINT('Ctrl Pts',(-5.7,11.1061242131778,0.238732613063596));
#8251=CARTESIAN_POINT('Ctrl Pts',(-5.69999999999868,11.1041298148528,0.41744774299207));
#8252=CARTESIAN_POINT('Ctrl Pts',(-5.69999999999868,11.0845325303406,0.931026559285302));
#8253=CARTESIAN_POINT('Ctrl Pts',(-5.7,11.0549957298205,1.26277611644266));
#8254=CARTESIAN_POINT('Ctrl Pts',(-5.7,11.0096848168834,1.5984537730198));
#8255=CARTESIAN_POINT('Ctrl Pts',(-5.7,11.0091530522395,1.60237745547582));
#8256=CARTESIAN_POINT('Ctrl Pts',(-5.7,11.0086191970821,1.60630085603536));
#8257=CARTESIAN_POINT('',(5.7,11.3360930326908,1.60630085603538));
#8258=CARTESIAN_POINT('Ctrl Pts',(5.70037013703553,11.3360930326908,1.60630783715853));
#8259=CARTESIAN_POINT('Ctrl Pts',(5.46236537065274,11.3174217283669,2.44841652645804));
#8260=CARTESIAN_POINT('Ctrl Pts',(5.03578263701632,11.2987504240429,3.2376833427913));
#8261=CARTESIAN_POINT('Ctrl Pts',(4.4600593086022,11.280079119719,3.89664950945397));
#8262=CARTESIAN_POINT('Ctrl Pts',(3.81824829862078,11.2592645233767,4.63125886102281));
#8263=CARTESIAN_POINT('Ctrl Pts',(2.99109157722844,11.2384499270343,5.20393599925632));
#8264=CARTESIAN_POINT('Ctrl Pts',(2.07759662621479,11.217635330692,5.5461336708123));
#8265=CARTESIAN_POINT('Ctrl Pts',(1.16410167520115,11.1968207343497,5.88833134236828));
#8266=CARTESIAN_POINT('Ctrl Pts',(0.164268494566201,11.1760061380073,6.00004954724673));
#8267=CARTESIAN_POINT('Ctrl Pts',(-0.802226725115489,11.155191541665,5.8679160455214));
#8268=CARTESIAN_POINT('Ctrl Pts',(-1.76872194479719,11.1343769453227,5.73578254379607));
#8269=CARTESIAN_POINT('Ctrl Pts',(-2.70187920352564,11.1135623489803,5.35979733546693));
#8270=CARTESIAN_POINT('Ctrl Pts',(-3.49000316242369,11.092747752638,4.78496440551543));
#8271=CARTESIAN_POINT('Ctrl Pts',(-4.27812712132175,11.0719331562957,4.21013147556392));
#8272=CARTESIAN_POINT('Ctrl Pts',(-4.92121778038943,11.0511185599533,3.43645082399003));
#8273=CARTESIAN_POINT('Ctrl Pts',(-5.3422996583545,11.030303963611,2.55652905246986));
#8274=CARTESIAN_POINT('Ctrl Pts',(-5.48852816811539,11.0230757081014,2.25095986013755));
#8275=CARTESIAN_POINT('Ctrl Pts',(-5.60798342387628,11.0158474525917,1.93257846967757));
#8276=CARTESIAN_POINT('Ctrl Pts',(-5.69966752042113,11.0086191970821,1.60632827680114));
#8277=CARTESIAN_POINT('',(5.7,11.4054941970821,-1.60630085603538));
#8278=CARTESIAN_POINT('Ctrl Pts',(5.7,11.3360930326908,1.60630085603539));
#8279=CARTESIAN_POINT('Ctrl Pts',(5.7,11.4172738052455,1.14800034590937));
#8280=CARTESIAN_POINT('Ctrl Pts',(5.7,11.4705905532801,0.68970336719578));
#8281=CARTESIAN_POINT('Ctrl Pts',(5.7,11.4945117769274,0.156129919492695));
#8282=CARTESIAN_POINT('Ctrl Pts',(5.7,11.4968664537085,0.0879350451883255));
#8283=CARTESIAN_POINT('Ctrl Pts',(5.7,11.4986165464148,0.0154917754910797));
#8284=CARTESIAN_POINT('Ctrl Pts',(5.7,11.4987155122437,0.0112838632844601));
#8285=CARTESIAN_POINT('Ctrl Pts',(5.7,11.498842484566,0.00573430140978916));
#8286=CARTESIAN_POINT('Ctrl Pts',(5.7,11.4988729062834,0.00439271275531498));
#8287=CARTESIAN_POINT('Ctrl Pts',(5.7,11.4989222199871,0.00219826794562029));
#8288=CARTESIAN_POINT('Ctrl Pts',(5.7,11.4989412748324,0.00134541567423564));
#8289=CARTESIAN_POINT('Ctrl Pts',(5.7,11.498977848527,-0.000301090183130071));
#8290=CARTESIAN_POINT('Ctrl Pts',(5.7,11.4989953821773,-0.00109474335208432));
#8291=CARTESIAN_POINT('Ctrl Pts',(5.7,11.4990354440019,-0.00291807699870899));
#8292=CARTESIAN_POINT('Ctrl Pts',(5.7,11.499057906819,-0.00394775880610014));
#8293=CARTESIAN_POINT('Ctrl Pts',(5.7,11.4991284843158,-0.00720635820172942));
#8294=CARTESIAN_POINT('Ctrl Pts',(5.7,11.4991760054852,-0.00943528773265663));
#8295=CARTESIAN_POINT('Ctrl Pts',(5.7,11.4995584971426,-0.0276652629379089));
#8296=CARTESIAN_POINT('Ctrl Pts',(5.7,11.499855326867,-0.0436668009044048));
#8297=CARTESIAN_POINT('Ctrl Pts',(5.7,11.5029992131773,-0.23873261301913));
#8298=CARTESIAN_POINT('Ctrl Pts',(5.69999999999867,11.5010048148538,-0.41744774291435));
#8299=CARTESIAN_POINT('Ctrl Pts',(5.69999999999867,11.4814075303472,-0.931026559211626));
#8300=CARTESIAN_POINT('Ctrl Pts',(5.69999999999999,11.4518707298255,-1.26277611640564));
#8301=CARTESIAN_POINT('Ctrl Pts',(5.69999999999999,11.4065598168834,-1.5984537730198));
#8302=CARTESIAN_POINT('Ctrl Pts',(5.7,11.4060280522395,-1.6023774554758));
#8303=CARTESIAN_POINT('Ctrl Pts',(5.7,11.4054941970821,-1.60630085603538));
#8304=CARTESIAN_POINT('',(-5.7,11.7329680326908,-1.60630085603538));
#8305=CARTESIAN_POINT('Ctrl Pts',(-5.6998972031411,11.7329680326908,-1.60642412341465));
#8306=CARTESIAN_POINT('Ctrl Pts',(-5.63323609832727,11.7277072360965,-1.84386058703095));
#8307=CARTESIAN_POINT('Ctrl Pts',(-5.55179621714587,11.7224464395023,-2.07710181106566));
#8308=CARTESIAN_POINT('Ctrl Pts',(-5.45587284733589,11.717185642908,-2.30422609773433));
#8309=CARTESIAN_POINT('Ctrl Pts',(-5.07634739208918,11.6963710465657,-3.20285433052335));
#8310=CARTESIAN_POINT('Ctrl Pts',(-4.47009341950937,11.6755564502234,-4.00572634219836));
#8311=CARTESIAN_POINT('Ctrl Pts',(-3.70967720101484,11.654741853881,-4.61674143742616));
#8312=CARTESIAN_POINT('Ctrl Pts',(-2.9492609825203,11.6339272575387,-5.22775653265396));
#8313=CARTESIAN_POINT('Ctrl Pts',(-2.03468251811103,11.6131126611964,-5.64691471143457));
#8314=CARTESIAN_POINT('Ctrl Pts',(-1.07541333635996,11.592298064854,-5.82404435008493));
#8315=CARTESIAN_POINT('Ctrl Pts',(-0.116144154608877,11.5714834685117,-6.00117398873529));
#8316=CARTESIAN_POINT('Ctrl Pts',(0.887815744483995,11.5506688721694,-5.9362750872554));
#8317=CARTESIAN_POINT('Ctrl Pts',(1.81629621799869,11.529854275827,-5.63711579482457));
#8318=CARTESIAN_POINT('Ctrl Pts',(2.74477669151337,11.5090396794847,-5.33795650239374));
#8319=CARTESIAN_POINT('Ctrl Pts',(3.59777773944987,11.4882250831424,-4.80453681901198));
#8320=CARTESIAN_POINT('Ctrl Pts',(4.27319841341965,11.4674104868,-4.10070503149456));
#8321=CARTESIAN_POINT('Ctrl Pts',(4.94291341282391,11.4467717235607,-3.40281892388184));
#8322=CARTESIAN_POINT('Ctrl Pts',(5.43803561695961,11.4261329603214,-2.5373876932128));
#8323=CARTESIAN_POINT('Ctrl Pts',(5.70047289736765,11.4054941970821,-1.60642535574567));
#8324=CARTESIAN_POINT('',(-5.7,11.8023691970821,1.60630085603538));
#8325=CARTESIAN_POINT('Ctrl Pts',(-5.6998972031411,11.7329680326908,-1.60642412341465));
#8326=CARTESIAN_POINT('Ctrl Pts',(-5.69979222034163,11.753707148311,-1.48931099708581));
#8327=CARTESIAN_POINT('Ctrl Pts',(-5.69971496801321,11.7726277444858,-1.37213886377537));
#8328=CARTESIAN_POINT('Ctrl Pts',(-5.69965984933681,11.7896533183231,-1.25486389887297));
#8329=CARTESIAN_POINT('Ctrl Pts',(-5.69960384757846,11.8069516667984,-1.13571001720718));
#8330=CARTESIAN_POINT('Ctrl Pts',(-5.69957163780804,11.8222937844391,-1.0164499871685));
#8331=CARTESIAN_POINT('Ctrl Pts',(-5.69956919572269,11.8355994320611,-0.896984099491185));
#8332=CARTESIAN_POINT('Ctrl Pts',(-5.6995667023421,11.849184560652,-0.77500886819001));
#8333=CARTESIAN_POINT('Ctrl Pts',(-5.69959624809198,11.8606467699078,-0.652818905771703));
#8334=CARTESIAN_POINT('Ctrl Pts',(-5.69966143085414,11.8699006575,-0.530253376761435));
#8335=CARTESIAN_POINT('Ctrl Pts',(-5.69971553157299,11.8775812459611,-0.428525818644927));
#8336=CARTESIAN_POINT('Ctrl Pts',(-5.69979436697547,11.8837405763899,-0.326538396594409));
#8337=CARTESIAN_POINT('Ctrl Pts',(-5.69989132410851,11.888329819482,-0.224173300058077));
#8338=CARTESIAN_POINT('Ctrl Pts',(-5.69995590857784,11.8913867769272,-0.155986512452716));
#8339=CARTESIAN_POINT('Ctrl Pts',(-5.70002519488718,11.8937414537083,-0.0877940412666185));
#8340=CARTESIAN_POINT('Ctrl Pts',(-5.70009347215538,11.8953898926297,-0.0195633938134582));
#8341=CARTESIAN_POINT('Ctrl Pts',(-5.70009768258905,11.8954915464148,-0.0153558350863853));
#8342=CARTESIAN_POINT('Ctrl Pts',(-5.70010188857526,11.8955905122437,-0.0111482259773579));
#8343=CARTESIAN_POINT('Ctrl Pts',(-5.70010608857235,11.8956867895561,-0.00694055875674815));
#8344=CARTESIAN_POINT('Ctrl Pts',(-5.70010742761005,11.8957174845659,-0.00559907567068261));
#8345=CARTESIAN_POINT('Ctrl Pts',(-5.70010876603807,11.8957479062834,-0.0042575874178546));
#8346=CARTESIAN_POINT('Ctrl Pts',(-5.70011010380595,11.8957780546913,-0.00291609375396116));
#8347=CARTESIAN_POINT('Ctrl Pts',(-5.70011095422292,11.8957972199874,-0.00206330831316162));
#8348=CARTESIAN_POINT('Ctrl Pts',(-5.70011180437297,11.8958162748326,-0.00121052082397729));
#8349=CARTESIAN_POINT('Ctrl Pts',(-5.70011265424312,11.8958352192229,-0.000357731203083103));
#8350=CARTESIAN_POINT('Ctrl Pts',(-5.70011344511677,11.8958528485269,0.000435859255196236));
#8351=CARTESIAN_POINT('Ctrl Pts',(-5.70011423574795,11.8958703821773,0.00122945148772056));
#8352=CARTESIAN_POINT('Ctrl Pts',(-5.70011502612614,11.8958878201705,0.002023045540634));
#8353=CARTESIAN_POINT('Ctrl Pts',(-5.70011605155279,11.8959104440019,0.00305264440319945));
#8354=CARTESIAN_POINT('Ctrl Pts',(-5.70011707655348,11.895932906819,0.00408224619815283));
#8355=CARTESIAN_POINT('Ctrl Pts',(-5.70011810110516,11.8959552086142,0.00511185102604808));
#8356=CARTESIAN_POINT('Ctrl Pts',(-5.70012031890651,11.8960034843159,0.00734059069037447));
#8357=CARTESIAN_POINT('Ctrl Pts',(-5.70012253460282,11.8960510054853,0.00956934334496867));
#8358=CARTESIAN_POINT('Ctrl Pts',(-5.70012474795912,11.8960977720504,0.0117981101503343));
#8359=CARTESIAN_POINT('Ctrl Pts',(-5.70014063707234,11.8964334971426,0.0277978514108793));
#8360=CARTESIAN_POINT('Ctrl Pts',(-5.70015640563995,11.8967303268671,0.0437979722572485));
#8361=CARTESIAN_POINT('Ctrl Pts',(-5.70017196400693,11.8969882395861,0.0597988989065327));
#8362=CARTESIAN_POINT('Ctrl Pts',(-5.70031777576894,11.8994053768113,0.209758294473315));
#8363=CARTESIAN_POINT('Ctrl Pts',(-5.70044764453722,11.8983990101323,0.359460812940803));
#8364=CARTESIAN_POINT('Ctrl Pts',(-5.70046885469555,11.8939962720392,0.509255669141672));
#8365=CARTESIAN_POINT('Ctrl Pts',(-5.70047036883663,11.8936819713858,0.519949155828187));
#8366=CARTESIAN_POINT('Ctrl Pts',(-5.70047131583055,11.893350362208,0.530643095193023));
#8367=CARTESIAN_POINT('Ctrl Pts',(-5.70047165621473,11.8930014543769,0.541337605385793));
#8368=CARTESIAN_POINT('Ctrl Pts',(-5.70047224067122,11.8924023623568,0.559700608860439));
#8369=CARTESIAN_POINT('Ctrl Pts',(-5.70047103714739,11.8917522694259,0.578065296012724));
#8370=CARTESIAN_POINT('Ctrl Pts',(-5.70046825366178,11.8910512255536,0.596432294191754));
#8371=CARTESIAN_POINT('Ctrl Pts',(-5.70045028499301,11.8865256677225,0.714999641728217));
#8372=CARTESIAN_POINT('Ctrl Pts',(-5.7003716826808,11.8798937373255,0.833172501763379));
#8373=CARTESIAN_POINT('Ctrl Pts',(-5.70027339518716,11.8712232712374,0.951131406478829));
#8374=CARTESIAN_POINT('Ctrl Pts',(-5.70017561814249,11.8625978345854,1.0684777001889));
#8375=CARTESIAN_POINT('Ctrl Pts',(-5.70005745249545,11.8519549812338,1.18561246494805));
#8376=CARTESIAN_POINT('Ctrl Pts',(-5.6999469116373,11.8393614966196,1.30266371771259));
#8377=CARTESIAN_POINT('Ctrl Pts',(-5.69985505524669,11.8288966598056,1.39993006587519));
#8378=CARTESIAN_POINT('Ctrl Pts',(-5.69976799017484,11.8170848829324,1.4971378807907));
#8379=CARTESIAN_POINT('Ctrl Pts',(-5.69970211998081,11.8039644874034,1.59433317310323));
#8380=CARTESIAN_POINT('Ctrl Pts',(-5.69969946080032,11.8034348168841,1.59825694817841));
#8381=CARTESIAN_POINT('Ctrl Pts',(-5.6996968280582,11.8029030522409,1.6021804502333));
#8382=CARTESIAN_POINT('Ctrl Pts',(-5.69969422216623,11.8023691970821,1.60610368268281));
#8383=CARTESIAN_POINT('',(5.7,12.1298430326908,1.60630085603538));
#8384=CARTESIAN_POINT('Ctrl Pts',(5.69964163122996,12.1298430326908,1.60610758098517));
#8385=CARTESIAN_POINT('Ctrl Pts',(5.53826736407306,12.1171781474839,2.17756146231198));
#8386=CARTESIAN_POINT('Ctrl Pts',(5.29170130931144,12.104513262277,2.72510553412559));
#8387=CARTESIAN_POINT('Ctrl Pts',(4.96869003332995,12.0918483770701,3.22306155517772));
#8388=CARTESIAN_POINT('Ctrl Pts',(4.43782463552035,12.0710337807277,4.04144667317181));
#8389=CARTESIAN_POINT('Ctrl Pts',(3.70047647026599,12.0502191843854,4.72589172545569));
#8390=CARTESIAN_POINT('Ctrl Pts',(2.84490328021224,12.0294045880431,5.19447126876399));
#8391=CARTESIAN_POINT('Ctrl Pts',(1.98933009015849,12.0085899917007,5.66305081207231));
#8392=CARTESIAN_POINT('Ctrl Pts',(1.01553187530535,11.9877753953584,5.91576484640504));
#8393=CARTESIAN_POINT('Ctrl Pts',(0.0400685408441259,11.9669607990161,5.92236447272638));
#8394=CARTESIAN_POINT('Ctrl Pts',(-0.935394793617095,11.9461462026737,5.92896409904773));
#8395=CARTESIAN_POINT('Ctrl Pts',(-1.91252324768639,11.9253316063314,5.68944931735769));
#8396=CARTESIAN_POINT('Ctrl Pts',(-2.77435829933237,11.904517009989,5.23248912685947));
#8397=CARTESIAN_POINT('Ctrl Pts',(-3.63619335097833,11.8837024136467,4.77552893636126));
#8398=CARTESIAN_POINT('Ctrl Pts',(-4.38273500020097,11.8628878173044,4.10112333705488));
#8399=CARTESIAN_POINT('Ctrl Pts',(-4.92462507964333,11.842073220962,3.28999608825374));
#8400=CARTESIAN_POINT('Ctrl Pts',(-5.2691784289797,11.8288385463354,2.77425199011482));
#8401=CARTESIAN_POINT('Ctrl Pts',(-5.53099366154638,11.8156038717087,2.20323300787417));
#8402=CARTESIAN_POINT('Ctrl Pts',(-5.69969422216622,11.8023691970821,1.60610368268285));
#8403=CARTESIAN_POINT('',(5.7,12.1992441970821,-1.60630085603538));
#8404=CARTESIAN_POINT('Ctrl Pts',(5.7,12.1298430326908,1.60630085603539));
#8405=CARTESIAN_POINT('Ctrl Pts',(5.7,12.2110238052454,1.14800034590978));
#8406=CARTESIAN_POINT('Ctrl Pts',(5.7,12.2643405532801,0.689703367196544));
#8407=CARTESIAN_POINT('Ctrl Pts',(5.7,12.2882617769273,0.156129919493907));
#8408=CARTESIAN_POINT('Ctrl Pts',(5.7,12.2906164537084,0.0879350451892558));
#8409=CARTESIAN_POINT('Ctrl Pts',(5.7,12.2923665464148,0.0154917754887774));
#8410=CARTESIAN_POINT('Ctrl Pts',(5.7,12.2924655122437,0.0112838632833706));
#8411=CARTESIAN_POINT('Ctrl Pts',(5.7,12.2925924845661,0.0057343014051872));
#8412=CARTESIAN_POINT('Ctrl Pts',(5.7,12.2926229062835,0.00439271275305534));
#8413=CARTESIAN_POINT('Ctrl Pts',(5.7,12.2926722199871,0.00219826794553787));
#8414=CARTESIAN_POINT('Ctrl Pts',(5.7,12.2926912748324,0.00134541567423562));
#8415=CARTESIAN_POINT('Ctrl Pts',(5.7,12.2927278485269,-0.000301090175819299));
#8416=CARTESIAN_POINT('Ctrl Pts',(5.7,12.2927453821773,-0.00109474334836759));
#8417=CARTESIAN_POINT('Ctrl Pts',(5.7,12.2927854440024,-0.00291807702159685));
#8418=CARTESIAN_POINT('Ctrl Pts',(5.7,12.2928079068193,-0.00394775881746187));
#8419=CARTESIAN_POINT('Ctrl Pts',(5.7,12.2928784843156,-0.00720635819583625));
#8420=CARTESIAN_POINT('Ctrl Pts',(5.7,12.2929260054852,-0.00943528772952735));
#8421=CARTESIAN_POINT('Ctrl Pts',(5.7,12.2933084971425,-0.0276652629363009));
#8422=CARTESIAN_POINT('Ctrl Pts',(5.7,12.293605326867,-0.0436668009032764));
#8423=CARTESIAN_POINT('Ctrl Pts',(5.7,12.2967492131773,-0.238732613016279));
#8424=CARTESIAN_POINT('Ctrl Pts',(5.69999999999868,12.2947548148538,-0.417447742909312));
#8425=CARTESIAN_POINT('Ctrl Pts',(5.69999999999868,12.2751575303476,-0.931026559206704));
#8426=CARTESIAN_POINT('Ctrl Pts',(5.70000000000001,12.2456207298258,-1.2627761164032));
#8427=CARTESIAN_POINT('Ctrl Pts',(5.70000000000001,12.2003098168841,-1.59845377301478));
#8428=CARTESIAN_POINT('Ctrl Pts',(5.7,12.1997780522409,-1.60237745546579));
#8429=CARTESIAN_POINT('Ctrl Pts',(5.7,12.1992441970821,-1.60630085603538));
#8430=CARTESIAN_POINT('',(-5.7,12.5267180326908,-1.60630085603538));
#8431=CARTESIAN_POINT('Ctrl Pts',(-5.70046357559022,12.5267180326908,-1.60639474459766));
#8432=CARTESIAN_POINT('Ctrl Pts',(-5.44504617195502,12.5066490588712,-2.51160010877511));
#8433=CARTESIAN_POINT('Ctrl Pts',(-4.97027633491511,12.4865800850516,-3.35514207001222));
#8434=CARTESIAN_POINT('Ctrl Pts',(-4.32829241614337,12.4665111112321,-4.04251050661996));
#8435=CARTESIAN_POINT('Ctrl Pts',(-3.66245687080642,12.4456965148897,-4.75541674064488));
#8436=CARTESIAN_POINT('Ctrl Pts',(-2.81675142205421,12.4248819185474,-5.30032924770512));
#8437=CARTESIAN_POINT('Ctrl Pts',(-1.89240376308106,12.4040673222051,-5.61202409414408));
#8438=CARTESIAN_POINT('Ctrl Pts',(-0.968056104107913,12.3832527258627,-5.92371894058303));
#8439=CARTESIAN_POINT('Ctrl Pts',(0.0349337650861715,12.3624381295204,-6.00219612640071));
#8440=CARTESIAN_POINT('Ctrl Pts',(0.996511810433441,12.3416235331781,-5.83806223394747));
#8441=CARTESIAN_POINT('Ctrl Pts',(1.95808985578075,12.3208089368357,-5.67392834149422));
#8442=CARTESIAN_POINT('Ctrl Pts',(2.87825607728125,12.2999943404934,-5.26718337077004));
#8443=CARTESIAN_POINT('Ctrl Pts',(3.64687011330516,12.2791797441511,-4.66651313214252));
#8444=CARTESIAN_POINT('Ctrl Pts',(4.41548414932906,12.2583651478087,-4.06584289351502));
#8445=CARTESIAN_POINT('Ctrl Pts',(5.03254599987639,12.2375505514664,-3.2712473869842));
#8446=CARTESIAN_POINT('Ctrl Pts',(5.42419573205764,12.2167359551241,-2.37783664201406));
#8447=CARTESIAN_POINT('Ctrl Pts',(5.53390467924483,12.2109053691101,-2.12757436890971));
#8448=CARTESIAN_POINT('Ctrl Pts',(5.62592615760593,12.2050747830961,-1.86955833588283));
#8449=CARTESIAN_POINT('Ctrl Pts',(5.69982280403169,12.1992441970821,-1.6063990414315));
#8450=CARTESIAN_POINT('',(-5.7,12.5961191970821,1.60630085603538));
#8451=CARTESIAN_POINT('Ctrl Pts',(-5.7,12.5267180326908,-1.60630085603538));
#8452=CARTESIAN_POINT('Ctrl Pts',(-5.7,12.6078988052455,-1.14800034590924));
#8453=CARTESIAN_POINT('Ctrl Pts',(-5.7,12.6612155532802,-0.689703367195484));
#8454=CARTESIAN_POINT('Ctrl Pts',(-5.7,12.6851367769274,-0.156129919492413));
#8455=CARTESIAN_POINT('Ctrl Pts',(-5.7,12.6874914537085,-0.0879350451880538));
#8456=CARTESIAN_POINT('Ctrl Pts',(-5.7,12.6892415464148,-0.0154917754882357));
#8457=CARTESIAN_POINT('Ctrl Pts',(-5.7,12.6893405122437,-0.011283863283009));
#8458=CARTESIAN_POINT('Ctrl Pts',(-5.7,12.6894674845659,-0.00573430141432669));
#8459=CARTESIAN_POINT('Ctrl Pts',(-5.7,12.6894979062834,-0.00439271275757453));
#8460=CARTESIAN_POINT('Ctrl Pts',(-5.7,12.6895472199871,-0.00219826794563839));
#8461=CARTESIAN_POINT('Ctrl Pts',(-5.7,12.6895662748324,-0.00134541567423557));
#8462=CARTESIAN_POINT('Ctrl Pts',(-5.7,12.6896028485269,0.000301090175718699));
#8463=CARTESIAN_POINT('Ctrl Pts',(-5.7,12.6896203821773,0.00109474334836758));
#8464=CARTESIAN_POINT('Ctrl Pts',(-5.7,12.6896604440022,0.00291807700997238));
#8465=CARTESIAN_POINT('Ctrl Pts',(-5.7,12.6896829068192,0.00394775881176092));
#8466=CARTESIAN_POINT('Ctrl Pts',(-5.7,12.6897534843157,0.00720635820117129));
#8467=CARTESIAN_POINT('Ctrl Pts',(-5.7,12.6898010054852,0.00943528773250817));
#8468=CARTESIAN_POINT('Ctrl Pts',(-5.7,12.6901834971426,0.0276652629416026));
#8469=CARTESIAN_POINT('Ctrl Pts',(-5.7,12.6904803268671,0.0436668009110604));
#8470=CARTESIAN_POINT('Ctrl Pts',(-5.7,12.6936242131778,0.238732613057752));
#8471=CARTESIAN_POINT('Ctrl Pts',(-5.69999999999868,12.6916298148529,0.417447742981791));
#8472=CARTESIAN_POINT('Ctrl Pts',(-5.69999999999868,12.6720325303415,0.931026559275461));
#8473=CARTESIAN_POINT('Ctrl Pts',(-5.7,12.6424957298211,1.2627761164377));
#8474=CARTESIAN_POINT('Ctrl Pts',(-5.7,12.5971848168844,1.59845377301273));
#8475=CARTESIAN_POINT('Ctrl Pts',(-5.7,12.5966530522415,1.60237745546168));
#8476=CARTESIAN_POINT('Ctrl Pts',(-5.7,12.5961191970821,1.6063008560354));
#8477=CARTESIAN_POINT('',(5.7,12.9235930326908,1.60630085603538));
#8478=CARTESIAN_POINT('Ctrl Pts',(5.69972530617552,12.9235930326908,1.60635827533545));
#8479=CARTESIAN_POINT('Ctrl Pts',(5.61529969445331,12.9169345666009,1.9068895705247));
#8480=CARTESIAN_POINT('Ctrl Pts',(5.5072827321445,12.910276100511,2.20073166190146));
#8481=CARTESIAN_POINT('Ctrl Pts',(5.37640209431917,12.9036176344211,2.48401025681808));
#8482=CARTESIAN_POINT('Ctrl Pts',(4.96726467308981,12.8828030380788,3.36954898691158));
#8483=CARTESIAN_POINT('Ctrl Pts',(4.33470128326831,12.8619884417364,4.15186024482459));
#8484=CARTESIAN_POINT('Ctrl Pts',(3.55442733244165,12.8411738453941,4.7373043784592));
#8485=CARTESIAN_POINT('Ctrl Pts',(2.77415338161503,12.8203592490518,5.32274851209378));
#8486=CARTESIAN_POINT('Ctrl Pts',(1.84616886978329,12.7995446527094,5.71132552144998));
#8487=CARTESIAN_POINT('Ctrl Pts',(0.881549977892577,12.7787300563671,5.85652423133847));
#8488=CARTESIAN_POINT('Ctrl Pts',(-0.0830689139981312,12.7579154600248,
6.00172294122696));
#8489=CARTESIAN_POINT('Ctrl Pts',(-1.08432218594782,12.7371008636824,5.90354335164773));
#8490=CARTESIAN_POINT('Ctrl Pts',(-2.00236366790718,12.7162862673401,5.57373718228823));
#8491=CARTESIAN_POINT('Ctrl Pts',(-2.92040514986657,12.6954716709978,5.24393101292872));
#8492=CARTESIAN_POINT('Ctrl Pts',(-3.75523484183566,12.6746570746554,4.68249826378892));
#8493=CARTESIAN_POINT('Ctrl Pts',(-4.40692683692473,12.6538424783131,3.95664027803509));
#8494=CARTESIAN_POINT('Ctrl Pts',(-5.0093534496383,12.6346013845694,3.28565433534446));
#8495=CARTESIAN_POINT('Ctrl Pts',(-5.45528477164024,12.6153602908257,2.47416332110051));
#8496=CARTESIAN_POINT('Ctrl Pts',(-5.70041858949788,12.5961191970821,1.60634428262437));
#8497=CARTESIAN_POINT('',(5.7,12.9929941970821,-1.60630085603538));
#8498=CARTESIAN_POINT('Ctrl Pts',(5.69972530617546,12.9235930326908,1.60635827533565));
#8499=CARTESIAN_POINT('Ctrl Pts',(5.69964080864617,12.9443355181589,1.4892215737867));
#8500=CARTESIAN_POINT('Ctrl Pts',(5.69959489656224,12.9632588931602,1.37202990256624));
#8501=CARTESIAN_POINT('Ctrl Pts',(5.69957609206036,12.980286617504,1.25473850365374));
#8502=CARTESIAN_POINT('Ctrl Pts',(5.69955699870992,12.9975758980282,1.1356454376677));
#8503=CARTESIAN_POINT('Ctrl Pts',(5.69956679142168,13.0129108439302,1.01644955426268));
#8504=CARTESIAN_POINT('Ctrl Pts',(5.6996045133362,13.0262113334522,0.897050211299283));
#8505=CARTESIAN_POINT('Ctrl Pts',(5.69964298381409,13.0397757613048,0.77528147710411));
#8506=CARTESIAN_POINT('Ctrl Pts',(5.69971150317839,13.0512241870696,0.653300983725149));
#8507=CARTESIAN_POINT('Ctrl Pts',(5.69980556229971,13.0604716238377,0.530947467078392));
#8508=CARTESIAN_POINT('Ctrl Pts',(5.69988394024181,13.0681773630938,0.428992263709528));
#8509=CARTESIAN_POINT('Ctrl Pts',(5.69998023161147,13.074354819465,0.326776912428029));
#8510=CARTESIAN_POINT('Ctrl Pts',(5.70008270766425,13.0789548194822,0.224182005729021));
#8511=CARTESIAN_POINT('Ctrl Pts',(5.70015080873627,13.0820117769274,0.156001948621638));
#8512=CARTESIAN_POINT('Ctrl Pts',(5.70021828071449,13.0843664537084,0.0878161385472348));
#8513=CARTESIAN_POINT('Ctrl Pts',(5.70027793278549,13.0860148926298,0.0195918417597839));
#8514=CARTESIAN_POINT('Ctrl Pts',(5.70028161133173,13.0861165464148,0.0153846746590549));
#8515=CARTESIAN_POINT('Ctrl Pts',(5.70028525953521,13.0862155122437,0.0111774559848387));
#8516=CARTESIAN_POINT('Ctrl Pts',(5.70028887550805,13.0863117895562,0.00697017795208799));
#8517=CARTESIAN_POINT('Ctrl Pts',(5.7002900283479,13.086342484566,0.00562881893992628));
#8518=CARTESIAN_POINT('Ctrl Pts',(5.70029117791083,13.0863729062834,0.00428745464382913));
#8519=CARTESIAN_POINT('Ctrl Pts',(5.70029232413517,13.0864030546913,0.00294608480801717));
#8520=CARTESIAN_POINT('Ctrl Pts',(5.70029305278821,13.0864222199873,0.00209337808692092));
#8521=CARTESIAN_POINT('Ctrl Pts',(5.70029378009196,13.0864412748325,0.00124066925875615));
#8522=CARTESIAN_POINT('Ctrl Pts',(5.70029450603056,13.0864602192229,0.000387958246411132));
#8523=CARTESIAN_POINT('Ctrl Pts',(5.70029518157574,13.0864778485265,-0.000405559039200785));
#8524=CARTESIAN_POINT('Ctrl Pts',(5.70029585593869,13.0864953821771,-0.00119907817292951));
#8525=CARTESIAN_POINT('Ctrl Pts',(5.70029652910653,13.0865128201705,-0.00199259917287482));
#8526=CARTESIAN_POINT('Ctrl Pts',(5.70029740246595,13.0865354440024,-0.00302210326795026));
#8527=CARTESIAN_POINT('Ctrl Pts',(5.70029827381361,13.0865579068193,-0.00405161033814206));
#8528=CARTESIAN_POINT('Ctrl Pts',(5.70029914312143,13.0865802086142,-0.00508112051925491));
#8529=CARTESIAN_POINT('Ctrl Pts',(5.7003010248733,13.0866284843157,-0.00730965532337475));
#8530=CARTESIAN_POINT('Ctrl Pts',(5.70030289706609,13.0866760054852,-0.00953820349456353));
#8531=CARTESIAN_POINT('Ctrl Pts',(5.70030475941342,13.0867227720504,-0.0117667661904876));
#8532=CARTESIAN_POINT('Ctrl Pts',(5.70031812872382,13.0870584971425,-0.0277650421714107));
#8533=CARTESIAN_POINT('Ctrl Pts',(5.70033099075743,13.087355326867,-0.0437637170411691));
#8534=CARTESIAN_POINT('Ctrl Pts',(5.70034323687936,13.0876132395859,-0.0597632201294635));
#8535=CARTESIAN_POINT('Ctrl Pts',(5.70041758821404,13.089179135711,-0.156902903647183));
#8536=CARTESIAN_POINT('Ctrl Pts',(5.70046964075143,13.0893082391364,-0.253934812640443));
#8537=CARTESIAN_POINT('Ctrl Pts',(5.70047168610077,13.0880079267736,-0.350956470683034));
#8538=CARTESIAN_POINT('Ctrl Pts',(5.70047341036556,13.0869117410039,-0.432747403337469));
#8539=CARTESIAN_POINT('Ctrl Pts',(5.70043949910245,13.0847997007286,-0.514531040225368));
#8540=CARTESIAN_POINT('Ctrl Pts',(5.70038697414734,13.0816762255581,-0.596363889624126));
#8541=CARTESIAN_POINT('Ctrl Pts',(5.70031069110029,13.0771399398463,-0.715211380069286));
#8542=CARTESIAN_POINT('Ctrl Pts',(5.70020005188007,13.0704872833757,-0.833668764241871));
#8543=CARTESIAN_POINT('Ctrl Pts',(5.70008825694735,13.0617865765899,-0.951915257569152));
#8544=CARTESIAN_POINT('Ctrl Pts',(5.69997718322221,13.0531419995009,-1.06939892323368));
#8545=CARTESIAN_POINT('Ctrl Pts',(5.69986405637497,13.0424757114838,-1.18667461178619));
#8546=CARTESIAN_POINT('Ctrl Pts',(5.69976988776274,13.0298547192545,-1.30386836177974));
#8547=CARTESIAN_POINT('Ctrl Pts',(5.69969205040655,13.0194225312412,-1.40073770546526));
#8548=CARTESIAN_POINT('Ctrl Pts',(5.69962671278082,13.0076548402488,-1.49755018690712));
#8549=CARTESIAN_POINT('Ctrl Pts',(5.69958646673881,12.9945894874034,-1.59435004072829));
#8550=CARTESIAN_POINT('Ctrl Pts',(5.69958483516083,12.994059816885,-1.59827431505568));
#8551=CARTESIAN_POINT('Ctrl Pts',(5.69958323669697,12.9935280522429,-1.60219831603066));
#8552=CARTESIAN_POINT('Ctrl Pts',(5.69958167152833,12.9929941970821,-1.60612204701739));
#8553=CARTESIAN_POINT('',(-5.7,13.3204680326908,-1.60630085603538));
#8554=CARTESIAN_POINT('Ctrl Pts',(-5.69978459841195,13.3204680326908,-1.60610733521743));
#8555=CARTESIAN_POINT('Ctrl Pts',(-5.52044562564297,13.3064054779882,-2.24053611176463));
#8556=CARTESIAN_POINT('Ctrl Pts',(-5.23580490865801,13.2923429232857,-2.84546969934734));
#8557=CARTESIAN_POINT('Ctrl Pts',(-4.85899603204225,13.2782803685831,-3.38617246996882));
#8558=CARTESIAN_POINT('Ctrl Pts',(-4.30126489208489,13.2574657722408,-4.18649006159584));
#8559=CARTESIAN_POINT('Ctrl Pts',(-3.5416095143568,13.2366511758985,-4.84608922282083));
#8560=CARTESIAN_POINT('Ctrl Pts',(-2.67095772913686,13.2158365795561,-5.28601846808551));
#8561=CARTESIAN_POINT('Ctrl Pts',(-1.80030594391695,13.1950219832138,-5.72594771335017));
#8562=CARTESIAN_POINT('Ctrl Pts',(-0.818657751205203,13.1742073868714,-5.94620704265454));
#8563=CARTESIAN_POINT('Ctrl Pts',(0.156487331615362,13.1533927905291,-5.92043226047059));
#8564=CARTESIAN_POINT('Ctrl Pts',(1.13163241443593,13.1325781941868,-5.89465747828665));
#8565=CARTESIAN_POINT('Ctrl Pts',(2.10027438736531,13.1117635978444,-5.62284858461439));
#8566=CARTESIAN_POINT('Ctrl Pts',(2.94647052756128,13.0909490015021,-5.13754005979416));
#8567=CARTESIAN_POINT('Ctrl Pts',(3.79266666775726,13.0701344051598,-4.65223153497393));
#8568=CARTESIAN_POINT('Ctrl Pts',(4.51641697521982,13.0493198088174,-3.95342337900572));
#8569=CARTESIAN_POINT('Ctrl Pts',(5.03109131864121,13.0285052124751,-3.1247602434859));
#8570=CARTESIAN_POINT('Ctrl Pts',(5.32378029245961,13.0166682073441,-2.65350970248535));
#8571=CARTESIAN_POINT('Ctrl Pts',(5.54885290533987,13.0048312022131,-2.14026331941254));
#8572=CARTESIAN_POINT('Ctrl Pts',(5.69958167152833,12.9929941970821,-1.60612204701739));
#8573=CARTESIAN_POINT('',(-5.7,13.3898691970821,1.60630085603538));
#8574=CARTESIAN_POINT('Ctrl Pts',(-5.7,13.3204680326908,-1.60630085603538));
#8575=CARTESIAN_POINT('Ctrl Pts',(-5.7,13.4016488052453,-1.14800034591048));
#8576=CARTESIAN_POINT('Ctrl Pts',(-5.7,13.4549655532799,-0.689703367197903));
#8577=CARTESIAN_POINT('Ctrl Pts',(-5.7,13.4788867769273,-0.156129919495591));
#8578=CARTESIAN_POINT('Ctrl Pts',(-5.7,13.4812414537084,-0.087935045190656));
#8579=CARTESIAN_POINT('Ctrl Pts',(-5.7,13.4829915464148,-0.0154917754902084));
#8580=CARTESIAN_POINT('Ctrl Pts',(-5.7,13.4830905122437,-0.0112838632841985));
#8581=CARTESIAN_POINT('Ctrl Pts',(-5.7,13.4832174845659,-0.00573430141331421));
#8582=CARTESIAN_POINT('Ctrl Pts',(-5.7,13.4832479062834,-0.00439271275717027));
#8583=CARTESIAN_POINT('Ctrl Pts',(-5.7,13.4832972199871,-0.00219826794543454));
#8584=CARTESIAN_POINT('Ctrl Pts',(-5.7,13.4833162748324,-0.00134541567423561));
#8585=CARTESIAN_POINT('Ctrl Pts',(-5.7,13.4833528485273,0.000301090194336689));
#8586=CARTESIAN_POINT('Ctrl Pts',(-5.7,13.4833703821775,0.00109474335757429));
#8587=CARTESIAN_POINT('Ctrl Pts',(-5.7,13.4834104440019,0.00291807699626673));
#8588=CARTESIAN_POINT('Ctrl Pts',(-5.7,13.483432906819,0.00394775880470518));
#8589=CARTESIAN_POINT('Ctrl Pts',(-5.7,13.4835034843157,0.00720635820105311));
#8590=CARTESIAN_POINT('Ctrl Pts',(-5.7,13.4835510054852,0.00943528773182058));
#8591=CARTESIAN_POINT('Ctrl Pts',(-5.7,13.4839334971424,0.0276652629324398));
#8592=CARTESIAN_POINT('Ctrl Pts',(-5.7,13.4842303268668,0.0436668008954615));
#8593=CARTESIAN_POINT('Ctrl Pts',(-5.7,13.4873742131767,0.238732612968795));
#8594=CARTESIAN_POINT('Ctrl Pts',(-5.69999999999868,13.4853798148549,0.41744774282634));
#8595=CARTESIAN_POINT('Ctrl Pts',(-5.69999999999868,13.4657825303546,0.931026559128088));
#8596=CARTESIAN_POINT('Ctrl Pts',(-5.7,13.4362457298311,1.2627761163637));
#8597=CARTESIAN_POINT('Ctrl Pts',(-5.7,13.3909348168841,1.59845377301478));
#8598=CARTESIAN_POINT('Ctrl Pts',(-5.7,13.3904030522409,1.60237745546577));
#8599=CARTESIAN_POINT('Ctrl Pts',(-5.7,13.3898691970821,1.6063008560354));
#8600=CARTESIAN_POINT('',(5.7,13.7173430326908,1.60630085603538));
#8601=CARTESIAN_POINT('Ctrl Pts',(5.70044960086838,13.7173430326908,1.60645978523268));
#8602=CARTESIAN_POINT('Ctrl Pts',(5.69216943340355,13.7166909857179,1.63587530433008));
#8603=CARTESIAN_POINT('Ctrl Pts',(5.68365767493687,13.716038938745,1.66522541739587));
#8604=CARTESIAN_POINT('Ctrl Pts',(5.6749144846829,13.7153868917721,1.69450642586955));
#8605=CARTESIAN_POINT('Ctrl Pts',(5.39581499729798,13.6945722954298,2.62921266212092));
#8606=CARTESIAN_POINT('Ctrl Pts',(4.88088432705613,13.6737576990875,3.49350066460858));
#8607=CARTESIAN_POINT('Ctrl Pts',(4.19175769693067,13.6529431027451,4.18391847984632));
#8608=CARTESIAN_POINT('Ctrl Pts',(3.50263106680517,13.6321285064028,4.87433629508409));
#8609=CARTESIAN_POINT('Ctrl Pts',(2.63930847679606,13.6113139100605,5.39088392307192));
#8610=CARTESIAN_POINT('Ctrl Pts',(1.70512632422475,13.5904993137181,5.67173259720633));
#8611=CARTESIAN_POINT('Ctrl Pts',(0.770944171653471,13.5696847173758,5.95258127134072));
#8612=CARTESIAN_POINT('Ctrl Pts',(-0.234097543479992,13.5488701210335,5.9977309916217));
#8613=CARTESIAN_POINT('Ctrl Pts',(-1.18969918903169,13.5280555246911,5.80177750998729));
#8614=CARTESIAN_POINT('Ctrl Pts',(-2.14530083458339,13.5072409283488,5.60582402835289));
#8615=CARTESIAN_POINT('Ctrl Pts',(-3.05146241055332,13.4864263320065,5.1687673448031));
#8616=CARTESIAN_POINT('Ctrl Pts',(-3.79971985757886,13.4656117356641,4.54292146527957));
#8617=CARTESIAN_POINT('Ctrl Pts',(-4.5479773046044,13.4447971393218,3.91707558575604));
#8618=CARTESIAN_POINT('Ctrl Pts',(-5.13833062268555,13.4239825429795,3.10244051025878));
#8619=CARTESIAN_POINT('Ctrl Pts',(-5.50011678766047,13.4031679466371,2.19652492766927));
#8620=CARTESIAN_POINT('Ctrl Pts',(-5.57716694229494,13.3987350301188,2.00359069612082));
#8621=CARTESIAN_POINT('Ctrl Pts',(-5.64385000527131,13.3943021136004,1.80651626607595));
#8622=CARTESIAN_POINT('Ctrl Pts',(-5.70001194453856,13.3898691970821,1.60645462731298));
#8623=CARTESIAN_POINT('',(5.7,13.7867441970821,-1.60630085603538));
#8624=CARTESIAN_POINT('Ctrl Pts',(5.70044960086837,13.7173430326908,1.60645978523272));
#8625=CARTESIAN_POINT('Ctrl Pts',(5.70040767657069,13.7380469068313,1.48959491353256));
#8626=CARTESIAN_POINT('Ctrl Pts',(5.70033178984234,13.756938436608,1.37265826894786));
#8627=CARTESIAN_POINT('Ctrl Pts',(5.70023477496094,13.773941508465,1.25560783583407));
#8628=CARTESIAN_POINT('Ctrl Pts',(5.70013599099729,13.7912546341226,1.13642296889776));
#8629=CARTESIAN_POINT('Ctrl Pts',(5.70001625936773,13.806609801229,1.01712015389608));
#8630=CARTESIAN_POINT('Ctrl Pts',(5.69990360906667,13.8199266560092,0.897601516565541));
#8631=CARTESIAN_POINT('Ctrl Pts',(5.69978817936126,13.833572075593,0.775134013436791));
#8632=CARTESIAN_POINT('Ctrl Pts',(5.69968121768367,13.8450773600667,0.652439805312146));
#8633=CARTESIAN_POINT('Ctrl Pts',(5.69961257694085,13.8543560600317,0.529358315494289));
#8634=CARTESIAN_POINT('Ctrl Pts',(5.69955603522015,13.8619992416214,0.427971894922793));
#8635=CARTESIAN_POINT('Ctrl Pts',(5.69952571454187,13.8681316012968,0.326321519406436));
#8636=CARTESIAN_POINT('Ctrl Pts',(5.69953090323871,13.872704819482,0.224291936121929));
#8637=CARTESIAN_POINT('Ctrl Pts',(5.69953437161148,13.8757617769272,0.156090489869844));
#8638=CARTESIAN_POINT('Ctrl Pts',(5.69955055020401,13.8781164537083,0.087881541680161));
#8639=CARTESIAN_POINT('Ctrl Pts',(5.69957854326951,13.8797648926297,0.0196330468199906));
#8640=CARTESIAN_POINT('Ctrl Pts',(5.69958026950942,13.8798665464148,0.0154243875024531));
#8641=CARTESIAN_POINT('Ctrl Pts',(5.69958204014232,13.8799655122437,0.011215672617136));
#8642=CARTESIAN_POINT('Ctrl Pts',(5.69958385475632,13.8800617895561,0.00700689454054631));
#8643=CARTESIAN_POINT('Ctrl Pts',(5.69958443328925,13.880092484566,0.00566505728653269));
#8644=CARTESIAN_POINT('Ctrl Pts',(5.69958501629215,13.8801229062834,0.00432321435902308));
#8645=CARTESIAN_POINT('Ctrl Pts',(5.69958560375119,13.8801530546913,0.00298136550771448));
#8646=CARTESIAN_POINT('Ctrl Pts',(5.69958597719797,13.8801722199868,0.00212835429702699));
#8647=CARTESIAN_POINT('Ctrl Pts',(5.69958635244549,13.8801912748323,0.00127534079459073));
#8648=CARTESIAN_POINT('Ctrl Pts',(5.69958672949012,13.8802102192229,0.000422324954093029));
#8649=CARTESIAN_POINT('Ctrl Pts',(5.69958708036098,13.8802278485271,-0.000371476019727518));
#8650=CARTESIAN_POINT('Ctrl Pts',(5.69958743278806,13.8802453821774,-0.00116527892991354));
#8651=CARTESIAN_POINT('Ctrl Pts',(5.69958778676844,13.8802628201705,-0.00195908383838367));
#8652=CARTESIAN_POINT('Ctrl Pts',(5.6995882460181,13.8802854440021,-0.0029889562753773));
#8653=CARTESIAN_POINT('Ctrl Pts',(5.69958870788223,13.8803079068191,-0.00401883193512517));
#8654=CARTESIAN_POINT('Ctrl Pts',(5.69958917235434,13.8803302086142,-0.00504871092569695));
#8655=CARTESIAN_POINT('Ctrl Pts',(5.69959017777641,13.8803784843158,-0.00727804405913667));
#8656=CARTESIAN_POINT('Ctrl Pts',(5.69959119541832,13.8804260054852,-0.00950739158570043));
#8657=CARTESIAN_POINT('Ctrl Pts',(5.69959222521291,13.8804727720504,-0.011736754642547));
#8658=CARTESIAN_POINT('Ctrl Pts',(5.69959961784222,13.8808084971425,-0.0277407762177141));
#8659=CARTESIAN_POINT('Ctrl Pts',(5.69960763697663,13.881105326867,-0.0437452483765834));
#8660=CARTESIAN_POINT('Ctrl Pts',(5.69961625497797,13.8813632395859,-0.0597505914946763));
#8661=CARTESIAN_POINT('Ctrl Pts',(5.69969653651857,13.883765841954,-0.208849385231345));
#8662=CARTESIAN_POINT('Ctrl Pts',(5.69983148287276,13.8827859894159,-0.357699889228948));
#8663=CARTESIAN_POINT('Ctrl Pts',(5.69997883482475,13.8784503279356,-0.506640477875999));
#8664=CARTESIAN_POINT('Ctrl Pts',(5.70000848005204,13.8775780512655,-0.536605317452576));
#8665=CARTESIAN_POINT('Ctrl Pts',(5.70003852162563,13.8765699448117,-0.566573671921611));
#8666=CARTESIAN_POINT('Ctrl Pts',(5.70006847111348,13.8754262255584,-0.596548075498485));
#8667=CARTESIAN_POINT('Ctrl Pts',(5.70018869892236,13.8708349330307,-0.716875904875134));
#8668=CARTESIAN_POINT('Ctrl Pts',(5.70031151748301,13.864075632504,-0.836795845955472));
#8669=CARTESIAN_POINT('Ctrl Pts',(5.70039203682962,13.8552191600338,-0.956483356394316));
#8670=CARTESIAN_POINT('Ctrl Pts',(5.70044222580234,13.8496987817148,-1.03108646049619));
#8671=CARTESIAN_POINT('Ctrl Pts',(5.70047565576611,13.8433636049949,-1.10559829034572));
#8672=CARTESIAN_POINT('Ctrl Pts',(5.70048026654657,13.8362307843936,-1.18005111128871));
#8673=CARTESIAN_POINT('Ctrl Pts',(5.70048746393203,13.8250965177013,-1.29627127308887));
#8674=CARTESIAN_POINT('Ctrl Pts',(5.70042452153197,13.8120186385481,-1.41235031716737));
#8675=CARTESIAN_POINT('Ctrl Pts',(5.70034010471543,13.797062396784,-1.52838921738885));
#8676=CARTESIAN_POINT('Ctrl Pts',(5.70032407472942,13.7942223424434,-1.55042394960601));
#8677=CARTESIAN_POINT('Ctrl Pts',(5.70030727590751,13.7913145570571,-1.57245708336118));
#8678=CARTESIAN_POINT('Ctrl Pts',(5.70029005869252,13.7883394874034,-1.59448909713901));
#8679=CARTESIAN_POINT('Ctrl Pts',(5.70028699340253,13.7878098168834,-1.59841159629107));
#8680=CARTESIAN_POINT('Ctrl Pts',(5.70028390627323,13.7872780522395,-1.60233381066389));
#8681=CARTESIAN_POINT('Ctrl Pts',(5.70028079851841,13.7867441970821,-1.60625574397313));
#8682=CARTESIAN_POINT('',(-5.7,14.1142180326908,-1.60630085603538));
#8683=CARTESIAN_POINT('Ctrl Pts',(-5.69959978451244,14.1142180326908,-1.6062836116602));
#8684=CARTESIAN_POINT('Ctrl Pts',(-5.59735145779492,14.1061618971052,-1.9698973524477));
#8685=CARTESIAN_POINT('Ctrl Pts',(-5.46064924162408,14.0981057615197,-2.32376068134935));
#8686=CARTESIAN_POINT('Ctrl Pts',(-5.29100897024227,14.0900496259342,-2.66105815655969));
#8687=CARTESIAN_POINT('Ctrl Pts',(-4.85271026800148,14.0692350295918,-3.53253191953813));
#8688=CARTESIAN_POINT('Ctrl Pts',(-4.1945342605913,14.0484204332495,-4.29342066940203));
#8689=CARTESIAN_POINT('Ctrl Pts',(-3.39526208752582,14.0276058369072,-4.8526489459662));
#8690=CARTESIAN_POINT('Ctrl Pts',(-2.59598991446033,14.0067912405648,-5.41187722253037));
#8691=CARTESIAN_POINT('Ctrl Pts',(-1.65562157573954,13.9859766442225,-5.76944502579481));
#8692=CARTESIAN_POINT('Ctrl Pts',(-0.686715548812214,13.9651620478802,-5.88255286340859));
#8693=CARTESIAN_POINT('Ctrl Pts',(0.282190478115125,13.9443474515378,-5.99566070102236));
#8694=CARTESIAN_POINT('Ctrl Pts',(1.279634193249,13.9235328551955,-5.86430857298546));
#8695=CARTESIAN_POINT('Ctrl Pts',(2.1862254158555,13.9027182588532,-5.50421882439683));
#8696=CARTESIAN_POINT('Ctrl Pts',(3.09281663846198,13.8819036625108,-5.14412907580821));
#8697=CARTESIAN_POINT('Ctrl Pts',(3.9085553685411,13.8610890661685,-4.55530170666788));
#8698=CARTESIAN_POINT('Ctrl Pts',(4.53580081399793,13.8402744698262,-3.8082170909118));
#8699=CARTESIAN_POINT('Ctrl Pts',(5.07351033316689,13.8224310455781,-3.16777480085395));
#8700=CARTESIAN_POINT('Ctrl Pts',(5.47269863508631,13.8045876213301,-2.4110313572367));
#8701=CARTESIAN_POINT('Ctrl Pts',(5.7002807985184,13.7867441970821,-1.60625574397317));
#8702=CARTESIAN_POINT('',(-5.7,14.1836191970821,1.60630085603538));
#8703=CARTESIAN_POINT('Ctrl Pts',(-5.7,14.1142180326908,-1.60630085603538));
#8704=CARTESIAN_POINT('Ctrl Pts',(-5.7,14.1953988052457,-1.14800034590817));
#8705=CARTESIAN_POINT('Ctrl Pts',(-5.7,14.2487155532804,-0.689703367193327));
#8706=CARTESIAN_POINT('Ctrl Pts',(-5.7,14.2726367769275,-0.156129919489507));
#8707=CARTESIAN_POINT('Ctrl Pts',(-5.7,14.2749914537085,-0.0879350451856905));
#8708=CARTESIAN_POINT('Ctrl Pts',(-5.7,14.2767415464149,-0.0154917754871509));
#8709=CARTESIAN_POINT('Ctrl Pts',(-5.7,14.2768405122438,-0.0112838632822857));
#8710=CARTESIAN_POINT('Ctrl Pts',(-5.7,14.276967484566,-0.0057343014108158));
#8711=CARTESIAN_POINT('Ctrl Pts',(-5.7,14.2769979062834,-0.00439271275571932));
#8712=CARTESIAN_POINT('Ctrl Pts',(-5.7,14.2770472199873,-0.00219826793565825));
#8713=CARTESIAN_POINT('Ctrl Pts',(-5.7,14.2770662748325,-0.00134541566916611));
#8714=CARTESIAN_POINT('Ctrl Pts',(-5.7,14.2771028485269,0.000301090175559435));
#8715=CARTESIAN_POINT('Ctrl Pts',(-5.7,14.2771203821773,0.00109474334836756));
#8716=CARTESIAN_POINT('Ctrl Pts',(-5.7,14.2771604440019,0.0029180769956205));
#8717=CARTESIAN_POINT('Ctrl Pts',(-5.7,14.277182906819,0.00394775880466488));
#8718=CARTESIAN_POINT('Ctrl Pts',(-5.7,14.2772534843159,0.00720635820706881));
#8719=CARTESIAN_POINT('Ctrl Pts',(-5.7,14.2773010054853,0.00943528773563755));
#8720=CARTESIAN_POINT('Ctrl Pts',(-5.7,14.2776834971426,0.0276652629401413));
#8721=CARTESIAN_POINT('Ctrl Pts',(-5.7,14.2779803268671,0.0436668009095793));
#8722=CARTESIAN_POINT('Ctrl Pts',(-5.7,14.2811242131777,0.238732613051822));
#8723=CARTESIAN_POINT('Ctrl Pts',(-5.69999999999868,14.2791298148531,0.417447742971462));
#8724=CARTESIAN_POINT('Ctrl Pts',(-5.69999999999868,14.2595325303424,0.931026559265682));
#8725=CARTESIAN_POINT('Ctrl Pts',(-5.70000000000001,14.2299957298218,1.26277611643287));
#8726=CARTESIAN_POINT('Ctrl Pts',(-5.70000000000001,14.1846848168843,1.5984537730127));
#8727=CARTESIAN_POINT('Ctrl Pts',(-5.7,14.1841530522415,1.60237745546165));
#8728=CARTESIAN_POINT('Ctrl Pts',(-5.7,14.1836191970821,1.60630085603535));
#8729=CARTESIAN_POINT('',(5.7,14.5110930326908,1.60630085603538));
#8730=CARTESIAN_POINT('Ctrl Pts',(5.69996395194226,14.5110930326908,1.60613884214176));
#8731=CARTESIAN_POINT('Ctrl Pts',(5.50270379277957,14.4956328084926,2.30352967667088));
#8732=CARTESIAN_POINT('Ctrl Pts',(5.17770774778148,14.4801725842944,2.96518505288844));
#8733=CARTESIAN_POINT('Ctrl Pts',(4.74394960789317,14.4647123600962,3.5455533494149));
#8734=CARTESIAN_POINT('Ctrl Pts',(4.1599670940412,14.4438977637538,4.32692182552645));
#8735=CARTESIAN_POINT('Ctrl Pts',(3.37884130156137,14.4230831674115,4.96094851480902));
#8736=CARTESIAN_POINT('Ctrl Pts',(2.49406998689357,14.4022685710692,5.37174285835182));
#8737=CARTESIAN_POINT('Ctrl Pts',(1.60929867222572,14.3814539747269,5.78253720189463));
#8738=CARTESIAN_POINT('Ctrl Pts',(0.620881835369927,14.3606393783845,5.97009919969765));
#8739=CARTESIAN_POINT('Ctrl Pts',(-0.352870825590503,14.3398247820422,5.91197840119736));
#8740=CARTESIAN_POINT('Ctrl Pts',(-1.32662348655089,14.3190101856998,5.85385760269707));
#8741=CARTESIAN_POINT('Ctrl Pts',(-2.2857119716159,14.2981955893575,5.55005400789348));
#8742=CARTESIAN_POINT('Ctrl Pts',(-3.11533707373817,14.2773809930152,5.03693173993548));
#8743=CARTESIAN_POINT('Ctrl Pts',(-3.94496217586044,14.2565663966728,4.52380947197749));
#8744=CARTESIAN_POINT('Ctrl Pts',(-4.64512389503999,14.2357518003305,3.80136853086507));
#8745=CARTESIAN_POINT('Ctrl Pts',(-5.13201556336415,14.2149372039882,2.95608232178422));
#8746=CARTESIAN_POINT('Ctrl Pts',(-5.37621081270291,14.2044978683528,2.5321381674314));
#8747=CARTESIAN_POINT('Ctrl Pts',(-5.56675978252518,14.1940585327174,2.07729332375872));
#8748=CARTESIAN_POINT('Ctrl Pts',(-5.69953061641981,14.1836191970821,1.6061671775211));
#8749=CARTESIAN_POINT('',(5.7,14.5804941970821,-1.60630085603538));
#8750=CARTESIAN_POINT('Ctrl Pts',(5.7,14.5110930326908,1.60630085603535));
#8751=CARTESIAN_POINT('Ctrl Pts',(5.7,14.5922738052454,1.14800034590972));
#8752=CARTESIAN_POINT('Ctrl Pts',(5.7,14.6455905532801,0.689703367196334));
#8753=CARTESIAN_POINT('Ctrl Pts',(5.7,14.6695117769274,0.156129919493305));
#8754=CARTESIAN_POINT('Ctrl Pts',(5.7,14.6718664537084,0.0879350451888362));
#8755=CARTESIAN_POINT('Ctrl Pts',(5.7,14.6736165464147,0.0154917754928584));
#8756=CARTESIAN_POINT('Ctrl Pts',(5.7,14.6737155122437,0.0112838632853926));
#8757=CARTESIAN_POINT('Ctrl Pts',(5.7,14.6738424845661,0.0057343014052237));
#8758=CARTESIAN_POINT('Ctrl Pts',(5.7,14.6738729062835,0.00439271275305543));
#8759=CARTESIAN_POINT('Ctrl Pts',(5.7,14.6739222199873,0.00219826793539417));
#8760=CARTESIAN_POINT('Ctrl Pts',(5.7,14.6739412748325,0.00134541566916606));
#8761=CARTESIAN_POINT('Ctrl Pts',(5.7,14.6739778485266,-0.000301090164802571));
#8762=CARTESIAN_POINT('Ctrl Pts',(5.7,14.6739953821771,-0.00109474334287757));
#8763=CARTESIAN_POINT('Ctrl Pts',(5.7,14.6740354440024,-0.0029180770215607));
#8764=CARTESIAN_POINT('Ctrl Pts',(5.7,14.6740579068193,-0.00394775881746193));
#8765=CARTESIAN_POINT('Ctrl Pts',(5.7,14.6741284843158,-0.0072063582023559));
#8766=CARTESIAN_POINT('Ctrl Pts',(5.7,14.6741760054852,-0.00943528773280504));
#8767=CARTESIAN_POINT('Ctrl Pts',(5.7,14.6745584971425,-0.0276652629354338));
#8768=CARTESIAN_POINT('Ctrl Pts',(5.7,14.6748553268669,-0.0436668009016864));
#8769=CARTESIAN_POINT('Ctrl Pts',(5.7,14.6779992131772,-0.238732613007245));
#8770=CARTESIAN_POINT('Ctrl Pts',(5.69999999999868,14.676004814854,-0.417447742893599));
#8771=CARTESIAN_POINT('Ctrl Pts',(5.69999999999868,14.6564075303489,-0.931026559191967));
#8772=CARTESIAN_POINT('Ctrl Pts',(5.7,14.6268707298268,-1.26277611639576));
#8773=CARTESIAN_POINT('Ctrl Pts',(5.7,14.5815598168834,-1.5984537730198));
#8774=CARTESIAN_POINT('Ctrl Pts',(5.7,14.5810280522395,-1.60237745547581));
#8775=CARTESIAN_POINT('Ctrl Pts',(5.7,14.5804941970821,-1.60630085603537));
#8776=CARTESIAN_POINT('',(-5.7,14.9079680326908,-1.60630085603538));
#8777=CARTESIAN_POINT('Ctrl Pts',(-5.70032994618978,14.9079680326908,-1.60648763833346));
#8778=CARTESIAN_POINT('Ctrl Pts',(-5.6743410272422,14.9059183162223,-1.69897213661777));
#8779=CARTESIAN_POINT('Ctrl Pts',(-5.64608034355742,14.9038685997537,-1.79081291258694));
#8780=CARTESIAN_POINT('Ctrl Pts',(-5.61555665069359,14.9018188832852,-1.88189530490619));
#8781=CARTESIAN_POINT('Ctrl Pts',(-5.30559263586733,14.8810042869429,-2.80682480571073));
#8782=CARTESIAN_POINT('Ctrl Pts',(-4.76226415873813,14.8601896906005,-3.65354879399755));
#8783=CARTESIAN_POINT('Ctrl Pts',(-4.05060555066536,14.8393750942582,-4.32071766130303));
#8784=CARTESIAN_POINT('Ctrl Pts',(-3.3389469425926,14.8185604979159,-4.98788652860852));
#8785=CARTESIAN_POINT('Ctrl Pts',(-2.45895820357625,14.7977459015735,-5.47550027493267));
#8786=CARTESIAN_POINT('Ctrl Pts',(-1.51597060494612,14.7769313052312,-5.72519340814931));
#8787=CARTESIAN_POINT('Ctrl Pts',(-0.572983006315983,14.7561167088889,-5.97488654136594));
#8788=CARTESIAN_POINT('Ctrl Pts',(0.433003451927913,14.7353021125465,-5.98665906147505));
#8789=CARTESIAN_POINT('Ctrl Pts',(1.38157605552086,14.7144875162042,-5.75910184304709));
#8790=CARTESIAN_POINT('Ctrl Pts',(2.3301486591138,14.6936729198619,-5.53154462461914));
#8791=CARTESIAN_POINT('Ctrl Pts',(3.22130740805577,14.6728583235195,-5.06465766765413));
#8792=CARTESIAN_POINT('Ctrl Pts',(3.94838402374169,14.6520437271772,-4.41432554721991));
#8793=CARTESIAN_POINT('Ctrl Pts',(4.67546063942761,14.6312291308349,-3.7639934267857));
#8794=CARTESIAN_POINT('Ctrl Pts',(5.23845512185748,14.6104145344925,-2.93021614288227));
#8795=CARTESIAN_POINT('Ctrl Pts',(5.56997919439009,14.5895999381502,-2.01279363319704));
#8796=CARTESIAN_POINT('Ctrl Pts',(5.61832303145339,14.5865646911275,-1.87901232438403));
#8797=CARTESIAN_POINT('Ctrl Pts',(5.66174480086927,14.5835294441048,-1.74345235427317));
#8798=CARTESIAN_POINT('Ctrl Pts',(5.70020736696044,14.5804941970821,-1.60648527676251));
#8799=CARTESIAN_POINT('',(-5.7,14.9773691970821,1.60630085603538));
#8800=CARTESIAN_POINT('Ctrl Pts',(-5.70032994618985,14.9079680326908,-1.60648763833322));
#8801=CARTESIAN_POINT('Ctrl Pts',(-5.70024191429138,14.9286865894792,-1.48952039944073));
#8802=CARTESIAN_POINT('Ctrl Pts',(-5.70014282740156,14.9475902304576,-1.37248486761642));
#8803=CARTESIAN_POINT('Ctrl Pts',(-5.70004009527622,14.9646026800218,-1.25533867191661));
#8804=CARTESIAN_POINT('Ctrl Pts',(-5.69993556001261,14.9819137294519,-1.13613634443032));
#8805=CARTESIAN_POINT('Ctrl Pts',(-5.69982820390328,14.9972666170592,-1.0168194553315));
#8806=CARTESIAN_POINT('Ctrl Pts',(-5.69973950777534,15.0105809800005,-0.897289764956409));
#8807=CARTESIAN_POINT('Ctrl Pts',(-5.69964872049601,15.0242092500889,-0.774941973238313));
#8808=CARTESIAN_POINT('Ctrl Pts',(-5.69957850866491,15.0357017395059,-0.652371116073181));
#8809=CARTESIAN_POINT('Ctrl Pts',(-5.69955085192422,15.0449722663019,-0.52941672110162));
#8810=CARTESIAN_POINT('Ctrl Pts',(-5.69952803783635,15.0526195380955,-0.427991451831079));
#8811=CARTESIAN_POINT('Ctrl Pts',(-5.69953438725037,15.0587548475511,-0.326304035578646));
#8812=CARTESIAN_POINT('Ctrl Pts',(-5.69957448395196,15.0633298194823,-0.224238862296483));
#8813=CARTESIAN_POINT('Ctrl Pts',(-5.69960127622792,15.0663867769274,-0.156039779100315));
#8814=CARTESIAN_POINT('Ctrl Pts',(-5.69963991394546,15.0687414537085,-0.0878339649527277));
#8815=CARTESIAN_POINT('Ctrl Pts',(-5.69968805008916,15.0703898926298,-0.0195892941632578));
#8816=CARTESIAN_POINT('Ctrl Pts',(-5.6996910184862,15.0704915464148,-0.0153808706648528));
#8817=CARTESIAN_POINT('Ctrl Pts',(-5.69969402243552,15.0705905122437,-0.0111723942168744));
#8818=CARTESIAN_POINT('Ctrl Pts',(-5.69969706118421,15.0706867895562,-0.00696385717687595));
#8819=CARTESIAN_POINT('Ctrl Pts',(-5.69969802999419,15.0707174845661,-0.00562209676334265));
#8820=CARTESIAN_POINT('Ctrl Pts',(-5.69969900234064,15.0707479062835,-0.00428033095000834));
#8821=CARTESIAN_POINT('Ctrl Pts',(-5.69969997819868,15.0707780546913,-0.00293855947654521));
#8822=CARTESIAN_POINT('Ctrl Pts',(-5.6997005985501,15.0707972199869,-0.00208559745022465));
#8823=CARTESIAN_POINT('Ctrl Pts',(-5.69970122032052,15.0708162748323,-0.00123263324242004));
#8824=CARTESIAN_POINT('Ctrl Pts',(-5.69970184350347,15.0708352192229,-0.000379666802848934));
#8825=CARTESIAN_POINT('Ctrl Pts',(-5.69970242342615,15.070852848527,0.000414088196286247));
#8826=CARTESIAN_POINT('Ctrl Pts',(-5.69970300457201,15.0708703821773,0.00120784504610751));
#8827=CARTESIAN_POINT('Ctrl Pts',(-5.6997035869358,15.0708878201705,0.00200160380230286));
#8828=CARTESIAN_POINT('Ctrl Pts',(-5.69970434248722,15.0709104440021,0.00303141635859567));
#8829=CARTESIAN_POINT('Ctrl Pts',(-5.6997051000886,15.0709329068191,0.00406123198352724));
#8830=CARTESIAN_POINT('Ctrl Pts',(-5.69970585972846,15.0709552086142,0.00509105078476184));
#8831=CARTESIAN_POINT('Ctrl Pts',(-5.69970750408698,15.0710034843157,0.00732025362742715));
#8832=CARTESIAN_POINT('Ctrl Pts',(-5.69970915799648,15.0710510054852,0.00954947014162255));
#8833=CARTESIAN_POINT('Ctrl Pts',(-5.69971082133909,15.0710977720504,0.0117787014652387));
#8834=CARTESIAN_POINT('Ctrl Pts',(-5.69972276204606,15.0714334971426,0.0277817773582101));
#8835=CARTESIAN_POINT('Ctrl Pts',(-5.69973518900949,15.0717303268671,0.0437852667043981));
#8836=CARTESIAN_POINT('Ctrl Pts',(-5.69974805585554,15.071988239586,0.0597895909479216));
#8837=CARTESIAN_POINT('Ctrl Pts',(-5.69986805244342,15.0743935412533,0.209046393579667));
#8838=CARTESIAN_POINT('Ctrl Pts',(-5.70002889560603,15.0734087834377,0.358051244177405));
#8839=CARTESIAN_POINT('Ctrl Pts',(-5.70017333283258,15.0690607020134,0.507144518805959));
#8840=CARTESIAN_POINT('Ctrl Pts',(-5.70020219695411,15.0681917878584,0.536939098091141));
#8841=CARTESIAN_POINT('Ctrl Pts',(-5.70023030244232,15.0671885579158,0.566737078121746));
#8842=CARTESIAN_POINT('Ctrl Pts',(-5.70025705285216,15.0660512255547,0.596540957474953));
#8843=CARTESIAN_POINT('Ctrl Pts',(-5.70036535086487,15.0614467789236,0.71720082487936));
#8844=CARTESIAN_POINT('Ctrl Pts',(-5.7004555440092,15.0546618837656,0.837449195935344));
#8845=CARTESIAN_POINT('Ctrl Pts',(-5.70047550524392,15.0457679867204,0.957463424917331));
#8846=CARTESIAN_POINT('Ctrl Pts',(-5.70047697737309,15.0451120671109,0.966314402819051));
#8847=CARTESIAN_POINT('Ctrl Pts',(-5.70047806311161,15.0444446766936,0.975164084072255));
#8848=CARTESIAN_POINT('Ctrl Pts',(-5.70047873984625,15.0437658441273,0.984012528624807));
#8849=CARTESIAN_POINT('Ctrl Pts',(-5.70048767881184,15.034799167053,1.10089134212192));
#8850=CARTESIAN_POINT('Ctrl Pts',(-5.70042586579483,15.0238361002777,1.21755862380329));
#8851=CARTESIAN_POINT('Ctrl Pts',(-5.70033690988938,15.0109426924507,1.33414254010635));
#8852=CARTESIAN_POINT('Ctrl Pts',(-5.7002706856396,15.0013440462884,1.42093478121317));
#8853=CARTESIAN_POINT('Ctrl Pts',(-5.70018908055762,14.990675560766,1.50767978346746));
#8854=CARTESIAN_POINT('Ctrl Pts',(-5.70011000001481,14.9789644874034,1.5944116228316));
#8855=CARTESIAN_POINT('Ctrl Pts',(-5.70010642334588,14.9784348168834,1.59833434596996));
#8856=CARTESIAN_POINT('Ctrl Pts',(-5.70010284362397,14.9779030522396,1.60225679029897));
#8857=CARTESIAN_POINT('Ctrl Pts',(-5.70009926181306,14.9773691970821,1.60617895942512));
#8858=CARTESIAN_POINT('',(5.7,15.3048430326908,1.60630085603538));
#8859=CARTESIAN_POINT('Ctrl Pts',(5.69953535347096,15.3048430326908,1.60621116638032));
#8860=CARTESIAN_POINT('Ctrl Pts',(5.57940494305439,15.2953892276096,2.03288665574057));
#8861=CARTESIAN_POINT('Ctrl Pts',(5.41188443201715,15.2859354225284,2.4461833085492));
#8862=CARTESIAN_POINT('Ctrl Pts',(5.199787539827,15.2764816174472,2.83517476999866));
#8863=CARTESIAN_POINT('Ctrl Pts',(4.73281036412979,15.2556670211049,3.69162359469495));
#8864=CARTESIAN_POINT('Ctrl Pts',(4.04974675234055,15.2348524247626,4.43025168016785));
#8865=CARTESIAN_POINT('Ctrl Pts',(3.23235679460463,15.2140378284202,4.96264808223899));
#8866=CARTESIAN_POINT('Ctrl Pts',(2.41496683686872,15.1932232320779,5.49504448431013));
#8867=CARTESIAN_POINT('Ctrl Pts',(1.46325053318613,15.1724086357356,5.82120920297951));
#8868=CARTESIAN_POINT('Ctrl Pts',(0.491124668815103,15.1515940393932,5.90210157447822));
#8869=CARTESIAN_POINT('Ctrl Pts',(-0.481001195555874,15.1307794430509,5.98299394597693));
#8870=CARTESIAN_POINT('Ctrl Pts',(-1.47353662061529,15.1099648467086,5.81861397030499));
#8871=CARTESIAN_POINT('Ctrl Pts',(-2.36767892909457,15.0891502503662,5.42863729903726));
#8872=CARTESIAN_POINT('Ctrl Pts',(-3.2618212375739,15.0683356540239,5.03866062776952));
#8873=CARTESIAN_POINT('Ctrl Pts',(-4.05757042947307,15.0475210576816,4.42308726090596));
#8874=CARTESIAN_POINT('Ctrl Pts',(-4.6596783836217,15.0267064613392,3.65559896555758));
#8875=CARTESIAN_POINT('Ctrl Pts',(-5.13540799113036,15.0102607065868,3.04920122077137));
#8876=CARTESIAN_POINT('Ctrl Pts',(-5.49025341469966,14.9938149518344,2.34796772523588));
#8877=CARTESIAN_POINT('Ctrl Pts',(-5.70009926181309,14.9773691970821,1.60617895942504));
#8878=CARTESIAN_POINT('',(5.7,15.3742441970821,-1.60630085603538));
#8879=CARTESIAN_POINT('Ctrl Pts',(5.7,15.3048430326908,1.6063008560354));
#8880=CARTESIAN_POINT('Ctrl Pts',(5.7,15.3860238052459,1.14800034590678));
#8881=CARTESIAN_POINT('Ctrl Pts',(5.7,15.4393405532807,0.689703367190687));
#8882=CARTESIAN_POINT('Ctrl Pts',(5.7,15.4632617769276,0.156129919486419));
#8883=CARTESIAN_POINT('Ctrl Pts',(5.7,15.4656164537086,0.0879350451830632));
#8884=CARTESIAN_POINT('Ctrl Pts',(5.7,15.4673665464149,0.015491775486232));
#8885=CARTESIAN_POINT('Ctrl Pts',(5.7,15.4674655122438,0.0112838632816146));
#8886=CARTESIAN_POINT('Ctrl Pts',(5.7,15.4675924845661,0.00573430140542993));
#8887=CARTESIAN_POINT('Ctrl Pts',(5.7,15.4676229062835,0.00439271275293648));
#8888=CARTESIAN_POINT('Ctrl Pts',(5.7,15.4676722199866,0.00219826796688804));
#8889=CARTESIAN_POINT('Ctrl Pts',(5.7,15.4676912748322,0.00134541568473083));
#8890=CARTESIAN_POINT('Ctrl Pts',(5.7,15.4677278485274,-0.000301090201267663));
#8891=CARTESIAN_POINT('Ctrl Pts',(5.7,15.4677453821775,-0.00109474336129105));
#8892=CARTESIAN_POINT('Ctrl Pts',(5.7,15.4677854440019,-0.00291807699814943));
#8893=CARTESIAN_POINT('Ctrl Pts',(5.7,15.467807906819,-0.00394775880605992));
#8894=CARTESIAN_POINT('Ctrl Pts',(5.7,15.4678784843158,-0.00720635820379805));
#8895=CARTESIAN_POINT('Ctrl Pts',(5.7,15.4679260054853,-0.00943528773447718));
#8896=CARTESIAN_POINT('Ctrl Pts',(5.7,15.4683084971427,-0.0276652629438321));
#8897=CARTESIAN_POINT('Ctrl Pts',(5.7,15.4686053268672,-0.0436668009162336));
#8898=CARTESIAN_POINT('Ctrl Pts',(5.7,15.4717492131782,-0.238732613090484));
#8899=CARTESIAN_POINT('Ctrl Pts',(5.69999999999868,15.4697548148522,-0.417447743038986));
#8900=CARTESIAN_POINT('Ctrl Pts',(5.69999999999868,15.4501575303367,-0.931026559329456));
#8901=CARTESIAN_POINT('Ctrl Pts',(5.70000000000001,15.4206207298175,-1.26277611646479));
#8902=CARTESIAN_POINT('Ctrl Pts',(5.70000000000001,15.3753098168834,-1.59845377301984));
#8903=CARTESIAN_POINT('Ctrl Pts',(5.7,15.3747780522395,-1.60237745547592));
#8904=CARTESIAN_POINT('Ctrl Pts',(5.7,15.3742441970821,-1.60630085603533));
#8905=CARTESIAN_POINT('',(-5.7,15.7017180326908,-1.60630085603538));
#8906=CARTESIAN_POINT('Ctrl Pts',(-5.70015518980963,15.7017180326908,-1.60619952520847));
#8907=CARTESIAN_POINT('Ctrl Pts',(-5.48506367161478,15.6848601389969,-2.366557854725));
#8908=CARTESIAN_POINT('Ctrl Pts',(-5.11738937396593,15.6680022453031,-3.08423671561467));
#8909=CARTESIAN_POINT('Ctrl Pts',(-4.6236774901713,15.6511443516092,-3.70102862764665));
#8910=CARTESIAN_POINT('Ctrl Pts',(-4.01408688785587,15.6303297552669,-4.46258727247614));
#8911=CARTESIAN_POINT('Ctrl Pts',(-3.21235112906301,15.6095151589246,-5.07034307826703));
#8912=CARTESIAN_POINT('Ctrl Pts',(-2.31443490402098,15.5887005625823,-5.45155000993537));
#8913=CARTESIAN_POINT('Ctrl Pts',(-1.41651867897896,15.5678859662399,-5.83275694160371));
#8914=CARTESIAN_POINT('Ctrl Pts',(-0.422421987687765,15.5470713698976,-5.98741499914952));
#8915=CARTESIAN_POINT('Ctrl Pts',(0.548865615014024,15.5262567735552,-5.89701220724803));
#8916=CARTESIAN_POINT('Ctrl Pts',(1.52015321771581,15.5054421772129,-5.80660941534655));
#8917=CARTESIAN_POINT('Ctrl Pts',(2.4686317318282,15.4846275808706,-5.47114577399777));
#8918=CARTESIAN_POINT('Ctrl Pts',(3.28077192306566,15.4638129845282,-4.93077499229086));
#8919=CARTESIAN_POINT('Ctrl Pts',(4.09291211430313,15.4429983881859,-4.39040421058396));
#8920=CARTESIAN_POINT('Ctrl Pts',(4.76871398266566,15.4221837918436,-3.64512628851893));
#8921=CARTESIAN_POINT('Ctrl Pts',(5.22728664079798,15.4013691955012,-2.78414813016692));
#8922=CARTESIAN_POINT('Ctrl Pts',(5.42648631815165,15.3923275293615,-2.4101472639775));
#8923=CARTESIAN_POINT('Ctrl Pts',(5.58469587728656,15.3832858632218,-2.01431431379572));
#8924=CARTESIAN_POINT('Ctrl Pts',(5.69954745207097,15.3742441970821,-1.60623165574318));
#8925=CARTESIAN_POINT('',(-5.7,15.7711191970821,1.60630085603538));
#8926=CARTESIAN_POINT('Ctrl Pts',(-5.7,15.7017180326908,-1.60630085603538));
#8927=CARTESIAN_POINT('Ctrl Pts',(-5.7,15.7828988052453,-1.14800034591026));
#8928=CARTESIAN_POINT('Ctrl Pts',(-5.7,15.8362155532799,-0.689703367197498));
#8929=CARTESIAN_POINT('Ctrl Pts',(-5.7,15.8601367769273,-0.156129919494912));
#8930=CARTESIAN_POINT('Ctrl Pts',(-5.7,15.8624914537084,-0.0879350451901372));
#8931=CARTESIAN_POINT('Ctrl Pts',(-5.7,15.8642415464148,-0.0154917754903898));
#8932=CARTESIAN_POINT('Ctrl Pts',(-5.7,15.8643405122437,-0.0112838632842507));
#8933=CARTESIAN_POINT('Ctrl Pts',(-5.7,15.8644674845658,-0.00573430141786996));
#8934=CARTESIAN_POINT('Ctrl Pts',(-5.7,15.8644979062833,-0.00439271275942985));
#8935=CARTESIAN_POINT('Ctrl Pts',(-5.7,15.8645472199872,-0.00219826793851421));
#8936=CARTESIAN_POINT('Ctrl Pts',(-5.7,15.8645662748325,-0.00134541567073717));
#8937=CARTESIAN_POINT('Ctrl Pts',(-5.7,15.864602848527,0.000301090183239033));
#8938=CARTESIAN_POINT('Ctrl Pts',(-5.7,15.8646203821773,0.00109474335208432));
#8939=CARTESIAN_POINT('Ctrl Pts',(-5.7,15.8646604440019,0.00291807699614945));
#8940=CARTESIAN_POINT('Ctrl Pts',(-5.7,15.864682906819,0.00394775880470521));
#8941=CARTESIAN_POINT('Ctrl Pts',(-5.7,15.8647534843159,0.0072063582085034));
#8942=CARTESIAN_POINT('Ctrl Pts',(-5.7,15.8648010054853,0.0094352877356648));
#8943=CARTESIAN_POINT('Ctrl Pts',(-5.7,15.8651834971424,0.0276652629317867));
#8944=CARTESIAN_POINT('Ctrl Pts',(-5.7,15.8654803268668,0.0436668008939785));
#8945=CARTESIAN_POINT('Ctrl Pts',(-5.7,15.8686242131766,0.238732612959816));
#8946=CARTESIAN_POINT('Ctrl Pts',(-5.69999999999868,15.8666298148551,0.417447742810739));
#8947=CARTESIAN_POINT('Ctrl Pts',(-5.69999999999868,15.8470325303559,0.931026559113349));
#8948=CARTESIAN_POINT('Ctrl Pts',(-5.7,15.8174957298321,1.26277611635631));
#8949=CARTESIAN_POINT('Ctrl Pts',(-5.7,15.7721848168834,1.5984537730198));
#8950=CARTESIAN_POINT('Ctrl Pts',(-5.7,15.7716530522395,1.60237745547583));
#8951=CARTESIAN_POINT('Ctrl Pts',(-5.7,15.7711191970821,1.60630085603535));
#8952=CARTESIAN_POINT('',(5.7,16.0985930326908,1.60630085603538));
#8953=CARTESIAN_POINT('Ctrl Pts',(5.7001510406189,16.0985930326908,1.60647933410611));
#8954=CARTESIAN_POINT('Ctrl Pts',(5.65647158881063,16.0951456467266,1.76205058071048));
#8955=CARTESIAN_POINT('Ctrl Pts',(5.60640566518174,16.0916982607624,1.9158091407815));
#8956=CARTESIAN_POINT('Ctrl Pts',(5.55001300514618,16.0882508747983,2.06721118380538));
#8957=CARTESIAN_POINT('Ctrl Pts',(5.20952590346632,16.0674362784559,2.98134509387638));
#8958=CARTESIAN_POINT('Ctrl Pts',(4.63839812247,16.0466216821136,3.80957235988374));
#8959=CARTESIAN_POINT('Ctrl Pts',(3.90499146337385,16.0258070857713,4.45275735996926));
#8960=CARTESIAN_POINT('Ctrl Pts',(3.17158480427767,16.0049924894289,5.0959423600548));
#8961=CARTESIAN_POINT('Ctrl Pts',(2.27589926708165,15.9841778930866,5.5540850942185));
#8962=CARTESIAN_POINT('Ctrl Pts',(1.32514496956239,15.9633632967443,5.77234763726374));
#8963=CARTESIAN_POINT('Ctrl Pts',(0.374390672043165,15.9425487004019,5.99061018030897));
#8964=CARTESIAN_POINT('Ctrl Pts',(-0.631432385799295,15.9217341040596,5.96899253223577));
#8965=CARTESIAN_POINT('Ctrl Pts',(-1.57193104810487,15.9009195077173,5.71008224247042));
#8966=CARTESIAN_POINT('Ctrl Pts',(-2.51242971041044,15.8801049113749,5.45117195270506));
#8967=CARTESIAN_POINT('Ctrl Pts',(-3.38760397717913,15.8592903150326,4.95496902124756));
#8968=CARTESIAN_POINT('Ctrl Pts',(-4.09269885091079,15.8384757186903,4.28086703268555));
#8969=CARTESIAN_POINT('Ctrl Pts',(-4.79779372464245,15.8176611223479,3.60676504412353));
#8970=CARTESIAN_POINT('Ctrl Pts',(-5.33280920533708,15.7968465260056,2.75476399845699));
#8971=CARTESIAN_POINT('Ctrl Pts',(-5.63370599537289,15.7760319296633,1.82684514764516));
#8972=CARTESIAN_POINT('Ctrl Pts',(-5.65737889362301,15.7743943521362,1.75384161531429));
#8973=CARTESIAN_POINT('Ctrl Pts',(-5.67960267357604,15.7727567746091,1.68036817654321));
#8974=CARTESIAN_POINT('Ctrl Pts',(-5.70037344284603,15.7711191970821,1.60648334332506));
#8975=CARTESIAN_POINT('',(5.7,16.1679941970821,-1.60630085603538));
#8976=CARTESIAN_POINT('Ctrl Pts',(5.7,16.0985930326908,1.60630085603535));
#8977=CARTESIAN_POINT('Ctrl Pts',(5.7,16.179773805245,1.1480003459117));
#8978=CARTESIAN_POINT('Ctrl Pts',(5.7,16.2330905532796,0.68970336720025));
#8979=CARTESIAN_POINT('Ctrl Pts',(5.7,16.2570117769272,0.156129919498478));
#8980=CARTESIAN_POINT('Ctrl Pts',(5.7,16.2593664537083,0.0879350451930851));
#8981=CARTESIAN_POINT('Ctrl Pts',(5.7,16.2611165464149,0.0154917754867541));
#8982=CARTESIAN_POINT('Ctrl Pts',(5.7,16.2612155122438,0.0112838632826667));
#8983=CARTESIAN_POINT('Ctrl Pts',(5.7,16.2613424845657,0.00573430142321244));
#8984=CARTESIAN_POINT('Ctrl Pts',(5.7,16.2613729062833,0.00439271276221265));
#8985=CARTESIAN_POINT('Ctrl Pts',(5.7,16.2614222199868,0.00219826795865035));
#8986=CARTESIAN_POINT('Ctrl Pts',(5.7,16.2614412748323,0.00134541568087611));
#8987=CARTESIAN_POINT('Ctrl Pts',(5.7,16.2614778485271,-0.000301090187009093));
#8988=CARTESIAN_POINT('Ctrl Pts',(5.7,16.2614953821774,-0.00109474335385753));
#8989=CARTESIAN_POINT('Ctrl Pts',(5.7,16.2615354440022,-0.00291807700999893));
#8990=CARTESIAN_POINT('Ctrl Pts',(5.7,16.2615579068192,-0.00394775881172044));
#8991=CARTESIAN_POINT('Ctrl Pts',(5.7,16.2616284843159,-0.00720635820732295));
#8992=CARTESIAN_POINT('Ctrl Pts',(5.7,16.2616760054853,-0.00943528773536793));
#8993=CARTESIAN_POINT('Ctrl Pts',(5.7,16.2620584971425,-0.0276652629349536));
#8994=CARTESIAN_POINT('Ctrl Pts',(5.7,16.2623553268669,-0.0436668009007159));
#8995=CARTESIAN_POINT('Ctrl Pts',(5.7,16.2654992131771,-0.238732613001371));
#8996=CARTESIAN_POINT('Ctrl Pts',(5.69999999999868,16.2635048148542,-0.417447742883341));
#8997=CARTESIAN_POINT('Ctrl Pts',(5.69999999999868,16.2439075303498,-0.931026559182126));
#8998=CARTESIAN_POINT('Ctrl Pts',(5.7,16.2143707298275,-1.2627761163908));
#8999=CARTESIAN_POINT('Ctrl Pts',(5.7,16.1690598168834,-1.59845377301983));
#9000=CARTESIAN_POINT('Ctrl Pts',(5.7,16.1685280522395,-1.60237745547588));
#9001=CARTESIAN_POINT('Ctrl Pts',(5.7,16.1679941970821,-1.60630085603537));
#9002=CARTESIAN_POINT('',(-5.7,16.4954680326908,-1.60630085603538));
#9003=CARTESIAN_POINT('Ctrl Pts',(-5.6995387565586,16.4954680326908,-1.60615147551347));
#9004=CARTESIAN_POINT('Ctrl Pts',(-5.56147564337408,16.484616558114,-2.0958622466753));
#9005=CARTESIAN_POINT('Ctrl Pts',(-5.36097505936555,16.4737650835371,-2.56799249884587));
#9006=CARTESIAN_POINT('Ctrl Pts',(-5.10283828818298,16.4629136089603,-3.00616829900967));
#9007=CARTESIAN_POINT('Ctrl Pts',(-4.6076970375411,16.442099012618,-3.84664876485027));
#9008=CARTESIAN_POINT('Ctrl Pts',(-3.90049824906329,16.4212844162756,-4.56220255104462));
#9009=CARTESIAN_POINT('Ctrl Pts',(-3.06589090174841,16.4004698199333,-5.06718061788648));
#9010=CARTESIAN_POINT('Ctrl Pts',(-2.23128355443353,16.379655223591,-5.57215868472834));
#9011=CARTESIAN_POINT('Ctrl Pts',(-1.26926764828157,16.3588406272486,-5.86656103221771));
#9012=CARTESIAN_POINT('Ctrl Pts',(-0.2949927909237,16.3380260309063,-5.91514883064993));
#9013=CARTESIAN_POINT('Ctrl Pts',(0.679282066434169,16.317211434564,-5.96373662908214));
#9014=CARTESIAN_POINT('Ctrl Pts',(1.66581587499795,16.2963968382216,-5.7665098784572));
#9015=CARTESIAN_POINT('Ctrl Pts',(2.54652432769429,16.2755822418793,-5.34707586298934));
#9016=CARTESIAN_POINT('Ctrl Pts',(3.42723278039063,16.254767645537,-4.92764184752148));
#9017=CARTESIAN_POINT('Ctrl Pts',(4.20211587721953,16.2339530491946,-4.28600056721071));
#9018=CARTESIAN_POINT('Ctrl Pts',(4.77842308855138,16.2131384528523,-3.49895401832784));
#9019=CARTESIAN_POINT('Ctrl Pts',(5.19506917226903,16.1980903675955,-2.92995218068345));
#9020=CARTESIAN_POINT('Ctrl Pts',(5.50792585439558,16.1830422823388,-2.28495155912068));
#9021=CARTESIAN_POINT('Ctrl Pts',(5.69990860770279,16.1679941970821,-1.60612630586763));
#9022=CARTESIAN_POINT('',(-5.7,16.5648691970821,1.60630085603538));
#9023=CARTESIAN_POINT('Ctrl Pts',(-5.7,16.4954680326908,-1.60630085603526));
#9024=CARTESIAN_POINT('Ctrl Pts',(-5.7,16.5766488052454,-1.1480003459094));
#9025=CARTESIAN_POINT('Ctrl Pts',(-5.7,16.6299655532802,-0.689703367195338));
#9026=CARTESIAN_POINT('Ctrl Pts',(-5.7,16.6538867769274,-0.156129919491742));
#9027=CARTESIAN_POINT('Ctrl Pts',(-5.7,16.6562414537085,-0.087935045187601));
#9028=CARTESIAN_POINT('Ctrl Pts',(-5.7,16.6579915464148,-0.0154917754888401));
#9029=CARTESIAN_POINT('Ctrl Pts',(-5.7,16.6580905122437,-0.0112838632832944));
#9030=CARTESIAN_POINT('Ctrl Pts',(-5.7,16.6582174845657,-0.00573430142525456));
#9031=CARTESIAN_POINT('Ctrl Pts',(-5.7,16.6582479062833,-0.00439271276302135));
#9032=CARTESIAN_POINT('Ctrl Pts',(-5.7,16.6582972199877,-0.0021982679183556));
#9033=CARTESIAN_POINT('Ctrl Pts',(-5.7,16.6583162748327,-0.0013454156605982));
#9034=CARTESIAN_POINT('Ctrl Pts',(-5.7,16.6583528485266,0.0003010901647048));
#9035=CARTESIAN_POINT('Ctrl Pts',(-5.7,16.6583703821771,0.00109474334287758));
#9036=CARTESIAN_POINT('Ctrl Pts',(-5.7,16.6584104440021,0.00291807700431834));
#9037=CARTESIAN_POINT('Ctrl Pts',(-5.7,16.6584329068191,0.00394775880893052));
#9038=CARTESIAN_POINT('Ctrl Pts',(-5.7,16.6585034843159,0.00720635820622335));
#9039=CARTESIAN_POINT('Ctrl Pts',(-5.7,16.6585510054853,0.00943528773507097));
#9040=CARTESIAN_POINT('Ctrl Pts',(-5.7,16.6589334971426,0.0276652629400274));
#9041=CARTESIAN_POINT('Ctrl Pts',(-5.7,16.6592303268671,0.0436668009083657));
#9042=CARTESIAN_POINT('Ctrl Pts',(-5.7,16.6623742131776,0.238732613042844));
#9043=CARTESIAN_POINT('Ctrl Pts',(-5.69999999999868,16.6603798148533,0.417447742955861));
#9044=CARTESIAN_POINT('Ctrl Pts',(-5.69999999999868,16.6407825303437,0.931026559250921));
#9045=CARTESIAN_POINT('Ctrl Pts',(-5.70000000000001,16.6112457298228,1.26277611642543));
#9046=CARTESIAN_POINT('Ctrl Pts',(-5.70000000000001,16.5659348168848,1.59845377300972));
#9047=CARTESIAN_POINT('Ctrl Pts',(-5.7,16.5654030522423,1.60237745545569));
#9048=CARTESIAN_POINT('Ctrl Pts',(-5.7,16.5648691970821,1.60630085603539));
#9049=CARTESIAN_POINT('',(5.7,16.8923430326908,1.60630085603538));
#9050=CARTESIAN_POINT('Ctrl Pts',(5.70032769855983,16.8923430326908,1.60628133847574));
#9051=CARTESIAN_POINT('Ctrl Pts',(5.46754803424596,16.8740874695013,2.42963930560809));
#9052=CARTESIAN_POINT('Ctrl Pts',(5.05482794319539,16.8558319063118,3.20260767376205));
#9053=CARTESIAN_POINT('Ctrl Pts',(4.49831215211744,16.8375763431223,3.85242704777079));
#9054=CARTESIAN_POINT('Ctrl Pts',(3.86378494366113,16.81676174678,4.59333697342072));
#9055=CARTESIAN_POINT('Ctrl Pts',(3.04232239434029,16.7959471504376,5.17415240950472));
#9056=CARTESIAN_POINT('Ctrl Pts',(2.1322503637352,16.7751325540953,5.52535200787715));
#9057=CARTESIAN_POINT('Ctrl Pts',(1.22217833313011,16.754317957753,5.87655160624958));
#9058=CARTESIAN_POINT('Ctrl Pts',(0.223496821240773,16.7335033614106,5.99813536691045));
#9059=CARTESIAN_POINT('Ctrl Pts',(-0.744255805242115,16.7126887650683,5.87555016639069));
#9060=CARTESIAN_POINT('Ctrl Pts',(-1.71200843172503,16.691874168726,5.75296496587092));
#9061=CARTESIAN_POINT('Ctrl Pts',(-2.6488321728015,16.6710595723836,5.3862108041705));
#9062=CARTESIAN_POINT('Ctrl Pts',(-3.44259283926853,16.6502449760413,4.81918675282799));
#9063=CARTESIAN_POINT('Ctrl Pts',(-4.23635350573553,16.629430379699,4.25216270148549));
#9064=CARTESIAN_POINT('Ctrl Pts',(-4.88705109759311,16.6086157833566,3.48486876050091));
#9065=CARTESIAN_POINT('Ctrl Pts',(-5.31679960601958,16.5878011870143,2.60914706305667));
#9066=CARTESIAN_POINT('Ctrl Pts',(-5.47462136254961,16.5801571903702,2.28754516377803));
#9067=CARTESIAN_POINT('Ctrl Pts',(-5.60264442760469,16.5725131937261,1.95131996209917));
#9068=CARTESIAN_POINT('Ctrl Pts',(-5.69963095428773,16.5648691970821,1.60630589238344));
#9069=CARTESIAN_POINT('',(5.7,16.9617441970821,-1.60630085603538));
#9070=CARTESIAN_POINT('Ctrl Pts',(5.7,16.8923430326908,1.6063008560354));
#9071=CARTESIAN_POINT('Ctrl Pts',(5.7,16.9735238052451,1.14800034591145));
#9072=CARTESIAN_POINT('Ctrl Pts',(5.7,17.0268405532797,0.689703367199953));
#9073=CARTESIAN_POINT('Ctrl Pts',(5.7,17.0507617769272,0.156129919498417));
#9074=CARTESIAN_POINT('Ctrl Pts',(5.7,17.0531164537083,0.0879350451929533));
#9075=CARTESIAN_POINT('Ctrl Pts',(5.7,17.0548665464149,0.0154917754858606));
#9076=CARTESIAN_POINT('Ctrl Pts',(5.7,17.0549655122438,0.0112838632822005));
#9077=CARTESIAN_POINT('Ctrl Pts',(5.7,17.0550924845657,0.00573430142325144));
#9078=CARTESIAN_POINT('Ctrl Pts',(5.7,17.0551229062833,0.00439271276221262));
#9079=CARTESIAN_POINT('Ctrl Pts',(5.7,17.0551722199872,0.00219826793832975));
#9080=CARTESIAN_POINT('Ctrl Pts',(5.7,17.0551912748325,0.00134541567073713));
#9081=CARTESIAN_POINT('Ctrl Pts',(5.7,17.0552278485271,-0.000301090187050992));
#9082=CARTESIAN_POINT('Ctrl Pts',(5.7,17.0552453821774,-0.00109474335385753));
#9083=CARTESIAN_POINT('Ctrl Pts',(5.7,17.0552854440019,-0.00291807699936677));
#9084=CARTESIAN_POINT('Ctrl Pts',(5.7,17.055307906819,-0.00394775880614062));
#9085=CARTESIAN_POINT('Ctrl Pts',(5.7,17.0553784843158,-0.00720635820480344));
#9086=CARTESIAN_POINT('Ctrl Pts',(5.7,17.0554260054853,-0.0094352877333988));
#9087=CARTESIAN_POINT('Ctrl Pts',(5.7,17.0558084971423,-0.0276652629277115));
#9088=CARTESIAN_POINT('Ctrl Pts',(5.7,17.0561053268666,-0.0436668008860566));
#9089=CARTESIAN_POINT('Ctrl Pts',(5.7,17.0592492131761,-0.238732612912358));
#9090=CARTESIAN_POINT('Ctrl Pts',(5.69999999999868,17.0572548148561,-0.417447742727818));
#9091=CARTESIAN_POINT('Ctrl Pts',(5.69999999999868,17.0376575303629,-0.931026559034814));
#9092=CARTESIAN_POINT('Ctrl Pts',(5.70000000000001,17.0081207298374,-1.26277611631694));
#9093=CARTESIAN_POINT('Ctrl Pts',(5.70000000000001,16.9628098168853,-1.5984537730056));
#9094=CARTESIAN_POINT('Ctrl Pts',(5.7,16.9622780522434,-1.60237745544742));
#9095=CARTESIAN_POINT('Ctrl Pts',(5.7,16.9617441970821,-1.60630085603541));
#9096=CARTESIAN_POINT('',(-5.7,17.2892180326908,-1.60630085603538));
#9097=CARTESIAN_POINT('Ctrl Pts',(-5.69995415642821,17.2892180326908,-1.60644040614164));
#9098=CARTESIAN_POINT('Ctrl Pts',(-5.63856675607948,17.284372977231,-1.82510845172672));
#9099=CARTESIAN_POINT('Ctrl Pts',(-5.56462817422218,17.2795279217711,-2.04021301959664));
#9100=CARTESIAN_POINT('Ctrl Pts',(-5.4783543940218,17.2746828663113,-2.25025066607737));
#9101=CARTESIAN_POINT('Ctrl Pts',(-5.10771799477033,17.253868269969,-3.15258271665014));
#9102=CARTESIAN_POINT('Ctrl Pts',(-4.50942270350961,17.2330536736267,-3.96139947243183));
#9103=CARTESIAN_POINT('Ctrl Pts',(-3.75507652853853,17.2122390772843,-4.57989175008248));
#9104=CARTESIAN_POINT('Ctrl Pts',(-3.00073035356744,17.191424480942,-5.19838402773313));
#9105=CARTESIAN_POINT('Ctrl Pts',(-2.09033329488599,17.1706098845997,-5.62655182725273));
#9106=CARTESIAN_POINT('Ctrl Pts',(-1.13285926769068,17.1497952882573,-5.81314353497975));
#9107=CARTESIAN_POINT('Ctrl Pts',(-0.175385240495364,17.128980691915,-5.99973524270677));
#9108=CARTESIAN_POINT('Ctrl Pts',(0.829165755213814,17.1081660955727,-5.94475085864121));
#9109=CARTESIAN_POINT('Ctrl Pts',(1.76055430022139,17.0873514992303,-5.65477260696206));
#9110=CARTESIAN_POINT('Ctrl Pts',(2.691942845229,17.066536902888,-5.36479435528291));
#9111=CARTESIAN_POINT('Ctrl Pts',(3.550168939535,17.0457223065457,-4.83982223599014));
#9112=CARTESIAN_POINT('Ctrl Pts',(4.23250546189676,17.0249077102033,-4.14269298332427));
#9113=CARTESIAN_POINT('Ctrl Pts',(4.9148419842585,17.004093113861,-3.44556373065843));
#9114=CARTESIAN_POINT('Ctrl Pts',(5.42128893467602,16.9832785175187,-2.57627734461948));
#9115=CARTESIAN_POINT('Ctrl Pts',(5.6912269449954,16.9624639211763,-1.63888427655508));
#9116=CARTESIAN_POINT('Ctrl Pts',(5.69433823745558,16.9622240131449,-1.62807992935904));
#9117=CARTESIAN_POINT('Ctrl Pts',(5.69741811027972,16.9619841051135,-1.61726653435635));
#9118=CARTESIAN_POINT('Ctrl Pts',(5.70046655734069,16.9617441970821,-1.60644427583294));
#9119=CARTESIAN_POINT('',(-5.7,17.3586191970821,1.60630085603538));
#9120=CARTESIAN_POINT('Ctrl Pts',(-5.7,17.2892180326908,-1.6063008560354));
#9121=CARTESIAN_POINT('Ctrl Pts',(-5.7,17.3703988052452,-1.14800034591081));
#9122=CARTESIAN_POINT('Ctrl Pts',(-5.7,17.4237155532798,-0.689703367198484));
#9123=CARTESIAN_POINT('Ctrl Pts',(-5.7,17.4476367769273,-0.156129919496009));
#9124=CARTESIAN_POINT('Ctrl Pts',(-5.7,17.4499914537084,-0.0879350451910925));
#9125=CARTESIAN_POINT('Ctrl Pts',(-5.7,17.4517415464148,-0.015491775490482));
#9126=CARTESIAN_POINT('Ctrl Pts',(-5.7,17.4518405122437,-0.0112838632843793));
#9127=CARTESIAN_POINT('Ctrl Pts',(-5.7,17.4519674845663,-0.00573430139785271));
#9128=CARTESIAN_POINT('Ctrl Pts',(-5.7,17.4519979062836,-0.00439271274946375));
#9129=CARTESIAN_POINT('Ctrl Pts',(-5.7,17.4520472199865,-0.0021982679727033));
#9130=CARTESIAN_POINT('Ctrl Pts',(-5.7,17.4520662748321,-0.00134541568787301));
#9131=CARTESIAN_POINT('Ctrl Pts',(-5.7,17.4521028485271,0.000301090186950455));
#9132=CARTESIAN_POINT('Ctrl Pts',(-5.7,17.4521203821774,0.00109474335385756));
#9133=CARTESIAN_POINT('Ctrl Pts',(-5.7,17.4521604440018,0.0029180769933626));
#9134=CARTESIAN_POINT('Ctrl Pts',(-5.7,17.452182906819,0.00394775880326993));
#9135=CARTESIAN_POINT('Ctrl Pts',(-5.7,17.4522534843159,0.00720635820858706));
#9136=CARTESIAN_POINT('Ctrl Pts',(-5.7,17.4523010054853,0.00943528773566475));
#9137=CARTESIAN_POINT('Ctrl Pts',(-5.7,17.4526834971424,0.0276652629314148));
#9138=CARTESIAN_POINT('Ctrl Pts',(-5.7,17.4529803268668,0.043666800893062));
#9139=CARTESIAN_POINT('Ctrl Pts',(-5.7,17.4561242131766,0.238732612953831));
#9140=CARTESIAN_POINT('Ctrl Pts',(-5.69999999999867,17.4541298148552,0.417447742800256));
#9141=CARTESIAN_POINT('Ctrl Pts',(-5.69999999999867,17.4345325303568,0.931026559103656));
#9142=CARTESIAN_POINT('Ctrl Pts',(-5.7,17.4049957298327,1.26277611635158));
#9143=CARTESIAN_POINT('Ctrl Pts',(-5.7,17.359684816882,1.59845377302995));
#9144=CARTESIAN_POINT('Ctrl Pts',(-5.7,17.3591530522368,1.60237745549616));
#9145=CARTESIAN_POINT('Ctrl Pts',(-5.7,17.3586191970821,1.60630085603526));
#9146=CARTESIAN_POINT('',(5.7,17.6860930326908,1.60630085603538));
#9147=CARTESIAN_POINT('Ctrl Pts',(5.69926843781436,17.6860930326908,1.60620403503043));
#9148=CARTESIAN_POINT('Ctrl Pts',(5.54336822587188,17.6738438886183,2.15891231313572));
#9149=CARTESIAN_POINT('Ctrl Pts',(5.30786882178456,17.6615947445458,2.68918055601872));
#9150=CARTESIAN_POINT('Ctrl Pts',(5.00030625685403,17.6493456004734,3.17381926765551));
#9151=CARTESIAN_POINT('Ctrl Pts',(4.47767458551715,17.628531004131,3.99735102586702));
#9152=CARTESIAN_POINT('Ctrl Pts',(3.74695933577985,17.6077164077887,4.68912675185142));
#9153=CARTESIAN_POINT('Ctrl Pts',(2.89601243288088,17.5869018114464,5.16615153247818));
#9154=CARTESIAN_POINT('Ctrl Pts',(2.04506552998186,17.566087215104,5.64317631310497));
#9155=CARTESIAN_POINT('Ctrl Pts',(1.07388697392114,17.5452726187617,5.90545014837409));
#9156=CARTESIAN_POINT('Ctrl Pts',(0.0985554233638203,17.5244580224194,5.92166956907345));
#9157=CARTESIAN_POINT('Ctrl Pts',(-0.876776127193474,17.503643426077,5.93788898977281));
#9158=CARTESIAN_POINT('Ctrl Pts',(-1.85626067224738,17.4828288297347,5.70805399590243));
#9159=CARTESIAN_POINT('Ctrl Pts',(-2.72257468806092,17.4620142333924,5.25962986579428));
#9160=CARTESIAN_POINT('Ctrl Pts',(-3.58888870387448,17.44119963705,4.81120573568612));
#9161=CARTESIAN_POINT('Ctrl Pts',(-4.34203219044767,17.4203850407077,4.14419246934018));
#9162=CARTESIAN_POINT('Ctrl Pts',(-4.89189895552374,17.3995704443654,3.33845198153867));
#9163=CARTESIAN_POINT('Ctrl Pts',(-5.25250695546038,17.3859200286043,2.81003949286267));
#9164=CARTESIAN_POINT('Ctrl Pts',(-5.52568838942834,17.3722696128432,2.22196230431887));
#9165=CARTESIAN_POINT('Ctrl Pts',(-5.69973598922652,17.3586191970821,1.60610317012892));
#9166=CARTESIAN_POINT('',(5.7,17.8315899049938,0.406961811172551));
#9167=CARTESIAN_POINT('Ctrl Pts',(5.7,17.6860930326908,1.60630085603536));
#9168=CARTESIAN_POINT('Ctrl Pts',(5.7,17.7566334559213,1.2080697117173));
#9169=CARTESIAN_POINT('Ctrl Pts',(5.7,17.8061412273862,0.809841599640626));
#9170=CARTESIAN_POINT('Ctrl Pts',(5.7,17.8315899049938,0.406961811172544));
#9171=CARTESIAN_POINT('Ctrl Pts',(2.03686634470845,17.8315899049939,5.07641703513483));
#9172=CARTESIAN_POINT('Ctrl Pts',(2.18705892827386,17.8315899049939,5.02318409751565));
#9173=CARTESIAN_POINT('Ctrl Pts',(2.33471085193045,17.8315899049939,4.96348822207176));
#9174=CARTESIAN_POINT('Ctrl Pts',(2.47938449439819,17.8315899049939,4.89746811292826));
#9175=CARTESIAN_POINT('Ctrl Pts',(2.54990037292705,17.8315899049939,4.86528902406718));
#9176=CARTESIAN_POINT('Ctrl Pts',(2.61970860368426,17.8315899049939,4.83160669125026));
#9177=CARTESIAN_POINT('Ctrl Pts',(2.68875756004912,17.8315899049939,4.79643278861648));
#9178=CARTESIAN_POINT('Ctrl Pts',(2.80145598077119,17.8315899049939,4.73902361857033));
#9179=CARTESIAN_POINT('Ctrl Pts',(2.9121322925928,17.8315899049939,4.67764203186338));
#9180=CARTESIAN_POINT('Ctrl Pts',(3.02062686027708,17.8315899049939,4.61245313642208));
#9181=CARTESIAN_POINT('Ctrl Pts',(3.07317781032345,17.8315899049939,4.58087792983772));
#9182=CARTESIAN_POINT('Ctrl Pts',(3.12521676915192,17.8315899049939,4.54840920059677));
#9183=CARTESIAN_POINT('Ctrl Pts',(3.17672473850592,17.8315899049939,4.51506414159452));
#9184=CARTESIAN_POINT('Ctrl Pts',(3.20359078211326,17.8315899049939,4.49767169105766));
#9185=CARTESIAN_POINT('Ctrl Pts',(3.23031235664503,17.8315899049939,4.48004081338354));
#9186=CARTESIAN_POINT('Ctrl Pts',(3.25688669599112,17.8315899049939,4.46217384525606));
#9187=CARTESIAN_POINT('Ctrl Pts',(3.28163190835184,17.8315899049939,4.44553667076985));
#9188=CARTESIAN_POINT('Ctrl Pts',(3.3062509035087,17.8315899049939,4.42869366924603));
#9189=CARTESIAN_POINT('Ctrl Pts',(3.33072323934017,17.8315899049939,4.41165965174663));
#9190=CARTESIAN_POINT('Ctrl Pts',(3.46753325952293,17.8315899049939,4.31643276805496));
#9191=CARTESIAN_POINT('Ctrl Pts',(3.59989124469126,17.8315899049939,4.21515529421084));
#9192=CARTESIAN_POINT('Ctrl Pts',(3.72745159926448,17.8315899049939,4.10822700368408));
#9193=CARTESIAN_POINT('Ctrl Pts',(3.8503048207803,17.8315899049939,4.00524449782368));
#9194=CARTESIAN_POINT('Ctrl Pts',(3.96870841475145,17.8315899049939,3.89701971285287));
#9195=CARTESIAN_POINT('Ctrl Pts',(4.08232639531768,17.8315899049939,3.78386355615915));
#9196=CARTESIAN_POINT('Ctrl Pts',(4.14240034853159,17.8315899049939,3.72403378600123));
#9197=CARTESIAN_POINT('Ctrl Pts',(4.2011359207746,17.8315899049939,3.66282467605706));
#9198=CARTESIAN_POINT('Ctrl Pts',(4.25847953706147,17.8315899049939,3.60027777352093));
#9199=CARTESIAN_POINT('Ctrl Pts',(4.28147537961478,17.8315899049939,3.57519531768622));
#9200=CARTESIAN_POINT('Ctrl Pts',(4.30424734009888,17.8315899049939,3.54989769201955));
#9201=CARTESIAN_POINT('Ctrl Pts',(4.32679182249869,17.8315899049939,3.5243874527482));
#9202=CARTESIAN_POINT('Ctrl Pts',(4.34297114348054,17.8315899049939,3.50607972040928));
#9203=CARTESIAN_POINT('Ctrl Pts',(4.35903419031367,17.8315899049939,3.48766135609009));
#9204=CARTESIAN_POINT('Ctrl Pts',(4.37496772819657,17.8315899049939,3.46914737022064));
#9205=CARTESIAN_POINT('Ctrl Pts',(4.48055636986171,17.8315899049939,3.34645857165441));
#9206=CARTESIAN_POINT('Ctrl Pts',(4.58058089703597,17.8315899049939,3.21943904081994));
#9207=CARTESIAN_POINT('Ctrl Pts',(4.6747352100732,17.8315899049939,3.08843641433241));
#9208=CARTESIAN_POINT('Ctrl Pts',(4.69468095209262,17.8315899049939,3.06068468945122));
#9209=CARTESIAN_POINT('Ctrl Pts',(4.71436315582283,17.8315899049939,3.03275406152782));
#9210=CARTESIAN_POINT('Ctrl Pts',(4.73377873561845,17.8315899049939,3.00464759320095));
#9211=CARTESIAN_POINT('Ctrl Pts',(4.82469311936759,17.8315899049939,2.87303770700645));
#9212=CARTESIAN_POINT('Ctrl Pts',(4.90976458110274,17.8315899049939,2.73757515727178));
#9213=CARTESIAN_POINT('Ctrl Pts',(4.98890321723817,17.8315899049939,2.598703002872));
#9214=CARTESIAN_POINT('Ctrl Pts',(5.06873753648666,17.8315899049939,2.45861006659615));
#9215=CARTESIAN_POINT('Ctrl Pts',(5.14253461056055,17.8315899049939,2.31504668231013));
#9216=CARTESIAN_POINT('Ctrl Pts',(5.2101591886938,17.8315899049939,2.16843669074072));
#9217=CARTESIAN_POINT('Ctrl Pts',(5.27418226635514,17.8315899049939,2.02963474719763));
#9218=CARTESIAN_POINT('Ctrl Pts',(5.33267268476511,17.8315899049939,1.88810133017616));
#9219=CARTESIAN_POINT('Ctrl Pts',(5.38547644432862,17.8315899049939,1.74417875547835));
#9220=CARTESIAN_POINT('Ctrl Pts',(5.39560427288782,17.8315899049939,1.71657422174087));
#9221=CARTESIAN_POINT('Ctrl Pts',(5.40552278330491,17.8315899049939,1.68888176042944));
#9222=CARTESIAN_POINT('Ctrl Pts',(5.41523071702503,17.8315899049939,1.66110374167315));
#9223=CARTESIAN_POINT('Ctrl Pts',(5.42464216252632,17.8315899049939,1.63417408628041));
#9224=CARTESIAN_POINT('Ctrl Pts',(5.43385734930114,17.8315899049939,1.60715881255597));
#9225=CARTESIAN_POINT('Ctrl Pts',(5.44286528462672,17.8315899049939,1.58009022914701));
#9226=CARTESIAN_POINT('Ctrl Pts',(5.49437233811355,17.8315899049939,1.42531303292326));
#9227=CARTESIAN_POINT('Ctrl Pts',(5.5391647143038,17.8315899049939,1.26863744883927));
#9228=CARTESIAN_POINT('Ctrl Pts',(5.57715652700512,17.8315899049939,1.11051657126781));
#9229=CARTESIAN_POINT('Ctrl Pts',(5.61536699862989,17.8315899049939,0.951485641282222));
#9230=CARTESIAN_POINT('Ctrl Pts',(5.64669871875039,17.8315899049938,0.790992047285037));
#9231=CARTESIAN_POINT('Ctrl Pts',(5.67101843625965,17.8315899049938,0.629471428101249));
#9232=CARTESIAN_POINT('Ctrl Pts',(5.68215556047713,17.8315899049938,0.555503661047631));
#9233=CARTESIAN_POINT('Ctrl Pts',(5.69182150326571,17.8315899049939,0.48132022662021));
#9234=CARTESIAN_POINT('Ctrl Pts',(5.69999999995668,17.8315899049939,0.406961811566456));
#9235=CARTESIAN_POINT('',(-1.15162779500951,8.23158990499385,5.34728436066959));
#9236=CARTESIAN_POINT('Ctrl Pts',(-1.15162779500951,8.23158990499385,5.34728436066959));
#9237=CARTESIAN_POINT('Ctrl Pts',(-0.270584190619756,8.25240450133618,5.53703194748084));
#9238=CARTESIAN_POINT('Ctrl Pts',(1.58621249588682,8.29403369402085,5.47259954031805));
#9239=CARTESIAN_POINT('Ctrl Pts',(3.99281072197994,8.35647748304786,4.06459163361002));
#9240=CARTESIAN_POINT('Ctrl Pts',(5.25308857918024,8.41074132457171,1.99590093293241));
#9241=CARTESIAN_POINT('Ctrl Pts',(5.46921202837896,8.44419056975324,0.547093911771934));
#9242=CARTESIAN_POINT('Ctrl Pts',(5.46951374110022,8.45682521859243,-7.39736699892357E-5));
#9243=CARTESIAN_POINT('Ctrl Pts',(4.24282763476284,8.23158990499385,3.80679918035487));
#9244=CARTESIAN_POINT('Ctrl Pts',(4.15953740826944,8.23158990499385,3.8929031429357));
#9245=CARTESIAN_POINT('Ctrl Pts',(4.07357102618912,8.23158990499385,3.97629962961908));
#9246=CARTESIAN_POINT('Ctrl Pts',(3.98501654473611,8.23158990499385,4.0568320250872));
#9247=CARTESIAN_POINT('Ctrl Pts',(3.86462304513758,8.23158990499385,4.16631916523385));
#9248=CARTESIAN_POINT('Ctrl Pts',(3.73944657876744,8.23158990499385,4.27051431787503));
#9249=CARTESIAN_POINT('Ctrl Pts',(3.60989083729823,8.23158990499385,4.36919572830011));
#9250=CARTESIAN_POINT('Ctrl Pts',(3.48080237294334,8.23158990499385,4.46752121806757));
#9251=CARTESIAN_POINT('Ctrl Pts',(3.34736547012174,8.23158990499385,4.56037298655395));
#9252=CARTESIAN_POINT('Ctrl Pts',(3.209957938944,8.23158990499385,4.64748489642097));
#9253=CARTESIAN_POINT('Ctrl Pts',(3.16190883196837,8.23158990499385,4.67794646894306));
#9254=CARTESIAN_POINT('Ctrl Pts',(3.11337405878796,8.23158990499385,4.70770573896311));
#9255=CARTESIAN_POINT('Ctrl Pts',(3.06436939048211,8.23158990499385,4.73674985740668));
#9256=CARTESIAN_POINT('Ctrl Pts',(3.0472639568959,8.23158990499385,4.74688791682596));
#9257=CARTESIAN_POINT('Ctrl Pts',(3.03009913551887,8.23158990499385,4.75694006624902));
#9258=CARTESIAN_POINT('Ctrl Pts',(3.01288263408289,8.23158990499385,4.76690167143914));
#9259=CARTESIAN_POINT('Ctrl Pts',(2.87309330825454,8.23158990499385,4.84778489146341));
#9260=CARTESIAN_POINT('Ctrl Pts',(2.73016354800829,8.23158990499385,4.92255175279267));
#9261=CARTESIAN_POINT('Ctrl Pts',(2.5845089005104,8.23158990499385,4.99102954202916));
#9262=CARTESIAN_POINT('Ctrl Pts',(2.43876928664548,8.23158990499385,5.05954727718619));
#9263=CARTESIAN_POINT('Ctrl Pts',(2.29030090960407,8.23158990499385,5.12176892236854));
#9264=CARTESIAN_POINT('Ctrl Pts',(2.13949573688173,8.23158990499385,5.17747541931216));
#9265=CARTESIAN_POINT('Ctrl Pts',(1.99038484935296,8.23158990499385,5.23255605779713));
#9266=CARTESIAN_POINT('Ctrl Pts',(1.83898869648359,8.23158990499385,5.28126734119602));
#9267=CARTESIAN_POINT('Ctrl Pts',(1.68567273039917,8.23158990499385,5.32334862046033));
#9268=CARTESIAN_POINT('Ctrl Pts',(1.64168024006753,8.23158990499385,5.33542342466017));
#9269=CARTESIAN_POINT('Ctrl Pts',(1.59752963236655,8.23158990499385,5.34695202776856));
#9270=CARTESIAN_POINT('Ctrl Pts',(1.55322945348576,8.23158990499385,5.3579274766683));
#9271=CARTESIAN_POINT('Ctrl Pts',(1.44281818641074,8.23158990499385,5.38528206643188));
#9272=CARTESIAN_POINT('Ctrl Pts',(1.33147773288905,8.23158990499385,5.40920147757841));
#9273=CARTESIAN_POINT('Ctrl Pts',(1.21936801693196,8.23158990499385,5.42967119867233));
#9274=CARTESIAN_POINT('Ctrl Pts',(1.17032001620073,8.23158990499385,5.43862670165092));
#9275=CARTESIAN_POINT('Ctrl Pts',(1.12112478734724,8.23158990499385,5.44692174501175));
#9276=CARTESIAN_POINT('Ctrl Pts',(1.0717958309161,8.23158990499385,5.45455433316405));
#9277=CARTESIAN_POINT('Ctrl Pts',(1.04155729066164,8.23158990499385,5.45923309267544));
#9278=CARTESIAN_POINT('Ctrl Pts',(1.01126850176923,8.23158990499385,5.46366291458844));
#9279=CARTESIAN_POINT('Ctrl Pts',(0.980932594046107,8.23158990499385,5.46784325108232));
#9280=CARTESIAN_POINT('Ctrl Pts',(0.959734425421161,8.23158990499385,5.47076439254659));
#9281=CARTESIAN_POINT('Ctrl Pts',(0.938522045515411,8.23158990499385,5.4735624796853));
#9282=CARTESIAN_POINT('Ctrl Pts',(0.917301228972963,8.23158990499385,5.47623707872899));
#9283=CARTESIAN_POINT('Ctrl Pts',(0.75991698097351,8.23158990499385,5.49607325036493));
#9284=CARTESIAN_POINT('Ctrl Pts',(0.601986953851276,8.23158990499385,5.50913265053708));
#9285=CARTESIAN_POINT('Ctrl Pts',(0.443950677379989,8.23158990499385,5.51547297552188));
#9286=CARTESIAN_POINT('Ctrl Pts',(0.2848108108283,8.23158990499385,5.52185757590924));
#9287=CARTESIAN_POINT('Ctrl Pts',(0.125562446842923,8.23158990499385,5.52142893806459));
#9288=CARTESIAN_POINT('Ctrl Pts',(-0.0333494904807307,8.23158990499385,
5.51419372981746));
#9289=CARTESIAN_POINT('Ctrl Pts',(-0.191348896755461,8.23158990499385,5.5070000688089));
#9290=CARTESIAN_POINT('Ctrl Pts',(-0.349016467833531,8.23158990499385,5.49307769634977));
#9291=CARTESIAN_POINT('Ctrl Pts',(-0.505907501682467,8.23158990499385,5.47238248760566));
#9292=CARTESIAN_POINT('Ctrl Pts',(-0.659816297024327,8.23158990499385,5.45208066047754));
#9293=CARTESIAN_POINT('Ctrl Pts',(-0.812978431258443,8.23158990499385,5.42526085610793));
#9294=CARTESIAN_POINT('Ctrl Pts',(-0.964956865824716,8.23158990499385,5.39183461456759));
#9295=CARTESIAN_POINT('Ctrl Pts',(-1.02739104687016,8.23158990499385,5.3781027978006));
#9296=CARTESIAN_POINT('Ctrl Pts',(-1.08962520436946,8.23158990499385,5.36325550944146));
#9297=CARTESIAN_POINT('Ctrl Pts',(-1.15162779500947,8.23158990499385,5.34728436066959));
#9298=CARTESIAN_POINT('Origin',(0.,8.91579495249692,0.));
#9299=CARTESIAN_POINT('',(-5.7,8.43825580291795,-1.60630085603538));
#9300=CARTESIAN_POINT('Ctrl Pts',(-1.18641012738808,8.3,-5.80195083137827));
#9301=CARTESIAN_POINT('Ctrl Pts',(-2.14740991148955,8.32092440493312,-5.60544108674038));
#9302=CARTESIAN_POINT('Ctrl Pts',(-3.05817409468037,8.34184880986624,-5.16569734783392));
#9303=CARTESIAN_POINT('Ctrl Pts',(-3.80904013861105,8.36277321479936,-4.53514403549379));
#9304=CARTESIAN_POINT('Ctrl Pts',(-4.55990618254173,8.38369761973248,-3.90459072315366));
#9305=CARTESIAN_POINT('Ctrl Pts',(-5.15087408721227,8.4046220246656,-3.08322783737986));
#9306=CARTESIAN_POINT('Ctrl Pts',(-5.51033038157471,8.42554642959872,-2.17080636593582));
#9307=CARTESIAN_POINT('Ctrl Pts',(-5.5831076680591,8.4297828873718,-1.98607303433686));
#9308=CARTESIAN_POINT('Ctrl Pts',(-5.64639482135244,8.43401934514487,-1.79760702555142));
#9309=CARTESIAN_POINT('Ctrl Pts',(-5.70006399626127,8.43825580291795,-1.60641402989235));
#9310=CARTESIAN_POINT('',(-5.7,8.91579495249692,-1.60630085603538));
#9311=CARTESIAN_POINT('Origin',(-5.7,7.53157781475622E-16,1.60630085603538));
#9312=CARTESIAN_POINT('',(-5.7,8.50765696730923,1.60630085603538));
#9313=CARTESIAN_POINT('Ctrl Pts',(-5.7,8.50765696730922,1.60630085603535));
#9314=CARTESIAN_POINT('Ctrl Pts',(-5.7,8.42647619475435,1.14800034590828));
#9315=CARTESIAN_POINT('Ctrl Pts',(-5.7,8.37315944671958,0.68970336719341));
#9316=CARTESIAN_POINT('Ctrl Pts',(-5.7,8.3492382230725,0.156129919489565));
#9317=CARTESIAN_POINT('Ctrl Pts',(-5.7,8.34688354629147,0.0879350451857219));
#9318=CARTESIAN_POINT('Ctrl Pts',(-5.7,8.34513345358518,0.0154917754888832));
#9319=CARTESIAN_POINT('Ctrl Pts',(-5.7,8.34503448775626,0.0112838632831539));
#9320=CARTESIAN_POINT('Ctrl Pts',(-5.7,8.34490751543379,0.00573430140103701));
#9321=CARTESIAN_POINT('Ctrl Pts',(-5.7,8.34487709371647,0.0043927127508375));
#9322=CARTESIAN_POINT('Ctrl Pts',(-5.7,8.34482778001295,0.00219826794595116));
#9323=CARTESIAN_POINT('Ctrl Pts',(-5.7,8.34480872516758,0.00134541567432468));
#9324=CARTESIAN_POINT('Ctrl Pts',(-5.7,8.34477215147323,-0.000301090171921852));
#9325=CARTESIAN_POINT('Ctrl Pts',(-5.7,8.34475461782278,-0.00109474334655169));
#9326=CARTESIAN_POINT('Ctrl Pts',(-5.7,8.34471455599777,-0.00291807701261781));
#9327=CARTESIAN_POINT('Ctrl Pts',(-5.7,8.34469209318081,-0.00394775881317617));
#9328=CARTESIAN_POINT('Ctrl Pts',(-5.7,8.34462151568428,-0.00720635820023673));
#9329=CARTESIAN_POINT('Ctrl Pts',(-5.7,8.34457399451477,-0.0094352877322854));
#9330=CARTESIAN_POINT('Ctrl Pts',(-5.7,8.34419150285746,-0.0276652629374344));
#9331=CARTESIAN_POINT('Ctrl Pts',(-5.7,8.34389467313301,-0.0436668009044316));
#9332=CARTESIAN_POINT('Ctrl Pts',(-5.7,8.34075078682265,-0.238732613020981));
#9333=CARTESIAN_POINT('Ctrl Pts',(-5.69999999999868,8.34274518514627,-0.417447742917517));
#9334=CARTESIAN_POINT('Ctrl Pts',(-5.69999999999868,8.36234246965308,-0.931026559214516));
#9335=CARTESIAN_POINT('Ctrl Pts',(-5.7,8.39187927017475,-1.26277611640713));
#9336=CARTESIAN_POINT('Ctrl Pts',(-5.7,8.43719018311544,-1.59845377301115));
#9337=CARTESIAN_POINT('Ctrl Pts',(-5.7,8.4377219477581,-1.60237745545851));
#9338=CARTESIAN_POINT('Ctrl Pts',(-5.7,8.43825580291795,-1.60630085603541));
#9339=CARTESIAN_POINT('',(-5.7,8.91579495249692,1.60630085603538));
#9340=CARTESIAN_POINT('Origin',(-5.7,7.53157781475622E-16,1.60630085603538));
#9341=CARTESIAN_POINT('',(-5.7,9.30140696730923,1.60630085603538));
#9342=CARTESIAN_POINT('',(-5.7,9.23200580291795,-1.60630085603538));
#9343=CARTESIAN_POINT('Ctrl Pts',(-5.70043846727432,9.30140696730923,1.60647374757391));
#9344=CARTESIAN_POINT('Ctrl Pts',(-5.70038213217466,9.28069960790508,1.4895846852506));
#9345=CARTESIAN_POINT('Ctrl Pts',(-5.70029710114781,9.26180520309153,1.37262444290631));
#9346=CARTESIAN_POINT('Ctrl Pts',(-5.70019514144175,9.24479990486964,1.25555096186403));
#9347=CARTESIAN_POINT('Ctrl Pts',(-5.70009133679229,9.22748689869355,1.13635905626531));
#9348=CARTESIAN_POINT('Ctrl Pts',(-5.69997094235506,9.21213198376514,1.01704980359686));
#9349=CARTESIAN_POINT('Ctrl Pts',(-5.69986069184905,9.19881552121056,0.897525285687347));
#9350=CARTESIAN_POINT('Ctrl Pts',(-5.69974774521521,9.18517341039587,0.775077848035551));
#9351=CARTESIAN_POINT('Ctrl Pts',(-5.6996464760382,9.17367066992193,0.652404384533197));
#9352=CARTESIAN_POINT('Ctrl Pts',(-5.69958517281292,9.16439370185259,0.529344369297605));
#9353=CARTESIAN_POINT('Ctrl Pts',(-5.69953466656022,9.15675063101329,0.427958182894929));
#9354=CARTESIAN_POINT('Ctrl Pts',(-5.69951150410553,9.15061835121139,0.326308447499472));
#9355=CARTESIAN_POINT('Ctrl Pts',(-5.69952403948104,9.14604518051766,0.224279895043931));
#9356=CARTESIAN_POINT('Ctrl Pts',(-5.69953241881172,9.14298822307255,0.156078429598969));
#9357=CARTESIAN_POINT('Ctrl Pts',(-5.69955357925017,9.14063354629151,0.0878696333252006));
#9358=CARTESIAN_POINT('Ctrl Pts',(-5.69958633421193,9.13898510737016,0.0196214534715276));
#9359=CARTESIAN_POINT('Ctrl Pts',(-5.69958835410226,9.13888345358514,0.0154128135800775));
#9360=CARTESIAN_POINT('Ctrl Pts',(-5.69959041754158,9.13878448775625,0.0112041187412953));
#9361=CARTESIAN_POINT('Ctrl Pts',(-5.69959252404956,9.13868821044384,0.00699536132903054));
#9362=CARTESIAN_POINT('Ctrl Pts',(-5.69959319564374,9.13865751543406,0.0056535306657013));
#9363=CARTESIAN_POINT('Ctrl Pts',(-5.69959387161512,9.13862709371659,0.0043116943874613));
#9364=CARTESIAN_POINT('Ctrl Pts',(-5.6995945519476,9.13859694530873,0.00296985224817734));
#9365=CARTESIAN_POINT('Ctrl Pts',(-5.69959498443391,9.13857778001282,0.00211684529075145));
#9366=CARTESIAN_POINT('Ctrl Pts',(-5.69959541868253,9.13855872516752,0.00126383608847871));
#9367=CARTESIAN_POINT('Ctrl Pts',(-5.69959585468929,9.13853978077706,0.000410824573520053));
#9368=CARTESIAN_POINT('Ctrl Pts',(-5.69959626042922,9.13852215147306,-0.000382972373659921));
#9369=CARTESIAN_POINT('Ctrl Pts',(-5.69959666769163,9.1385046178227,-0.00117677124743893));
#9370=CARTESIAN_POINT('Ctrl Pts',(-5.69959707647312,9.13848717982946,-0.00197057209759604));
#9371=CARTESIAN_POINT('Ctrl Pts',(-5.69959760682105,9.13846455599771,-0.00300043927469087));
#9372=CARTESIAN_POINT('Ctrl Pts',(-5.69959813972584,9.13844209318078,-0.00403030962167391));
#9373=CARTESIAN_POINT('Ctrl Pts',(-5.69959867518,9.13841979138578,-0.00506018326256325));
#9374=CARTESIAN_POINT('Ctrl Pts',(-5.69959983425376,9.13837151568434,-0.00728950482252445));
#9375=CARTESIAN_POINT('Ctrl Pts',(-5.69960100527267,9.13832399451479,-0.0095188406105368));
#9376=CARTESIAN_POINT('Ctrl Pts',(-5.69960218815939,9.13827722794959,-0.0117481917563332));
#9377=CARTESIAN_POINT('Ctrl Pts',(-5.6996106797976,9.13794150285745,-0.0277521278055082));
#9378=CARTESIAN_POINT('Ctrl Pts',(-5.69961978323677,9.137644673133,-0.04375650555119));
#9379=CARTESIAN_POINT('Ctrl Pts',(-5.69962946707709,9.13738676041409,-0.0597617454769043));
#9380=CARTESIAN_POINT('Ctrl Pts',(-5.69971970030829,9.13498355081691,-0.208897260610797));
#9381=CARTESIAN_POINT('Ctrl Pts',(-5.6998629952002,9.13596450609227,-0.357783602711991));
#9382=CARTESIAN_POINT('Ctrl Pts',(-5.70001407507469,9.14030296006784,-0.506759491306575));
#9383=CARTESIAN_POINT('Ctrl Pts',(-5.70004442445568,9.14117448179144,-0.536686217263377));
#9384=CARTESIAN_POINT('Ctrl Pts',(-5.70007498272178,9.14218149197229,-0.566616425607783));
#9385=CARTESIAN_POINT('Ctrl Pts',(-5.70010523958956,9.14332377444291,-0.596552641686383));
#9386=CARTESIAN_POINT('Ctrl Pts',(-5.70022691448785,9.14791734653631,-0.716938071995667));
#9387=CARTESIAN_POINT('Ctrl Pts',(-5.70034777883477,9.15468107998433,-0.836914799454404));
#9388=CARTESIAN_POINT('Ctrl Pts',(-5.70042149032844,9.16354403316929,-0.956658584457533));
#9389=CARTESIAN_POINT('Ctrl Pts',(-5.70046081810701,9.16827274294048,-1.02054627452727));
#9390=CARTESIAN_POINT('Ctrl Pts',(-5.7004864891582,9.17359901930376,-1.08436680995281));
#9391=CARTESIAN_POINT('Ctrl Pts',(-5.70049072856184,9.1795120878441,-1.14814082605959));
#9392=CARTESIAN_POINT('Ctrl Pts',(-5.70049846071032,9.19029679435004,-1.26445675267613));
#9393=CARTESIAN_POINT('Ctrl Pts',(-5.70043505193271,9.20303347989905,-1.38062103784128));
#9394=CARTESIAN_POINT('Ctrl Pts',(-5.70034837911977,9.21765677427009,-1.49673916373468));
#9395=CARTESIAN_POINT('Ctrl Pts',(-5.70032405935644,9.22175996471866,-1.52932106853549));
#9396=CARTESIAN_POINT('Ctrl Pts',(-5.70029791056839,9.22601169220752,-1.56189902446916));
#9397=CARTESIAN_POINT('Ctrl Pts',(-5.7002710396343,9.23041051259662,-1.59447462226157));
#9398=CARTESIAN_POINT('Ctrl Pts',(-5.70026780405286,9.23094018311556,-1.59839711335264));
#9399=CARTESIAN_POINT('Ctrl Pts',(-5.70026454946777,9.23147194775835,-1.60231932076069));
#9400=CARTESIAN_POINT('Ctrl Pts',(-5.70026127706138,9.23200580291794,-1.60624124820934));
#9401=CARTESIAN_POINT('',(-5.7,8.91579495249692,1.60630085603538));
#9402=CARTESIAN_POINT('',(-5.7,8.91579495249692,-1.60630085603538));
#9403=CARTESIAN_POINT('Origin',(-5.7,7.53157781475622E-16,1.60630085603538));
#9404=CARTESIAN_POINT('',(-5.7,10.0951569673092,1.60630085603538));
#9405=CARTESIAN_POINT('',(-5.7,10.0257558029179,-1.60630085603538));
#9406=CARTESIAN_POINT('Ctrl Pts',(-5.69956985448395,10.0951569673092,1.60626598604216));
#9407=CARTESIAN_POINT('Ctrl Pts',(-5.69952357241443,10.074414678031,1.48913157247395));
#9408=CARTESIAN_POINT('Ctrl Pts',(-5.69952457321791,10.0554914648082,1.37194669744437));
#9409=CARTESIAN_POINT('Ctrl Pts',(-5.69955403630368,10.0384638656595,1.25466521537219));
#9410=CARTESIAN_POINT('Ctrl Pts',(-5.69958392801885,10.0211885487471,1.13567752056744));
#9411=CARTESIAN_POINT('Ctrl Pts',(-5.69964405059049,10.0058644019487,1.01659037640597));
#9412=CARTESIAN_POINT('Ctrl Pts',(-5.69972484986886,9.99257135254411,0.897301764677597));
#9413=CARTESIAN_POINT('Ctrl Pts',(-5.69980713469603,9.979033901533,0.775819952017516));
#9414=CARTESIAN_POINT('Ctrl Pts',(-5.69991185432458,9.96760292066204,0.654129039255689));
#9415=CARTESIAN_POINT('Ctrl Pts',(-5.70002453806432,9.95836282731138,0.532067028338818));
#9416=CARTESIAN_POINT('Ctrl Pts',(-5.70011898983327,9.95061775988379,0.429754370985537));
#9417=CARTESIAN_POINT('Ctrl Pts',(-5.70021921290193,9.94441197296432,0.327179867051471));
#9418=CARTESIAN_POINT('Ctrl Pts',(-5.70030696878841,9.93979518051799,0.224221619387742));
#9419=CARTESIAN_POINT('Ctrl Pts',(-5.70036507536644,9.93673822307277,0.15604896805));
#9420=CARTESIAN_POINT('Ctrl Pts',(-5.70041436192572,9.93438354629166,0.0878699183533124));
#9421=CARTESIAN_POINT('Ctrl Pts',(-5.70044581437492,9.93273510737026,0.0196513771382093));
#9422=CARTESIAN_POINT('Ctrl Pts',(-5.7004477539436,9.93263345358524,0.0154445649638935));
#9423=CARTESIAN_POINT('Ctrl Pts',(-5.70044962511761,9.9325344877563,0.0112376973855821));
#9424=CARTESIAN_POINT('Ctrl Pts',(-5.7004514255831,9.93243821044386,0.00703076653389824));
#9425=CARTESIAN_POINT('Ctrl Pts',(-5.7004519996052,9.93240751543406,0.00568951821222939));
#9426=CARTESIAN_POINT('Ctrl Pts',(-5.70045256643962,9.9323770937166,0.00434826420487152));
#9427=CARTESIAN_POINT('Ctrl Pts',(-5.70045312601087,9.93234694530874,0.00300700425706053));
#9428=CARTESIAN_POINT('Ctrl Pts',(-5.70045348172944,9.93232778001289,0.0021543674001716));
#9429=CARTESIAN_POINT('Ctrl Pts',(-5.70045383451283,9.93230872516756,0.00130172826266814));
#9430=CARTESIAN_POINT('Ctrl Pts',(-5.70045418434159,9.93228978077707,0.000449086778296238));
#9431=CARTESIAN_POINT('Ctrl Pts',(-5.70045450988585,9.93227215147301,-0.000344365826534467));
#9432=CARTESIAN_POINT('Ctrl Pts',(-5.70045483287142,9.93225461782268,-0.0011378203838127));
#9433=CARTESIAN_POINT('Ctrl Pts',(-5.70045515328262,9.93223717982947,-0.00193127694874829));
#9434=CARTESIAN_POINT('Ctrl Pts',(-5.70045556898005,9.93221455599783,-0.00296069745092452));
#9435=CARTESIAN_POINT('Ctrl Pts',(-5.7004559803442,9.93219209318084,-0.00399012118376438));
#9436=CARTESIAN_POINT('Ctrl Pts',(-5.70045638734072,9.93216979138578,-0.00501954826681375));
#9437=CARTESIAN_POINT('Ctrl Pts',(-5.70045726834796,9.93212151568434,-0.00724790317665865));
#9438=CARTESIAN_POINT('Ctrl Pts',(-5.70045812888934,9.9320739945148,-0.0094762725791224));
#9439=CARTESIAN_POINT('Ctrl Pts',(-5.70045896861526,9.93202722794959,-0.0117046576401608));
#9440=CARTESIAN_POINT('Ctrl Pts',(-5.70046499679078,9.93169150285752,-0.0277016584133376));
#9441=CARTESIAN_POINT('Ctrl Pts',(-5.7004699525227,9.93139467313312,-0.0436991165344102));
#9442=CARTESIAN_POINT('Ctrl Pts',(-5.7004737038385,9.93113676041424,-0.059697465961747));
#9443=CARTESIAN_POINT('Ctrl Pts',(-5.70047893852975,9.93077686177324,-0.0820220114213589));
#9444=CARTESIAN_POINT('Ctrl Pts',(-5.70048182630577,9.93049286083433,-0.10434096260716));
#9445=CARTESIAN_POINT('Ctrl Pts',(-5.70048200009624,9.930284668035,-0.126655542641991));
#9446=CARTESIAN_POINT('Ctrl Pts',(-5.70048313301731,9.92892748197135,-0.272121846645717));
#9447=CARTESIAN_POINT('Ctrl Pts',(-5.70037183991661,9.93079183356333,-0.41740538115613));
#9448=CARTESIAN_POINT('Ctrl Pts',(-5.70023708412916,9.93585291163133,-0.562830705361422));
#9449=CARTESIAN_POINT('Ctrl Pts',(-5.70022674915349,9.93624106652769,-0.573983971698678));
#9450=CARTESIAN_POINT('Ctrl Pts',(-5.70021626003057,9.93664802452784,-0.585138052038887));
#9451=CARTESIAN_POINT('Ctrl Pts',(-5.70020564930633,9.9370737744391,-0.596293082132466));
#9452=CARTESIAN_POINT('Ctrl Pts',(-5.70009231639573,9.94162119981196,-0.715439711506767));
#9453=CARTESIAN_POINT('Ctrl Pts',(-5.69997065103354,9.94829540296094,-0.834199141649263));
#9454=CARTESIAN_POINT('Ctrl Pts',(-5.69986500910287,9.95702755888614,-0.952749290936233));
#9455=CARTESIAN_POINT('Ctrl Pts',(-5.69976019590396,9.96569121346043,-1.07036944705229));
#9456=CARTESIAN_POINT('Ctrl Pts',(-5.69967023837435,9.97638065931469,-1.18778378465661));
#9457=CARTESIAN_POINT('Ctrl Pts',(-5.69960822248692,9.98902867851517,-1.30511632903903));
#9458=CARTESIAN_POINT('Ctrl Pts',(-5.69955723364005,9.99942775431406,-1.40158598198385));
#9459=CARTESIAN_POINT('Ctrl Pts',(-5.69952470278622,10.0111508188638,-1.49799945106017));
#9460=CARTESIAN_POINT('Ctrl Pts',(-5.69951906437381,10.0241605125966,-1.5943992260574));
#9461=CARTESIAN_POINT('Ctrl Pts',(-5.69951883481415,10.0246901831153,-1.59832400091154));
#9462=CARTESIAN_POINT('Ctrl Pts',(-5.69951864166939,10.0252219477578,-1.60224850048063));
#9463=CARTESIAN_POINT('Ctrl Pts',(-5.69951848486355,10.0257558029179,-1.60617272805031));
#9464=CARTESIAN_POINT('',(-5.7,8.91579495249692,1.60630085603538));
#9465=CARTESIAN_POINT('',(-5.7,8.91579495249692,-1.60630085603538));
#9466=CARTESIAN_POINT('Origin',(-5.7,7.53157781475622E-16,1.60630085603538));
#9467=CARTESIAN_POINT('',(-5.7,10.8889069673092,1.60630085603538));
#9468=CARTESIAN_POINT('',(-5.7,10.8195058029179,-1.60630085603538));
#9469=CARTESIAN_POINT('Ctrl Pts',(-5.70000707525471,10.8889069673092,1.60614606292873));
#9470=CARTESIAN_POINT('Ctrl Pts',(-5.70011845399537,10.8676971678613,1.48644015104522));
#9471=CARTESIAN_POINT('Ctrl Pts',(-5.70025386731865,10.8483893688301,1.36668468190747));
#9472=CARTESIAN_POINT('Ctrl Pts',(-5.70035686520364,10.8310654010239,1.24681844025028));
#9473=CARTESIAN_POINT('Ctrl Pts',(-5.70045986308863,10.8137414332177,1.12695219859309));
#9474=CARTESIAN_POINT('Ctrl Pts',(-5.70053145528603,10.7984012966366,1.00697502746363));
#9475=CARTESIAN_POINT('Ctrl Pts',(-5.70052121934524,10.785126822089,0.886768477130808));
#9476=CARTESIAN_POINT('Ctrl Pts',(-5.7005107635677,10.7715672523634,0.763980257162703));
#9477=CARTESIAN_POINT('Ctrl Pts',(-5.70041501538689,10.7601630257025,0.640952408087625));
#9478=CARTESIAN_POINT('Ctrl Pts',(-5.70029525056383,10.7510013593887,0.517520260920352));
#9479=CARTESIAN_POINT('Ctrl Pts',(-5.70020074553749,10.7437719952555,0.420121391867532));
#9480=CARTESIAN_POINT('Ctrl Pts',(-5.70009147954718,10.7379389846908,0.322469562851118));
#9481=CARTESIAN_POINT('Ctrl Pts',(-5.69999214830235,10.7335451805179,0.224461642697749));
#9482=CARTESIAN_POINT('Ctrl Pts',(-5.69992303930785,10.7304882230727,0.156273341761332));
#9483=CARTESIAN_POINT('Ctrl Pts',(-5.69985581713597,10.7281335462916,0.088074637761354));
#9484=CARTESIAN_POINT('Ctrl Pts',(-5.69979553417648,10.7264851073702,0.019833333697442));
#9485=CARTESIAN_POINT('Ctrl Pts',(-5.69979181672543,10.7263834535852,0.0156251178121062));
#9486=CARTESIAN_POINT('Ctrl Pts',(-5.69978812526658,10.7262844877563,0.0114168347373783));
#9487=CARTESIAN_POINT('Ctrl Pts',(-5.69978446079112,10.7261882104439,0.00720847681354403));
#9488=CARTESIAN_POINT('Ctrl Pts',(-5.69978329248773,10.726157515434,0.00586677351092126));
#9489=CARTESIAN_POINT('Ctrl Pts',(-5.69978212692756,10.7261270937166,0.00452506335114393));
#9490=CARTESIAN_POINT('Ctrl Pts',(-5.69978096414224,10.7260969453087,0.00318334608144792));
#9491=CARTESIAN_POINT('Ctrl Pts',(-5.69978022496143,10.7260777800132,0.00233041852050581));
#9492=CARTESIAN_POINT('Ctrl Pts',(-5.69977948690206,10.7260587251677,0.00147748818265078));
#9493=CARTESIAN_POINT('Ctrl Pts',(-5.69977874997221,10.7260397807771,0.000624555027132304));
#9494=CARTESIAN_POINT('Ctrl Pts',(-5.69977806419875,10.7260221514731,-0.000169168988422433));
#9495=CARTESIAN_POINT('Ctrl Pts',(-5.6997773794035,10.7260046178227,-0.000962895372765561));
#9496=CARTESIAN_POINT('Ctrl Pts',(-5.69977669559295,10.7259871798295,-0.00175662417101439));
#9497=CARTESIAN_POINT('Ctrl Pts',(-5.69977580842579,10.7259645559977,-0.00278639786962885));
#9498=CARTESIAN_POINT('Ctrl Pts',(-5.69977492291622,10.7259420931808,-0.00381617547048721));
#9499=CARTESIAN_POINT('Ctrl Pts',(-5.6997740390783,10.7259197913858,-0.00484595710217581));
#9500=CARTESIAN_POINT('Ctrl Pts',(-5.69977212587374,10.7258715156842,-0.00707507950282017));
#9501=CARTESIAN_POINT('Ctrl Pts',(-5.69977022050325,10.7258239945147,-0.00930421957559281));
#9502=CARTESIAN_POINT('Ctrl Pts',(-5.69976832310823,10.7257772279496,-0.0115333784642241));
#9503=CARTESIAN_POINT('Ctrl Pts',(-5.69975470219948,10.7254415028574,-0.0275359343707749));
#9504=CARTESIAN_POINT('Ctrl Pts',(-5.69974149298673,10.725144673133,-0.0435391102128253));
#9505=CARTESIAN_POINT('Ctrl Pts',(-5.69972874503486,10.7248867604141,-0.059543328249522));
#9506=CARTESIAN_POINT('Ctrl Pts',(-5.69961075459092,10.7224996133251,-0.207672597166526));
#9507=CARTESIAN_POINT('Ctrl Pts',(-5.69953550102519,10.7234515443071,-0.355571405171567));
#9508=CARTESIAN_POINT('Ctrl Pts',(-5.69952203375055,10.7277164183141,-0.50357310034671));
#9509=CARTESIAN_POINT('Ctrl Pts',(-5.69951921958231,10.7286076211203,-0.53450004586743));
#9510=CARTESIAN_POINT('Ctrl Pts',(-5.69951898479933,10.7296434859869,-0.565431346988581));
#9511=CARTESIAN_POINT('Ctrl Pts',(-5.69952133171056,10.7308237744435,-0.596369802697335));
#9512=CARTESIAN_POINT('Ctrl Pts',(-5.69953044538828,10.7354071470513,-0.716512018464748));
#9513=CARTESIAN_POINT('Ctrl Pts',(-5.69958323243346,10.7421510545375,-0.836258382843203));
#9514=CARTESIAN_POINT('Ctrl Pts',(-5.69966401731542,10.7509850267884,-0.955783935055802));
#9515=CARTESIAN_POINT('Ctrl Pts',(-5.6997436929237,10.7596976979657,-1.07366825754779));
#9516=CARTESIAN_POINT('Ctrl Pts',(-5.69984966528273,10.7704434297704,-1.19133793327571));
#9517=CARTESIAN_POINT('Ctrl Pts',(-5.69995997644442,10.7831546153292,-1.30891123906122));
#9518=CARTESIAN_POINT('Ctrl Pts',(-5.70004940976948,10.7934600420187,-1.40423225202337));
#9519=CARTESIAN_POINT('Ctrl Pts',(-5.70014135017253,10.8050573501773,-1.49948900231342));
#9520=CARTESIAN_POINT('Ctrl Pts',(-5.70022714011934,10.8179105125966,-1.59471946380755));
#9521=CARTESIAN_POINT('Ctrl Pts',(-5.70023067546762,10.8184401831156,-1.59864384959792));
#9522=CARTESIAN_POINT('Ctrl Pts',(-5.70023419220852,10.8189719477584,-1.60256793830855));
#9523=CARTESIAN_POINT('Ctrl Pts',(-5.70023768917656,10.8195058029179,-1.60649173303886));
#9524=CARTESIAN_POINT('',(-5.7,8.91579495249692,1.60630085603538));
#9525=CARTESIAN_POINT('',(-5.7,8.91579495249692,-1.60630085603538));
#9526=CARTESIAN_POINT('Origin',(-5.7,7.53157781475622E-16,1.60630085603538));
#9527=CARTESIAN_POINT('',(-5.7,11.6826569673092,1.60630085603538));
#9528=CARTESIAN_POINT('',(-5.7,11.6132558029179,-1.60630085603538));
#9529=CARTESIAN_POINT('Ctrl Pts',(-5.7003009539307,11.6826569673092,1.60649338967932));
#9530=CARTESIAN_POINT('Ctrl Pts',(-5.7002048638488,11.6619358286874,1.48950776085741));
#9531=CARTESIAN_POINT('Ctrl Pts',(-5.7001019563192,11.6430300582336,1.37245450848184));
#9532=CARTESIAN_POINT('Ctrl Pts',(-5.69999862420163,11.6260159600707,1.25529119407321));
#9533=CARTESIAN_POINT('Ctrl Pts',(-5.69989349154689,11.6087053953616,1.13608633724379));
#9534=CARTESIAN_POINT('Ctrl Pts',(-5.6997888719513,11.5933530011616,1.01676756908454));
#9535=CARTESIAN_POINT('Ctrl Pts',(-5.69970502182923,11.5800391402425,0.897236581658604));
#9536=CARTESIAN_POINT('Ctrl Pts',(-5.69961921181127,11.5664140838166,0.774911700976954));
#9537=CARTESIAN_POINT('Ctrl Pts',(-5.69955617726985,11.5549239709263,0.652364450823946));
#9538=CARTESIAN_POINT('Ctrl Pts',(-5.69953643198063,11.5456549322347,0.529434378665186));
#9539=CARTESIAN_POINT('Ctrl Pts',(-5.69952013926781,11.5380066378024,0.4279993304635));
#9540=CARTESIAN_POINT('Ctrl Pts',(-5.69953352472558,11.5318705908653,0.326302470142106));
#9541=CARTESIAN_POINT('Ctrl Pts',(-5.69958029232716,11.5272951805185,0.224228110690979));
#9542=CARTESIAN_POINT('Ctrl Pts',(-5.69961153904757,11.5242382230731,0.156029424791378));
#9543=CARTESIAN_POINT('Ctrl Pts',(-5.69965445276568,11.5218835462919,0.0878241542122735));
#9544=CARTESIAN_POINT('Ctrl Pts',(-5.69970641552291,11.5202351073704,0.0195801574876491));
#9545=CARTESIAN_POINT('Ctrl Pts',(-5.69970961989456,11.5201334535853,0.0153717755538283));
#9546=CARTESIAN_POINT('Ctrl Pts',(-5.69971285810328,11.5200344877564,0.0111633411663568));
#9547=CARTESIAN_POINT('Ctrl Pts',(-5.69971612933246,11.5199382104439,0.00695484667849768));
#9548=CARTESIAN_POINT('Ctrl Pts',(-5.69971717226157,11.519907515434,0.00561309983881744));
#9549=CARTESIAN_POINT('Ctrl Pts',(-5.6997182185463,11.5198770937166,0.00427134763880105));
#9550=CARTESIAN_POINT('Ctrl Pts',(-5.69971926815969,11.5198469453088,0.00292958982840959));
#9551=CARTESIAN_POINT('Ctrl Pts',(-5.69971993539729,11.5198277800129,0.00207663648081217));
#9552=CARTESIAN_POINT('Ctrl Pts',(-5.69972060397994,11.5198087251676,0.00122368098568099));
#9553=CARTESIAN_POINT('Ctrl Pts',(-5.69972127390067,11.5197897807771,0.000370723278970238));
#9554=CARTESIAN_POINT('Ctrl Pts',(-5.69972189731667,11.519772151473,-0.000423023595434588));
#9555=CARTESIAN_POINT('Ctrl Pts',(-5.69972252189137,11.5197546178227,-0.00121677230659836));
#9556=CARTESIAN_POINT('Ctrl Pts',(-5.6997231476191,11.5197371798295,-0.00201052290671022));
#9557=CARTESIAN_POINT('Ctrl Pts',(-5.69972395943033,11.519714555998,-0.00304032488075433));
#9558=CARTESIAN_POINT('Ctrl Pts',(-5.69972477318225,11.5196920931809,-0.00407012989332428));
#9559=CARTESIAN_POINT('Ctrl Pts',(-5.69972558886246,11.5196697913858,-0.0050999380529909));
#9560=CARTESIAN_POINT('Ctrl Pts',(-5.69972735452904,11.5196215156843,-0.0073291178594102));
#9561=CARTESIAN_POINT('Ctrl Pts',(-5.69972912923016,11.5195739945148,-0.00955831120193527));
#9562=CARTESIAN_POINT('Ctrl Pts',(-5.69973091283851,11.5195272279496,-0.0117875192175995));
#9563=CARTESIAN_POINT('Ctrl Pts',(-5.69974371690217,11.5191915028576,-0.0277904277789436));
#9564=CARTESIAN_POINT('Ctrl Pts',(-5.69975698010258,11.5188946731332,-0.043793742772972));
#9565=CARTESIAN_POINT('Ctrl Pts',(-5.69977065256855,11.5186367604144,-0.0597978858529066));
#9566=CARTESIAN_POINT('Ctrl Pts',(-5.69989818867523,11.5162309629445,-0.209083764824328));
#9567=CARTESIAN_POINT('Ctrl Pts',(-5.70006390274194,11.5172166226802,-0.358117001087701));
#9568=CARTESIAN_POINT('Ctrl Pts',(-5.70020773389724,11.5215669872107,-0.507238348888486));
#9569=CARTESIAN_POINT('Ctrl Pts',(-5.70023644133711,11.5224352818993,-0.537001664894444));
#9570=CARTESIAN_POINT('Ctrl Pts',(-5.70026417400728,11.5234376152109,-0.566768360622314));
#9571=CARTESIAN_POINT('Ctrl Pts',(-5.70029031569709,11.5245737744356,-0.596540928204753));
#9572=CARTESIAN_POINT('Ctrl Pts',(-5.70039562953045,11.5291508803577,-0.716482035434155));
#9573=CARTESIAN_POINT('Ctrl Pts',(-5.7004791701993,11.5358826171514,-0.836016230792419));
#9574=CARTESIAN_POINT('Ctrl Pts',(-5.7004885099362,11.5446988033619,-0.955317965016404));
#9575=CARTESIAN_POINT('Ctrl Pts',(-5.7004976676225,11.5533431440461,-1.07229426408939));
#9576=CARTESIAN_POINT('Ctrl Pts',(-5.70043542993807,11.5639914657358,-1.18904731147317));
#9577=CARTESIAN_POINT('Ctrl Pts',(-5.70034520676047,11.5765776114425,-1.30570931166369));
#9578=CARTESIAN_POINT('Ctrl Pts',(-5.70027074866911,11.586964525448,-1.40198645574853));
#9579=CARTESIAN_POINT('Ctrl Pts',(-5.70017674466669,11.5986712205268,-1.49820070576676));
#9580=CARTESIAN_POINT('Ctrl Pts',(-5.70008711412214,11.6116605125966,-1.59439957908758));
#9581=CARTESIAN_POINT('Ctrl Pts',(-5.70008345921495,11.612190183115,-1.59832232613346));
#9582=CARTESIAN_POINT('Ctrl Pts',(-5.70007980342717,11.6127219477571,-1.6022447950922));
#9583=CARTESIAN_POINT('Ctrl Pts',(-5.70007614769558,11.613255802918,-1.60616698959467));
#9584=CARTESIAN_POINT('',(-5.7,8.91579495249692,1.60630085603538));
#9585=CARTESIAN_POINT('',(-5.7,8.91579495249692,-1.60630085603538));
#9586=CARTESIAN_POINT('Origin',(-5.7,7.53157781475622E-16,1.60630085603538));
#9587=CARTESIAN_POINT('',(-5.7,12.4764069673092,1.60630085603538));
#9588=CARTESIAN_POINT('',(-5.7,12.4070058029179,-1.60630085603538));
#9589=CARTESIAN_POINT('Ctrl Pts',(-5.7,12.4764069673092,1.6063008560354));
#9590=CARTESIAN_POINT('Ctrl Pts',(-5.7,12.3952261947547,1.14800034591044));
#9591=CARTESIAN_POINT('Ctrl Pts',(-5.7,12.3419094467201,0.689703367197937));
#9592=CARTESIAN_POINT('Ctrl Pts',(-5.7,12.3179882230727,0.156129919495607));
#9593=CARTESIAN_POINT('Ctrl Pts',(-5.7,12.3156335462916,0.0879350451906892));
#9594=CARTESIAN_POINT('Ctrl Pts',(-5.7,12.3138834535852,0.0154917754886956));
#9595=CARTESIAN_POINT('Ctrl Pts',(-5.7,12.3137844877563,0.0112838632834468));
#9596=CARTESIAN_POINT('Ctrl Pts',(-5.7,12.3136575154343,0.00573430142419938));
#9597=CARTESIAN_POINT('Ctrl Pts',(-5.7,12.3136270937167,0.00439271276261701));
#9598=CARTESIAN_POINT('Ctrl Pts',(-5.7,12.3135777800128,0.00219826793846908));
#9599=CARTESIAN_POINT('Ctrl Pts',(-5.7,12.3135587251675,0.00134541567073726));
#9600=CARTESIAN_POINT('Ctrl Pts',(-5.7,12.3135221514727,-0.000301090194305114));
#9601=CARTESIAN_POINT('Ctrl Pts',(-5.7,12.3135046178225,-0.00109474335757429));
#9602=CARTESIAN_POINT('Ctrl Pts',(-5.7,12.3134645559978,-0.00291807700957835));
#9603=CARTESIAN_POINT('Ctrl Pts',(-5.7,12.3134420931808,-0.00394775881168025));
#9604=CARTESIAN_POINT('Ctrl Pts',(-5.7,12.3133715156844,-0.00720635819489444));
#9605=CARTESIAN_POINT('Ctrl Pts',(-5.7,12.3133239945148,-0.00943528772964838));
#9606=CARTESIAN_POINT('Ctrl Pts',(-5.7,12.3129415028574,-0.0276652629389287));
#9607=CARTESIAN_POINT('Ctrl Pts',(-5.7,12.312644673133,-0.0436668009069643));
#9608=CARTESIAN_POINT('Ctrl Pts',(-5.7,12.3095007868225,-0.238732613035704));
#9609=CARTESIAN_POINT('Ctrl Pts',(-5.69999999999867,12.3114951851466,-0.41744774294332));
#9610=CARTESIAN_POINT('Ctrl Pts',(-5.69999999999867,12.3310924696553,-0.931026559239105));
#9611=CARTESIAN_POINT('Ctrl Pts',(-5.70000000000001,12.3606292701764,-1.26277611641953));
#9612=CARTESIAN_POINT('Ctrl Pts',(-5.70000000000001,12.405940183115,-1.59845377300757));
#9613=CARTESIAN_POINT('Ctrl Pts',(-5.7,12.4064719477571,-1.60237745545135));
#9614=CARTESIAN_POINT('Ctrl Pts',(-5.7,12.407005802918,-1.60630085603542));
#9615=CARTESIAN_POINT('',(-5.7,8.91579495249692,1.60630085603538));
#9616=CARTESIAN_POINT('',(-5.7,8.91579495249692,-1.60630085603538));
#9617=CARTESIAN_POINT('Origin',(-5.7,7.53157781475622E-16,1.60630085603538));
#9618=CARTESIAN_POINT('',(-5.7,13.2701569673092,1.60630085603538));
#9619=CARTESIAN_POINT('',(-5.7,13.2007558029179,-1.60630085603538));
#9620=CARTESIAN_POINT('Ctrl Pts',(-5.70019745403366,13.2701569673092,1.60621233618354));
#9621=CARTESIAN_POINT('Ctrl Pts',(-5.70030052018395,13.2495836793142,1.49010873130635));
#9622=CARTESIAN_POINT('Ctrl Pts',(-5.70041173631982,13.230799945678,1.37395411246682));
#9623=CARTESIAN_POINT('Ctrl Pts',(-5.70047290288841,13.2138804488019,1.25769064974651));
#9624=CARTESIAN_POINT('Ctrl Pts',(-5.70050425901748,13.2052069210851,1.19808991966921));
#9625=CARTESIAN_POINT('Ctrl Pts',(-5.70052267357366,13.1970233049648,1.13845974439783));
#9626=CARTESIAN_POINT('Ctrl Pts',(-5.70052101276165,13.1893396614896,1.07878710051186));
#9627=CARTESIAN_POINT('Ctrl Pts',(-5.70051766639164,13.1738578887423,0.958552694158756));
#9628=CARTESIAN_POINT('Ctrl Pts',(-5.70043254629172,13.1604059158153,0.838149112421466));
#9629=CARTESIAN_POINT('Ctrl Pts',(-5.70031766632188,13.1490660434412,0.717449272094854));
#9630=CARTESIAN_POINT('Ctrl Pts',(-5.70020016677734,13.1374675912401,0.593997148250171));
#9631=CARTESIAN_POINT('Ctrl Pts',(-5.70005258281404,13.1280786610421,0.470234878348321));
#9632=CARTESIAN_POINT('Ctrl Pts',(-5.69992475681373,13.120987312975,0.345972581135658));
#9633=CARTESIAN_POINT('Ctrl Pts',(-5.69988314368282,13.1186787592008,0.305519596383928));
#9634=CARTESIAN_POINT('Ctrl Pts',(-5.69984351289688,13.1166137023231,0.265013217756115));
#9635=CARTESIAN_POINT('Ctrl Pts',(-5.69980717829121,13.1147951805176,0.224445784018513));
#9636=CARTESIAN_POINT('Ctrl Pts',(-5.6997460993737,13.1117382230725,0.156251430658985));
#9637=CARTESIAN_POINT('Ctrl Pts',(-5.69969164384025,13.1093835462915,0.0880471302969861));
#9638=CARTESIAN_POINT('Ctrl Pts',(-5.69964744988006,13.1077351073702,0.0198007946548881));
#9639=CARTESIAN_POINT('Ctrl Pts',(-5.69964472458447,13.1076334535851,0.0155922684883091));
#9640=CARTESIAN_POINT('Ctrl Pts',(-5.69964203788995,13.1075344877562,0.011383677289373));
#9641=CARTESIAN_POINT('Ctrl Pts',(-5.69963939045331,13.1074382104438,0.0071750134220283));
#9642=CARTESIAN_POINT('Ctrl Pts',(-5.69963854640094,13.1074075154339,0.00583321257604314));
#9643=CARTESIAN_POINT('Ctrl Pts',(-5.69963770633925,13.1073770937165,0.00449140509838279));
#9644=CARTESIAN_POINT('Ctrl Pts',(-5.69963687028904,13.1073469453087,0.0031495907332988));
#9645=CARTESIAN_POINT('Ctrl Pts',(-5.69963633881322,13.1073277800131,0.00229660144203777));
#9646=CARTESIAN_POINT('Ctrl Pts',(-5.69963580895856,13.1073087251677,0.00144360947297482));
#9647=CARTESIAN_POINT('Ctrl Pts',(-5.69963528073034,13.1072897807771,0.000590614776397824));
#9648=CARTESIAN_POINT('Ctrl Pts',(-5.69963478917079,13.1072721514727,-0.000203166528931385));
#9649=CARTESIAN_POINT('Ctrl Pts',(-5.69963429901978,13.1072546178225,-0.000996950098078974));
#9650=CARTESIAN_POINT('Ctrl Pts',(-5.69963381028152,13.1072371798295,-0.00179073600290918));
#9651=CARTESIAN_POINT('Ctrl Pts',(-5.69963317619869,13.1072145559978,-0.00282058379400775));
#9652=CARTESIAN_POINT('Ctrl Pts',(-5.69963254449392,13.1071920931808,-0.00385043536817538));
#9653=CARTESIAN_POINT('Ctrl Pts',(-5.69963191517638,13.1071697913858,-0.00488029084111046));
#9654=CARTESIAN_POINT('Ctrl Pts',(-5.69963055292076,13.1071215156845,-0.00710957306241497));
#9655=CARTESIAN_POINT('Ctrl Pts',(-5.69962920185191,13.1070739945149,-0.00933887235388903));
#9656=CARTESIAN_POINT('Ctrl Pts',(-5.69962786206152,13.1070272279496,-0.0115681898384603));
#9657=CARTESIAN_POINT('Ctrl Pts',(-5.69961824405238,13.1066915028574,-0.0275718842244441));
#9658=CARTESIAN_POINT('Ctrl Pts',(-5.69960920786801,13.106394673133,-0.0435761664278033));
#9659=CARTESIAN_POINT('Ctrl Pts',(-5.69960078465506,13.106136760414,-0.0595814573154687));
#9660=CARTESIAN_POINT('Ctrl Pts',(-5.69952267900414,13.1037452215906,-0.207993194034266));
#9661=CARTESIAN_POINT('Ctrl Pts',(-5.69950038991035,13.1047050582234,-0.356170729091093));
#9662=CARTESIAN_POINT('Ctrl Pts',(-5.699538455709,13.1089899907554,-0.50444815145624));
#9663=CARTESIAN_POINT('Ctrl Pts',(-5.69954632556005,13.1098758720977,-0.535103523734151));
#9664=CARTESIAN_POINT('Ctrl Pts',(-5.69955666016592,13.110903877403,-0.565763030138685));
#9665=CARTESIAN_POINT('Ctrl Pts',(-5.69956933592139,13.1120737744443,-0.596429386665477));
#9666=CARTESIAN_POINT('Ctrl Pts',(-5.69961904160298,13.1166613140195,-0.716681955243048));
#9667=CARTESIAN_POINT('Ctrl Pts',(-5.69970927381246,13.1234133187537,-0.83653520118794));
#9668=CARTESIAN_POINT('Ctrl Pts',(-5.69981719744062,13.132259126155,-0.956164149787573));
#9669=CARTESIAN_POINT('Ctrl Pts',(-5.69992352732266,13.1409743044117,-1.07402649568819));
#9670=CARTESIAN_POINT('Ctrl Pts',(-5.70004608883168,13.1517219021021,-1.19167125343801));
#9671=CARTESIAN_POINT('Ctrl Pts',(-5.70015679659156,13.1644343412264,-1.30921620219143));
#9672=CARTESIAN_POINT('Ctrl Pts',(-5.70024647793356,13.174732342036,-1.40443616474953));
#9673=CARTESIAN_POINT('Ctrl Pts',(-5.70032804824451,13.1863197069596,-1.49958971097974));
#9674=CARTESIAN_POINT('Ctrl Pts',(-5.70038996466714,13.1991605125966,-1.59471450792985));
#9675=CARTESIAN_POINT('Ctrl Pts',(-5.70039251865827,13.1996901831159,-1.5986383116243));
#9676=CARTESIAN_POINT('Ctrl Pts',(-5.70039503115392,13.2002219477591,-1.60256181401355));
#9677=CARTESIAN_POINT('Ctrl Pts',(-5.700397500805,13.2007558029179,-1.60648501817877));
#9678=CARTESIAN_POINT('',(-5.7,8.91579495249692,1.60630085603538));
#9679=CARTESIAN_POINT('',(-5.7,8.91579495249692,-1.60630085603538));
#9680=CARTESIAN_POINT('Origin',(-5.7,7.53157781475622E-16,1.60630085603538));
#9681=CARTESIAN_POINT('',(-5.7,14.0639069673092,1.60630085603538));
#9682=CARTESIAN_POINT('',(-5.7,13.9945058029179,-1.60630085603538));
#9683=CARTESIAN_POINT('Ctrl Pts',(-5.7,14.0639069673092,1.60630085603536));
#9684=CARTESIAN_POINT('Ctrl Pts',(-5.7,13.9827261947546,1.14800034590971));
#9685=CARTESIAN_POINT('Ctrl Pts',(-5.7,13.9294094467199,0.689703367196293));
#9686=CARTESIAN_POINT('Ctrl Pts',(-5.7,13.9054882230726,0.156129919493471));
#9687=CARTESIAN_POINT('Ctrl Pts',(-5.7,13.9031335462916,0.0879350451889107));
#9688=CARTESIAN_POINT('Ctrl Pts',(-5.7,13.9013834535852,0.0154917754894007));
#9689=CARTESIAN_POINT('Ctrl Pts',(-5.7,13.9012844877563,0.011283863283656));
#9690=CARTESIAN_POINT('Ctrl Pts',(-5.7,13.9011575154337,0.00573430139882444));
#9691=CARTESIAN_POINT('Ctrl Pts',(-5.7,13.9011270937164,0.00439271274986816));
#9692=CARTESIAN_POINT('Ctrl Pts',(-5.7,13.9010777800129,0.00219826794555));
#9693=CARTESIAN_POINT('Ctrl Pts',(-5.7,13.9010587251676,0.00134541567423567));
#9694=CARTESIAN_POINT('Ctrl Pts',(-5.7,13.9010221514731,-0.000301090175807221));
#9695=CARTESIAN_POINT('Ctrl Pts',(-5.7,13.9010046178227,-0.00109474334836753));
#9696=CARTESIAN_POINT('Ctrl Pts',(-5.7,13.900964555998,-0.00291807700387417));
#9697=CARTESIAN_POINT('Ctrl Pts',(-5.7,13.9009420931809,-0.00394775880884992));
#9698=CARTESIAN_POINT('Ctrl Pts',(-5.7,13.9008715156842,-0.0072063582024189));
#9699=CARTESIAN_POINT('Ctrl Pts',(-5.7,13.9008239945147,-0.00943528773349265));
#9700=CARTESIAN_POINT('Ctrl Pts',(-5.7,13.9004415028574,-0.0276652629395686));
#9701=CARTESIAN_POINT('Ctrl Pts',(-5.7,13.9001446731329,-0.0436668009080147));
#9702=CARTESIAN_POINT('Ctrl Pts',(-5.7,13.8970007868224,-0.238732613041674));
#9703=CARTESIAN_POINT('Ctrl Pts',(-5.69999999999868,13.8989951851467,-0.417447742953772));
#9704=CARTESIAN_POINT('Ctrl Pts',(-5.69999999999868,13.9185924696561,-0.931026559248883));
#9705=CARTESIAN_POINT('Ctrl Pts',(-5.7,13.9481292701771,-1.2627761164244));
#9706=CARTESIAN_POINT('Ctrl Pts',(-5.7,13.9934401831156,-1.59845377301262));
#9707=CARTESIAN_POINT('Ctrl Pts',(-5.7,13.9939719477585,-1.60237745546147));
#9708=CARTESIAN_POINT('Ctrl Pts',(-5.7,13.9945058029179,-1.60630085603538));
#9709=CARTESIAN_POINT('',(-5.7,8.91579495249692,1.60630085603538));
#9710=CARTESIAN_POINT('',(-5.7,8.91579495249692,-1.60630085603538));
#9711=CARTESIAN_POINT('Origin',(-5.7,7.53157781475622E-16,1.60630085603538));
#9712=CARTESIAN_POINT('',(-5.7,14.8576569673092,1.60630085603538));
#9713=CARTESIAN_POINT('',(-5.7,14.7882558029179,-1.60630085603538));
#9714=CARTESIAN_POINT('Ctrl Pts',(-5.7,14.8576569673092,1.60630085603539));
#9715=CARTESIAN_POINT('Ctrl Pts',(-5.7,14.7764761947548,1.1480003459109));
#9716=CARTESIAN_POINT('Ctrl Pts',(-5.7,14.7231594467202,0.689703367198716));
#9717=CARTESIAN_POINT('Ctrl Pts',(-5.7,14.6992382230727,0.156129919496287));
#9718=CARTESIAN_POINT('Ctrl Pts',(-5.7,14.6968835462916,0.0879350451913319));
#9719=CARTESIAN_POINT('Ctrl Pts',(-5.7,14.6951334535852,0.0154917754913763));
#9720=CARTESIAN_POINT('Ctrl Pts',(-5.7,14.6950344877563,0.0112838632848455));
#9721=CARTESIAN_POINT('Ctrl Pts',(-5.7,14.6949075154342,0.00573430141960319));
#9722=CARTESIAN_POINT('Ctrl Pts',(-5.7,14.6948770937167,0.00439271276035747));
#9723=CARTESIAN_POINT('Ctrl Pts',(-5.7,14.6948277800128,0.00219826793839216));
#9724=CARTESIAN_POINT('Ctrl Pts',(-5.7,14.6948087251675,0.00134541567073723));
#9725=CARTESIAN_POINT('Ctrl Pts',(-5.7,14.6947721514726,-0.000301090201775097));
#9726=CARTESIAN_POINT('Ctrl Pts',(-5.7,14.6947546178225,-0.00109474336129099));
#9727=CARTESIAN_POINT('Ctrl Pts',(-5.7,14.6947145559981,-0.00291807699837378));
#9728=CARTESIAN_POINT('Ctrl Pts',(-5.7,14.694692093181,-0.00394775880601955));
#9729=CARTESIAN_POINT('Ctrl Pts',(-5.7,14.6946215156843,-0.0072063582005565));
#9730=CARTESIAN_POINT('Ctrl Pts',(-5.7,14.6945739945148,-0.00943528773235974));
#9731=CARTESIAN_POINT('Ctrl Pts',(-5.7,14.6941915028574,-0.0276652629402129));
#9732=CARTESIAN_POINT('Ctrl Pts',(-5.7,14.6938946731329,-0.0436668009087424));
#9733=CARTESIAN_POINT('Ctrl Pts',(-5.7,14.6907507868224,-0.238732613044641));
#9734=CARTESIAN_POINT('Ctrl Pts',(-5.69999999999868,14.6927451851468,-0.417447742958879));
#9735=CARTESIAN_POINT('Ctrl Pts',(-5.69999999999868,14.7123424696566,-0.931026559253782));
#9736=CARTESIAN_POINT('Ctrl Pts',(-5.7,14.7418792701774,-1.26277611642683));
#9737=CARTESIAN_POINT('Ctrl Pts',(-5.7,14.7871901831152,-1.59845377300964));
#9738=CARTESIAN_POINT('Ctrl Pts',(-5.7,14.7877219477577,-1.6023774554555));
#9739=CARTESIAN_POINT('Ctrl Pts',(-5.7,14.788255802918,-1.60630085603542));
#9740=CARTESIAN_POINT('',(-5.7,8.91579495249692,1.60630085603538));
#9741=CARTESIAN_POINT('',(-5.7,8.91579495249692,-1.60630085603538));
#9742=CARTESIAN_POINT('Origin',(-5.7,7.53157781475622E-16,1.60630085603538));
#9743=CARTESIAN_POINT('',(-5.7,15.6514069673092,1.60630085603538));
#9744=CARTESIAN_POINT('',(-5.7,15.5820058029179,-1.60630085603538));
#9745=CARTESIAN_POINT('Ctrl Pts',(-5.70036255716933,15.6514069673092,1.60629717192715));
#9746=CARTESIAN_POINT('Ctrl Pts',(-5.70043837854404,15.6317438361965,1.49533322998909));
#9747=CARTESIAN_POINT('Ctrl Pts',(-5.70050574314452,15.613715423043,1.38431679050414));
#9748=CARTESIAN_POINT('Ctrl Pts',(-5.70050787618499,15.5973869304889,1.27319570065502));
#9749=CARTESIAN_POINT('Ctrl Pts',(-5.70051015966901,15.5799067878389,1.15423723002129));
#9750=CARTESIAN_POINT('Ctrl Pts',(-5.70043756567888,15.5643748131484,1.03515908336072));
#9751=CARTESIAN_POINT('Ctrl Pts',(-5.70033129110996,15.5508710012294,0.915866442419679));
#9752=CARTESIAN_POINT('Ctrl Pts',(-5.70022208617553,15.5369948414861,0.793284481723805));
#9753=CARTESIAN_POINT('Ctrl Pts',(-5.70007836734024,15.5252602337584,0.670475970634097));
#9754=CARTESIAN_POINT('Ctrl Pts',(-5.69994694971485,15.5157539742143,0.547282308534808));
#9755=CARTESIAN_POINT('Ctrl Pts',(-5.69983250199051,15.5074752538472,0.439996590658051));
#9756=CARTESIAN_POINT('Ctrl Pts',(-5.69972778700293,15.5008865468617,0.332417684863338));
#9757=CARTESIAN_POINT('Ctrl Pts',(-5.6996559024008,15.4960451805185,0.224409599660238));
#9758=CARTESIAN_POINT('Ctrl Pts',(-5.69961051270002,15.4929882230732,0.156210645725275));
#9759=CARTESIAN_POINT('Ctrl Pts',(-5.699575155428,15.4906335462919,0.088002412027687));
#9760=CARTESIAN_POINT('Ctrl Pts',(-5.69955205284453,15.4889851073704,0.0197528743464013));
#9761=CARTESIAN_POINT('Ctrl Pts',(-5.69955062818449,15.4888834535853,0.015544150719687));
#9762=CARTESIAN_POINT('Ctrl Pts',(-5.69954924967208,15.4887844877564,0.0113353648436301));
#9763=CARTESIAN_POINT('Ctrl Pts',(-5.69954791762983,15.4886882104439,0.00712650909991907));
#9764=CARTESIAN_POINT('Ctrl Pts',(-5.69954749294982,15.4886575154341,0.00578464708668744));
#9765=CARTESIAN_POINT('Ctrl Pts',(-5.69954707299335,15.4886270937166,0.00444277871806894));
#9766=CARTESIAN_POINT('Ctrl Pts',(-5.69954665777038,15.4885969453088,0.00310090374717982));
#9767=CARTESIAN_POINT('Ctrl Pts',(-5.69954639381378,15.4885777800129,0.00224787592113448));
#9768=CARTESIAN_POINT('Ctrl Pts',(-5.69954613177008,15.4885587251676,0.00139484554712568));
#9769=CARTESIAN_POINT('Ctrl Pts',(-5.69954587164178,15.4885397807771,0.000541812560981723));
#9770=CARTESIAN_POINT('Ctrl Pts',(-5.69954562957114,15.4885221514728,-0.000252004378464414));
#9771=CARTESIAN_POINT('Ctrl Pts',(-5.69954538915922,15.4885046178226,-0.00104582348460352));
#9772=CARTESIAN_POINT('Ctrl Pts',(-5.69954515040802,15.4884871798295,-0.00183964482640648));
#9773=CARTESIAN_POINT('Ctrl Pts',(-5.69954484065524,15.4884645559979,-0.00286953858773753));
#9774=CARTESIAN_POINT('Ctrl Pts',(-5.69954453369785,15.4884420931809,-0.00389943597009753));
#9775=CARTESIAN_POINT('Ctrl Pts',(-5.69954422954012,15.4884197913858,-0.00492933708264872));
#9776=CARTESIAN_POINT('Ctrl Pts',(-5.69954357114344,15.4883715156843,-0.00715871809957276));
#9777=CARTESIAN_POINT('Ctrl Pts',(-5.69954292586569,15.4883239945148,-0.00938811538638071));
#9778=CARTESIAN_POINT('Ctrl Pts',(-5.69954229374884,15.4882772279496,-0.0116175300740931));
#9779=CARTESIAN_POINT('Ctrl Pts',(-5.69953775594528,15.4879415028577,-0.0276219222720583));
#9780=CARTESIAN_POINT('Ctrl Pts',(-5.69953389686558,15.4876446731335,-0.0436268614493305));
#9781=CARTESIAN_POINT('Ctrl Pts',(-5.69953072925455,15.4873867604147,-0.0596327676642908));
#9782=CARTESIAN_POINT('Ctrl Pts',(-5.69950130871317,15.484991285794,-0.208294463367218));
#9783=CARTESIAN_POINT('Ctrl Pts',(-5.69953452082035,15.4859582265389,-0.356717592073438));
#9784=CARTESIAN_POINT('Ctrl Pts',(-5.69962031520111,15.4902611731328,-0.50523725784564));
#9785=CARTESIAN_POINT('Ctrl Pts',(-5.69963788251533,15.4911422473269,-0.53564824296284));
#9786=CARTESIAN_POINT('Ctrl Pts',(-5.69965754268836,15.4921631900006,-0.566063141716541));
#9787=CARTESIAN_POINT('Ctrl Pts',(-5.69967905264402,15.4933237744288,-0.596484600221508));
#9788=CARTESIAN_POINT('Ctrl Pts',(-5.69976414119988,15.4979147858904,-0.716825060846696));
#9789=CARTESIAN_POINT('Ctrl Pts',(-5.6998825090116,15.5046735399244,-0.836762770257808));
#9790=CARTESIAN_POINT('Ctrl Pts',(-5.70000425551248,15.5135292134834,-0.956472892724276));
#9791=CARTESIAN_POINT('Ctrl Pts',(-5.70012407780813,15.5222449229931,-1.07429099496577));
#9792=CARTESIAN_POINT('Ctrl Pts',(-5.7002462279481,15.532991792148,-1.19188877143565));
#9793=CARTESIAN_POINT('Ctrl Pts',(-5.70033661828422,15.5457023031838,-1.30938366036956));
#9794=CARTESIAN_POINT('Ctrl Pts',(-5.70040982022134,15.5559958154052,-1.40453601669847));
#9795=CARTESIAN_POINT('Ctrl Pts',(-5.70046187154804,15.5675771721373,-1.49961997556639));
#9796=CARTESIAN_POINT('Ctrl Pts',(-5.70047840113408,15.5804105125966,-1.59467304075575));
#9797=CARTESIAN_POINT('Ctrl Pts',(-5.70047908335975,15.5809401831169,-1.59859616635568));
#9798=CARTESIAN_POINT('Ctrl Pts',(-5.70047969718604,15.581471947761,-1.60251898698977));
#9799=CARTESIAN_POINT('Ctrl Pts',(-5.70048024108573,15.5820058029179,-1.60644150571359));
#9800=CARTESIAN_POINT('',(-5.7,8.91579495249692,1.60630085603538));
#9801=CARTESIAN_POINT('',(-5.7,8.91579495249692,-1.60630085603538));
#9802=CARTESIAN_POINT('Origin',(-5.7,7.53157781475622E-16,1.60630085603538));
#9803=CARTESIAN_POINT('',(-5.7,16.4451569673092,1.60630085603538));
#9804=CARTESIAN_POINT('',(-5.7,16.3757558029179,-1.60630085603538));
#9805=CARTESIAN_POINT('Ctrl Pts',(-5.7,16.4451569673092,1.60630085603536));
#9806=CARTESIAN_POINT('Ctrl Pts',(-5.7,16.3639761947565,1.14800034592013));
#9807=CARTESIAN_POINT('Ctrl Pts',(-5.7,16.3106594467223,0.689703367216876));
#9808=CARTESIAN_POINT('Ctrl Pts',(-5.7,16.2867382230736,0.156129919519618));
#9809=CARTESIAN_POINT('Ctrl Pts',(-5.7,16.2843835462922,0.0879350452106341));
#9810=CARTESIAN_POINT('Ctrl Pts',(-5.7,16.2826334535854,0.0154917754997043));
#9811=CARTESIAN_POINT('Ctrl Pts',(-5.7,16.2825344877564,0.0112838632905273));
#9812=CARTESIAN_POINT('Ctrl Pts',(-5.7,16.2824075154342,0.00573430142067574));
#9813=CARTESIAN_POINT('Ctrl Pts',(-5.7,16.2823770937167,0.00439271276164164));
#9814=CARTESIAN_POINT('Ctrl Pts',(-5.7,16.2823277800127,0.00219826793587668));
#9815=CARTESIAN_POINT('Ctrl Pts',(-5.7,16.2823087251675,0.0013454156700249));
#9816=CARTESIAN_POINT('Ctrl Pts',(-5.7,16.2822721514729,-0.000301090188079384));
#9817=CARTESIAN_POINT('Ctrl Pts',(-5.7,16.2822546178226,-0.00109474335385746));
#9818=CARTESIAN_POINT('Ctrl Pts',(-5.7,16.2822145559982,-0.00291807699097313));
#9819=CARTESIAN_POINT('Ctrl Pts',(-5.7,16.2821920931811,-0.00394775880175375));
#9820=CARTESIAN_POINT('Ctrl Pts',(-5.7,16.2821215156843,-0.0072063582006258));
#9821=CARTESIAN_POINT('Ctrl Pts',(-5.7,16.2820739945148,-0.00943528773071488));
#9822=CARTESIAN_POINT('Ctrl Pts',(-5.7,16.2816915028579,-0.0276652629161109));
#9823=CARTESIAN_POINT('Ctrl Pts',(-5.7,16.2813946731337,-0.0436668008653634));
#9824=CARTESIAN_POINT('Ctrl Pts',(-5.7,16.2782507868253,-0.238732612792435));
#9825=CARTESIAN_POINT('Ctrl Pts',(-5.69999999999868,16.2802451851413,-0.417447742518333));
#9826=CARTESIAN_POINT('Ctrl Pts',(-5.69999999999868,16.2998424696195,-0.931026558836385));
#9827=CARTESIAN_POINT('Ctrl Pts',(-5.70000000000004,16.3293792701492,-1.26277611621757));
#9828=CARTESIAN_POINT('Ctrl Pts',(-5.70000000000004,16.3746901831166,-1.59845377301973));
#9829=CARTESIAN_POINT('Ctrl Pts',(-5.7,16.3752219477605,-1.60237745547582));
#9830=CARTESIAN_POINT('Ctrl Pts',(-5.7,16.3757558029179,-1.60630085603521));
#9831=CARTESIAN_POINT('',(-5.7,8.91579495249692,1.60630085603538));
#9832=CARTESIAN_POINT('',(-5.7,8.91579495249692,-1.60630085603538));
#9833=CARTESIAN_POINT('Origin',(-5.7,7.53157781475622E-16,1.60630085603538));
#9834=CARTESIAN_POINT('',(-5.7,17.2389069673092,1.60630085603538));
#9835=CARTESIAN_POINT('',(-5.7,17.1695058029179,-1.60630085603538));
#9836=CARTESIAN_POINT('Ctrl Pts',(-5.7,17.2389069673092,1.60630085603539));
#9837=CARTESIAN_POINT('Ctrl Pts',(-5.7,17.1577261947544,1.14800034590845));
#9838=CARTESIAN_POINT('Ctrl Pts',(-5.7,17.1044094467196,0.689703367193843));
#9839=CARTESIAN_POINT('Ctrl Pts',(-5.7,17.0804882230725,0.156129919490016));
#9840=CARTESIAN_POINT('Ctrl Pts',(-5.7,17.0781335462915,0.0879350451861275));
#9841=CARTESIAN_POINT('Ctrl Pts',(-5.7,17.0763834535851,0.0154917754869659));
#9842=CARTESIAN_POINT('Ctrl Pts',(-5.7,17.0762844877562,0.0112838632822334));
#9843=CARTESIAN_POINT('Ctrl Pts',(-5.7,17.0761575154343,0.00573430142162977));
#9844=CARTESIAN_POINT('Ctrl Pts',(-5.7,17.0761270937167,0.00439271276116606));
#9845=CARTESIAN_POINT('Ctrl Pts',(-5.7,17.0760777800123,0.00219826791844161));
#9846=CARTESIAN_POINT('Ctrl Pts',(-5.7,17.0760587251673,0.00134541566059822));
#9847=CARTESIAN_POINT('Ctrl Pts',(-5.7,17.0760221514733,-0.00030109016824628));
#9848=CARTESIAN_POINT('Ctrl Pts',(-5.7,17.0760046178228,-0.00109474334465076));
#9849=CARTESIAN_POINT('Ctrl Pts',(-5.7,17.0759645559975,-0.00291807702384338));
#9850=CARTESIAN_POINT('Ctrl Pts',(-5.7,17.0759420931807,-0.00394775881881662));
#9851=CARTESIAN_POINT('Ctrl Pts',(-5.7,17.0758715156845,-0.00720635819035325));
#9852=CARTESIAN_POINT('Ctrl Pts',(-5.7,17.0758239945149,-0.00943528772750369));
#9853=CARTESIAN_POINT('Ctrl Pts',(-5.7,17.0754415028574,-0.0276652629409572));
#9854=CARTESIAN_POINT('Ctrl Pts',(-5.7,17.0751446731329,-0.0436668009101698));
#9855=CARTESIAN_POINT('Ctrl Pts',(-5.7,17.0720007868223,-0.238732613053489));
#9856=CARTESIAN_POINT('Ctrl Pts',(-5.69999999999867,17.073995185147,-0.417447742974421));
#9857=CARTESIAN_POINT('Ctrl Pts',(-5.69999999999867,17.0935924696579,-0.931026559268584));
#9858=CARTESIAN_POINT('Ctrl Pts',(-5.7,17.1231292701784,-1.26277611643432));
#9859=CARTESIAN_POINT('Ctrl Pts',(-5.7,17.168440183115,-1.5984537730076));
#9860=CARTESIAN_POINT('Ctrl Pts',(-5.7,17.1689719477571,-1.60237745545141));
#9861=CARTESIAN_POINT('Ctrl Pts',(-5.7,17.169505802918,-1.60630085603543));
#9862=CARTESIAN_POINT('',(-5.7,8.91579495249692,1.60630085603538));
#9863=CARTESIAN_POINT('',(-5.7,8.91579495249692,-1.60630085603538));
#9864=CARTESIAN_POINT('Origin',(5.7,7.53157781475622E-16,-1.60630085603538));
#9865=CARTESIAN_POINT('',(5.7,8.90453196730923,-1.60630085603538));
#9866=CARTESIAN_POINT('',(5.7,8.83513080291794,1.60630085603538));
#9867=CARTESIAN_POINT('Ctrl Pts',(5.69961876197676,8.90453196730923,-1.60630397671126));
#9868=CARTESIAN_POINT('Ctrl Pts',(5.69955536960323,8.88378894073747,-1.48916373187769));
#9869=CARTESIAN_POINT('Ctrl Pts',(5.69953654672565,8.86486511954309,-1.37197131153941));
#9870=CARTESIAN_POINT('Ctrl Pts',(5.69954645691925,8.84783704990691,-1.25468117125435));
#9871=CARTESIAN_POINT('Ctrl Pts',(5.69955651454612,8.83055565484556,-1.13564611358931));
#9872=CARTESIAN_POINT('Ctrl Pts',(5.69959710285496,8.81522683684804,-1.0165103992394));
#9873=CARTESIAN_POINT('Ctrl Pts',(5.69966215334532,8.8019306094884,-0.897172605112027));
#9874=CARTESIAN_POINT('Ctrl Pts',(5.69972843862542,8.78838199287003,-0.775569538544445));
#9875=CARTESIAN_POINT('Ctrl Pts',(5.69982111818377,8.77694386462051,-0.653756496105066));
#9876=CARTESIAN_POINT('Ctrl Pts',(5.69992974752532,8.76770088180976,-0.531571811522819));
#9877=CARTESIAN_POINT('Ctrl Pts',(5.70002057018418,8.75997302244338,-0.429415821566938));
#9878=CARTESIAN_POINT('Ctrl Pts',(5.70012271903609,8.75377962963885,-0.326998917675457));
#9879=CARTESIAN_POINT('Ctrl Pts',(5.70022062164892,8.74917018051788,-0.224200294160483));
#9880=CARTESIAN_POINT('Ctrl Pts',(5.70028555004131,8.7461132230727,-0.15602489851966));
#9881=CARTESIAN_POINT('Ctrl Pts',(5.70034524774317,8.74375854629161,-0.0878434686232473));
#9882=CARTESIAN_POINT('Ctrl Pts',(5.70039143785956,8.74211010737023,-0.019623066925827));
#9883=CARTESIAN_POINT('Ctrl Pts',(5.70039428625151,8.74200845358524,-0.0154161400230157));
#9884=CARTESIAN_POINT('Ctrl Pts',(5.70039708268499,8.7419094877563,-0.011209159694409));
#9885=CARTESIAN_POINT('Ctrl Pts',(5.70039982501827,8.74181321044386,-0.00700211810852053));
#9886=CARTESIAN_POINT('Ctrl Pts',(5.70040069932547,8.7417825154339,-0.00566083447606831));
#9887=CARTESIAN_POINT('Ctrl Pts',(5.70040156813296,8.74175209371653,-0.00431954537295666));
#9888=CARTESIAN_POINT('Ctrl Pts',(5.70040243137087,8.74172194530874,-0.00297825053553079));
#9889=CARTESIAN_POINT('Ctrl Pts',(5.70040298012986,8.74170278001286,-0.0021255914958632));
#9890=CARTESIAN_POINT('Ctrl Pts',(5.70040352663803,8.74168372516754,-0.00127293026090803));
#9891=CARTESIAN_POINT('Ctrl Pts',(5.70040407087737,8.74166478077707,-0.000420266762690245));
#9892=CARTESIAN_POINT('Ctrl Pts',(5.70040457733656,8.74164715147314,0.000373206322744788));
#9893=CARTESIAN_POINT('Ctrl Pts',(5.70040508183094,8.74162961782274,0.00116668129680835));
#9894=CARTESIAN_POINT('Ctrl Pts',(5.70040558434598,8.74161217982946,0.00196015820589164));
#9895=CARTESIAN_POINT('Ctrl Pts',(5.70040623630261,8.74158955599787,0.00298960509686688));
#9896=CARTESIAN_POINT('Ctrl Pts',(5.70040688492749,8.74156709318086,0.00401905509880155));
#9897=CARTESIAN_POINT('Ctrl Pts',(5.70040753018878,8.74154479138578,0.00504850832813636));
#9898=CARTESIAN_POINT('Ctrl Pts',(5.70040892695714,8.74149651568428,0.00727691983648615));
#9899=CARTESIAN_POINT('Ctrl Pts',(5.70041030796401,8.74144899451477,0.00950534525803765));
#9900=CARTESIAN_POINT('Ctrl Pts',(5.70041167288535,8.74140222794959,0.0117337857572178));
#9901=CARTESIAN_POINT('Ctrl Pts',(5.70042147130313,8.74106650285745,0.0277311845181034));
#9902=CARTESIAN_POINT('Ctrl Pts',(5.70043044094669,8.740769673133,0.0437290106794625));
#9903=CARTESIAN_POINT('Ctrl Pts',(5.70043845927173,8.74051176041409,0.0597276961987434));
#9904=CARTESIAN_POINT('Ctrl Pts',(5.70046524371066,8.73965022793289,0.11316975710118));
#9905=CARTESIAN_POINT('Ctrl Pts',(5.70048143461606,8.7392236176007,0.166579437026708));
#9906=CARTESIAN_POINT('Ctrl Pts',(5.70048215605908,8.73923070084528,0.219973299893535));
#9907=CARTESIAN_POINT('Ctrl Pts',(5.70048385131602,8.73924734515277,0.345438947887322));
#9908=CARTESIAN_POINT('Ctrl Pts',(5.7004014279644,8.74165868317593,0.470818883686373));
#9909=CARTESIAN_POINT('Ctrl Pts',(5.70029343232886,8.74644877444277,0.596319191531583));
#9910=CARTESIAN_POINT('Ctrl Pts',(5.70019101132307,8.7509916058533,0.715341295443691));
#9911=CARTESIAN_POINT('Ctrl Pts',(5.70006979977495,8.75765692012427,0.833975312390908));
#9912=CARTESIAN_POINT('Ctrl Pts',(5.69995795422227,8.76637610063316,0.952399675463481));
#9913=CARTESIAN_POINT('Ctrl Pts',(5.69984691993896,8.77503203674935,1.06996504990583));
#9914=CARTESIAN_POINT('Ctrl Pts',(5.69974420103788,8.78571215181221,1.18732399687299));
#9915=CARTESIAN_POINT('Ctrl Pts',(5.69966628049727,8.79834931152273,1.30460135869148));
#9916=CARTESIAN_POINT('Ctrl Pts',(5.69960207669241,8.80876188989667,1.40123381008074));
#9917=CARTESIAN_POINT('Ctrl Pts',(5.6995542690052,8.82050314201122,1.49780998473191));
#9918=CARTESIAN_POINT('Ctrl Pts',(5.6995330541474,8.83353551259662,1.59437307378727));
#9919=CARTESIAN_POINT('Ctrl Pts',(5.69953219191864,8.8340651831153,1.59829765689589));
#9920=CARTESIAN_POINT('Ctrl Pts',(5.69953136547304,8.83459694775781,1.60222196579746));
#9921=CARTESIAN_POINT('Ctrl Pts',(5.69953057484421,8.83513080291794,1.60614600380618));
#9922=CARTESIAN_POINT('',(5.7,8.91579495249692,-1.60630085603538));
#9923=CARTESIAN_POINT('',(5.7,8.91579495249692,1.60630085603538));
#9924=CARTESIAN_POINT('Origin',(5.7,7.53157781475622E-16,-1.60630085603538));
#9925=CARTESIAN_POINT('',(5.7,9.69828196730923,-1.60630085603538));
#9926=CARTESIAN_POINT('',(5.7,9.62888080291795,1.60630085603538));
#9927=CARTESIAN_POINT('Ctrl Pts',(5.69991221650966,9.69828196730922,-1.60612290408643));
#9928=CARTESIAN_POINT('Ctrl Pts',(5.70001644049786,9.67775351538684,-1.49025592944133));
#9929=CARTESIAN_POINT('Ctrl Pts',(5.7001493367196,9.65900682624838,-1.37434362433148));
#9930=CARTESIAN_POINT('Ctrl Pts',(5.70026274011352,9.64211609508458,-1.2583325940198));
#9931=CARTESIAN_POINT('Ctrl Pts',(5.70037818687612,9.62492101684868,-1.14023120911875));
#9932=CARTESIAN_POINT('Ctrl Pts',(5.70047432668351,9.60964938263256,-1.02202752863762));
#9933=CARTESIAN_POINT('Ctrl Pts',(5.70050672152148,9.59637947100472,-0.903611833078404));
#9934=CARTESIAN_POINT('Ctrl Pts',(5.70051693728718,9.59219478243927,-0.866269247756569));
#9935=CARTESIAN_POINT('Ctrl Pts',(5.70052080573752,9.58820915850944,-0.828905186116078));
#9936=CARTESIAN_POINT('Ctrl Pts',(5.7005168399891,9.58442505408358,-0.791515143412927));
#9937=CARTESIAN_POINT('Ctrl Pts',(5.70050377154755,9.57195518906482,-0.668302691249027));
#9938=CARTESIAN_POINT('Ctrl Pts',(5.70040620864509,9.56167366186089,-0.54481209557612));
#9939=CARTESIAN_POINT('Ctrl Pts',(5.70028757587964,9.55366831890431,-0.420863270409441));
#9940=CARTESIAN_POINT('Ctrl Pts',(5.70022504907414,9.54944900799035,-0.355534572609236));
#9941=CARTESIAN_POINT('Ctrl Pts',(5.70015654008625,9.54586200785776,-0.290077682840515));
#9942=CARTESIAN_POINT('Ctrl Pts',(5.70008968031082,9.54292018051791,-0.22446068285931));
#9943=CARTESIAN_POINT('Ctrl Pts',(5.70002020393961,9.53986322307272,-0.156275723835211));
#9944=CARTESIAN_POINT('Ctrl Pts',(5.69994975028569,9.53750854629162,-0.0880802396717363));
#9945=CARTESIAN_POINT('Ctrl Pts',(5.69988407858507,9.53586010737024,-0.0198419621858486));
#9946=CARTESIAN_POINT('Ctrl Pts',(5.69988002882814,9.53575845358522,-0.0156339329412373));
#9947=CARTESIAN_POINT('Ctrl Pts',(5.69987599686862,9.53565948775629,-0.0114258357650618));
#9948=CARTESIAN_POINT('Ctrl Pts',(5.699871983865,9.53556321044386,-0.00721766298366461));
#9949=CARTESIAN_POINT('Ctrl Pts',(5.6998707044443,9.53553251543389,-0.00587601870448544));
#9950=CARTESIAN_POINT('Ctrl Pts',(5.69986942695094,9.53550209371652,-0.00453436749691287));
#9951=CARTESIAN_POINT('Ctrl Pts',(5.69986815142195,9.53547194530874,-0.00319270910197214));
#9952=CARTESIAN_POINT('Ctrl Pts',(5.69986734057017,9.53545278001296,-0.00233981895427686));
#9953=CARTESIAN_POINT('Ctrl Pts',(5.69986653051231,9.53543372516759,-0.00148692601662081));
#9954=CARTESIAN_POINT('Ctrl Pts',(5.69986572125786,9.53541478077706,-0.000634030229866825));
#9955=CARTESIAN_POINT('Ctrl Pts',(5.69986496818045,9.53539715147313,0.000159659016732918));
#9956=CARTESIAN_POINT('Ctrl Pts',(5.69986421579884,9.53537961782274,0.000953350659224183));
#9957=CARTESIAN_POINT('Ctrl Pts',(5.69986346412064,9.53536217982946,0.00174704474295834));
#9958=CARTESIAN_POINT('Ctrl Pts',(5.69986248890286,9.53533955599771,0.00277677340073961));
#9959=CARTESIAN_POINT('Ctrl Pts',(5.69986151486923,9.53531709318078,0.00380650601083629));
#9960=CARTESIAN_POINT('Ctrl Pts',(5.69986054203625,9.53529479138578,0.0048362426980483));
#9961=CARTESIAN_POINT('Ctrl Pts',(5.69985843618806,9.53524651568433,0.00706526780027356));
#9962=CARTESIAN_POINT('Ctrl Pts',(5.69985633596709,9.53519899451479,0.00929431080067961));
#9963=CARTESIAN_POINT('Ctrl Pts',(5.69985424153966,9.53515222794958,0.0115233728362621));
#9964=CARTESIAN_POINT('Ctrl Pts',(5.69983920618608,9.53481650285751,0.0275252334346428));
#9965=CARTESIAN_POINT('Ctrl Pts',(5.69982447011486,9.53451967313312,0.0435277252852846));
#9966=CARTESIAN_POINT('Ctrl Pts',(5.69981009211123,9.53426176041425,0.0595312715645374));
#9967=CARTESIAN_POINT('Ctrl Pts',(5.69967714685595,9.53187698759494,0.207506998958429));
#9968=CARTESIAN_POINT('Ctrl Pts',(5.69957808160555,9.53282465401834,0.355253777807339));
#9969=CARTESIAN_POINT('Ctrl Pts',(5.69953916813068,9.53707870254293,0.503104685798799));
#9970=CARTESIAN_POINT('Ctrl Pts',(5.69953098979878,9.53797276355651,0.534178081387556));
#9971=CARTESIAN_POINT('Ctrl Pts',(5.69952534790002,9.53901286815241,0.565255938394598));
#9972=CARTESIAN_POINT('Ctrl Pts',(5.69952231054687,9.54019877443895,0.596341102621646));
#9973=CARTESIAN_POINT('Ctrl Pts',(5.6995105776034,9.54477979309444,0.716419492329933));
#9974=CARTESIAN_POINT('Ctrl Pts',(5.69954256075826,9.5515191279621,0.836103701738593));
#9975=CARTESIAN_POINT('Ctrl Pts',(5.6996061983876,9.5603464174497,0.955568835560167));
#9976=CARTESIAN_POINT('Ctrl Pts',(5.69966899529251,9.56905708854629,1.07345570102342));
#9977=CARTESIAN_POINT('Ctrl Pts',(5.69976168014428,9.57980091023836,1.19112938881457));
#9978=CARTESIAN_POINT('Ctrl Pts',(5.69986540450222,9.59251027292106,1.30870848600855));
#9979=CARTESIAN_POINT('Ctrl Pts',(5.69994954914546,9.60282052993231,1.40409255376125));
#9980=CARTESIAN_POINT('Ctrl Pts',(5.70004060747234,9.61442430811611,1.49941345304221));
#9981=CARTESIAN_POINT('Ctrl Pts',(5.70013138967187,9.62728551259663,1.59470936714782));
#9982=CARTESIAN_POINT('Ctrl Pts',(5.70013512840838,9.62781518311578,1.59863399460977));
#9983=CARTESIAN_POINT('Ctrl Pts',(5.70013885847853,9.62834694775879,1.60255832723706));
#9984=CARTESIAN_POINT('Ctrl Pts',(5.70014257881075,9.62888080291795,1.60648236813219));
#9985=CARTESIAN_POINT('',(5.7,8.91579495249692,-1.60630085603538));
#9986=CARTESIAN_POINT('',(5.7,8.91579495249692,1.60630085603538));
#9987=CARTESIAN_POINT('Origin',(5.7,7.53157781475622E-16,-1.60630085603538));
#9988=CARTESIAN_POINT('',(5.7,10.4920319673092,-1.60630085603538));
#9989=CARTESIAN_POINT('',(5.7,10.4226308029179,1.60630085603538));
#9990=CARTESIAN_POINT('Ctrl Pts',(5.7,10.4920319673092,-1.60630085603534));
#9991=CARTESIAN_POINT('Ctrl Pts',(5.7,10.4108511947543,-1.14800034590797));
#9992=CARTESIAN_POINT('Ctrl Pts',(5.7,10.3575344467195,-0.689703367192802));
#9993=CARTESIAN_POINT('Ctrl Pts',(5.7,10.3336132230725,-0.156129919488962));
#9994=CARTESIAN_POINT('Ctrl Pts',(5.7,10.3312585462915,-0.0879350451851802));
#9995=CARTESIAN_POINT('Ctrl Pts',(5.7,10.3295084535851,-0.0154917754876311));
#9996=CARTESIAN_POINT('Ctrl Pts',(5.7,10.3294094877562,-0.0112838632824806));
#9997=CARTESIAN_POINT('Ctrl Pts',(5.7,10.3292825154339,-0.00573430140673055));
#9998=CARTESIAN_POINT('Ctrl Pts',(5.7,10.3292520937165,-0.00439271275366211));
#9999=CARTESIAN_POINT('Ctrl Pts',(5.7,10.3292027800128,-0.002198267939166));
#10000=CARTESIAN_POINT('Ctrl Pts',(5.7,10.3291837251675,-0.00134541567091529));
#10001=CARTESIAN_POINT('Ctrl Pts',(5.7,10.3291471514731,0.000301090179246762));
#10002=CARTESIAN_POINT('Ctrl Pts',(5.7,10.3291296178227,0.00109474335022586));
#10003=CARTESIAN_POINT('Ctrl Pts',(5.7,10.3290895559977,0.00291807701540453));
#10004=CARTESIAN_POINT('Ctrl Pts',(5.7,10.3290670931808,0.00394775881459146));
#10005=CARTESIAN_POINT('Ctrl Pts',(5.7,10.3289965156844,0.00720635819338673));
#10006=CARTESIAN_POINT('Ctrl Pts',(5.7,10.3289489945148,0.00943528772893335));
#10007=CARTESIAN_POINT('Ctrl Pts',(5.7,10.3285665028574,0.0276652629389464));
#10008=CARTESIAN_POINT('Ctrl Pts',(5.7,10.328269673133,0.0436668009061005));
#10009=CARTESIAN_POINT('Ctrl Pts',(5.7,10.3251257868226,0.238732613028351));
#10010=CARTESIAN_POINT('Ctrl Pts',(5.69999999999868,10.3271201851464,0.417447742930395));
#10011=CARTESIAN_POINT('Ctrl Pts',(5.69999999999868,10.3467174696542,0.931026559226795));
#10012=CARTESIAN_POINT('Ctrl Pts',(5.7,10.3762542701756,1.26277611641331));
#10013=CARTESIAN_POINT('Ctrl Pts',(5.7,10.4215651831159,1.59845377301473));
#10014=CARTESIAN_POINT('Ctrl Pts',(5.7,10.4220969477591,1.60237745546569));
#10015=CARTESIAN_POINT('Ctrl Pts',(5.7,10.4226308029179,1.60630085603539));
#10016=CARTESIAN_POINT('',(5.7,8.91579495249692,-1.60630085603538));
#10017=CARTESIAN_POINT('',(5.7,8.91579495249692,1.60630085603538));
#10018=CARTESIAN_POINT('Origin',(5.7,7.53157781475622E-16,-1.60630085603538));
#10019=CARTESIAN_POINT('',(5.7,11.2857819673092,-1.60630085603538));
#10020=CARTESIAN_POINT('',(5.7,11.2163808029179,1.60630085603538));
#10021=CARTESIAN_POINT('Ctrl Pts',(5.69953668951481,11.2857819673092,-1.6062293093717));
#10022=CARTESIAN_POINT('Ctrl Pts',(5.69950871243838,11.2650412512338,-1.48910671326842));
#10023=CARTESIAN_POINT('Ctrl Pts',(5.6995298618842,11.246119335288,-1.37193521629026));
#10024=CARTESIAN_POINT('Ctrl Pts',(5.69957830521854,11.2290927400767,-1.25466801885014));
#10025=CARTESIAN_POINT('Ctrl Pts',(5.69962743724427,11.211824087422,-1.13573370020027));
#10026=CARTESIAN_POINT('Ctrl Pts',(5.69970557722956,11.1965050279583,-1.01670092632786));
#10027=CARTESIAN_POINT('Ctrl Pts',(5.69979966299009,11.1832153924566,-0.897467033421161));
#10028=CARTESIAN_POINT('Ctrl Pts',(5.69989542155497,11.1696894729539,-0.776113213201327));
#10029=CARTESIAN_POINT('Ctrl Pts',(5.70000868488753,11.1582657835103,-0.654550897925059));
#10030=CARTESIAN_POINT('Ctrl Pts',(5.70012094730352,11.1490284891224,-0.532617713188827));
#10031=CARTESIAN_POINT('Ctrl Pts',(5.70021530466173,11.1412644775625,-0.43013200513625));
#10032=CARTESIAN_POINT('Ctrl Pts',(5.70030913042991,11.1350450495842,-0.327383183437721));
#10033=CARTESIAN_POINT('Ctrl Pts',(5.7003814610614,11.1304201805179,-0.22424814470557));
#10034=CARTESIAN_POINT('Ctrl Pts',(5.7004292703419,11.1273632230727,-0.156077690580328));
#10035=CARTESIAN_POINT('Ctrl Pts',(5.70046435141917,11.1250085462916,-0.087900335188346));
#10036=CARTESIAN_POINT('Ctrl Pts',(5.70047694975818,11.1233601073703,-0.0196828161692159));
#10037=CARTESIAN_POINT('Ctrl Pts',(5.70047772665615,11.1232584535853,-0.0154760670329281));
#10038=CARTESIAN_POINT('Ctrl Pts',(5.70047841750395,11.1231594877563,-0.0112692599309896));
#10039=CARTESIAN_POINT('Ctrl Pts',(5.70047901981495,11.1230632104439,-0.00706238695798693));
#10040=CARTESIAN_POINT('Ctrl Pts',(5.70047921184297,11.123032515434,-0.0057211570855545));
#10041=CARTESIAN_POINT('Ctrl Pts',(5.70047939487135,11.1230020937166,-0.00437992126925035));
#10042=CARTESIAN_POINT('Ctrl Pts',(5.70047956881902,11.1229719453087,-0.00303867924713555));
#10043=CARTESIAN_POINT('Ctrl Pts',(5.70047967939728,11.1229527800132,-0.00218605379654317));
#10044=CARTESIAN_POINT('Ctrl Pts',(5.7004797863059,11.1229337251677,-0.00133342593982716));
#10045=CARTESIAN_POINT('Ctrl Pts',(5.70047988952399,11.1229147807771,-0.000480795628644827));
#10046=CARTESIAN_POINT('Ctrl Pts',(5.70047998557687,11.1228971514729,0.000312646578315177));
#10047=CARTESIAN_POINT('Ctrl Pts',(5.70048007843381,11.1228796178226,0.00110609082276849));
#10048=CARTESIAN_POINT('Ctrl Pts',(5.70048016807797,11.1228621798295,0.00189953716830892));
#10049=CARTESIAN_POINT('Ctrl Pts',(5.70048028438116,11.1228395559978,0.00292894441819769));
#10050=CARTESIAN_POINT('Ctrl Pts',(5.70048039527653,11.1228170931808,0.00395835505189064));
#10051=CARTESIAN_POINT('Ctrl Pts',(5.70048050072722,11.1227947913858,0.00498776919360313));
#10052=CARTESIAN_POINT('Ctrl Pts',(5.70048072899162,11.1227465156843,0.00721609609499524));
#10053=CARTESIAN_POINT('Ctrl Pts',(5.70048093174367,11.1226989945148,0.00944443822531878));
#10054=CARTESIAN_POINT('Ctrl Pts',(5.70048110860816,11.1226522279496,0.0116727967595902));
#10055=CARTESIAN_POINT('Ctrl Pts',(5.70048168356534,11.1225001975848,0.0189168216207006));
#10056=CARTESIAN_POINT('Ctrl Pts',(5.70048198495455,11.1223561433267,0.0261609481466643));
#10057=CARTESIAN_POINT('Ctrl Pts',(5.7004819997662,11.1222200671845,0.0334052168358642));
#10058=CARTESIAN_POINT('Ctrl Pts',(5.70048201766277,11.1220556495706,0.0421582969383956));
#10059=CARTESIAN_POINT('Ctrl Pts',(5.70048161718678,11.1219028794657,0.0509115845904236));
#10060=CARTESIAN_POINT('Ctrl Pts',(5.70048082117627,11.1217617604142,0.0596651515062306));
#10061=CARTESIAN_POINT('Ctrl Pts',(5.70046751826929,11.1194033824762,0.205954535363276));
#10062=CARTESIAN_POINT('Ctrl Pts',(5.70034688423491,11.1203040845355,0.352009907411003));
#10063=CARTESIAN_POINT('Ctrl Pts',(5.70020739869343,11.1244386651181,0.498164716696569));
#10064=CARTESIAN_POINT('Ctrl Pts',(5.70017619420997,11.1253636172676,0.530861190333476));
#10065=CARTESIAN_POINT('Ctrl Pts',(5.70014390433709,11.1264504144268,0.563562491100411));
#10066=CARTESIAN_POINT('Ctrl Pts',(5.70011129333689,11.1276987744395,0.596272062731641));
#10067=CARTESIAN_POINT('Ctrl Pts',(5.69999238636265,11.1322505732485,0.71553845037105));
#10068=CARTESIAN_POINT('Ctrl Pts',(5.69987468664628,11.1389332426106,0.834418149051393));
#10069=CARTESIAN_POINT('Ctrl Pts',(5.69977876257832,11.14767775876,0.953088602068885));
#10070=CARTESIAN_POINT('Ctrl Pts',(5.69968364676551,11.1563485937116,1.07075913914352));
#10071=CARTESIAN_POINT('Ctrl Pts',(5.69960902178606,11.167046675639,1.18822412931041));
#10072=CARTESIAN_POINT('Ctrl Pts',(5.69956460088753,11.1797047108962,1.30560682846462));
#10073=CARTESIAN_POINT('Ctrl Pts',(5.69952815187655,11.1900911029165,1.40192372955028));
#10074=CARTESIAN_POINT('Ctrl Pts',(5.69951161749753,11.2017970956724,1.49818432923591));
#10075=CARTESIAN_POINT('Ctrl Pts',(5.69952170741712,11.2147855125966,1.59443046725607));
#10076=CARTESIAN_POINT('Ctrl Pts',(5.69952211888627,11.2153151831159,1.59835540608439));
#10077=CARTESIAN_POINT('Ctrl Pts',(5.6995225664518,11.215846947759,1.60228006828337));
#10078=CARTESIAN_POINT('Ctrl Pts',(5.69952304992965,11.2163808029179,1.60620445709853));
#10079=CARTESIAN_POINT('',(5.7,8.91579495249692,-1.60630085603538));
#10080=CARTESIAN_POINT('',(5.7,8.91579495249692,1.60630085603538));
#10081=CARTESIAN_POINT('Origin',(5.7,7.53157781475622E-16,-1.60630085603538));
#10082=CARTESIAN_POINT('',(5.7,12.0795319673092,-1.60630085603538));
#10083=CARTESIAN_POINT('',(5.7,12.0101308029179,1.60630085603538));
#10084=CARTESIAN_POINT('Ctrl Pts',(5.70010337865348,12.0795319673092,-1.60617618508973));
#10085=CARTESIAN_POINT('Ctrl Pts',(5.70021141171655,12.0588964323544,-1.48971696599812));
#10086=CARTESIAN_POINT('Ctrl Pts',(5.7003353206507,12.0400612971652,-1.37320875501817));
#10087=CARTESIAN_POINT('Ctrl Pts',(5.70041969148877,12.0231019240774,-1.25659454548088));
#10088=CARTESIAN_POINT('Ctrl Pts',(5.7004857328415,12.0098269588674,-1.16531466345991));
#10089=CARTESIAN_POINT('Ctrl Pts',(5.70052805656523,11.9977012712823,-1.07396876127575));
#10090=CARTESIAN_POINT('Ctrl Pts',(5.700522767088,11.9867610044009,-0.982507419641132));
#10091=CARTESIAN_POINT('Ctrl Pts',(5.7005154984087,11.9717271384928,-0.856823324288028));
#10092=CARTESIAN_POINT('Ctrl Pts',(5.70041831558792,11.9589317773317,-0.730923386367635));
#10093=CARTESIAN_POINT('Ctrl Pts',(5.70029426217364,11.9484687102427,-0.604645419124719));
#10094=CARTESIAN_POINT('Ctrl Pts',(5.70017020875936,11.9380056431538,-0.478367451881803));
#10095=CARTESIAN_POINT('Ctrl Pts',(5.70002041272957,11.929874870137,-0.351710907910396));
#10096=CARTESIAN_POINT('Ctrl Pts',(5.69989686147083,11.9241701805177,-0.224456551639824));
#10097=CARTESIAN_POINT('Ctrl Pts',(5.69983065437361,11.9211132230726,-0.156265085007597));
#10098=CARTESIAN_POINT('Ctrl Pts',(5.69976886796362,11.9187585462915,-0.0880634115942639));
#10099=CARTESIAN_POINT('Ctrl Pts',(5.69971584766717,11.9171101073702,-0.0198193943547348));
#10100=CARTESIAN_POINT('Ctrl Pts',(5.69971257808056,11.9170084535851,-0.0156110111572879));
#10101=CARTESIAN_POINT('Ctrl Pts',(5.69970934142195,11.9169094877562,-0.0114025617489994));
#10102=CARTESIAN_POINT('Ctrl Pts',(5.69970613851529,11.9168132104438,-0.00719403848414363));
#10103=CARTESIAN_POINT('Ctrl Pts',(5.69970511736868,11.9167825154341,-0.00585228247121355));
#10104=CARTESIAN_POINT('Ctrl Pts',(5.6997040996532,11.9167520937166,-0.00451051969661331));
#10105=CARTESIAN_POINT('Ctrl Pts',(5.69970308539505,11.9167219453087,-0.00316874991342092));
#10106=CARTESIAN_POINT('Ctrl Pts',(5.69970244063272,11.9167027800127,-0.00231578894741891));
#10107=CARTESIAN_POINT('Ctrl Pts',(5.69970179726764,11.9166837251675,-0.00146282528065033));
#10108=CARTESIAN_POINT('Ctrl Pts',(5.69970115530649,11.9166647807771,-0.000609858837303965));
#10109=CARTESIAN_POINT('Ctrl Pts',(5.69970055790917,11.9166471514735,0.000183896147533133));
#10110=CARTESIAN_POINT('Ctrl Pts',(5.69969996172765,11.9166296178229,0.000977653493606953));
#10111=CARTESIAN_POINT('Ctrl Pts',(5.69969936676731,11.9166121798295,0.00177141321793109));
#10112=CARTESIAN_POINT('Ctrl Pts',(5.69969859487331,11.9165895559975,0.00280122703339836));
#10113=CARTESIAN_POINT('Ctrl Pts',(5.69969782503495,11.9165670931807,0.00383104468204044));
#10114=CARTESIAN_POINT('Ctrl Pts',(5.69969705726384,11.9165447913858,0.0048608663012311));
#10115=CARTESIAN_POINT('Ctrl Pts',(5.69969539530394,11.9164965156843,0.00709007526123177));
#10116=CARTESIAN_POINT('Ctrl Pts',(5.69969374303161,11.9164489945148,0.00931930162068683));
#10117=CARTESIAN_POINT('Ctrl Pts',(5.69969210056343,11.9164022279496,0.0115485465115027));
#10118=CARTESIAN_POINT('Ctrl Pts',(5.69968030970855,11.9160665028575,0.0275517197800508));
#10119=CARTESIAN_POINT('Ctrl Pts',(5.69966902474775,11.9157696731331,0.0435554983092069));
#10120=CARTESIAN_POINT('Ctrl Pts',(5.69965828603371,11.9155117604142,0.0595603035889756));
#10121=CARTESIAN_POINT('Ctrl Pts',(5.69955879850461,11.9131223589417,0.207834903881395));
#10122=CARTESIAN_POINT('Ctrl Pts',(5.69950936472034,11.9140783452617,0.355877275816502));
#10123=CARTESIAN_POINT('Ctrl Pts',(5.6995217890366,11.9183535102135,0.504021104228467));
#10124=CARTESIAN_POINT('Ctrl Pts',(5.69952437109287,11.9192419869899,0.5348087703404));
#10125=CARTESIAN_POINT('Ctrl Pts',(5.69952950809448,11.9202738201493,0.565600682229681));
#10126=CARTESIAN_POINT('Ctrl Pts',(5.69953713850447,11.9214487744398,0.596399595670907));
#10127=CARTESIAN_POINT('Ctrl Pts',(5.69956691803527,11.9260343193258,0.716599846149493));
#10128=CARTESIAN_POINT('Ctrl Pts',(5.69963930891697,11.932782447537,0.836402520422277));
#10129=CARTESIAN_POINT('Ctrl Pts',(5.69973504428094,11.9416225887148,0.955982631396025));
#10130=CARTESIAN_POINT('Ctrl Pts',(5.69982941545334,11.9503367613311,1.07385877246018));
#10131=CARTESIAN_POINT('Ctrl Pts',(5.69994553125013,11.9610837509636,1.19151878620488));
#10132=CARTESIAN_POINT('Ctrl Pts',(5.70005835458633,11.9737959612699,1.30908068049732));
#10133=CARTESIAN_POINT('Ctrl Pts',(5.70014978101266,11.9840973049283,1.40434699886945));
#10134=CARTESIAN_POINT('Ctrl Pts',(5.70023870693494,11.9956891454032,1.49954796564008));
#10135=CARTESIAN_POINT('Ctrl Pts',(5.70031502430017,12.0085355125966,1.59472138291589));
#10136=CARTESIAN_POINT('Ctrl Pts',(5.70031817095306,12.0090651831159,1.59864549255655));
#10137=CARTESIAN_POINT('Ctrl Pts',(5.70032128805605,12.0095969477591,1.60256930295003));
#10138=CARTESIAN_POINT('Ctrl Pts',(5.70032437435114,12.0101308029179,1.60649281718215));
#10139=CARTESIAN_POINT('',(5.7,8.91579495249692,-1.60630085603538));
#10140=CARTESIAN_POINT('',(5.7,8.91579495249692,1.60630085603538));
#10141=CARTESIAN_POINT('Origin',(5.7,7.53157781475622E-16,-1.60630085603538));
#10142=CARTESIAN_POINT('',(5.7,12.8732819673092,-1.60630085603538));
#10143=CARTESIAN_POINT('',(5.7,12.8038808029179,1.60630085603538));
#10144=CARTESIAN_POINT('Ctrl Pts',(5.7,12.8732819673092,-1.60630085603534));
#10145=CARTESIAN_POINT('Ctrl Pts',(5.7,12.7921011947545,-1.1480003459091));
#10146=CARTESIAN_POINT('Ctrl Pts',(5.7,12.7387844467198,-0.689703367195018));
#10147=CARTESIAN_POINT('Ctrl Pts',(5.7,12.7148632230726,-0.156129919491701));
#10148=CARTESIAN_POINT('Ctrl Pts',(5.7,12.7125085462915,-0.0879350451874697));
#10149=CARTESIAN_POINT('Ctrl Pts',(5.7,12.7107584535851,-0.0154917754844917));
#10150=CARTESIAN_POINT('Ctrl Pts',(5.7,12.7106594877562,-0.0112838632810916));
#10151=CARTESIAN_POINT('Ctrl Pts',(5.7,12.7105325154342,-0.00573430141889731));
#10152=CARTESIAN_POINT('Ctrl Pts',(5.7,12.7105020937167,-0.00439271275983414));
#10153=CARTESIAN_POINT('Ctrl Pts',(5.7,12.7104527800129,-0.00219826794568947));
#10154=CARTESIAN_POINT('Ctrl Pts',(5.7,12.7104337251676,-0.00134541567423558));
#10155=CARTESIAN_POINT('Ctrl Pts',(5.7,12.7103971514727,0.000301090194081709));
#10156=CARTESIAN_POINT('Ctrl Pts',(5.7,12.7103796178225,0.00109474335757432));
#10157=CARTESIAN_POINT('Ctrl Pts',(5.7,12.710339555998,0.00291807700430111));
#10158=CARTESIAN_POINT('Ctrl Pts',(5.7,12.7103170931809,0.0039477588089307));
#10159=CARTESIAN_POINT('Ctrl Pts',(5.7,12.7102465156842,0.00720635820368291));
#10160=CARTESIAN_POINT('Ctrl Pts',(5.7,12.7101989945147,0.00943528773378941));
#10161=CARTESIAN_POINT('Ctrl Pts',(5.7,12.7098165028575,0.0276652629350498));
#10162=CARTESIAN_POINT('Ctrl Pts',(5.7,12.7095196731331,0.0436668008999319));
#10163=CARTESIAN_POINT('Ctrl Pts',(5.7,12.706375786823,0.238732612994235));
#10164=CARTESIAN_POINT('Ctrl Pts',(5.69999999999868,12.7083701851457,0.417447742870768));
#10165=CARTESIAN_POINT('Ctrl Pts',(5.69999999999868,12.7279674696491,0.931026559170288));
#10166=CARTESIAN_POINT('Ctrl Pts',(5.7,12.7575042701718,1.26277611638494));
#10167=CARTESIAN_POINT('Ctrl Pts',(5.7,12.8028151831166,1.59845377301972));
#10168=CARTESIAN_POINT('Ctrl Pts',(5.7,12.8033469477604,1.60237745547567));
#10169=CARTESIAN_POINT('Ctrl Pts',(5.7,12.8038808029179,1.60630085603535));
#10170=CARTESIAN_POINT('',(5.7,8.91579495249692,-1.60630085603538));
#10171=CARTESIAN_POINT('',(5.7,8.91579495249692,1.60630085603538));
#10172=CARTESIAN_POINT('Origin',(5.7,7.53157781475622E-16,-1.60630085603538));
#10173=CARTESIAN_POINT('',(5.7,13.6670319673092,-1.60630085603538));
#10174=CARTESIAN_POINT('',(5.7,13.5976308029179,1.60630085603538));
#10175=CARTESIAN_POINT('Ctrl Pts',(5.7,13.6670319673092,-1.60630085603538));
#10176=CARTESIAN_POINT('Ctrl Pts',(5.7,13.5858511947542,-1.14800034590744));
#10177=CARTESIAN_POINT('Ctrl Pts',(5.7,13.5325344467194,-0.689703367191829));
#10178=CARTESIAN_POINT('Ctrl Pts',(5.7,13.5086132230724,-0.156129919487525));
#10179=CARTESIAN_POINT('Ctrl Pts',(5.7,13.5062585462914,-0.0879350451840442));
#10180=CARTESIAN_POINT('Ctrl Pts',(5.7,13.5045084535852,-0.0154917754882935));
#10181=CARTESIAN_POINT('Ctrl Pts',(5.7,13.5044094877563,-0.0112838632827279));
#10182=CARTESIAN_POINT('Ctrl Pts',(5.7,13.5042825154342,-0.00573430141809537));
#10183=CARTESIAN_POINT('Ctrl Pts',(5.7,13.5042520937167,-0.00439271275931099));
#10184=CARTESIAN_POINT('Ctrl Pts',(5.7,13.5042027800125,-0.00219826792557426));
#10185=CARTESIAN_POINT('Ctrl Pts',(5.7,13.5041837251674,-0.00134541566409667));
#10186=CARTESIAN_POINT('Ctrl Pts',(5.7,13.504147151473,0.000301090182897357));
#10187=CARTESIAN_POINT('Ctrl Pts',(5.7,13.5041296178227,0.00109474335208426));
#10188=CARTESIAN_POINT('Ctrl Pts',(5.7,13.5040895559979,0.00291807700676566));
#10189=CARTESIAN_POINT('Ctrl Pts',(5.7,13.5040670931809,0.00394775881032566));
#10190=CARTESIAN_POINT('Ctrl Pts',(5.7,13.5039965156844,0.00720635819681432));
#10191=CARTESIAN_POINT('Ctrl Pts',(5.7,13.5039489945148,0.00943528773078139));
#10192=CARTESIAN_POINT('Ctrl Pts',(5.7,13.5035665028573,0.0276652629440664));
#10193=CARTESIAN_POINT('Ctrl Pts',(5.7,13.5032696731328,0.0436668009154779));
#10194=CARTESIAN_POINT('Ctrl Pts',(5.7,13.5001257868219,0.238732613083289));
#10195=CARTESIAN_POINT('Ctrl Pts',(5.69999999999868,13.5021201851476,0.417447743026373));
#10196=CARTESIAN_POINT('Ctrl Pts',(5.69999999999868,13.5217174696622,0.931026559317597));
#10197=CARTESIAN_POINT('Ctrl Pts',(5.7,13.5512542701817,1.2627761164588));
#10198=CARTESIAN_POINT('Ctrl Pts',(5.7,13.5965651831166,1.59845377301976));
#10199=CARTESIAN_POINT('Ctrl Pts',(5.7,13.5970969477605,1.60237745547574));
#10200=CARTESIAN_POINT('Ctrl Pts',(5.7,13.5976308029179,1.60630085603536));
#10201=CARTESIAN_POINT('',(5.7,8.91579495249692,-1.60630085603538));
#10202=CARTESIAN_POINT('',(5.7,8.91579495249692,1.60630085603538));
#10203=CARTESIAN_POINT('Origin',(5.7,7.53157781475622E-16,-1.60630085603538));
#10204=CARTESIAN_POINT('',(5.7,14.4607819673092,-1.60630085603538));
#10205=CARTESIAN_POINT('',(5.7,14.3913808029179,1.60630085603538));
#10206=CARTESIAN_POINT('Ctrl Pts',(5.7,14.4607819673092,-1.60630085603537));
#10207=CARTESIAN_POINT('Ctrl Pts',(5.7,14.3796011947549,-1.14800034591137));
#10208=CARTESIAN_POINT('Ctrl Pts',(5.7,14.3262844467203,-0.689703367199598));
#10209=CARTESIAN_POINT('Ctrl Pts',(5.7,14.3023632230728,-0.156129919497315));
#10210=CARTESIAN_POINT('Ctrl Pts',(5.7,14.3000085462917,-0.0879350451922213));
#10211=CARTESIAN_POINT('Ctrl Pts',(5.7,14.2982584535854,-0.0154917754964684));
#10212=CARTESIAN_POINT('Ctrl Pts',(5.7,14.2981594877564,-0.0112838632874624));
#10213=CARTESIAN_POINT('Ctrl Pts',(5.7,14.298032515434,-0.00573430141050278));
#10214=CARTESIAN_POINT('Ctrl Pts',(5.7,14.2980020937166,-0.00439271275583828));
#10215=CARTESIAN_POINT('Ctrl Pts',(5.7,14.2979527800126,-0.00219826793137409));
#10216=CARTESIAN_POINT('Ctrl Pts',(5.7,14.2979337251674,-0.0013454156672388));
#10217=CARTESIAN_POINT('Ctrl Pts',(5.7,14.2978971514729,0.000301090187009565));
#10218=CARTESIAN_POINT('Ctrl Pts',(5.7,14.2978796178226,0.00109474335385751));
#10219=CARTESIAN_POINT('Ctrl Pts',(5.7,14.2978395559982,0.00291807699285519));
#10220=CARTESIAN_POINT('Ctrl Pts',(5.7,14.297817093181,0.00394775880318916));
#10221=CARTESIAN_POINT('Ctrl Pts',(5.7,14.2977465156842,0.00720635820422046));
#10222=CARTESIAN_POINT('Ctrl Pts',(5.7,14.2976989945147,0.00943528773393806));
#10223=CARTESIAN_POINT('Ctrl Pts',(5.7,14.2973165028575,0.0276652629349126));
#10224=CARTESIAN_POINT('Ctrl Pts',(5.7,14.2970196731331,0.0436668009006344));
#10225=CARTESIAN_POINT('Ctrl Pts',(5.7,14.2938757868229,0.238732613000302));
#10226=CARTESIAN_POINT('Ctrl Pts',(5.69999999999868,14.2958701851458,0.417447742881332));
#10227=CARTESIAN_POINT('Ctrl Pts',(5.69999999999868,14.31546746965,0.931026559180086));
#10228=CARTESIAN_POINT('Ctrl Pts',(5.7,14.3450042701724,1.26277611638981));
#10229=CARTESIAN_POINT('Ctrl Pts',(5.7,14.3903151831159,1.5984537730147));
#10230=CARTESIAN_POINT('Ctrl Pts',(5.7,14.3908469477591,1.60237745546561));
#10231=CARTESIAN_POINT('Ctrl Pts',(5.7,14.391380802918,1.6063008560354));
#10232=CARTESIAN_POINT('',(5.7,8.91579495249692,-1.60630085603538));
#10233=CARTESIAN_POINT('',(5.7,8.91579495249692,1.60630085603538));
#10234=CARTESIAN_POINT('Origin',(5.7,7.53157781475622E-16,-1.60630085603538));
#10235=CARTESIAN_POINT('',(5.7,15.2545319673092,-1.60630085603538));
#10236=CARTESIAN_POINT('',(5.7,15.1851308029179,1.60630085603538));
#10237=CARTESIAN_POINT('Ctrl Pts',(5.7,15.2545319673092,-1.60630085603538));
#10238=CARTESIAN_POINT('Ctrl Pts',(5.7,15.1733511947539,-1.1480003459055));
#10239=CARTESIAN_POINT('Ctrl Pts',(5.7,15.120034446719,-0.689703367187952));
#10240=CARTESIAN_POINT('Ctrl Pts',(5.7,15.0961132230722,-0.156129919482526));
#10241=CARTESIAN_POINT('Ctrl Pts',(5.7,15.0937585462913,-0.0879350451799019));
#10242=CARTESIAN_POINT('Ctrl Pts',(5.7,15.092008453585,-0.015491775482473));
#10243=CARTESIAN_POINT('Ctrl Pts',(5.7,15.0919094877562,-0.0112838632794926));
#10244=CARTESIAN_POINT('Ctrl Pts',(5.7,15.091782515434,-0.00573430141100057));
#10245=CARTESIAN_POINT('Ctrl Pts',(5.7,15.0917520937166,-0.00439271275560038));
#10246=CARTESIAN_POINT('Ctrl Pts',(5.7,15.091702780013,-0.0021982679467707));
#10247=CARTESIAN_POINT('Ctrl Pts',(5.7,15.0916837251676,-0.00134541567459184));
#10248=CARTESIAN_POINT('Ctrl Pts',(5.7,15.0916471514734,0.000301090164277852));
#10249=CARTESIAN_POINT('Ctrl Pts',(5.7,15.0916296178229,0.0010947433428775));
#10250=CARTESIAN_POINT('Ctrl Pts',(5.7,15.0915895559975,0.0029180770263734));
#10251=CARTESIAN_POINT('Ctrl Pts',(5.7,15.0915670931807,0.00394775882025197));
#10252=CARTESIAN_POINT('Ctrl Pts',(5.7,15.0914965156844,0.00720635819708075));
#10253=CARTESIAN_POINT('Ctrl Pts',(5.7,15.0914489945148,0.00943528773119956));
#10254=CARTESIAN_POINT('Ctrl Pts',(5.7,15.0910665028573,0.0276652629441541));
#10255=CARTESIAN_POINT('Ctrl Pts',(5.7,15.0907696731328,0.0436668009163132));
#10256=CARTESIAN_POINT('Ctrl Pts',(5.7,15.0876257868219,0.238732613089289));
#10257=CARTESIAN_POINT('Ctrl Pts',(5.69999999999868,15.0896201851478,0.417447743036763));
#10258=CARTESIAN_POINT('Ctrl Pts',(5.69999999999868,15.1092174696631,0.931026559327459));
#10259=CARTESIAN_POINT('Ctrl Pts',(5.7,15.1387542701824,1.26277611646381));
#10260=CARTESIAN_POINT('Ctrl Pts',(5.7,15.1840651831166,1.59845377301969));
#10261=CARTESIAN_POINT('Ctrl Pts',(5.7,15.1845969477604,1.6023774554756));
#10262=CARTESIAN_POINT('Ctrl Pts',(5.7,15.1851308029179,1.60630085603536));
#10263=CARTESIAN_POINT('',(5.7,8.91579495249692,-1.60630085603538));
#10264=CARTESIAN_POINT('',(5.7,8.91579495249692,1.60630085603538));
#10265=CARTESIAN_POINT('Origin',(5.7,7.53157781475622E-16,-1.60630085603538));
#10266=CARTESIAN_POINT('',(5.7,17.6357819673092,-1.60630085603538));
#10267=CARTESIAN_POINT('',(5.7,17.5663808029179,1.60630085603538));
#10268=CARTESIAN_POINT('Ctrl Pts',(5.7,17.6357819673092,-1.60630085603541));
#10269=CARTESIAN_POINT('Ctrl Pts',(5.7,17.5546011947563,-1.14800034591942));
#10270=CARTESIAN_POINT('Ctrl Pts',(5.7,17.5012844467222,-0.689703367215722));
#10271=CARTESIAN_POINT('Ctrl Pts',(5.7,17.4773632230736,-0.156129919518707));
#10272=CARTESIAN_POINT('Ctrl Pts',(5.7,17.4750085462922,-0.0879350452097609));
#10273=CARTESIAN_POINT('Ctrl Pts',(5.7,17.4732584535854,-0.0154917754996316));
#10274=CARTESIAN_POINT('Ctrl Pts',(5.7,17.4731594877564,-0.0112838632903988));
#10275=CARTESIAN_POINT('Ctrl Pts',(5.7,17.4730325154339,-0.0057343014060931));
#10276=CARTESIAN_POINT('Ctrl Pts',(5.7,17.4730020937165,-0.00439271275433959));
#10277=CARTESIAN_POINT('Ctrl Pts',(5.7,17.4729527800131,-0.00219826795303537));
#10278=CARTESIAN_POINT('Ctrl Pts',(5.7,17.4729337251677,-0.00134541567859276));
#10279=CARTESIAN_POINT('Ctrl Pts',(5.7,17.4728971514729,0.000301090188056977));
#10280=CARTESIAN_POINT('Ctrl Pts',(5.7,17.4728796178226,0.00109474335385743));
#10281=CARTESIAN_POINT('Ctrl Pts',(5.7,17.4728395559982,0.00291807699095064));
#10282=CARTESIAN_POINT('Ctrl Pts',(5.7,17.4728170931811,0.00394775880175369));
#10283=CARTESIAN_POINT('Ctrl Pts',(5.7,17.4727465156842,0.00720635820464978));
#10284=CARTESIAN_POINT('Ctrl Pts',(5.7,17.4726989945148,0.00943528773298086));
#10285=CARTESIAN_POINT('Ctrl Pts',(5.7,17.4723165028578,0.0276652629212884));
#10286=CARTESIAN_POINT('Ctrl Pts',(5.7,17.4720196731336,0.0436668008737957));
#10287=CARTESIAN_POINT('Ctrl Pts',(5.7,17.4688757868248,0.238732612839712));
#10288=CARTESIAN_POINT('Ctrl Pts',(5.69999999999867,17.4708701851423,0.417447742600968));
#10289=CARTESIAN_POINT('Ctrl Pts',(5.69999999999867,17.4904674696265,0.931026558915045));
#10290=CARTESIAN_POINT('Ctrl Pts',(5.70000000000003,17.5200042701545,1.26277611625712));
#10291=CARTESIAN_POINT('Ctrl Pts',(5.70000000000003,17.565315183115,1.59845377300754));
#10292=CARTESIAN_POINT('Ctrl Pts',(5.7,17.5658469477571,1.60237745545138));
#10293=CARTESIAN_POINT('Ctrl Pts',(5.7,17.5663808029179,1.60630085603532));
#10294=CARTESIAN_POINT('',(5.7,17.7554941970821,-1.60630085603538));
#10295=CARTESIAN_POINT('',(5.7,8.91579495249692,-1.60630085603538));
#10296=CARTESIAN_POINT('',(5.7,17.8315899049938,-0.845134759351022));
#10297=CARTESIAN_POINT('Ctrl Pts',(5.7,17.8315899049938,-0.845134759351046));
#10298=CARTESIAN_POINT('Ctrl Pts',(5.70000291065606,17.8242633203348,-0.961419258219339));
#10299=CARTESIAN_POINT('Ctrl Pts',(5.6998710817469,17.8149415719946,-1.07738427837981));
#10300=CARTESIAN_POINT('Ctrl Pts',(5.69966581395721,17.8036897897599,-1.1931894526707));
#10301=CARTESIAN_POINT('Ctrl Pts',(5.69946116909543,17.7924721534044,-1.30864319201391));
#10302=CARTESIAN_POINT('Ctrl Pts',(5.69918265990662,17.7793361795605,-1.4239381659517));
#10303=CARTESIAN_POINT('Ctrl Pts',(5.69888498989032,17.7643464068625,-1.53918132529589));
#10304=CARTESIAN_POINT('Ctrl Pts',(5.69883787401443,17.7619737921169,-1.5574222702857));
#10305=CARTESIAN_POINT('Ctrl Pts',(5.69879028135704,17.7595547336548,-1.57566181101385));
#10306=CARTESIAN_POINT('Ctrl Pts',(5.69874243724886,17.7570894874034,-1.5939002515532));
#10307=CARTESIAN_POINT('Ctrl Pts',(5.6987321577023,17.7565598168834,-1.59781887196625));
#10308=CARTESIAN_POINT('Ctrl Pts',(5.69872185933978,17.7560280522395,-1.60173719286255));
#10309=CARTESIAN_POINT('Ctrl Pts',(5.69871154364819,17.7554941970821,-1.60565521831651));
#10310=CARTESIAN_POINT('',(5.7,17.8315899049938,-0.803150428017689));
#10311=CARTESIAN_POINT('',(5.7,8.91579495249692,1.60630085603538));
#10312=CARTESIAN_POINT('Origin',(5.7,7.53157781475622E-16,-1.60630085603538));
#10313=CARTESIAN_POINT('',(5.7,16.0482819673092,-1.60630085603538));
#10314=CARTESIAN_POINT('',(5.7,15.9788808029179,1.60630085603538));
#10315=CARTESIAN_POINT('Ctrl Pts',(5.7,16.0482819673092,-1.60630085603541));
#10316=CARTESIAN_POINT('Ctrl Pts',(5.7,15.9671011947544,-1.14800034590867));
#10317=CARTESIAN_POINT('Ctrl Pts',(5.7,15.9137844467197,-0.689703367194372));
#10318=CARTESIAN_POINT('Ctrl Pts',(5.7,15.8898632230725,-0.156129919490891));
#10319=CARTESIAN_POINT('Ctrl Pts',(5.7,15.8875085462915,-0.087935045186819));
#10320=CARTESIAN_POINT('Ctrl Pts',(5.7,15.8857584535852,-0.0154917754891943));
#10321=CARTESIAN_POINT('Ctrl Pts',(5.7,15.8856594877563,-0.011283863283399));
#10322=CARTESIAN_POINT('Ctrl Pts',(5.7,15.8855325154341,-0.00573430141256866));
#10323=CARTESIAN_POINT('Ctrl Pts',(5.7,15.8855020937166,-0.00439271275664698));
#10324=CARTESIAN_POINT('Ctrl Pts',(5.7,15.8854527800127,-0.00219826793555565));
#10325=CARTESIAN_POINT('Ctrl Pts',(5.7,15.8854337251675,-0.00134541566916607));
#10326=CARTESIAN_POINT('Ctrl Pts',(5.7,15.885397151473,0.000301090183055125));
#10327=CARTESIAN_POINT('Ctrl Pts',(5.7,15.8853796178227,0.00109474335208427));
#10328=CARTESIAN_POINT('Ctrl Pts',(5.7,15.885339555998,0.00291807700425499));
#10329=CARTESIAN_POINT('Ctrl Pts',(5.7,15.8853170931809,0.00394775880893069));
#10330=CARTESIAN_POINT('Ctrl Pts',(5.7,15.8852465156843,0.00720635819960341));
#10331=CARTESIAN_POINT('Ctrl Pts',(5.7,15.8851989945148,0.00943528773179314));
#10332=CARTESIAN_POINT('Ctrl Pts',(5.7,15.8848165028575,0.0276652629374184));
#10333=CARTESIAN_POINT('Ctrl Pts',(5.7,15.8845196731331,0.043666800902516));
#10334=CARTESIAN_POINT('Ctrl Pts',(5.7,15.8813757868228,0.238732613005979));
#10335=CARTESIAN_POINT('Ctrl Pts',(5.69999999999868,15.8833701851459,0.417447742891397));
#10336=CARTESIAN_POINT('Ctrl Pts',(5.69999999999868,15.9029674696509,0.931026559189966));
#10337=CARTESIAN_POINT('Ctrl Pts',(5.70000000000001,15.9325042701731,1.26277611639486));
#10338=CARTESIAN_POINT('Ctrl Pts',(5.70000000000001,15.9778151831152,1.59845377300964));
#10339=CARTESIAN_POINT('Ctrl Pts',(5.7,15.9783469477577,1.60237745545552));
#10340=CARTESIAN_POINT('Ctrl Pts',(5.7,15.9788808029179,1.6063008560354));
#10341=CARTESIAN_POINT('',(5.7,8.91579495249692,-1.60630085603538));
#10342=CARTESIAN_POINT('',(5.7,8.91579495249692,1.60630085603538));
#10343=CARTESIAN_POINT('Origin',(5.7,7.53157781475622E-16,-1.60630085603538));
#10344=CARTESIAN_POINT('',(5.7,16.8420319673092,-1.60630085603538));
#10345=CARTESIAN_POINT('',(5.7,16.7726308029179,1.60630085603538));
#10346=CARTESIAN_POINT('Ctrl Pts',(5.7,16.8420319673092,-1.60630085603537));
#10347=CARTESIAN_POINT('Ctrl Pts',(5.7,16.7608511947559,-1.14800034591693));
#10348=CARTESIAN_POINT('Ctrl Pts',(5.7,16.7075344467216,-0.689703367210606));
#10349=CARTESIAN_POINT('Ctrl Pts',(5.7,16.6836132230733,-0.156129919511807));
#10350=CARTESIAN_POINT('Ctrl Pts',(5.7,16.681258546292,-0.0879350452041038));
#10351=CARTESIAN_POINT('Ctrl Pts',(5.7,16.6795084535854,-0.015491775497331));
#10352=CARTESIAN_POINT('Ctrl Pts',(5.7,16.6794094877564,-0.0112838632888237));
#10353=CARTESIAN_POINT('Ctrl Pts',(5.7,16.679282515434,-0.00573430141009121));
#10354=CARTESIAN_POINT('Ctrl Pts',(5.7,16.6792520937166,-0.00439271275607596));
#10355=CARTESIAN_POINT('Ctrl Pts',(5.7,16.679202780013,-0.00219826794711388));
#10356=CARTESIAN_POINT('Ctrl Pts',(5.7,16.6791837251676,-0.00134541567545058));
#10357=CARTESIAN_POINT('Ctrl Pts',(5.7,16.6791471514729,0.000301090187693854));
#10358=CARTESIAN_POINT('Ctrl Pts',(5.7,16.6791296178226,0.00109474335385748));
#10359=CARTESIAN_POINT('Ctrl Pts',(5.7,16.6790895559979,0.0029180770047803));
#10360=CARTESIAN_POINT('Ctrl Pts',(5.7,16.6790670931809,0.00394775880884977));
#10361=CARTESIAN_POINT('Ctrl Pts',(5.7,16.6789965156843,0.0072063581987543));
#10362=CARTESIAN_POINT('Ctrl Pts',(5.7,16.6789489945148,0.00943528773053902));
#10363=CARTESIAN_POINT('Ctrl Pts',(5.7,16.6785665028577,0.0276652629282135));
#10364=CARTESIAN_POINT('Ctrl Pts',(5.7,16.6782696731333,0.0436668008876469));
#10365=CARTESIAN_POINT('Ctrl Pts',(5.7,16.6751257868238,0.238732612923062));
#10366=CARTESIAN_POINT('Ctrl Pts',(5.69999999999868,16.6771201851441,0.417447742746499));
#10367=CARTESIAN_POINT('Ctrl Pts',(5.69999999999868,16.6967174696387,0.931026559052391));
#10368=CARTESIAN_POINT('Ctrl Pts',(5.70000000000002,16.7262542701638,1.26277611632583));
#10369=CARTESIAN_POINT('Ctrl Pts',(5.70000000000002,16.771565183115,1.5984537730076));
#10370=CARTESIAN_POINT('Ctrl Pts',(5.7,16.7720969477571,1.60237745545147));
#10371=CARTESIAN_POINT('Ctrl Pts',(5.7,16.7726308029179,1.60630085603536));
#10372=CARTESIAN_POINT('',(5.7,8.91579495249692,-1.60630085603538));
#10373=CARTESIAN_POINT('',(5.7,8.91579495249692,1.60630085603538));
#10374=CARTESIAN_POINT('Origin',(-6.15,7.53157781475622E-16,0.));
#10375=CARTESIAN_POINT('Ctrl Pts',(-1.09583281549659,8.03896839629399,-5.35899683267128));
#10376=CARTESIAN_POINT('Ctrl Pts',(-1.9834643981955,8.05989280122711,-5.17748976208251));
#10377=CARTESIAN_POINT('Ctrl Pts',(-3.6659269060243,8.10174161109335,-4.3651473715742));
#10378=CARTESIAN_POINT('Ctrl Pts',(-5.30347704461491,8.16451482589271,-2.08918128813364));
#10379=CARTESIAN_POINT('Ctrl Pts',(-5.65800701730762,8.22728804069206,0.691424720438797));
#10380=CARTESIAN_POINT('Ctrl Pts',(-4.64414868520852,8.29006125549143,3.30512479466994));
#10381=CARTESIAN_POINT('Ctrl Pts',(-2.50693311944098,8.35283447029077,5.11923827019809));
#10382=CARTESIAN_POINT('Ctrl Pts',(0.23660729118824,8.41560768509014,5.69523436218441));
#10383=CARTESIAN_POINT('Ctrl Pts',(2.92293596970982,8.4783808998895,4.89366598709816));
#10384=CARTESIAN_POINT('Ctrl Pts',(4.90227803920933,8.54115411468884,2.90847670150558));
#10385=CARTESIAN_POINT('Ctrl Pts',(5.69589824551456,8.60392732948822,0.219795380727335));
#10386=CARTESIAN_POINT('Ctrl Pts',(5.1118349241375,8.66670054428757,-2.52204254345363));
#10387=CARTESIAN_POINT('Ctrl Pts',(3.29136039164005,8.72947375908693,-4.65387068626365));
#10388=CARTESIAN_POINT('Ctrl Pts',(0.674795640113167,8.79224697388629,-5.66005388068924));
#10389=CARTESIAN_POINT('Ctrl Pts',(-2.1049833258155,8.85502018868564,-5.29722638114683));
#10390=CARTESIAN_POINT('Ctrl Pts',(-4.37562483299653,8.91779340348501,-3.65314500362348));
#10391=CARTESIAN_POINT('Ctrl Pts',(-5.58792286910669,8.98056661828435,-1.12546845461604));
#10392=CARTESIAN_POINT('Ctrl Pts',(-5.44865597772021,9.04333983308373,1.67442808698969));
#10393=CARTESIAN_POINT('Ctrl Pts',(-3.99150893061662,9.10611304788307,4.06932643928182));
#10394=CARTESIAN_POINT('Ctrl Pts',(-1.56892558309349,9.16888626268244,5.47996659121228));
#10395=CARTESIAN_POINT('Ctrl Pts',(1.23313774943996,9.23165947748178,5.56515341740818));
#10396=CARTESIAN_POINT('Ctrl Pts',(3.73693894808931,9.29443269228116,4.30428258701101));
#10397=CARTESIAN_POINT('Ctrl Pts',(5.33687731945186,9.3572059070805,2.00232409036025));
#10398=CARTESIAN_POINT('Ctrl Pts',(5.64597174066882,9.41997912187986,-0.7839415717139));
#10399=CARTESIAN_POINT('Ctrl Pts',(4.589460767239,9.48275233667923,-3.38059331372801));
#10400=CARTESIAN_POINT('Ctrl Pts',(2.42288536682801,9.54552555147858,-5.15957244198908));
#10401=CARTESIAN_POINT('Ctrl Pts',(-0.329719415216548,9.60829876627794,
-5.69059279804968));
#10402=CARTESIAN_POINT('Ctrl Pts',(-3.00257413249599,9.6710719810773,-4.84521515150766));
#10403=CARTESIAN_POINT('Ctrl Pts',(-4.94918868727245,9.73384519587665,-2.82791312162103));
#10404=CARTESIAN_POINT('Ctrl Pts',(-5.69873051786975,9.79661841067603,-0.126616627520579));
#10405=CARTESIAN_POINT('Ctrl Pts',(-5.06990605521173,9.85939162547536,2.60530494893708));
#10406=CARTESIAN_POINT('Ctrl Pts',(-3.21481065475305,9.92216484027474,4.70707486022335));
#10407=CARTESIAN_POINT('Ctrl Pts',(-0.582140910007832,9.98493805507408,
5.67033272802722));
#10408=CARTESIAN_POINT('Ctrl Pts',(2.19133272180566,10.0477112698735,5.26209294748714));
#10409=CARTESIAN_POINT('Ctrl Pts',(4.43478319292475,10.1104844846728,3.58109750180016));
#10410=CARTESIAN_POINT('Ctrl Pts',(5.60558149145445,10.1732576994722,1.03393299024202));
#10411=CARTESIAN_POINT('Ctrl Pts',(5.42054368619753,10.2360309142715,-1.76331149592807));
#10412=CARTESIAN_POINT('Ctrl Pts',(3.92442533682503,10.2988041290709,-4.13405939257447));
#10413=CARTESIAN_POINT('Ctrl Pts',(1.47909635401616,10.3615773438702,-5.50489193910143));
#10414=CARTESIAN_POINT('Ctrl Pts',(-1.32398538661305,10.4243505586696,-5.54424241729045));
#10415=CARTESIAN_POINT('Ctrl Pts',(-3.8068314494999,10.487123773469,-4.24259302794249));
#10416=CARTESIAN_POINT('Ctrl Pts',(-5.36890960844469,10.5498969882683,-1.91477698492486));
#10417=CARTESIAN_POINT('Ctrl Pts',(-5.63239608761566,10.6126702030677,0.876170986656967));
#10418=CARTESIAN_POINT('Ctrl Pts',(-4.53356074913786,10.675443417867,3.45519727649872));
#10419=CARTESIAN_POINT('Ctrl Pts',(-2.33818166194065,10.7382166326664,5.19850630483529));
#10420=CARTESIAN_POINT('Ctrl Pts',(0.422739308699737,10.8009898474657,5.68443952932281));
#10421=CARTESIAN_POINT('Ctrl Pts',(3.08141125877038,10.8637630622651,4.79546305792994));
#10422=CARTESIAN_POINT('Ctrl Pts',(4.99477451220985,10.9265362770644,2.74659586721937));
#10423=CARTESIAN_POINT('Ctrl Pts',(5.70003908324644,10.9893094918638,0.0334026213146155));
#10424=CARTESIAN_POINT('Ctrl Pts',(5.02662085503328,11.0520827066632,-2.68786980067714));
#10425=CARTESIAN_POINT('Ctrl Pts',(3.13740118932585,11.1148559214625,-4.7590203889944));
#10426=CARTESIAN_POINT('Ctrl Pts',(0.489330401565103,11.1776291362619,-5.67909473805041));
#10427=CARTESIAN_POINT('Ctrl Pts',(-2.27709596199699,11.2404023510613,-5.22555214934313));
#10428=CARTESIAN_POINT('Ctrl Pts',(-4.49275539410528,11.3031755658606,-3.50809211030521));
#10429=CARTESIAN_POINT('Ctrl Pts',(-5.62174077141715,11.36594878066,-0.942121003180525));
#10430=CARTESIAN_POINT('Ctrl Pts',(-5.39098155922706,11.4287219954593,1.85172328216754));
#10431=CARTESIAN_POINT('Ctrl Pts',(-3.8562920689755,11.4914952102587,4.19768659673449));
#10432=CARTESIAN_POINT('Ctrl Pts',(-1.388871510264,11.554268425058,5.52834488917113));
#10433=CARTESIAN_POINT('Ctrl Pts',(1.41447889622644,11.6170416398574,5.52184848920883));
#10434=CARTESIAN_POINT('Ctrl Pts',(3.87570573204508,11.6798148546568,4.1797686974569));
#10435=CARTESIAN_POINT('Ctrl Pts',(5.39950586785572,11.7425880694561,1.82671773096976));
#10436=CARTESIAN_POINT('Ctrl Pts',(5.61731392962237,11.8053612842555,-0.968166050694892));
#10437=CARTESIAN_POINT('Ctrl Pts',(4.47644813325373,11.8681344990548,-3.52887707294218));
#10438=CARTESIAN_POINT('Ctrl Pts',(2.25285256031385,11.9309077138542,-5.23604971587694));
#10439=CARTESIAN_POINT('Ctrl Pts',(-0.515646131497515,11.9936809286536,
-5.67676583564262));
#10440=CARTESIAN_POINT('Ctrl Pts',(-3.15942419567585,12.0564541434529,-4.74442831513194));
#10441=CARTESIAN_POINT('Ctrl Pts',(-5.03902437782625,12.1192273582523,-2.66454397699128));
#10442=CARTESIAN_POINT('Ctrl Pts',(-5.69982305120655,12.1820005730516,0.0598203191412185));
#10443=CARTESIAN_POINT('Ctrl Pts',(-4.98199117755029,12.244773787851,2.76971572412381));
#10444=CARTESIAN_POINT('Ctrl Pts',(-3.05915255881912,12.3075470026503,4.80969301593336));
#10445=CARTESIAN_POINT('Ctrl Pts',(-0.396389011235922,12.3703202174497,
5.68633775266816));
#10446=CARTESIAN_POINT('Ctrl Pts',(2.36225014414947,12.4330934322491,5.18761366546444));
#10447=CARTESIAN_POINT('Ctrl Pts',(4.54952591172293,12.4958666470484,3.43414840451157));
#10448=CARTESIAN_POINT('Ctrl Pts',(5.63639639652048,12.5586398618478,0.850057025698022));
#10449=CARTESIAN_POINT('Ctrl Pts',(5.35997749888626,12.6214130766471,-1.93963978539334));
#10450=CARTESIAN_POINT('Ctrl Pts',(3.78712735329794,12.6841862914465,-4.26019103979508));
#10451=CARTESIAN_POINT('Ctrl Pts',(1.29827518310835,12.7469595062458,-5.55031916510867));
#10452=CARTESIAN_POINT('Ctrl Pts',(-1.50459407319302,12.8097327210452,-5.49797762459617));
#10453=CARTESIAN_POINT('Ctrl Pts',(-3.94354337416264,12.8725059358446,-4.11582639839749));
#10454=CARTESIAN_POINT('Ctrl Pts',(-5.42865791388761,12.9352791506439,-1.73816988227072));
#10455=CARTESIAN_POINT('Ctrl Pts',(-5.60072930082334,12.9980523654433,1.0599021580064));
#10456=CARTESIAN_POINT('Ctrl Pts',(-4.41813819553252,13.0608255802426,3.60161299570404));
#10457=CARTESIAN_POINT('Ctrl Pts',(-2.16692088506493,13.123598795042,5.27219263338482));
#10458=CARTESIAN_POINT('Ctrl Pts',(0.608415033703979,13.1863720098414,5.66757376947232));
#10459=CARTESIAN_POINT('Ctrl Pts',(3.23659207697708,13.2491452246407,4.69212457346316));
#10460=CARTESIAN_POINT('Ctrl Pts',(5.08192644855135,13.3119184394401,2.58177939746252));
#10461=CARTESIAN_POINT('Ctrl Pts',(5.69808247953087,13.3746916542394,-0.1530272593727));
#10462=CARTESIAN_POINT('Ctrl Pts',(4.93602895992578,13.4374648690388,-2.85082082783567));
#10463=CARTESIAN_POINT('Ctrl Pts',(2.98008569250298,13.5002380838382,-4.85907918756082));
#10464=CARTESIAN_POINT('Ctrl Pts',(0.303341598184066,13.5630112986375,-5.69205983458175));
#10465=CARTESIAN_POINT('Ctrl Pts',(-2.44677249195515,13.6257845134369,-5.14828764331008));
#10466=CARTESIAN_POINT('Ctrl Pts',(-4.60507956128798,13.6885577282362,-3.3592861622457));
#10467=CARTESIAN_POINT('Ctrl Pts',(-5.649544446804,13.7513309430356,-0.757765682275055));
#10468=CARTESIAN_POINT('Ctrl Pts',(-5.32753979787438,13.8141041578349,2.02703749045552));
#10469=CARTESIAN_POINT('Ctrl Pts',(-3.71694968937549,13.8768773726343,4.32155600360556));
#10470=CARTESIAN_POINT('Ctrl Pts',(-1.2073316044754,13.9396505874336,5.57080888942372));
#10471=CARTESIAN_POINT('Ctrl Pts',(1.5943068142805,14.002423802233,5.47263620822603));
#10472=CARTESIAN_POINT('Ctrl Pts',(4.01032623122365,14.0651970170324,4.0507832335003));
#10473=CARTESIAN_POINT('Ctrl Pts',(5.4563579492019,14.1279702318317,1.64915712284456));
#10474=CARTESIAN_POINT('Ctrl Pts',(5.58264663713237,14.1907434466311,-1.15135477180675));
#10475=CARTESIAN_POINT('Ctrl Pts',(4.35864653221475,14.2535166614305,-3.67338559000551));
#10476=CARTESIAN_POINT('Ctrl Pts',(2.080409620459,14.3162898762298,-5.30692539016229));
#10477=CARTESIAN_POINT('Ctrl Pts',(-0.701021202291268,14.3790630910292,
-5.65686578942667));
#10478=CARTESIAN_POINT('Ctrl Pts',(-3.31289426247302,14.4418363058285,-4.63856582267848));
#10479=CARTESIAN_POINT('Ctrl Pts',(-5.12346924930836,14.5046095206279,-2.49832426579085));
#10480=CARTESIAN_POINT('Ctrl Pts',(-5.69481783377253,14.5673827354272,0.2461932691893));
#10481=CARTESIAN_POINT('Ctrl Pts',(-4.88874649573832,14.6301559502266,2.93116341851729));
#10482=CARTESIAN_POINT('Ctrl Pts',(-2.90022173850261,14.6929291650259,4.90716569448847));
#10483=CARTESIAN_POINT('Ctrl Pts',(-0.210213049931037,14.7557023798253,
5.69625945329797));
#10484=CARTESIAN_POINT('Ctrl Pts',(2.5306403981036,14.8184755946247,5.1075846014661));
#10485=CARTESIAN_POINT('Ctrl Pts',(4.65940148378817,14.881248809424,3.2835254070161));
#10486=CARTESIAN_POINT('Ctrl Pts',(5.66118140554029,14.9440220242234,0.665271658206238));
#10487=CARTESIAN_POINT('Ctrl Pts',(5.29367713234868,15.0067952390227,-2.11389302096782));
#10488=CARTESIAN_POINT('Ctrl Pts',(3.64577784772596,15.0695684538221,-4.3817650747933));
#10489=CARTESIAN_POINT('Ctrl Pts',(1.11606509917118,15.1323416686214,-5.58980858170114));
#10490=CARTESIAN_POINT('Ctrl Pts',(-1.68359312389669,15.1951148834208,-5.44583101820241));
#10491=CARTESIAN_POINT('Ctrl Pts',(-4.07603644072403,15.2578880982202,-3.98465659995155));
#10492=CARTESIAN_POINT('Ctrl Pts',(-5.48259856483141,15.3206613130195,-1.55970326105839));
#10493=CARTESIAN_POINT('Ctrl Pts',(-5.56307077514485,15.3834345278189,1.24249943113749));
#10494=CARTESIAN_POINT('Ctrl Pts',(-4.29798905561873,15.4462077426182,3.74417565873041));
#10495=CARTESIAN_POINT('Ctrl Pts',(-1.993341905785,15.5089809574176,5.34023869619039));
#10496=CARTESIAN_POINT('Ctrl Pts',(0.793439867758089,15.5717541722169,5.64464475958403));
#10497=CARTESIAN_POINT('Ctrl Pts',(3.38831034351156,15.6345273870163,4.58376638821183));
#10498=CARTESIAN_POINT('Ctrl Pts',(5.16364166858633,15.6973006018157,2.41420090383681));
#10499=CARTESIAN_POINT('Ctrl Pts',(5.69002998713085,15.760073816615,-0.339293429348048));
#10500=CARTESIAN_POINT('Ctrl Pts',(4.84015643169474,15.8228470314144,-3.01072200682397));
#10501=CARTESIAN_POINT('Ctrl Pts',(2.81958205814128,15.8856202462137,-4.95393967495053));
#10502=CARTESIAN_POINT('Ctrl Pts',(0.11702827570015,15.9483934610131,-5.69893548553999));
#10503=CARTESIAN_POINT('Ctrl Pts',(-2.61383143032927,16.0111666758125,-5.06551542682989));
#10504=CARTESIAN_POINT('Ctrl Pts',(-4.71247714966192,16.0739398906118,-3.20688640266209));
#10505=CARTESIAN_POINT('Ctrl Pts',(-5.67130416017786,16.1367131054112,-0.572599692989116));
#10506=CARTESIAN_POINT('Ctrl Pts',(-5.25839855959949,16.1994863202105,2.20018314554392));
#10507=CARTESIAN_POINT('Ctrl Pts',(-3.5736308647893,16.2622595350099,4.44080214918555));
#10508=CARTESIAN_POINT('Ctrl Pts',(-1.02450007835977,16.3250327498093,5.60731316000482));
#10509=CARTESIAN_POINT('Ctrl Pts',(1.77242912047695,16.3878059646086,5.41756922426781));
#10510=CARTESIAN_POINT('Ctrl Pts',(4.1406564271221,16.450579179408,3.917464184498));
#10511=CARTESIAN_POINT('Ctrl Pts',(5.50737274204501,16.5133523942073,1.46983222372359));
#10512=CARTESIAN_POINT('Ctrl Pts',(5.54200695107271,16.5761256090067,-1.33331175831262));
#10513=CARTESIAN_POINT('Ctrl Pts',(4.23618198943703,16.638898823806,-3.81396426579395));
#10514=CARTESIAN_POINT('Ctrl Pts',(1.90574103004109,16.7016720386054,-5.37212364456608));
#10515=CARTESIAN_POINT('Ctrl Pts',(-0.885646312465431,16.7644452534048,
-5.63091394196774));
#10516=CARTESIAN_POINT('Ctrl Pts',(-3.46282014510319,16.8272184682041,-4.52774094054792));
#10517=CARTESIAN_POINT('Ctrl Pts',(-5.20243296795232,16.8899916830035,-2.32943178637712));
#10518=CARTESIAN_POINT('Ctrl Pts',(-5.68372020742992,16.9527648978028,0.432302787740145));
#10519=CARTESIAN_POINT('Ctrl Pts',(-4.79027178925161,17.0155381126022,3.08947541181014));
#10520=CARTESIAN_POINT('Ctrl Pts',(-2.73818817133618,17.0783113274016,4.99938842525519));
#10521=CARTESIAN_POINT('Ctrl Pts',(-0.0238122953488824,17.1410845422009,
5.70008759289814));
#10522=CARTESIAN_POINT('Ctrl Pts',(2.6963235243287,17.2038577570003,5.02209063386689));
#10523=CARTESIAN_POINT('Ctrl Pts',(4.76429199720647,17.2666309717996,3.12939109061162));
#10524=CARTESIAN_POINT('Ctrl Pts',(5.67991071779194,17.329404186599,0.479771752844137));
#10525=CARTESIAN_POINT('Ctrl Pts',(5.22171211833014,17.3921774013983,-2.28587926837552));
#10526=CARTESIAN_POINT('Ctrl Pts',(3.50053077004627,17.4549506161977,-4.49866222097291));
#10527=CARTESIAN_POINT('Ctrl Pts',(0.932655689893028,17.517723830997,-5.62329685296099));
#10528=CARTESIAN_POINT('Ctrl Pts',(-1.86078058621757,17.5804970457964,-5.38789963980602));
#10529=CARTESIAN_POINT('Ctrl Pts',(-4.2041894512942,17.6432702605958,-3.84914310068654));
#10530=CARTESIAN_POINT('Ctrl Pts',(-5.5306326237874,17.7060434753951,-1.37972823343708));
#10531=CARTESIAN_POINT('Ctrl Pts',(-5.51955273944489,17.7688166901945,1.42410295005685));
#10532=CARTESIAN_POINT('Ctrl Pts',(-4.62180595560832,17.8106655000607,3.06258729901399));
#10533=CARTESIAN_POINT('Ctrl Pts',(-4.00467114056345,17.8315899049938,3.72589662605369));
#10534=CARTESIAN_POINT('Ctrl Pts',(-1.12602525279375,8.12597893086266,-5.50664816557361));
#10535=CARTESIAN_POINT('Ctrl Pts',(-2.03811290262685,8.14690333579578,-5.32014020363514));
#10536=CARTESIAN_POINT('Ctrl Pts',(-3.76693069663993,8.18875214566202,-4.48541611735863));
#10537=CARTESIAN_POINT('Ctrl Pts',(-5.4495986937042,8.25152536046137,-2.14674250929111));
#10538=CARTESIAN_POINT('Ctrl Pts',(-5.81389669288704,8.31429857526074,0.710474886871425));
#10539=CARTESIAN_POINT('Ctrl Pts',(-4.77210448831465,8.37707179006009,3.39618774853593));
#10540=CARTESIAN_POINT('Ctrl Pts',(-2.57600425871202,8.43984500485945,5.26028376390526));
#10541=CARTESIAN_POINT('Ctrl Pts',(0.243126306408645,8.50261821965881,5.85214972732162));
#10542=CARTESIAN_POINT('Ctrl Pts',(3.00346883908654,8.56539143445817,5.02849650264703));
#10543=CARTESIAN_POINT('Ctrl Pts',(5.0373458344232,8.62816464925752,2.98861118844437));
#10544=CARTESIAN_POINT('Ctrl Pts',(5.85283190199651,8.69093786405689,0.225851193399655));
#10545=CARTESIAN_POINT('Ctrl Pts',(5.25267644050565,8.75371107885624,-2.59152997828603));
#10546=CARTESIAN_POINT('Ctrl Pts',(3.38204410802609,8.81648429365559,-4.78209435040031));
#10547=CARTESIAN_POINT('Ctrl Pts',(0.693387641342204,8.87925750845497,-5.81599995154485));
#10548=CARTESIAN_POINT('Ctrl Pts',(-2.16297992545873,8.94203072325431,-5.44317581166214));
#10549=CARTESIAN_POINT('Ctrl Pts',(-4.49618225429107,9.00480393805368,-3.75379662666272));
#10550=CARTESIAN_POINT('Ctrl Pts',(-5.74188158293703,9.06757715285302,-1.15647741443676));
#10551=CARTESIAN_POINT('Ctrl Pts',(-5.59877760360587,9.1303503676524,1.72056200843295));
#10552=CARTESIAN_POINT('Ctrl Pts',(-4.10148317249415,9.19312358245174,4.18144471281979));
#10553=CARTESIAN_POINT('Ctrl Pts',(-1.61215269458497,9.25589679725111,5.63095088859419));
#10554=CARTESIAN_POINT('Ctrl Pts',(1.26711321873804,9.31867001205046,5.71848478623392));
#10555=CARTESIAN_POINT('Ctrl Pts',(3.83989926582939,9.38144322684983,4.42287438338714));
#10556=CARTESIAN_POINT('Ctrl Pts',(5.48391921448512,9.44421644164918,2.05749221791759));
#10557=CARTESIAN_POINT('Ctrl Pts',(5.80152981973995,9.50698965644853,-0.805540766786265));
#10558=CARTESIAN_POINT('Ctrl Pts',(4.71590980625588,9.56976287124791,-3.47373557978227));
#10559=CARTESIAN_POINT('Ctrl Pts',(2.48964081846418,9.63253608604724,-5.30172922469538));
#10560=CARTESIAN_POINT('Ctrl Pts',(-0.338803860059591,9.69530930084661,
-5.84738027859342));
#10561=CARTESIAN_POINT('Ctrl Pts',(-3.08530119628118,9.75808251564597,-4.97871074735448));
#10562=CARTESIAN_POINT('Ctrl Pts',(-5.08554896686915,9.82085573044533,-2.90582791701591));
#10563=CARTESIAN_POINT('Ctrl Pts',(-5.85574220925289,9.88362894524469,-0.130105174800006));
#10564=CARTESIAN_POINT('Ctrl Pts',(-5.20959234541028,9.94640216004405,2.67708643348329));
#10565=CARTESIAN_POINT('Ctrl Pts',(-3.30338526918631,10.0091753748434,4.83676440826447));
#10566=CARTESIAN_POINT('Ctrl Pts',(-0.598180083753128,10.0719485896428,
5.82656200216836));
#10567=CARTESIAN_POINT('Ctrl Pts',(2.25170842407041,10.1347218044421,5.40707437998505));
#10568=CARTESIAN_POINT('Ctrl Pts',(4.55697054813573,10.1974950192415,3.67976406867896));
#10569=CARTESIAN_POINT('Ctrl Pts',(5.76002673647865,10.2602682340408,1.06241996064108));
#10570=CARTESIAN_POINT('Ctrl Pts',(5.56989076090431,10.3230414488402,-1.81189433723681));
#10571=CARTESIAN_POINT('Ctrl Pts',(4.03255128836979,10.3858146636396,-4.2479611914876));
#10572=CARTESIAN_POINT('Ctrl Pts',(1.51984848636117,10.4485878784389,-5.65656298084123));
#10573=CARTESIAN_POINT('Ctrl Pts',(-1.36046389428537,10.5113610932383,-5.69699764525698));
#10574=CARTESIAN_POINT('Ctrl Pts',(-3.91171744872766,10.5741343080376,-4.35948515068435));
#10575=CARTESIAN_POINT('Ctrl Pts',(-5.51683405861157,10.636907522837,-1.9675330105137));
#10576=CARTESIAN_POINT('Ctrl Pts',(-5.78758012965507,10.6996807376363,0.900311290909714));
#10577=CARTESIAN_POINT('Ctrl Pts',(-4.65846962822564,10.7624539524357,3.55039503444574));
#10578=CARTESIAN_POINT('Ctrl Pts',(-2.40260335311401,10.8252271672351,5.34173579516275));
#10579=CARTESIAN_POINT('Ctrl Pts',(0.434386642025093,10.8880003820344,5.84105747471706));
#10580=CARTESIAN_POINT('Ctrl Pts',(3.16631044676838,10.9507735968338,4.92758788175341));
#10581=CARTESIAN_POINT('Ctrl Pts',(5.13239077460027,11.0135468116331,2.82227020579458));
#10582=CARTESIAN_POINT('Ctrl Pts',(5.85708682828443,11.0763200264325,0.0343229319088481));
#10583=CARTESIAN_POINT('Ctrl Pts',(5.16511454935971,11.1390932412318,-2.76192611590358));
#10584=CARTESIAN_POINT('Ctrl Pts',(3.22384301452515,11.2018664560312,-4.89014114268854));
#10585=CARTESIAN_POINT('Ctrl Pts',(0.502812455814565,11.2646396708306,-5.83556542350401));
#10586=CARTESIAN_POINT('Ctrl Pts',(-2.33983461709108,11.3274128856299,-5.36952680805115));
#10587=CARTESIAN_POINT('Ctrl Pts',(-4.61654000213107,11.3901861004293,-3.60474722920225));
#10588=CARTESIAN_POINT('Ctrl Pts',(-5.77663123768326,11.4529593152286,-0.968078365391841));
#10589=CARTESIAN_POINT('Ctrl Pts',(-5.53951413682051,11.515732530028,1.90274204917098));
#10590=CARTESIAN_POINT('Ctrl Pts',(-3.96254080951844,11.5785057448274,4.31334145537061));
#10591=CARTESIAN_POINT('Ctrl Pts',(-1.42713776346841,11.6412789596267,5.68066210769484));
#10592=CARTESIAN_POINT('Ctrl Pts',(1.45345068533383,11.7040521744261,5.67398671861509));
#10593=CARTESIAN_POINT('Ctrl Pts',(3.98248935874641,11.7668253892254,4.29492988128902));
#10594=CARTESIAN_POINT('Ctrl Pts',(5.5482733076016,11.8295986040248,1.87704754384998));
#10595=CARTESIAN_POINT('Ctrl Pts',(5.77208242733506,11.8923718188241,-0.994841007280855));
#10596=CARTESIAN_POINT('Ctrl Pts',(4.59978344286121,11.9551450336235,-3.62610486010782));
#10597=CARTESIAN_POINT('Ctrl Pts',(2.31492326006402,12.0179182484228,-5.38031360403204));
#10598=CARTESIAN_POINT('Ctrl Pts',(-0.529853237976349,12.0806914632222,
-5.8331723550675));
#10599=CARTESIAN_POINT('Ctrl Pts',(-3.24647279978238,12.1434646780216,-4.87514702732039));
#10600=CARTESIAN_POINT('Ctrl Pts',(-5.17785981459632,12.2062378928209,-2.73795761802595));
#10601=CARTESIAN_POINT('Ctrl Pts',(-5.8568648441196,12.2690111076203,0.0614684913890457));
#10602=CARTESIAN_POINT('Ctrl Pts',(-5.11925523290266,12.3317843224196,2.84602706208433));
#10603=CARTESIAN_POINT('Ctrl Pts',(-3.14343847406869,12.394557537219,4.94220990422933));
#10604=CARTESIAN_POINT('Ctrl Pts',(-0.407310339925664,12.4573307520184,
5.84300799800132));
#10605=CARTESIAN_POINT('Ctrl Pts',(2.42733497127718,12.5201039668177,5.33054304127943));
#10606=CARTESIAN_POINT('Ctrl Pts',(4.67487466372148,12.5828771816171,3.52876622294715));
#10607=CARTESIAN_POINT('Ctrl Pts',(5.79169065525906,12.6456503964164,0.873477836869655));
#10608=CARTESIAN_POINT('Ctrl Pts',(5.50765585115029,12.7084236112158,-1.99308083203059));
#10609=CARTESIAN_POINT('Ctrl Pts',(3.89147046433998,12.7711968260152,-4.37756802378756));
#10610=CARTESIAN_POINT('Ctrl Pts',(1.33404532204393,12.8339700408145,-5.70324181991702));
#10611=CARTESIAN_POINT('Ctrl Pts',(-1.54604871989657,12.8967432556139,-5.64945816281737));
#10612=CARTESIAN_POINT('Ctrl Pts',(-4.05219606677171,12.9595164704132,-4.22922584099711));
#10613=CARTESIAN_POINT('Ctrl Pts',(-5.57822855217752,13.0222896852126,-1.78606002065695));
#10614=CARTESIAN_POINT('Ctrl Pts',(-5.75504085806297,13.085062900012,1.08910463213767));
#10615=CARTESIAN_POINT('Ctrl Pts',(-4.53986694699213,13.1478361148113,3.70084480643622));
#10616=CARTESIAN_POINT('Ctrl Pts',(-2.2266239912551,13.2106093296107,5.41745233290382));
#10617=CARTESIAN_POINT('Ctrl Pts',(0.625178113341662,13.27338254441,5.82372702865753));
#10618=CARTESIAN_POINT('Ctrl Pts',(3.32576681418036,13.3361557592094,4.8214022105));
#10619=CARTESIAN_POINT('Ctrl Pts',(5.22194392519281,13.3989289740087,2.65291270490751));
#10620=CARTESIAN_POINT('Ctrl Pts',(5.85507631613121,13.4617021888081,-0.157243473623651));
#10621=CARTESIAN_POINT('Ctrl Pts',(5.0720266620954,13.5244754036074,-2.92936677743008));
#10622=CARTESIAN_POINT('Ctrl Pts',(3.0621931537313,13.5872486184068,-4.99295676598135));
#10623=CARTESIAN_POINT('Ctrl Pts',(0.311699280171037,13.6500218332062,-5.84888773498504));
#10624=CARTESIAN_POINT('Ctrl Pts',(-2.51418608278681,13.7127950480055,-5.29013350671218));
#10625=CARTESIAN_POINT('Ctrl Pts',(-4.73195893005344,13.7755682628049,-3.45184137265971));
#10626=CARTESIAN_POINT('Ctrl Pts',(-5.80520096124268,13.8383414776042,-0.778643678009916));
#10627=CARTESIAN_POINT('Ctrl Pts',(-5.47432442507377,13.9011146924036,2.08288652277517));
#10628=CARTESIAN_POINT('Ctrl Pts',(-3.81935926211892,13.963887907203,4.44062371796849));
#10629=CARTESIAN_POINT('Ctrl Pts',(-1.24059606165313,14.0266611220023,5.72429607808056));
#10630=CARTESIAN_POINT('Ctrl Pts',(1.63823323064794,14.0894343368017,5.62341853855095));
#10631=CARTESIAN_POINT('Ctrl Pts',(4.12081892825295,14.152207551601,4.16239060376006));
#10632=CARTESIAN_POINT('Ctrl Pts',(5.60669178016821,14.2149807664004,1.69459477749456));
#10633=CARTESIAN_POINT('Ctrl Pts',(5.73645997997111,14.2777539811997,-1.18307695265677));
#10634=CARTESIAN_POINT('Ctrl Pts',(4.47873616656724,14.3405271959991,-3.77459488263315));
#10635=CARTESIAN_POINT('Ctrl Pts',(2.13772916421595,14.4033004107985,-5.45314204823038));
#10636=CARTESIAN_POINT('Ctrl Pts',(-0.720335771443468,14.4660736255978,
-5.8127240218418));
#10637=CARTESIAN_POINT('Ctrl Pts',(-3.40417128108151,14.5288468403972,-4.76636780649348));
#10638=CARTESIAN_POINT('Ctrl Pts',(-5.26463131515107,14.5916200551965,-2.56715821352102));
#10639=CARTESIAN_POINT('Ctrl Pts',(-5.85172172269931,14.6543932699959,0.252976397726664));
#10640=CARTESIAN_POINT('Ctrl Pts',(-5.02344146922976,14.7171664847953,3.01192297095069));
#10641=CARTESIAN_POINT('Ctrl Pts',(-2.9801287843123,14.7799396995946,5.04236815461059));
#10642=CARTESIAN_POINT('Ctrl Pts',(-0.216004849774361,14.842712914394,5.85320306179375));
#10643=CARTESIAN_POINT('Ctrl Pts',(2.60036472143188,14.9054861291933,5.24830901274402));
#10644=CARTESIAN_POINT('Ctrl Pts',(4.78777753271849,14.9682593439927,3.3739932535371));
#10645=CARTESIAN_POINT('Ctrl Pts',(5.81715854201365,15.031032558792,0.683601254237626));
#10646=CARTESIAN_POINT('Ctrl Pts',(5.43952877379409,15.0938057735914,-2.17213510095113));
#10647=CARTESIAN_POINT('Ctrl Pts',(3.74622649053925,15.1565789883908,-4.50249167231876));
#10648=CARTESIAN_POINT('Ctrl Pts',(1.14681497730021,15.2193522031901,-5.74381925077362));
#10649=CARTESIAN_POINT('Ctrl Pts',(-1.72997956086806,15.2821254179895,-5.59587481067049));
#10650=CARTESIAN_POINT('Ctrl Pts',(-4.18833958853748,15.3448986327888,-4.09444204609216));
#10651=CARTESIAN_POINT('Ctrl Pts',(-5.63365537847432,15.4076718475882,-1.6026762786992));
#10652=CARTESIAN_POINT('Ctrl Pts',(-5.71634476291294,15.4704450623875,1.27673283393022));
#10653=CARTESIAN_POINT('Ctrl Pts',(-4.4164074523218,15.5332182771869,3.8473353626626));
#10654=CARTESIAN_POINT('Ctrl Pts',(-2.04826255577026,15.5959914919863,5.48737320403373));
#10655=CARTESIAN_POINT('Ctrl Pts',(0.815300760330006,15.6587647067856,5.80016627760988));
#10656=CARTESIAN_POINT('Ctrl Pts',(3.48166522953353,15.721537921585,4.71005853542981));
#10657=CARTESIAN_POINT('Ctrl Pts',(5.30591056681531,15.7843111363843,2.48071708074));
#10658=CARTESIAN_POINT('Ctrl Pts',(5.84680196108168,15.8470843511837,-0.348641657878948));
#10659=CARTESIAN_POINT('Ctrl Pts',(4.97351264945523,15.9098575659831,-3.09367356122605));
#10660=CARTESIAN_POINT('Ctrl Pts',(2.89726731568315,15.9726307807824,-5.0904308539833));
#10661=CARTESIAN_POINT('Ctrl Pts',(0.120252644259037,16.0354039955818,-5.85595282420203));
#10662=CARTESIAN_POINT('Ctrl Pts',(-2.68584783689201,16.0981772103811,-5.20508074622866));
#10663=CARTESIAN_POINT('Ctrl Pts',(-4.84231554183586,16.1609504251805,-3.29524268772887));
#10664=CARTESIAN_POINT('Ctrl Pts',(-5.82756019926333,16.2237236399798,-0.588375986674148));
#10665=CARTESIAN_POINT('Ctrl Pts',(-5.40327820414848,16.2864968547792,2.26080269509996));
#10666=CARTESIAN_POINT('Ctrl Pts',(-3.67209171053383,16.3492700695786,4.56315533896265));
#10667=CARTESIAN_POINT('Ctrl Pts',(-1.05272715272679,16.4120432843779,5.76180611604242));
#10668=CARTESIAN_POINT('Ctrl Pts',(1.8212631710063,16.4748164991773,5.56683434645954));
#10669=CARTESIAN_POINT('Ctrl Pts',(4.2547399878415,16.5375897139766,4.02539834204629));
#10670=CARTESIAN_POINT('Ctrl Pts',(5.65911213498426,16.600362928776,1.51032911031485));
#10671=CARTESIAN_POINT('Ctrl Pts',(5.69470058736881,16.6631361435754,-1.37004722661687));
#10672=CARTESIAN_POINT('Ctrl Pts',(4.35289747494431,16.7259093583747,-3.91904678871189));
#10673=CARTESIAN_POINT('Ctrl Pts',(1.95824809657578,16.7886825731741,-5.52013664800741));
#10674=CARTESIAN_POINT('Ctrl Pts',(-0.910047681340718,16.8514557879734,
-5.78605714786051));
#10675=CARTESIAN_POINT('Ctrl Pts',(-3.55822792868469,16.9142290027728,-4.65248947199558));
#10676=CARTESIAN_POINT('Ctrl Pts',(-5.34577064588676,16.9770022175722,-2.39361240056723));
#10677=CARTESIAN_POINT('Ctrl Pts',(-5.84031833403352,17.0397754323715,0.444213614490035));
#10678=CARTESIAN_POINT('Ctrl Pts',(-4.92225358299618,17.1025486471709,3.17459678373215));
#10679=CARTESIAN_POINT('Ctrl Pts',(-2.81363086067879,17.1653218619702,5.13713181039495));
#10680=CARTESIAN_POINT('Ctrl Pts',(-0.0244683728308383,17.2280950767696,
5.85713667447632));
#10681=CARTESIAN_POINT('Ctrl Pts',(2.77061275694699,17.2908682915689,5.16045951132658));
#10682=CARTESIAN_POINT('Ctrl Pts',(4.89555799449813,17.3536415063683,3.21561222119422));
#10683=CARTESIAN_POINT('Ctrl Pts',(5.83640388515776,17.4164147211676,0.492990446754261));
#10684=CARTESIAN_POINT('Ctrl Pts',(5.365580976323,17.479187935967,-2.34885992154026));
#10685=CARTESIAN_POINT('Ctrl Pts',(3.5969775585407,17.5419611507664,-4.62260957417051));
#10686=CARTESIAN_POINT('Ctrl Pts',(0.958352263347257,17.6047343655657,-5.77823019245902));
#10687=CARTESIAN_POINT('Ctrl Pts',(-1.91204890048839,17.6675075803651,-5.53634730421055));
#10688=CARTESIAN_POINT('Ctrl Pts',(-4.32002347688514,17.7302807951644,-3.9551948725188));
#10689=CARTESIAN_POINT('Ctrl Pts',(-5.68301287408291,17.7930540099638,-1.41774257064811));
#10690=CARTESIAN_POINT('Ctrl Pts',(-5.67162771624564,17.8558272247631,1.46333990154823));
#10691=CARTESIAN_POINT('Ctrl Pts',(-4.74914617077716,17.8976760346294,3.14696784838701));
#10692=CARTESIAN_POINT('Ctrl Pts',(-4.11500802826878,17.9186004395625,3.82855270521746));
#10693=CARTESIAN_POINT('Ctrl Pts',(-1.15621769009092,8.21298946543133,-5.65429949847594));
#10694=CARTESIAN_POINT('Ctrl Pts',(-2.0927614070582,8.23391387036445,-5.46279064518776));
#10695=CARTESIAN_POINT('Ctrl Pts',(-3.86793448725556,8.27576268023068,-4.60568486314305));
#10696=CARTESIAN_POINT('Ctrl Pts',(-5.5957203427935,8.33853589503005,-2.20430373044858));
#10697=CARTESIAN_POINT('Ctrl Pts',(-5.96978636846644,8.4013091098294,0.729525053304061));
#10698=CARTESIAN_POINT('Ctrl Pts',(-4.90006029142078,8.46408232462876,3.48725070240191));
#10699=CARTESIAN_POINT('Ctrl Pts',(-2.64507539798306,8.52685553942812,5.40132925761245));
#10700=CARTESIAN_POINT('Ctrl Pts',(0.249645321629052,8.58962875422748,6.0090650924588));
#10701=CARTESIAN_POINT('Ctrl Pts',(3.08400170846326,8.65240196902684,5.16332701819592));
#10702=CARTESIAN_POINT('Ctrl Pts',(5.17241362963708,8.7151751838262,3.06874567538316));
#10703=CARTESIAN_POINT('Ctrl Pts',(6.00976555847844,8.77794839862555,0.231907006071982));
#10704=CARTESIAN_POINT('Ctrl Pts',(5.39351795687382,8.84072161342492,-2.66101741311842));
#10705=CARTESIAN_POINT('Ctrl Pts',(3.47272782441212,8.90349482822426,-4.91031801453697));
#10706=CARTESIAN_POINT('Ctrl Pts',(0.711979642571244,8.96626804302364,-5.97194602240046));
#10707=CARTESIAN_POINT('Ctrl Pts',(-2.22097652510196,9.02904125782298,-5.58912524217745));
#10708=CARTESIAN_POINT('Ctrl Pts',(-4.61673967558561,9.09181447262235,-3.85444824970196));
#10709=CARTESIAN_POINT('Ctrl Pts',(-5.89584029676737,9.1545876874217,-1.18748637425747));
#10710=CARTESIAN_POINT('Ctrl Pts',(-5.74889922949152,9.21736090222106,1.76669592987619));
#10711=CARTESIAN_POINT('Ctrl Pts',(-4.21145741437167,9.28013411702042,4.29356298635777));
#10712=CARTESIAN_POINT('Ctrl Pts',(-1.65537980607646,9.34290733181978,5.78193518597608));
#10713=CARTESIAN_POINT('Ctrl Pts',(1.30108868803613,9.40568054661913,5.87181615505966));
#10714=CARTESIAN_POINT('Ctrl Pts',(3.94285958356948,9.4684537614185,4.54146617976327));
#10715=CARTESIAN_POINT('Ctrl Pts',(5.63096110951839,9.53122697621785,2.11266034547493));
#10716=CARTESIAN_POINT('Ctrl Pts',(5.95708789881108,9.59400019101721,-0.827139961858629));
#10717=CARTESIAN_POINT('Ctrl Pts',(4.84235884527277,9.65677340581657,-3.56687784583653));
#10718=CARTESIAN_POINT('Ctrl Pts',(2.55639627010035,9.71954662061592,-5.44388600740167));
#10719=CARTESIAN_POINT('Ctrl Pts',(-0.347888304902634,9.78231983541529,
-6.00416775913716));
#10720=CARTESIAN_POINT('Ctrl Pts',(-3.16802826006637,9.84509305021463,-5.11220634320131));
#10721=CARTESIAN_POINT('Ctrl Pts',(-5.22190924646585,9.90786626501401,-2.98374271241078));
#10722=CARTESIAN_POINT('Ctrl Pts',(-6.01275390063603,9.97063947981335,-0.133593722079437));
#10723=CARTESIAN_POINT('Ctrl Pts',(-5.34927863560883,10.0334126946127,2.74886791802949));
#10724=CARTESIAN_POINT('Ctrl Pts',(-3.39195988361957,10.0961859094121,4.96645395630559));
#10725=CARTESIAN_POINT('Ctrl Pts',(-0.614219257498421,10.1589591242114,
5.9827912763095));
#10726=CARTESIAN_POINT('Ctrl Pts',(2.31208412633515,10.2217323390108,5.55205581248295));
#10727=CARTESIAN_POINT('Ctrl Pts',(4.67915790334671,10.2845055538101,3.77843063555776));
#10728=CARTESIAN_POINT('Ctrl Pts',(5.91447198150286,10.3472787686095,1.09090693104014));
#10729=CARTESIAN_POINT('Ctrl Pts',(5.71923783561109,10.4100519834089,-1.86047717854555));
#10730=CARTESIAN_POINT('Ctrl Pts',(4.14067723991455,10.4728251982082,-4.36186299040071));
#10731=CARTESIAN_POINT('Ctrl Pts',(1.56060061870618,10.5355984130076,-5.80823402258104));
#10732=CARTESIAN_POINT('Ctrl Pts',(-1.3969424019577,10.5983716278069,-5.8497528732235));
#10733=CARTESIAN_POINT('Ctrl Pts',(-4.01660344795541,10.6611448426063,-4.47637727342621));
#10734=CARTESIAN_POINT('Ctrl Pts',(-5.66475850877846,10.7239180574057,-2.02028903610254));
#10735=CARTESIAN_POINT('Ctrl Pts',(-5.94276417169448,10.786691272205,0.924451595162462));
#10736=CARTESIAN_POINT('Ctrl Pts',(-4.78337850731342,10.8494644870044,3.64559279239276));
#10737=CARTESIAN_POINT('Ctrl Pts',(-2.46702504428737,10.9122377018037,5.48496528549022));
#10738=CARTESIAN_POINT('Ctrl Pts',(0.446033975350448,10.9750109166031,5.99767542011129));
#10739=CARTESIAN_POINT('Ctrl Pts',(3.25120963476639,11.0377841314024,5.05971270557689));
#10740=CARTESIAN_POINT('Ctrl Pts',(5.27000703699069,11.1005573462018,2.89794454436978));
#10741=CARTESIAN_POINT('Ctrl Pts',(6.01413457332241,11.1633305610012,0.0352432425030884));
#10742=CARTESIAN_POINT('Ctrl Pts',(5.30360824368615,11.2261037758005,-2.83598243113003));
#10743=CARTESIAN_POINT('Ctrl Pts',(3.31028483972444,11.2888769905999,-5.02126189638268));
#10744=CARTESIAN_POINT('Ctrl Pts',(0.516294510064029,11.3516502053992,-5.9920361089576));
#10745=CARTESIAN_POINT('Ctrl Pts',(-2.40257327218517,11.4144234201986,-5.51350146675916));
#10746=CARTESIAN_POINT('Ctrl Pts',(-4.74032461015688,11.4771966349979,-3.7014023480993));
#10747=CARTESIAN_POINT('Ctrl Pts',(-5.93152170394938,11.5399698497973,-0.994035727603158));
#10748=CARTESIAN_POINT('Ctrl Pts',(-5.68804671441394,11.6027430645967,1.95376081617443));
#10749=CARTESIAN_POINT('Ctrl Pts',(-4.06878955006139,11.665516279396,4.42899631400674));
#10750=CARTESIAN_POINT('Ctrl Pts',(-1.46540401667281,11.7282894941954,5.83297932621856));
#10751=CARTESIAN_POINT('Ctrl Pts',(1.49242247444121,11.7910627089947,5.82612494802135));
#10752=CARTESIAN_POINT('Ctrl Pts',(4.08927298544774,11.8538359237941,4.41009106512114));
#10753=CARTESIAN_POINT('Ctrl Pts',(5.6970407473475,11.9166091385935,1.92737735673021));
#10754=CARTESIAN_POINT('Ctrl Pts',(5.92685092504774,11.9793823533928,-1.02151596386682));
#10755=CARTESIAN_POINT('Ctrl Pts',(4.72311875246871,12.0421555681922,-3.72333264727347));
#10756=CARTESIAN_POINT('Ctrl Pts',(2.37699395981417,12.1049287829915,-5.52457749218715));
#10757=CARTESIAN_POINT('Ctrl Pts',(-0.544060344455175,12.1677019977909,
-5.98957887449237));
#10758=CARTESIAN_POINT('Ctrl Pts',(-3.33352140388891,12.2304752125902,-5.00586573950884));
#10759=CARTESIAN_POINT('Ctrl Pts',(-5.31669525136639,12.2932484273896,-2.81137125906063));
#10760=CARTESIAN_POINT('Ctrl Pts',(-6.01390663703265,12.356021642189,0.0631166636368681));
#10761=CARTESIAN_POINT('Ctrl Pts',(-5.25651928825503,12.4187948569883,2.92233840004486));
#10762=CARTESIAN_POINT('Ctrl Pts',(-3.22772438931826,12.4815680717877,5.0747267925253));
#10763=CARTESIAN_POINT('Ctrl Pts',(-0.418231668615404,12.5443412865871,
5.99967824333449));
#10764=CARTESIAN_POINT('Ctrl Pts',(2.49241979840488,12.6071145013864,5.4734724170944));
#10765=CARTESIAN_POINT('Ctrl Pts',(4.80022341572003,12.6698877161858,3.62338404138275));
#10766=CARTESIAN_POINT('Ctrl Pts',(5.94698491399764,12.7326609309851,0.896898648041282));
#10767=CARTESIAN_POINT('Ctrl Pts',(5.65533420341433,12.7954341457845,-2.04652187866784));
#10768=CARTESIAN_POINT('Ctrl Pts',(3.99581357538201,12.8582073605838,-4.49494500778005));
#10769=CARTESIAN_POINT('Ctrl Pts',(1.36981546097952,12.9209805753832,-5.85616447472537));
#10770=CARTESIAN_POINT('Ctrl Pts',(-1.58750336660013,12.9837537901825,-5.80093870103858));
#10771=CARTESIAN_POINT('Ctrl Pts',(-4.16084875938078,13.0465270049819,-4.34262528359672));
#10772=CARTESIAN_POINT('Ctrl Pts',(-5.72779919046743,13.1093002197812,-1.83395015904319));
#10773=CARTESIAN_POINT('Ctrl Pts',(-5.90935241530258,13.1720734345806,1.11830710626894));
#10774=CARTESIAN_POINT('Ctrl Pts',(-4.66159569845175,13.23484664938,3.8000766171684));
#10775=CARTESIAN_POINT('Ctrl Pts',(-2.28632709744527,13.2976198641794,5.56271203242281));
#10776=CARTESIAN_POINT('Ctrl Pts',(0.64194119297934,13.3603930789787,5.97988028784274));
#10777=CARTESIAN_POINT('Ctrl Pts',(3.41494155138365,13.4231662937781,4.95067984753684));
#10778=CARTESIAN_POINT('Ctrl Pts',(5.36196140183426,13.4859395085774,2.7240460123525));
#10779=CARTESIAN_POINT('Ctrl Pts',(6.01207015273154,13.5487127233768,-0.1614596878746));
#10780=CARTESIAN_POINT('Ctrl Pts',(5.20802436426502,13.6114859381761,-3.00791272702449));
#10781=CARTESIAN_POINT('Ctrl Pts',(3.14430061495963,13.6742591529755,-5.12683434440186));
#10782=CARTESIAN_POINT('Ctrl Pts',(0.320056962158009,13.7370323677748,-6.00571563538836));
#10783=CARTESIAN_POINT('Ctrl Pts',(-2.58159967361847,13.7998055825742,-5.43197937011427));
#10784=CARTESIAN_POINT('Ctrl Pts',(-4.85883829881889,13.8625787973735,-3.54439658307374));
#10785=CARTESIAN_POINT('Ctrl Pts',(-5.96085747568135,13.9253520121729,-0.799521673744764));
#10786=CARTESIAN_POINT('Ctrl Pts',(-5.62110905227317,13.9881252269723,2.1387355550948));
#10787=CARTESIAN_POINT('Ctrl Pts',(-3.92176883486234,14.0508984417716,4.55969143233143));
#10788=CARTESIAN_POINT('Ctrl Pts',(-1.27386051883085,14.113671656571,5.87778326673737));
#10789=CARTESIAN_POINT('Ctrl Pts',(1.68215964701539,14.1764448713703,5.7742008688759));
#10790=CARTESIAN_POINT('Ctrl Pts',(4.23131162528224,14.2392180861697,4.2739979740198));
#10791=CARTESIAN_POINT('Ctrl Pts',(5.75702561113454,14.3019913009691,1.74003243214458));
#10792=CARTESIAN_POINT('Ctrl Pts',(5.89027332280982,14.3647645157684,-1.21479913350678));
#10793=CARTESIAN_POINT('Ctrl Pts',(4.59882580091973,14.4275377305678,-3.8758041752608));
#10794=CARTESIAN_POINT('Ctrl Pts',(2.1950487079729,14.4903109453671,-5.59935870629846));
#10795=CARTESIAN_POINT('Ctrl Pts',(-0.739650340595664,14.5530841601665,
-5.96858225425693));
#10796=CARTESIAN_POINT('Ctrl Pts',(-3.49544829969,14.6158573749658,-4.89416979030848));
#10797=CARTESIAN_POINT('Ctrl Pts',(-5.40579338099379,14.6786305897652,-2.6359921612512));
#10798=CARTESIAN_POINT('Ctrl Pts',(-6.00862561162609,14.7414038045646,0.259759526264024));
#10799=CARTESIAN_POINT('Ctrl Pts',(-5.1581364427212,14.8041770193639,3.0926825233841));
#10800=CARTESIAN_POINT('Ctrl Pts',(-3.060035830122,14.8669502341633,5.1775706147327));
#10801=CARTESIAN_POINT('Ctrl Pts',(-0.221796649617685,14.9297234489627,
6.01014667028954));
#10802=CARTESIAN_POINT('Ctrl Pts',(2.67008904476017,14.992496663762,5.38903342402194));
#10803=CARTESIAN_POINT('Ctrl Pts',(4.91615358164879,15.0552698785614,3.4644611000581));
#10804=CARTESIAN_POINT('Ctrl Pts',(5.97313567848702,15.1180430933607,0.701930850269015));
#10805=CARTESIAN_POINT('Ctrl Pts',(5.5853804152395,15.1808163081601,-2.23037718093445));
#10806=CARTESIAN_POINT('Ctrl Pts',(3.84667513335254,15.2435895229594,-4.6232182698442));
#10807=CARTESIAN_POINT('Ctrl Pts',(1.17756485542923,15.3063627377588,-5.89782991984611));
#10808=CARTESIAN_POINT('Ctrl Pts',(-1.77636599783943,15.3691359525581,-5.74591860313856));
#10809=CARTESIAN_POINT('Ctrl Pts',(-4.30064273635094,15.4319091673575,-4.20422749223278));
#10810=CARTESIAN_POINT('Ctrl Pts',(-5.78471219211721,15.4946823821569,-1.64564929634001));
#10811=CARTESIAN_POINT('Ctrl Pts',(-5.86961875068105,15.5574555969562,1.31096623672294));
#10812=CARTESIAN_POINT('Ctrl Pts',(-4.53482584902486,15.6202288117556,3.9504950665948));
#10813=CARTESIAN_POINT('Ctrl Pts',(-2.10318320575552,15.6830020265549,5.63450771187706));
#10814=CARTESIAN_POINT('Ctrl Pts',(0.837161652901924,15.7457752413543,5.95568779563572));
#10815=CARTESIAN_POINT('Ctrl Pts',(3.57502011555551,15.8085484561536,4.83635068264779));
#10816=CARTESIAN_POINT('Ctrl Pts',(5.44817946504429,15.871321670953,2.54723325764318));
#10817=CARTESIAN_POINT('Ctrl Pts',(6.0035739350325,15.9340948857524,-0.357989886409849));
#10818=CARTESIAN_POINT('Ctrl Pts',(5.10686886721573,15.9968681005518,-3.17662511562812));
#10819=CARTESIAN_POINT('Ctrl Pts',(2.97495257322502,16.0596413153511,-5.22692203301606));
#10820=CARTESIAN_POINT('Ctrl Pts',(0.123477012817921,16.1224145301505,-6.01297016286407));
#10821=CARTESIAN_POINT('Ctrl Pts',(-2.75786424345473,16.1851877449498,-5.34464606562743));
#10822=CARTESIAN_POINT('Ctrl Pts',(-4.97215393400982,16.2479609597492,-3.38359897279564));
#10823=CARTESIAN_POINT('Ctrl Pts',(-5.98381623834879,16.3107341745485,-0.604152280359177));
#10824=CARTESIAN_POINT('Ctrl Pts',(-5.54815784869747,16.3735073893479,2.32142224465599));
#10825=CARTESIAN_POINT('Ctrl Pts',(-3.77055255627835,16.4362806041472,4.68550852873976));
#10826=CARTESIAN_POINT('Ctrl Pts',(-1.08095422709381,16.4990538189466,5.91629907208001));
#10827=CARTESIAN_POINT('Ctrl Pts',(1.87009722153565,16.5618270337459,5.71609946865127));
#10828=CARTESIAN_POINT('Ctrl Pts',(4.3688235485609,16.6246002485453,4.13333249959458));
#10829=CARTESIAN_POINT('Ctrl Pts',(5.8108515279235,16.6873734633447,1.55082599690611));
#10830=CARTESIAN_POINT('Ctrl Pts',(5.84739422366491,16.750146678144,-1.40678269492111));
#10831=CARTESIAN_POINT('Ctrl Pts',(4.4696129604516,16.8129198929434,-4.02412931162981));
#10832=CARTESIAN_POINT('Ctrl Pts',(2.01075516311047,16.8756931077427,-5.66814965144874));
#10833=CARTESIAN_POINT('Ctrl Pts',(-0.934449050216001,16.9384663225421,
-5.94120035375329));
#10834=CARTESIAN_POINT('Ctrl Pts',(-3.6536357122662,17.0012395373414,-4.77723800344323));
#10835=CARTESIAN_POINT('Ctrl Pts',(-5.48910832382121,17.0640127521408,-2.45779301475733));
#10836=CARTESIAN_POINT('Ctrl Pts',(-5.99691646063711,17.1267859669402,0.456124441239927));
#10837=CARTESIAN_POINT('Ctrl Pts',(-5.05423537674075,17.1895591817395,3.25971815565416));
#10838=CARTESIAN_POINT('Ctrl Pts',(-2.88907355002139,17.2523323965389,5.2748751955347));
#10839=CARTESIAN_POINT('Ctrl Pts',(-0.0251244503127962,17.3151056113382,
6.01418575605451));
#10840=CARTESIAN_POINT('Ctrl Pts',(2.84490198956528,17.3778788261376,5.29882838878627));
#10841=CARTESIAN_POINT('Ctrl Pts',(5.02682399178977,17.440652040937,3.30183335177683));
#10842=CARTESIAN_POINT('Ctrl Pts',(5.99289705252361,17.5034252557363,0.506209140664378));
#10843=CARTESIAN_POINT('Ctrl Pts',(5.50944983431584,17.5661984705357,-2.41184057470499));
#10844=CARTESIAN_POINT('Ctrl Pts',(3.69342434703515,17.628971685335,-4.74655692736812));
#10845=CARTESIAN_POINT('Ctrl Pts',(0.984048836801478,17.6917449001344,-5.93316353195705));
#10846=CARTESIAN_POINT('Ctrl Pts',(-1.96331721475921,17.7545181149338,-5.68479496861508));
#10847=CARTESIAN_POINT('Ctrl Pts',(-4.43585750247609,17.8172913297331,-4.06124664435105));
#10848=CARTESIAN_POINT('Ctrl Pts',(-5.83539312437842,17.8800645445325,-1.45575690785914));
#10849=CARTESIAN_POINT('Ctrl Pts',(-5.82370269304638,17.9428377593318,1.5025768530396));
#10850=CARTESIAN_POINT('Ctrl Pts',(-4.87648638594601,17.9846865691981,3.23134839776004));
#10851=CARTESIAN_POINT('Ctrl Pts',(-4.22534491597412,18.0056109741312,3.93120878438122));
#10852=CARTESIAN_POINT('Ctrl Pts',(-1.18641012738808,8.3,-5.80195083137827));
#10853=CARTESIAN_POINT('Ctrl Pts',(-2.14740991148955,8.32092440493312,-5.60544108674038));
#10854=CARTESIAN_POINT('Ctrl Pts',(-3.96893827787119,8.36277321479936,-4.72595360892747));
#10855=CARTESIAN_POINT('Ctrl Pts',(-5.7418419918828,8.42554642959872,-2.26186495160606));
#10856=CARTESIAN_POINT('Ctrl Pts',(-6.12567604404585,8.48831964439808,0.748575219736699));
#10857=CARTESIAN_POINT('Ctrl Pts',(-5.0280160945269,8.55109285919743,3.57831365626789));
#10858=CARTESIAN_POINT('Ctrl Pts',(-2.71414653725411,8.6138660739968,5.54237475131963));
#10859=CARTESIAN_POINT('Ctrl Pts',(0.256164336849462,8.67663928879614,6.16598045759599));
#10860=CARTESIAN_POINT('Ctrl Pts',(3.16453457783997,8.73941250359551,5.29815753374479));
#10861=CARTESIAN_POINT('Ctrl Pts',(5.30748142485096,8.80218571839487,3.14888016232195));
#10862=CARTESIAN_POINT('Ctrl Pts',(6.16669921496038,8.86495893319422,0.237962818744302));
#10863=CARTESIAN_POINT('Ctrl Pts',(5.53435947324198,8.9277321479936,-2.73050484795082));
#10864=CARTESIAN_POINT('Ctrl Pts',(3.56341154079816,8.99050536279292,-5.03854167867363));
#10865=CARTESIAN_POINT('Ctrl Pts',(0.730571643800287,9.05327857759232,-6.12789209325606));
#10866=CARTESIAN_POINT('Ctrl Pts',(-2.2789731247452,9.11605179239164,-5.73507467269276));
#10867=CARTESIAN_POINT('Ctrl Pts',(-4.73729709688014,9.17882500719103,-3.9550998727412));
#10868=CARTESIAN_POINT('Ctrl Pts',(-6.04979901059773,9.24159822199036,-1.21849533407819));
#10869=CARTESIAN_POINT('Ctrl Pts',(-5.89902085537716,9.30437143678974,1.81282985131944));
#10870=CARTESIAN_POINT('Ctrl Pts',(-4.32143165624921,9.36714465158908,4.40568125989575));
#10871=CARTESIAN_POINT('Ctrl Pts',(-1.69860691756793,9.42991786638846,5.93291948335798));
#10872=CARTESIAN_POINT('Ctrl Pts',(1.33506415733421,9.4926910811878,6.0251475238854));
#10873=CARTESIAN_POINT('Ctrl Pts',(4.04581990130957,9.55546429598716,4.6600579761394));
#10874=CARTESIAN_POINT('Ctrl Pts',(5.77800300455166,9.61823751078653,2.16782847303226));
#10875=CARTESIAN_POINT('Ctrl Pts',(6.11264597788221,9.68101072558587,-0.848739156930989));
#10876=CARTESIAN_POINT('Ctrl Pts',(4.96880788428965,9.74378394038525,-3.66002011189079));
#10877=CARTESIAN_POINT('Ctrl Pts',(2.62315172173651,9.80655715518458,-5.58604279010797));
#10878=CARTESIAN_POINT('Ctrl Pts',(-0.356972749745674,9.86933036998396,
-6.16095523968091));
#10879=CARTESIAN_POINT('Ctrl Pts',(-3.25075532385156,9.93210358478329,-5.24570193904813));
#10880=CARTESIAN_POINT('Ctrl Pts',(-5.35826952606254,9.99487679958269,-3.06165750780566));
#10881=CARTESIAN_POINT('Ctrl Pts',(-6.16976559201919,10.057650014382,-0.137082269358857));
#10882=CARTESIAN_POINT('Ctrl Pts',(-5.48896492580737,10.1204232291814,2.82064940257569));
#10883=CARTESIAN_POINT('Ctrl Pts',(-3.48053449805283,10.1831964439807,5.09614350434673));
#10884=CARTESIAN_POINT('Ctrl Pts',(-0.630258431243714,10.2459696587801,
6.13902055045063));
#10885=CARTESIAN_POINT('Ctrl Pts',(2.37245982859989,10.3087428735795,5.69703724498086));
#10886=CARTESIAN_POINT('Ctrl Pts',(4.80134525855769,10.3715160883788,3.87709720243657));
#10887=CARTESIAN_POINT('Ctrl Pts',(6.06891722652706,10.4342893031782,1.1193939014392));
#10888=CARTESIAN_POINT('Ctrl Pts',(5.86858491031788,10.4970625179775,-1.90906001985429));
#10889=CARTESIAN_POINT('Ctrl Pts',(4.2488031914593,10.5598357327769,-4.47576478931383));
#10890=CARTESIAN_POINT('Ctrl Pts',(1.60135275105119,10.6226089475762,-5.95990506432085));
#10891=CARTESIAN_POINT('Ctrl Pts',(-1.43342090963003,10.6853821623756,-6.00250810119002));
#10892=CARTESIAN_POINT('Ctrl Pts',(-4.12148944718317,10.748155377175,-4.59326939616808));
#10893=CARTESIAN_POINT('Ctrl Pts',(-5.81268295894534,10.8109285919743,-2.07304506169137));
#10894=CARTESIAN_POINT('Ctrl Pts',(-6.09794821373389,10.8737018067737,0.948591899415206));
#10895=CARTESIAN_POINT('Ctrl Pts',(-4.90828738640119,10.936475021573,3.74079055033978));
#10896=CARTESIAN_POINT('Ctrl Pts',(-2.53144673546073,10.9992482363724,5.6281947758177));
#10897=CARTESIAN_POINT('Ctrl Pts',(0.45768130867581,11.0620214511717,6.15429336550553));
#10898=CARTESIAN_POINT('Ctrl Pts',(3.33610882276438,11.1247946659711,5.19183752940036));
#10899=CARTESIAN_POINT('Ctrl Pts',(5.40762329938111,11.1875678807705,2.97361888294499));
#10900=CARTESIAN_POINT('Ctrl Pts',(6.17118231836039,11.2503410955698,0.0361635530973258));
#10901=CARTESIAN_POINT('Ctrl Pts',(5.44210193801258,11.3131143103692,-2.91003874635648));
#10902=CARTESIAN_POINT('Ctrl Pts',(3.39672666492375,11.3758875251685,-5.15238265007681));
#10903=CARTESIAN_POINT('Ctrl Pts',(0.529776564313488,11.4386607399679,-6.1485067944112));
#10904=CARTESIAN_POINT('Ctrl Pts',(-2.46531192727927,11.5014339547673,-5.65747612546717));
#10905=CARTESIAN_POINT('Ctrl Pts',(-4.86410921818268,11.5642071695666,-3.79805746699635));
#10906=CARTESIAN_POINT('Ctrl Pts',(-6.08641217021549,11.626980384366,-1.01999308981447));
#10907=CARTESIAN_POINT('Ctrl Pts',(-5.8365792920074,11.6897535991653,2.00477958317787));
#10908=CARTESIAN_POINT('Ctrl Pts',(-4.17503829060433,11.7525268139647,4.54465117264286));
#10909=CARTESIAN_POINT('Ctrl Pts',(-1.50367026987722,11.815300028764,5.98529654474227));
#10910=CARTESIAN_POINT('Ctrl Pts',(1.53139426354859,11.8780732435634,5.97826317742762));
#10911=CARTESIAN_POINT('Ctrl Pts',(4.19605661214908,11.9408464583628,4.52525224895325));
#10912=CARTESIAN_POINT('Ctrl Pts',(5.84580818709337,12.0036196731621,1.97770716961043));
#10913=CARTESIAN_POINT('Ctrl Pts',(6.08161942276042,12.0663928879615,-1.04819092045278));
#10914=CARTESIAN_POINT('Ctrl Pts',(4.8464540620762,12.1291661027608,-3.82056043443912));
#10915=CARTESIAN_POINT('Ctrl Pts',(2.43906465956434,12.1919393175602,-5.66884138034226));
#10916=CARTESIAN_POINT('Ctrl Pts',(-0.558267450934009,12.2547125323596,
-6.14598539391724));
#10917=CARTESIAN_POINT('Ctrl Pts',(-3.42057000799544,12.3174857471589,-5.1365844516973));
#10918=CARTESIAN_POINT('Ctrl Pts',(-5.45553068813646,12.3802589619583,-2.8847849000953));
#10919=CARTESIAN_POINT('Ctrl Pts',(-6.1709484299457,12.4430321767576,0.0647648358846898));
#10920=CARTESIAN_POINT('Ctrl Pts',(-5.3937833436074,12.505805391557,2.99864973800539));
#10921=CARTESIAN_POINT('Ctrl Pts',(-3.31201030456783,12.5685786063563,5.20724368082126));
#10922=CARTESIAN_POINT('Ctrl Pts',(-0.429152997305143,12.6313518211557,
6.15634848866766));
#10923=CARTESIAN_POINT('Ctrl Pts',(2.55750462553259,12.6941250359551,5.61640179290938));
#10924=CARTESIAN_POINT('Ctrl Pts',(4.92557216771858,12.7568982507544,3.71800185981834));
#10925=CARTESIAN_POINT('Ctrl Pts',(6.10227917273623,12.8196714655538,0.920319459212909));
#10926=CARTESIAN_POINT('Ctrl Pts',(5.80301255567835,12.8824446803531,-2.09996292530508));
#10927=CARTESIAN_POINT('Ctrl Pts',(4.10015668642405,12.9452178951525,-4.61232199177254));
#10928=CARTESIAN_POINT('Ctrl Pts',(1.4055855999151,13.0079911099518,-6.00908712953371));
#10929=CARTESIAN_POINT('Ctrl Pts',(-1.62895801330367,13.0707643247512,-5.9524192392598));
#10930=CARTESIAN_POINT('Ctrl Pts',(-4.26950145198985,13.1335375395506,-4.45602472619633));
#10931=CARTESIAN_POINT('Ctrl Pts',(-5.87736982875734,13.1963107543499,-1.88184029742942));
#10932=CARTESIAN_POINT('Ctrl Pts',(-6.0636639725422,13.2590839691493,1.14750958040021));
#10933=CARTESIAN_POINT('Ctrl Pts',(-4.78332444991136,13.3218571839486,3.89930842790059));
#10934=CARTESIAN_POINT('Ctrl Pts',(-2.34603020363545,13.384630398748,5.7079717319418));
#10935=CARTESIAN_POINT('Ctrl Pts',(0.658704272617022,13.4474036135473,6.13603354702796));
#10936=CARTESIAN_POINT('Ctrl Pts',(3.50411628858694,13.5101768283467,5.07995748457367));
#10937=CARTESIAN_POINT('Ctrl Pts',(5.50197887847571,13.5729500431461,2.7951793197975));
#10938=CARTESIAN_POINT('Ctrl Pts',(6.16906398933188,13.6357232579454,-0.165675902125556));
#10939=CARTESIAN_POINT('Ctrl Pts',(5.34402206643464,13.6984964727448,-3.08645867661889));
#10940=CARTESIAN_POINT('Ctrl Pts',(3.22640807618795,13.7612696875442,-5.26071192282239));
#10941=CARTESIAN_POINT('Ctrl Pts',(0.328414644144981,13.8240429023435,-6.16254353579165));
#10942=CARTESIAN_POINT('Ctrl Pts',(-2.64901326445013,13.8868161171429,-5.57382523351637));
#10943=CARTESIAN_POINT('Ctrl Pts',(-4.98571766758435,13.9495893319422,-3.63695179348776));
#10944=CARTESIAN_POINT('Ctrl Pts',(-6.11651399012003,14.0123625467416,-0.820399669479623));
#10945=CARTESIAN_POINT('Ctrl Pts',(-5.76789367947256,14.0751357615409,2.19458458741444));
#10946=CARTESIAN_POINT('Ctrl Pts',(-4.02417840760576,14.1379089763403,4.67875914669436));
#10947=CARTESIAN_POINT('Ctrl Pts',(-1.30712497600858,14.2006821911397,6.0312704553942));
#10948=CARTESIAN_POINT('Ctrl Pts',(1.72608606338283,14.263455405939,5.92498319920082));
#10949=CARTESIAN_POINT('Ctrl Pts',(4.34180432231153,14.3262286207384,4.38560534427956));
#10950=CARTESIAN_POINT('Ctrl Pts',(5.90735944210085,14.3890018355377,1.78547008679458));
#10951=CARTESIAN_POINT('Ctrl Pts',(6.04408666564856,14.4517750503371,-1.2465213143568));
#10952=CARTESIAN_POINT('Ctrl Pts',(4.71891543527222,14.5145482651365,-3.97701346788845));
#10953=CARTESIAN_POINT('Ctrl Pts',(2.25236825172985,14.5773214799358,-5.74557536436654));
#10954=CARTESIAN_POINT('Ctrl Pts',(-0.758964909747862,14.6400946947352,
-6.12444048667207));
#10955=CARTESIAN_POINT('Ctrl Pts',(-3.58672531829849,14.7028679095345,-5.02197177412348));
#10956=CARTESIAN_POINT('Ctrl Pts',(-5.5469554468365,14.7656411243339,-2.70482610898139));
#10957=CARTESIAN_POINT('Ctrl Pts',(-6.16552950055289,14.8284143391332,0.266542654801389));
#10958=CARTESIAN_POINT('Ctrl Pts',(-5.29283141621264,14.8911875539326,3.1734420758175));
#10959=CARTESIAN_POINT('Ctrl Pts',(-3.13994287593169,14.9539607687319,5.31277307485481));
#10960=CARTESIAN_POINT('Ctrl Pts',(-0.227588449461008,15.0167339835313,
6.16709027878532));
#10961=CARTESIAN_POINT('Ctrl Pts',(2.73981336808845,15.0795071983307,5.52975783529986));
#10962=CARTESIAN_POINT('Ctrl Pts',(5.0445296305791,15.14228041313,3.5549289465791));
#10963=CARTESIAN_POINT('Ctrl Pts',(6.12911281496038,15.2050536279294,0.720260446300401));
#10964=CARTESIAN_POINT('Ctrl Pts',(5.73123205668491,15.2678268427287,-2.28861926091776));
#10965=CARTESIAN_POINT('Ctrl Pts',(3.94712377616584,15.3306000575281,-4.74394486736966));
#10966=CARTESIAN_POINT('Ctrl Pts',(1.20831473355825,15.3933732723274,-6.05184058891859));
#10967=CARTESIAN_POINT('Ctrl Pts',(-1.8227524348108,15.4561464871268,-5.89596239560666));
#10968=CARTESIAN_POINT('Ctrl Pts',(-4.41294588416439,15.5189197019262,-4.31401293837338));
#10969=CARTESIAN_POINT('Ctrl Pts',(-5.93576900576013,15.5816929167255,-1.68862231398083));
#10970=CARTESIAN_POINT('Ctrl Pts',(-6.02289273844913,15.6444661315249,1.34519963951567));
#10971=CARTESIAN_POINT('Ctrl Pts',(-4.65324424572794,15.7072393463242,4.053654770527));
#10972=CARTESIAN_POINT('Ctrl Pts',(-2.15810385574078,15.7700125611236,5.7816422197204));
#10973=CARTESIAN_POINT('Ctrl Pts',(0.859022545473839,15.832785775923,6.11120931366156));
#10974=CARTESIAN_POINT('Ctrl Pts',(3.66837500157749,15.8955589907223,4.96264282986577));
#10975=CARTESIAN_POINT('Ctrl Pts',(5.59044836327328,15.9583322055217,2.61374943454636));
#10976=CARTESIAN_POINT('Ctrl Pts',(6.16034590898332,16.021105420321,-0.367338114940748));
#10977=CARTESIAN_POINT('Ctrl Pts',(5.24022508497623,16.0838786351204,-3.2595766700302));
#10978=CARTESIAN_POINT('Ctrl Pts',(3.05263783076687,16.1466518499198,-5.36341321204882));
#10979=CARTESIAN_POINT('Ctrl Pts',(0.126701381376813,16.2094250647191,-6.16998750152611));
#10980=CARTESIAN_POINT('Ctrl Pts',(-2.82988065001747,16.2721982795185,-5.4842113850262));
#10981=CARTESIAN_POINT('Ctrl Pts',(-5.10199232618376,16.3349714943178,-3.47195525786242));
#10982=CARTESIAN_POINT('Ctrl Pts',(-6.14007227743425,16.3977447091172,-0.619928574044208));
#10983=CARTESIAN_POINT('Ctrl Pts',(-5.69303749324645,16.4605179239165,2.38204179421203));
#10984=CARTESIAN_POINT('Ctrl Pts',(-3.86901340202289,16.5232911387159,4.80786171851686));
#10985=CARTESIAN_POINT('Ctrl Pts',(-1.10918130146082,16.5860643535153,6.0707920281176));
#10986=CARTESIAN_POINT('Ctrl Pts',(1.91893127206499,16.6488375683146,5.86536459084301));
#10987=CARTESIAN_POINT('Ctrl Pts',(4.4829071092803,16.711610783114,4.24126665714286));
#10988=CARTESIAN_POINT('Ctrl Pts',(5.96259092086275,16.7743839979133,1.59132288349738));
#10989=CARTESIAN_POINT('Ctrl Pts',(6.00008785996101,16.8371572127127,-1.44351816322535));
#10990=CARTESIAN_POINT('Ctrl Pts',(4.5863284459589,16.8999304275121,-4.12921183454774));
#10991=CARTESIAN_POINT('Ctrl Pts',(2.06326222964516,16.9627036423114,-5.81616265489007));
#10992=CARTESIAN_POINT('Ctrl Pts',(-0.958850419091284,17.0254768571108,
-6.09634355964606));
#10993=CARTESIAN_POINT('Ctrl Pts',(-3.7490434958477,17.0882500719101,-4.90198653489089));
#10994=CARTESIAN_POINT('Ctrl Pts',(-5.63244600175565,17.1510232867095,-2.52197362894744));
#10995=CARTESIAN_POINT('Ctrl Pts',(-6.15351458724071,17.2137965015089,0.468035267989819));
#10996=CARTESIAN_POINT('Ctrl Pts',(-5.18621717048532,17.2765697163082,3.34483952757617));
#10997=CARTESIAN_POINT('Ctrl Pts',(-2.964516239364,17.3393429311076,5.41261858067446));
#10998=CARTESIAN_POINT('Ctrl Pts',(-0.0257805277947504,17.4021161459069,
6.17123483763269));
#10999=CARTESIAN_POINT('Ctrl Pts',(2.91919122218357,17.4648893607063,5.43719726624597));
#11000=CARTESIAN_POINT('Ctrl Pts',(5.15808998908142,17.5276625755056,3.38805448235943));
#11001=CARTESIAN_POINT('Ctrl Pts',(6.14939021988943,17.590435790305,0.519427834574497));
#11002=CARTESIAN_POINT('Ctrl Pts',(5.65331869230869,17.6532090051043,-2.47482122786972));
#11003=CARTESIAN_POINT('Ctrl Pts',(3.78987113552957,17.7159822199037,-4.87050428056573));
#11004=CARTESIAN_POINT('Ctrl Pts',(1.00974541025571,17.7787554347031,-6.08809687145508));
#11005=CARTESIAN_POINT('Ctrl Pts',(-2.01458552903004,17.8415286495024,-5.83324263301963));
#11006=CARTESIAN_POINT('Ctrl Pts',(-4.55169152806705,17.9043018643018,-4.16729841618329));
#11007=CARTESIAN_POINT('Ctrl Pts',(-5.98777337467392,17.9670750791011,-1.49377124507017));
#11008=CARTESIAN_POINT('Ctrl Pts',(-5.97577766984712,18.0298482939005,1.54181380453098));
#11009=CARTESIAN_POINT('Ctrl Pts',(-5.00382660111485,18.0716971037667,3.31572894713306));
#11010=CARTESIAN_POINT('Ctrl Pts',(-4.33568180367946,18.0926215086999,4.03386486354499));
#11011=CARTESIAN_POINT('',(-5.40415022742258,8.23158990499385,0.848017779765659));
#11012=CARTESIAN_POINT('Ctrl Pts',(-5.40415022742258,8.23158990499385,0.848017779765669));
#11013=CARTESIAN_POINT('Ctrl Pts',(-5.41627788520867,8.23158990499385,0.787014697250226));
#11014=CARTESIAN_POINT('Ctrl Pts',(-5.42734367070249,8.23158990499385,0.72583711957116));
#11015=CARTESIAN_POINT('Ctrl Pts',(-5.43733893089057,8.23158990499385,0.664511025816039));
#11016=CARTESIAN_POINT('Ctrl Pts',(-5.4626483745058,8.23158990499385,0.509224491715788));
#11017=CARTESIAN_POINT('Ctrl Pts',(-5.48109750530708,8.23158990499385,0.352986825064503));
#11018=CARTESIAN_POINT('Ctrl Pts',(-5.49279881074508,8.23158990499385,0.196240338842502));
#11019=CARTESIAN_POINT('Ctrl Pts',(-5.50461447772848,8.23158990499385,0.0379619064205053));
#11020=CARTESIAN_POINT('Ctrl Pts',(-5.50954982583725,8.23158990499385,-0.120836065072277));
#11021=CARTESIAN_POINT('Ctrl Pts',(-5.50766867401574,8.23158990499385,-0.279708885355712));
#11022=CARTESIAN_POINT('Ctrl Pts',(-5.50665369274549,8.23158990499385,-0.365429205797206));
#11023=CARTESIAN_POINT('Ctrl Pts',(-5.50365341368319,8.23158990499385,-0.451171434637202));
#11024=CARTESIAN_POINT('Ctrl Pts',(-5.49867158872024,8.23158990499385,-0.536865848057795));
#11025=CARTESIAN_POINT('Ctrl Pts',(-5.4973668550216,8.23158990499385,-0.559309107266369));
#11026=CARTESIAN_POINT('Ctrl Pts',(-5.49592631546212,8.23158990499385,-0.581746204901374));
#11027=CARTESIAN_POINT('Ctrl Pts',(-5.49435078121607,8.23158990499385,-0.604167528441502));
#11028=CARTESIAN_POINT('Ctrl Pts',(-5.48311261621525,8.23158990499385,-0.764097110494143));
#11029=CARTESIAN_POINT('Ctrl Pts',(-5.46500337199273,8.23158990499385,-0.923347749032686));
#11030=CARTESIAN_POINT('Ctrl Pts',(-5.44011590294469,8.23158990499385,-1.08146658166408));
#11031=CARTESIAN_POINT('Ctrl Pts',(-5.41427728400537,8.23158990499385,-1.24562840364791));
#11032=CARTESIAN_POINT('Ctrl Pts',(-5.38113275429279,8.23158990499385,-1.40857112770274));
#11033=CARTESIAN_POINT('Ctrl Pts',(-5.34072706498339,8.23158990499385,-1.56978841745082));
#11034=CARTESIAN_POINT('Ctrl Pts',(-5.3205242203287,8.23158990499385,-1.65039706232486));
#11035=CARTESIAN_POINT('Ctrl Pts',(-5.29850514883596,8.23158990499385,-1.73057427182073));
#11036=CARTESIAN_POINT('Ctrl Pts',(-5.27466984548658,8.23158990499385,-1.81025570248392));
#11037=CARTESIAN_POINT('Ctrl Pts',(-5.26465900862496,8.23158990499385,-1.84372193497014));
#11038=CARTESIAN_POINT('Ctrl Pts',(-5.25432774281887,8.23158990499385,-1.87710069928967));
#11039=CARTESIAN_POINT('Ctrl Pts',(-5.24367585222703,8.23158990499385,-1.91038716544496));
#11040=CARTESIAN_POINT('Ctrl Pts',(-5.23557458823347,8.23158990499385,-1.93570308916869));
#11041=CARTESIAN_POINT('Ctrl Pts',(-5.22728716711473,8.23158990499385,-1.96096744620104));
#11042=CARTESIAN_POINT('Ctrl Pts',(-5.21882069192547,8.23158990499385,-1.98615731003288));
#11043=CARTESIAN_POINT('Ctrl Pts',(-5.21191431149308,8.23158990499385,-2.00670550497512));
#11044=CARTESIAN_POINT('Ctrl Pts',(-5.20488782805309,8.23158990499385,-2.02720719769273));
#11045=CARTESIAN_POINT('Ctrl Pts',(-5.19774150251267,8.23158990499385,-2.04766131262692));
#11046=CARTESIAN_POINT('Ctrl Pts',(-5.14545244880429,8.23158990499385,-2.19732232489137));
#11047=CARTESIAN_POINT('Ctrl Pts',(-5.08675176617773,8.23158990499385,-2.34443649641527));
#11048=CARTESIAN_POINT('Ctrl Pts',(-5.02197757522576,8.23158990499385,-2.48868258325788));
#11049=CARTESIAN_POINT('Ctrl Pts',(-4.95622742633086,8.23158990499385,-2.63510203748837));
#11050=CARTESIAN_POINT('Ctrl Pts',(-4.88421911553289,8.23158990499385,-2.77856696327459));
#11051=CARTESIAN_POINT('Ctrl Pts',(-4.80625338730996,8.23158990499385,-2.91873157059362));
#11052=CARTESIAN_POINT('Ctrl Pts',(-4.7277659399095,8.23158990499385,-3.05983411006972));
#11053=CARTESIAN_POINT('Ctrl Pts',(-4.6432407411959,8.23158990499385,-3.19759268161652));
#11054=CARTESIAN_POINT('Ctrl Pts',(-4.55293600937387,8.23158990499385,-3.33163479177436));
#11055=CARTESIAN_POINT('Ctrl Pts',(-4.48950533906011,8.23158990499385,-3.42578690015268));
#11056=CARTESIAN_POINT('Ctrl Pts',(-4.42322216602564,8.23158990499385,-3.51810500107616));
#11057=CARTESIAN_POINT('Ctrl Pts',(-4.35416316320814,8.23158990499385,-3.60845152579058));
#11058=CARTESIAN_POINT('Ctrl Pts',(-4.29975823938285,8.23158990499385,-3.67962683377985));
#11059=CARTESIAN_POINT('Ctrl Pts',(-4.24363032432904,8.23158990499385,-3.74957839221728));
#11060=CARTESIAN_POINT('Ctrl Pts',(-4.18581274509172,8.23158990499385,-3.81823507784593));
#11061=CARTESIAN_POINT('Ctrl Pts',(-4.17251406649747,8.23158990499385,-3.83402687002343));
#11062=CARTESIAN_POINT('Ctrl Pts',(-4.15912549573996,8.23158990499385,-3.84975063079706));
#11063=CARTESIAN_POINT('Ctrl Pts',(-4.14565762222108,8.23158990499385,-3.86539383180802));
#11064=CARTESIAN_POINT('Ctrl Pts',(-4.03880665766653,8.23158990499385,-3.98950333687562));
#11065=CARTESIAN_POINT('Ctrl Pts',(-3.92681692535121,8.23158990499385,-4.10872458943542));
#11066=CARTESIAN_POINT('Ctrl Pts',(-3.80999611200009,8.23158990499385,-4.22270722953525));
#11067=CARTESIAN_POINT('Ctrl Pts',(-3.76177938049878,8.23158990499385,-4.26975253076068));
#11068=CARTESIAN_POINT('Ctrl Pts',(-3.71273908428877,8.23158990499385,-4.31590515857284));
#11069=CARTESIAN_POINT('Ctrl Pts',(-3.66289457911769,8.23158990499385,-4.36113926307573));
#11070=CARTESIAN_POINT('Ctrl Pts',(-3.62941549278743,8.23158990499385,-4.39152167904168));
#11071=CARTESIAN_POINT('Ctrl Pts',(-3.59557356903281,8.23158990499385,-4.42148969687428));
#11072=CARTESIAN_POINT('Ctrl Pts',(-3.56137837805345,8.23158990499385,-4.4510402609361));
#11073=CARTESIAN_POINT('Ctrl Pts',(-5.40415022742258,8.23158990499384,0.848017779765659));
#11074=CARTESIAN_POINT('Ctrl Pts',(-5.27285497283618,8.25108035515971,1.68144390119745));
#11075=CARTESIAN_POINT('Ctrl Pts',(-4.59532737728293,8.29149521025869,3.34656534658213));
#11076=CARTESIAN_POINT('Ctrl Pts',(-2.50693311944098,8.35283447029077,5.11923827019809));
#11077=CARTESIAN_POINT('Ctrl Pts',(0.23660729118824,8.41560768509014,5.69523436218441));
#11078=CARTESIAN_POINT('Ctrl Pts',(2.92293596970982,8.4783808998895,4.89366598709816));
#11079=CARTESIAN_POINT('Ctrl Pts',(4.90227803920933,8.54115411468884,2.90847670150558));
#11080=CARTESIAN_POINT('Ctrl Pts',(5.45189175575655,8.58462707519488,1.0464574111907));
#11081=CARTESIAN_POINT('Ctrl Pts',(5.47032286389822,8.60717563076779,0.0703770800197902));
#11082=CARTESIAN_POINT('Ctrl Pts',(5.47027805985556,8.60879978140758,6.92695801041057E-5));
#11083=CARTESIAN_POINT('',(-1.48731508532694,17.8315899049938,-5.73219820636542));
#11084=CARTESIAN_POINT('Ctrl Pts',(-1.48749338485372,17.8315899049938,-5.73239188972223));
#11085=CARTESIAN_POINT('Ctrl Pts',(-1.63633084233014,17.8315899049938,-5.68800200054629));
#11086=CARTESIAN_POINT('Ctrl Pts',(-1.78320605357128,17.8315899049938,-5.63778992447015));
#11087=CARTESIAN_POINT('Ctrl Pts',(-1.92776131755959,17.8315899049938,-5.58178823159638));
#11088=CARTESIAN_POINT('Ctrl Pts',(-2.08390673318768,17.8315899049938,-5.52129643511391));
#11089=CARTESIAN_POINT('Ctrl Pts',(-2.23734611607874,17.8315899049938,-5.45404970590354));
#11090=CARTESIAN_POINT('Ctrl Pts',(-2.38770638533312,17.8315899049938,-5.38032750109767));
#11091=CARTESIAN_POINT('Ctrl Pts',(-2.47769794471172,17.8315899049938,-5.33620430150374));
#11092=CARTESIAN_POINT('Ctrl Pts',(-2.56658608961501,17.8315899049938,-5.28976061357409));
#11093=CARTESIAN_POINT('Ctrl Pts',(-2.65428584828698,17.8315899049938,-5.24104896706807));
#11094=CARTESIAN_POINT('Ctrl Pts',(-2.70856571225881,17.8315899049938,-5.21089994971354));
#11095=CARTESIAN_POINT('Ctrl Pts',(-2.76239025939444,17.8315899049938,-5.17988203567525));
#11096=CARTESIAN_POINT('Ctrl Pts',(-2.81573847980592,17.8315899049938,-5.14800672852645));
#11097=CARTESIAN_POINT('Ctrl Pts',(-2.84577394555277,17.8315899049938,-5.13006068105471));
#11098=CARTESIAN_POINT('Ctrl Pts',(-2.8756625233637,17.8315899049938,-5.11184018329969));
#11099=CARTESIAN_POINT('Ctrl Pts',(-2.90537494441264,17.8315899049938,-5.09336332233301));
#11100=CARTESIAN_POINT('Ctrl Pts',(-3.04696269765021,17.8315899049938,-5.0053160633484));
#11101=CARTESIAN_POINT('Ctrl Pts',(-3.18465396655906,17.8315899049938,-4.9113925885926));
#11102=CARTESIAN_POINT('Ctrl Pts',(-3.31808341070922,17.8315899049938,-4.81187195904533));
#11103=CARTESIAN_POINT('Ctrl Pts',(-3.45094948515135,17.8315899049938,-4.71277152841569));
#11104=CARTESIAN_POINT('Ctrl Pts',(-3.57959021371474,17.8315899049938,-4.6081206184226));
#11105=CARTESIAN_POINT('Ctrl Pts',(-3.7036116283771,17.8315899049938,-4.49815557806723));
#11106=CARTESIAN_POINT('Ctrl Pts',(-3.80556607886373,17.8315899049938,-4.40775647003663));
#11107=CARTESIAN_POINT('Ctrl Pts',(-3.90439833502382,17.8315899049938,-4.31376524112457));
#11108=CARTESIAN_POINT('Ctrl Pts',(-3.99986850696185,17.8315899049938,-4.21629665942513));
#11109=CARTESIAN_POINT('Ctrl Pts',(-4.01893593141987,17.8315899049938,-4.1968301100217));
#11110=CARTESIAN_POINT('Ctrl Pts',(-4.03787064381921,17.8315899049938,-4.17722316236553));
#11111=CARTESIAN_POINT('Ctrl Pts',(-4.05665506670878,17.8315899049938,-4.15749334889902));
#11112=CARTESIAN_POINT('Ctrl Pts',(-4.13192383317214,17.8315899049938,-4.07843642333326));
#11113=CARTESIAN_POINT('Ctrl Pts',(-4.2048359763406,17.8315899049939,-3.99735117684208));
#11114=CARTESIAN_POINT('Ctrl Pts',(-4.27529116123767,17.8315899049939,-3.91431510775486));
#11115=CARTESIAN_POINT('Ctrl Pts',(-4.38135951222529,17.8315899049939,-3.78930658022856));
#11116=CARTESIAN_POINT('Ctrl Pts',(-4.48186141380683,17.8315899049938,-3.65987806983761));
#11117=CARTESIAN_POINT('Ctrl Pts',(-4.57663937289779,17.8315899049938,-3.52646008536071));
#11118=CARTESIAN_POINT('Ctrl Pts',(-4.67201163458538,17.8315899049938,-3.39220550706632));
#11119=CARTESIAN_POINT('Ctrl Pts',(-4.76158829467884,17.8315899049938,-3.25391059277008));
#11120=CARTESIAN_POINT('Ctrl Pts',(-4.84516476366852,17.8315899049938,-3.11198526393228));
#11121=CARTESIAN_POINT('Ctrl Pts',(-4.92411544102211,17.8315899049938,-2.97791522028451));
#11122=CARTESIAN_POINT('Ctrl Pts',(-4.99771161257923,17.8315899049938,-2.84060479329237));
#11123=CARTESIAN_POINT('Ctrl Pts',(-5.06574078343798,17.8315899049938,-2.70038439269179));
#11124=CARTESIAN_POINT('Ctrl Pts',(-5.11676266158204,17.8315899049938,-2.59521909224135));
#11125=CARTESIAN_POINT('Ctrl Pts',(-5.1646523271402,17.8315899049939,-2.48841658493922));
#11126=CARTESIAN_POINT('Ctrl Pts',(-5.20930451142367,17.8315899049939,-2.38011355927633));
#11127=CARTESIAN_POINT('Ctrl Pts',(-5.21763503352222,17.8315899049939,-2.35990803600571));
#11128=CARTESIAN_POINT('Ctrl Pts',(-5.22585283138869,17.8315899049938,-2.33965028216552));
#11129=CARTESIAN_POINT('Ctrl Pts',(-5.23395716691783,17.8315899049938,-2.31934118255998));
#11130=CARTESIAN_POINT('Ctrl Pts',(-5.24153101862071,17.8315899049938,-2.30036145151625));
#11131=CARTESIAN_POINT('Ctrl Pts',(-5.24900188053005,17.8315899049938,-2.28134663448882));
#11132=CARTESIAN_POINT('Ctrl Pts',(-5.25636936224756,17.8315899049938,-2.26229780725243));
#11133=CARTESIAN_POINT('Ctrl Pts',(-5.31525943657796,17.8315899049938,-2.11003589539828));
#11134=CARTESIAN_POINT('Ctrl Pts',(-5.36755037798005,17.8315899049938,-1.95559741219787));
#11135=CARTESIAN_POINT('Ctrl Pts',(-5.41306879749073,17.8315899049938,-1.79938768216562));
#11136=CARTESIAN_POINT('Ctrl Pts',(-5.45374659539335,17.8315899049938,-1.65978995673969));
#11137=CARTESIAN_POINT('Ctrl Pts',(-5.489015248173,17.8315899049938,-1.51877698510349));
#11138=CARTESIAN_POINT('Ctrl Pts',(-5.51871760676756,17.8315899049938,-1.37662684065141));
#11139=CARTESIAN_POINT('Ctrl Pts',(-5.55200188445065,17.8315899049938,-1.21733427586829));
#11140=CARTESIAN_POINT('Ctrl Pts',(-5.57829729918956,17.8315899049938,-1.05661319389845));
#11141=CARTESIAN_POINT('Ctrl Pts',(-5.59762072876502,17.8315899049938,-0.89492401078223));
#11142=CARTESIAN_POINT('Ctrl Pts',(-5.61688346727083,17.8315899049938,-0.733742661403972));
#11143=CARTESIAN_POINT('Ctrl Pts',(-5.62921787082923,17.8315899049938,-0.571598518902297));
#11144=CARTESIAN_POINT('Ctrl Pts',(-5.63458933755261,17.8315899049938,-0.408952430872357));
#11145=CARTESIAN_POINT('Ctrl Pts',(-5.63613455296387,17.8315899049938,-0.362163861800284));
#11146=CARTESIAN_POINT('Ctrl Pts',(-5.63710323146985,17.8315899049938,-0.315333824569662));
#11147=CARTESIAN_POINT('Ctrl Pts',(-5.6374937719719,17.8315899049938,-0.2684735010892));
#11148=CARTESIAN_POINT('Ctrl Pts',(-5.6377897732126,17.8315899049938,-0.232956790741797));
#11149=CARTESIAN_POINT('Ctrl Pts',(-5.63775365397195,17.8315899049938,-0.197422684450683));
#11150=CARTESIAN_POINT('Ctrl Pts',(-5.63738458489565,17.8315899049938,-0.161876101292727));
#11151=CARTESIAN_POINT('Ctrl Pts',(-5.63717216164556,17.8315899049938,-0.141416731465156));
#11152=CARTESIAN_POINT('Ctrl Pts',(-5.63684952414929,17.8315899049938,-0.120962377127773));
#11153=CARTESIAN_POINT('Ctrl Pts',(-5.6364168740757,17.8315899049938,-0.100516517589113));
#11154=CARTESIAN_POINT('Ctrl Pts',(-5.63300001114154,17.8315899049938,0.0609550823927356));
#11155=CARTESIAN_POINT('Ctrl Pts',(-5.62272535412087,17.8315899049938,0.221948876739185));
#11156=CARTESIAN_POINT('Ctrl Pts',(-5.60564965495044,17.8315899049938,0.382019037196683));
#11157=CARTESIAN_POINT('Ctrl Pts',(-5.58857821332891,17.8315899049938,0.542049286753373));
#11158=CARTESIAN_POINT('Ctrl Pts',(-5.56470903821357,17.8315899049938,0.701157123235346));
#11159=CARTESIAN_POINT('Ctrl Pts',(-5.53404703679438,17.8315899049938,0.858893226491125));
#11160=CARTESIAN_POINT('Ctrl Pts',(-5.50374324441414,17.8315899049938,1.01478657665386));
#11161=CARTESIAN_POINT('Ctrl Pts',(-5.46680425513973,17.8315899049938,1.16934075026039));
#11162=CARTESIAN_POINT('Ctrl Pts',(-5.42318613495149,17.8315899049938,1.32210748125544));
#11163=CARTESIAN_POINT('Ctrl Pts',(-5.41637124233709,17.8315899049938,1.34597574660688));
#11164=CARTESIAN_POINT('Ctrl Pts',(-5.40939321099225,17.8315899049938,1.36980033772069));
#11165=CARTESIAN_POINT('Ctrl Pts',(-5.40225176807366,17.8315899049938,1.39357949552654));
#11166=CARTESIAN_POINT('Ctrl Pts',(-5.36936148211821,17.8315899049939,1.50309564078327));
#11167=CARTESIAN_POINT('Ctrl Pts',(-5.33300591863745,17.8315899049938,1.61164869431292));
#11168=CARTESIAN_POINT('Ctrl Pts',(-5.29325575979564,17.8315899049938,1.71909167080786));
#11169=CARTESIAN_POINT('Ctrl Pts',(-5.27586506530234,17.8315899049938,1.7660979730244));
#11170=CARTESIAN_POINT('Ctrl Pts',(-5.25782448365162,17.8315899049938,1.81289170112387));
#11171=CARTESIAN_POINT('Ctrl Pts',(-5.23913930308441,17.8315899049938,1.85946004747046));
#11172=CARTESIAN_POINT('Ctrl Pts',(-5.22615964816038,17.8315899049938,1.89180873491221));
#11173=CARTESIAN_POINT('Ctrl Pts',(-5.21286894178219,17.8315899049938,1.92404866051937));
#11174=CARTESIAN_POINT('Ctrl Pts',(-5.19926885399576,17.8315899049938,1.95617543434777));
#11175=CARTESIAN_POINT('Ctrl Pts',(-5.19100672727131,17.8315899049938,1.97569262282377));
#11176=CARTESIAN_POINT('Ctrl Pts',(-5.18263400192687,17.8315899049938,1.99515954536117));
#11177=CARTESIAN_POINT('Ctrl Pts',(-5.17415291268632,17.8315899049938,2.01457181278372));
#11178=CARTESIAN_POINT('Ctrl Pts',(-5.11063875854194,17.8315899049938,2.15994862823704));
#11179=CARTESIAN_POINT('Ctrl Pts',(-5.04102376158697,17.8315899049939,2.3023264775574));
#11180=CARTESIAN_POINT('Ctrl Pts',(-4.96558181942873,17.8315899049939,2.44135676412896));
#11181=CARTESIAN_POINT('Ctrl Pts',(-4.88962032697104,17.8315899049939,2.5813445184559));
#11182=CARTESIAN_POINT('Ctrl Pts',(-4.80775097148083,17.8315899049938,2.71793909852242));
#11183=CARTESIAN_POINT('Ctrl Pts',(-4.72020649020454,17.8315899049938,2.8507612511763));
#11184=CARTESIAN_POINT('Ctrl Pts',(-4.63316947741718,17.8315899049938,2.98281347457685));
#11185=CARTESIAN_POINT('Ctrl Pts',(-4.54052248870086,17.8315899049938,3.11113746864954));
#11186=CARTESIAN_POINT('Ctrl Pts',(-4.44245449370872,17.8315899049938,3.23532824574889));
#11187=CARTESIAN_POINT('Ctrl Pts',(-4.34625604877788,17.8315899049938,3.35715147291559));
#11188=CARTESIAN_POINT('Ctrl Pts',(-4.24484084304759,17.8315899049938,3.47499802706511));
#11189=CARTESIAN_POINT('Ctrl Pts',(-4.13835584659063,17.8315899049938,3.58844690372004));
#11190=CARTESIAN_POINT('Ctrl Pts',(-4.09464588300658,17.8315899049938,3.63501540099413));
#11191=CARTESIAN_POINT('Ctrl Pts',(-4.05008135893354,17.8315899049938,3.68084242003164));
#11192=CARTESIAN_POINT('Ctrl Pts',(-4.0046711405635,17.8315899049938,3.72589662605363));
#11193=CARTESIAN_POINT('Ctrl Pts',(5.69982502679794,17.6357819673092,-1.60640252645453));
#11194=CARTESIAN_POINT('Ctrl Pts',(5.62620733276349,17.6415909799076,-1.86858887425757));
#11195=CARTESIAN_POINT('Ctrl Pts',(5.53459724645578,17.647399992506,-2.12566895592915));
#11196=CARTESIAN_POINT('Ctrl Pts',(5.42542268744229,17.6532090051043,-2.37506022624502));
#11197=CARTESIAN_POINT('Ctrl Pts',(5.03216950671565,17.6741334100375,-3.27338224543507));
#11198=CARTESIAN_POINT('Ctrl Pts',(4.41102032112262,17.6950578149706,-4.07194326300039));
#11199=CARTESIAN_POINT('Ctrl Pts',(3.63709144078045,17.7159822199037,-4.67415587026462));
#11200=CARTESIAN_POINT('Ctrl Pts',(2.8631625604383,17.7369066248368,-5.27636847752884));
#11201=CARTESIAN_POINT('Ctrl Pts',(1.93645398534698,17.75783102977,-5.68223267449196));
#11202=CARTESIAN_POINT('Ctrl Pts',(0.969044541253727,17.7787554347031,-5.84268906656761));
#11203=CARTESIAN_POINT('Ctrl Pts',(0.154802898598729,17.7963669248,-5.97774075234129));
#11204=CARTESIAN_POINT('Ctrl Pts',(-0.688271732356738,17.8139784148969,
-5.9389425783779));
#11205=CARTESIAN_POINT('Ctrl Pts',(-1.48749338485372,17.8315899049938,-5.73239188972223));
#11206=CARTESIAN_POINT('Ctrl Pts',(-5.69961910813351,17.2389069673092,1.60610524129628));
#11207=CARTESIAN_POINT('Ctrl Pts',(-5.53967011220752,17.2514612169755,2.17257783880201));
#11208=CARTESIAN_POINT('Ctrl Pts',(-5.29603976284974,17.2640154666419,2.7155591515625));
#11209=CARTESIAN_POINT('Ctrl Pts',(-4.977149918091,17.2765697163082,3.21000199316149));
#11210=CARTESIAN_POINT('Ctrl Pts',(-4.44565019344488,17.2974941212413,4.03409921194226));
#11211=CARTESIAN_POINT('Ctrl Pts',(-3.70508321640444,17.3184185261744,4.72335889630836));
#11212=CARTESIAN_POINT('Ctrl Pts',(-2.84501044262268,17.3393429311076,5.19442478131778));
#11213=CARTESIAN_POINT('Ctrl Pts',(-1.98493766884094,17.3602673360407,5.66549066632719));
#11214=CARTESIAN_POINT('Ctrl Pts',(-1.00535909831789,17.3811917409738,5.91836275197993));
#11215=CARTESIAN_POINT('Ctrl Pts',(-0.0247411880599945,17.4021161459069,
5.9224591995752));
#11216=CARTESIAN_POINT('Ctrl Pts',(0.955876722197957,17.42304055084,5.92655564717046));
#11217=CARTESIAN_POINT('Ctrl Pts',(1.93753397219075,17.4439649557732,5.68187645670822));
#11218=CARTESIAN_POINT('Ctrl Pts',(2.80151239167013,17.4648893607063,5.21801306416268));
#11219=CARTESIAN_POINT('Ctrl Pts',(3.66549081114951,17.4858137656394,4.75414967161713));
#11220=CARTESIAN_POINT('Ctrl Pts',(4.41179040011548,17.5067381705725,4.07110207698827));
#11221=CARTESIAN_POINT('Ctrl Pts',(4.95015689973313,17.5276625755056,3.25147383837634));
#11222=CARTESIAN_POINT('Ctrl Pts',(5.28221885689096,17.5405686513097,2.74593094659426));
#11223=CARTESIAN_POINT('Ctrl Pts',(5.5351754748024,17.5534747271138,2.18842779100505));
#11224=CARTESIAN_POINT('Ctrl Pts',(5.69964956345587,17.5663808029179,1.60610030692636));
#11225=CARTESIAN_POINT('Ctrl Pts',(5.70042462139807,16.8420319673092,-1.60634210246148));
#11226=CARTESIAN_POINT('Ctrl Pts',(5.45452793198286,16.8613314540435,-2.47678679001348));
#11227=CARTESIAN_POINT('Ctrl Pts',(5.00662816670337,16.8806309407778,-3.29057473005114));
#11228=CARTESIAN_POINT('Ctrl Pts',(4.40144397890696,16.8999304275121,-3.96275469271773));
#11229=CARTESIAN_POINT('Ctrl Pts',(3.74530637385432,16.9208548324452,-4.69152877466185));
#11230=CARTESIAN_POINT('Ctrl Pts',(2.90428430174973,16.9417792373783,-5.25384571477597));
#11231=CARTESIAN_POINT('Ctrl Pts',(1.98008782424138,16.9627036423114,-5.58170100229235));
#11232=CARTESIAN_POINT('Ctrl Pts',(1.055891346733,16.9836280472445,-5.90955628980874));
#11233=CARTESIAN_POINT('Ctrl Pts',(0.0485204638209019,17.0045524521776,
-6.0029499247274));
#11234=CARTESIAN_POINT('Ctrl Pts',(-0.920197157094585,17.0254768571108,
-5.85058723806087));
#11235=CARTESIAN_POINT('Ctrl Pts',(-1.88891477801007,17.0464012620439,-5.69822455139434));
#11236=CARTESIAN_POINT('Ctrl Pts',(-2.81897913692891,17.067325666977,-5.3001055431426));
#11237=CARTESIAN_POINT('Ctrl Pts',(-3.59791173403965,17.0882500719101,-4.70437722135949));
#11238=CARTESIAN_POINT('Ctrl Pts',(-4.37684433115036,17.1091744768433,-4.10864889957639));
#11239=CARTESIAN_POINT('Ctrl Pts',(-5.00464516645301,17.1300988817764,-3.31531126426191));
#11240=CARTESIAN_POINT('Ctrl Pts',(-5.40539034835184,17.1510232867095,-2.42030763044847));
#11241=CARTESIAN_POINT('Ctrl Pts',(-5.52338301996474,17.1571841254456,-2.15678887931459));
#11242=CARTESIAN_POINT('Ctrl Pts',(-5.62169203542818,17.1633449641818,-1.88445661252256));
#11243=CARTESIAN_POINT('Ctrl Pts',(-5.69978124014423,17.1695058029179,-1.60638740657991));
#11244=CARTESIAN_POINT('Ctrl Pts',(-5.6999179851494,16.4451569673092,1.60643448689228));
#11245=CARTESIAN_POINT('Ctrl Pts',(-5.63504366706762,16.4502772861783,1.83752978289084));
#11246=CARTESIAN_POINT('Ctrl Pts',(-5.55616274267576,16.4553976050474,2.06464828193479));
#11247=CARTESIAN_POINT('Ctrl Pts',(-5.46353927540717,16.4605179239165,2.2860167202201));
#11248=CARTESIAN_POINT('Ctrl Pts',(-5.08502946283861,16.4814423288497,3.19064843564696));
#11249=CARTESIAN_POINT('Ctrl Pts',(-4.47702143243074,16.5023667337828,3.99925507708192));
#11250=CARTESIAN_POINT('Ctrl Pts',(-3.71304540046645,16.5232911387159,4.61404678273286));
#11251=CARTESIAN_POINT('Ctrl Pts',(-2.94906936850218,16.544215543649,5.22883848838378));
#11252=CARTESIAN_POINT('Ctrl Pts',(-2.0291253349815,16.5651399485821,5.64981525825069));
#11253=CARTESIAN_POINT('Ctrl Pts',(-1.06446788930019,16.5860643535153,5.82606573697171));
#11254=CARTESIAN_POINT('Ctrl Pts',(-0.0998104436188825,16.6069887584484,
6.00231621569274));
#11255=CARTESIAN_POINT('Ctrl Pts',(0.909560414223054,16.6279131633815,5.93384040326787));
#11256=CARTESIAN_POINT('Ctrl Pts',(1.84157514934657,16.6488375683146,5.62891950810541));
#11257=CARTESIAN_POINT('Ctrl Pts',(2.77358988447009,16.6697619732478,5.32399861294296));
#11258=CARTESIAN_POINT('Ctrl Pts',(3.6282484968752,16.6906863781809,4.78263263504291));
#11259=CARTESIAN_POINT('Ctrl Pts',(4.30219177167482,16.711610783114,4.0702923504853));
#11260=CARTESIAN_POINT('Ctrl Pts',(4.95731246457647,16.7319507897153,3.37784703906072));
#11261=CARTESIAN_POINT('Ctrl Pts',(5.4416712645072,16.7522907963166,2.52384434882653));
#11262=CARTESIAN_POINT('Ctrl Pts',(5.70047857327133,16.7726308029179,1.60640615762417));
#11263=CARTESIAN_POINT('Ctrl Pts',(5.69957056161512,16.0482819673092,-1.60611866813774));
#11264=CARTESIAN_POINT('Ctrl Pts',(5.54847873312193,16.0601475232463,-2.14155139307951));
#11265=CARTESIAN_POINT('Ctrl Pts',(5.32269420215088,16.0720130791833,-2.65599079551139));
#11266=CARTESIAN_POINT('Ctrl Pts',(5.02898067994252,16.0838786351204,-3.1281763345184));
#11267=CARTESIAN_POINT('Ctrl Pts',(4.51102933357311,16.1048030400535,-3.96085551736974));
#11268=CARTESIAN_POINT('Ctrl Pts',(3.78183358216999,16.1257274449866,-4.66213436470928));
#11269=CARTESIAN_POINT('Ctrl Pts',(2.92957963157009,16.1466518499198,-5.14720283662527));
#11270=CARTESIAN_POINT('Ctrl Pts',(2.07732568097018,16.1675762548529,-5.63227130854125));
#11271=CARTESIAN_POINT('Ctrl Pts',(1.10201353117351,16.188500659786,-5.90112940503368));
#11272=CARTESIAN_POINT('Ctrl Pts',(0.121593784376114,16.2094250647191,-5.92126243386324));
#11273=CARTESIAN_POINT('Ctrl Pts',(-0.858825962421272,16.2303494696522,
-5.94139546269281));
#11274=CARTESIAN_POINT('Ctrl Pts',(-1.84435330621936,16.2512738745854,-5.7128034238595));
#11275=CARTESIAN_POINT('Ctrl Pts',(-2.71580225747945,16.2721982795185,-5.2631313832489));
#11276=CARTESIAN_POINT('Ctrl Pts',(-3.58725120873956,16.2931226844516,-4.81345934263828));
#11277=CARTESIAN_POINT('Ctrl Pts',(-4.34462176746167,16.3140470893847,-4.14270730025034));
#11278=CARTESIAN_POINT('Ctrl Pts',(-4.89632037203114,16.3349714943178,-3.33199349841999));
#11279=CARTESIAN_POINT('Ctrl Pts',(-5.25476379754199,16.3485662638512,-2.80526562593649));
#11280=CARTESIAN_POINT('Ctrl Pts',(-5.52638867037086,16.3621610333846,-2.21945688637184));
#11281=CARTESIAN_POINT('Ctrl Pts',(-5.69971815182614,16.3757558029179,-1.60609881075671));
#11282=CARTESIAN_POINT('Ctrl Pts',(-5.70036255716936,15.6514069673092,1.60629717192707));
#11283=CARTESIAN_POINT('Ctrl Pts',(-5.46308853760913,15.6700177603142,2.44566949119131));
#11284=CARTESIAN_POINT('Ctrl Pts',(-5.03857211089653,15.6886285533192,3.23259265297831));
#11285=CARTESIAN_POINT('Ctrl Pts',(-4.4656622628503,15.7072393463242,3.89024349022399));
#11286=CARTESIAN_POINT('Ctrl Pts',(-3.82153078239889,15.7281637512574,4.6296505869248));
#11287=CARTESIAN_POINT('Ctrl Pts',(-2.98981731906983,15.7490881561905,5.2056464033226));
#11288=CARTESIAN_POINT('Ctrl Pts',(-2.07110618720285,15.7700125611236,5.5485721605117));
#11289=CARTESIAN_POINT('Ctrl Pts',(-1.1523950553359,15.7909369660567,5.89149791770079));
#11290=CARTESIAN_POINT('Ctrl Pts',(-0.146686254931016,15.8118613709898,
6.00135361568117));
#11291=CARTESIAN_POINT('Ctrl Pts',(0.824393554622016,15.832785775923,5.86485371737207));
#11292=CARTESIAN_POINT('Ctrl Pts',(1.79547336417506,15.8537101808561,5.72835381906296));
#11293=CARTESIAN_POINT('Ctrl Pts',(2.73192418287627,15.8746345857892,5.34549832446437));
#11294=CARTESIAN_POINT('Ctrl Pts',(3.52049515250951,15.8955589907223,4.76258834461183));
#11295=CARTESIAN_POINT('Ctrl Pts',(4.30906612214276,15.9164833956555,4.1796783647593));
#11296=CARTESIAN_POINT('Ctrl Pts',(4.94975724270801,15.9374078005886,3.39671389965283));
#11297=CARTESIAN_POINT('Ctrl Pts',(5.36508572727565,15.9583322055217,2.50838374218508));
#11298=CARTESIAN_POINT('Ctrl Pts',(5.50104208770514,15.9651817379871,2.21759190016926));
#11299=CARTESIAN_POINT('Ctrl Pts',(5.61284953780882,15.9720312704525,1.91550951460355));
#11300=CARTESIAN_POINT('Ctrl Pts',(5.69970222519807,15.9788808029179,1.60635193356335));
#11301=CARTESIAN_POINT('Ctrl Pts',(5.70001559937062,15.2545319673092,-1.60645951310285));
#11302=CARTESIAN_POINT('Ctrl Pts',(5.64387344862296,15.2589635924491,-1.80646324601102));
#11303=CARTESIAN_POINT('Ctrl Pts',(5.57721550211236,15.2633952175889,-2.00348092676872));
#11304=CARTESIAN_POINT('Ctrl Pts',(5.50019413631098,15.2678268427287,-2.19636024412335));
#11305=CARTESIAN_POINT('Ctrl Pts',(5.13652929651189,15.2887512476619,-3.10706112973505));
#11306=CARTESIAN_POINT('Ctrl Pts',(4.54182653633886,15.309675652595,-3.92550299855237));
#11307=CARTESIAN_POINT('Ctrl Pts',(3.7880069824844,15.3306000575281,-4.55270655321918));
#11308=CARTESIAN_POINT('Ctrl Pts',(3.03418742862996,15.3515244624612,-5.17991010788597));
#11309=CARTESIAN_POINT('Ctrl Pts',(2.1212510810941,15.3724488673943,-5.61587534840228));
#11310=CARTESIAN_POINT('Ctrl Pts',(1.15960504593133,15.3933732723275,-5.80787826977511));
#11311=CARTESIAN_POINT('Ctrl Pts',(0.197959010768564,15.4142976772606,-5.99988119114794));
#11312=CARTESIAN_POINT('Ctrl Pts',(-0.812396712021118,15.4352220821937,
-5.9479217933773));
#11313=CARTESIAN_POINT('Ctrl Pts',(-1.74927348164156,15.4561464871268,-5.65828385161977));
#11314=CARTESIAN_POINT('Ctrl Pts',(-2.68615025126199,15.4770708920599,-5.36864590986223));
#11315=CARTESIAN_POINT('Ctrl Pts',(-3.54954806771319,15.4979952969931,-4.84132942411781));
#11316=CARTESIAN_POINT('Ctrl Pts',(-4.23505082953808,15.5189197019262,-4.14010607718017));
#11317=CARTESIAN_POINT('Ctrl Pts',(-4.92055359136297,15.5398441068593,-3.43888273024253));
#11318=CARTESIAN_POINT('Ctrl Pts',(-5.42816129856155,15.5607685117924,-2.56375252211168));
#11319=CARTESIAN_POINT('Ctrl Pts',(-5.69648577427567,15.5816929167255,-1.62055042579684));
#11320=CARTESIAN_POINT('Ctrl Pts',(-5.69782320814461,15.581797212123,-1.61584913857542));
#11321=CARTESIAN_POINT('Ctrl Pts',(-5.69915469722626,15.5819015075205,-1.61114616016615));
#11322=CARTESIAN_POINT('Ctrl Pts',(-5.70048024108569,15.5820058029179,-1.60644150571375));
#11323=CARTESIAN_POINT('Ctrl Pts',(-5.69953728856624,14.8576569673092,1.60613870368098));
#11324=CARTESIAN_POINT('Ctrl Pts',(-5.55729892768639,14.868833829517,2.11052478854116));
#11325=CARTESIAN_POINT('Ctrl Pts',(-5.34882139005719,14.8800106917248,2.59626967210464));
#11326=CARTESIAN_POINT('Ctrl Pts',(-5.07946634022252,14.8911875539326,3.0455140054877));
#11327=CARTESIAN_POINT('Ctrl Pts',(-4.57520190278566,14.9121119588657,3.88655240882994));
#11328=CARTESIAN_POINT('Ctrl Pts',(-3.85757238935868,14.9330363637988,4.59966274184237));
#11329=CARTESIAN_POINT('Ctrl Pts',(-3.01336522823341,14.9539607687319,5.09860410900367));
#11330=CARTESIAN_POINT('Ctrl Pts',(-2.16915806710814,14.9748851736651,5.59754547616498));
#11331=CARTESIAN_POINT('Ctrl Pts',(-1.19837325828456,14.9958095785982,5.88231787747516));
#11332=CARTESIAN_POINT('Ctrl Pts',(-0.218413884281197,15.0167339835313,
5.918482004216));
#11333=CARTESIAN_POINT('Ctrl Pts',(0.761545489722165,15.0376583884644,5.95464613095684));
#11334=CARTESIAN_POINT('Ctrl Pts',(1.7506794289053,15.0585827933976,5.74220198312835));
#11335=CARTESIAN_POINT('Ctrl Pts',(2.62936577557865,15.0795071983307,5.30684176109398));
#11336=CARTESIAN_POINT('Ctrl Pts',(3.508052122252,15.1004316032638,4.87148153905961));
#11337=CARTESIAN_POINT('Ctrl Pts',(4.27629087641555,15.1213560081969,4.21320524281935));
#11338=CARTESIAN_POINT('Ctrl Pts',(4.84117411756087,15.14228041313,3.41162234465278));
#11339=CARTESIAN_POINT('Ctrl Pts',(5.22677595657941,15.1565638763927,2.86444406577138));
#11340=CARTESIAN_POINT('Ctrl Pts',(5.5176196041981,15.1708473396553,2.25048877055712));
#11341=CARTESIAN_POINT('Ctrl Pts',(5.69979787136187,15.1851308029179,1.60610431255371));
#11342=CARTESIAN_POINT('Ctrl Pts',(5.70028529056695,14.4607819673092,-1.60625322337864));
#11343=CARTESIAN_POINT('Ctrl Pts',(5.4716864893503,14.478704066585,-2.41457168567219));
#11344=CARTESIAN_POINT('Ctrl Pts',(5.06996437673401,14.4966261658607,-3.17443937741636));
#11345=CARTESIAN_POINT('Ctrl Pts',(4.52868610974454,14.5145482651365,-3.81669175837954));
#11346=CARTESIAN_POINT('Ctrl Pts',(3.89673304075809,14.5354726700696,-4.56653410004782));
#11347=CARTESIAN_POINT('Ctrl Pts',(3.07455064624396,14.5563970750027,-5.15605473220719));
#11348=CARTESIAN_POINT('Ctrl Pts',(2.16157058874062,14.5773214799358,-5.51395923533778));
#11349=CARTESIAN_POINT('Ctrl Pts',(1.24859053123728,14.5982458848689,-5.87186373846839));
#11350=CARTESIAN_POINT('Ctrl Pts',(0.244812810744714,14.619170289802,-5.99815211257023));
#11351=CARTESIAN_POINT('Ctrl Pts',(-0.728369450926681,14.6400946947352,
-5.87755151419638));
#11352=CARTESIAN_POINT('Ctrl Pts',(-1.70155171259808,14.6610190996683,-5.75695091582254));
#11353=CARTESIAN_POINT('Ctrl Pts',(-2.64413851544828,14.6819435046014,-5.38946134497301));
#11354=CARTESIAN_POINT('Ctrl Pts',(-3.44213693829639,14.7028679095345,-4.8195256153579));
#11355=CARTESIAN_POINT('Ctrl Pts',(-4.24013536114449,14.7237923144676,-4.24958988574278));
#11356=CARTESIAN_POINT('Ctrl Pts',(-4.89354540399051,14.7447167194008,-3.47720799736206));
#11357=CARTESIAN_POINT('Ctrl Pts',(-5.32334610103291,14.7656411243339,-2.59578892587458));
#11358=CARTESIAN_POINT('Ctrl Pts',(-5.47818610165878,14.7731793505286,-2.27824888808513));
#11359=CARTESIAN_POINT('Ctrl Pts',(-5.60400445571717,14.7807175767233,-1.94655721195756));
#11360=CARTESIAN_POINT('Ctrl Pts',(-5.69963522611387,14.7882558029179,-1.60631456735743));
#11361=CARTESIAN_POINT('Ctrl Pts',(-5.70011475100026,14.0639069673092,1.60647831452605));
#11362=CARTESIAN_POINT('Ctrl Pts',(-5.65269602737501,14.0676498987198,1.77539131171115));
#11363=CARTESIAN_POINT('Ctrl Pts',(-5.59775691506016,14.0713928301304,1.94216919478731));
#11364=CARTESIAN_POINT('Ctrl Pts',(-5.53537785260269,14.0751357615409,2.1061163044787));
#11365=CARTESIAN_POINT('Ctrl Pts',(-5.18665525551698,14.0960601664741,3.02264277384105));
#11366=CARTESIAN_POINT('Ctrl Pts',(-4.60541683156137,14.1169845714072,3.85070096026771));
#11367=CARTESIAN_POINT('Ctrl Pts',(-3.86195538098402,14.1379089763403,4.49014860493102));
#11368=CARTESIAN_POINT('Ctrl Pts',(-3.11849393040669,14.1588333812734,5.12959624959431));
#11369=CARTESIAN_POINT('Ctrl Pts',(-2.21280945320763,14.1797577862065,5.58043335249426));
#11370=CARTESIAN_POINT('Ctrl Pts',(-1.25443204137621,14.2006821911397,5.78813736124533));
#11371=CARTESIAN_POINT('Ctrl Pts',(-0.296054629544781,14.2216065960728,
5.99584136999641));
#11372=CARTESIAN_POINT('Ctrl Pts',(0.715015716919016,14.2425310010059,5.96041228459862));
#11373=CARTESIAN_POINT('Ctrl Pts',(1.6565039333057,14.263455405939,5.68613476607951));
#11374=CARTESIAN_POINT('Ctrl Pts',(2.59799214969238,14.2843798108721,5.41185724756041));
#11375=CARTESIAN_POINT('Ctrl Pts',(3.46989823600194,14.3053042158053,4.89873129591999));
#11376=CARTESIAN_POINT('Ctrl Pts',(4.16677713245495,14.3262286207384,4.20881244385229));
#11377=CARTESIAN_POINT('Ctrl Pts',(4.86365602890796,14.3471530256715,3.51889359178458));
#11378=CARTESIAN_POINT('Ctrl Pts',(5.38550773550441,14.3680774306046,2.65218183928958));
#11379=CARTESIAN_POINT('Ctrl Pts',(5.66922145939392,14.3890018355377,1.71349406285018));
#11380=CARTESIAN_POINT('Ctrl Pts',(5.67997358825347,14.3897948246645,1.67791985166012));
#11381=CARTESIAN_POINT('Ctrl Pts',(5.69038369285989,14.3905878137912,1.64224226533622));
#11382=CARTESIAN_POINT('Ctrl Pts',(5.70045147320531,14.3913808029179,1.60646795669565));
#11383=CARTESIAN_POINT('Ctrl Pts',(5.69952026729475,13.6670319673092,-1.60616450233427));
#11384=CARTESIAN_POINT('Ctrl Pts',(5.56612842821897,13.6775201357878,-2.07949687840059));
#11385=CARTESIAN_POINT('Ctrl Pts',(5.37442332643952,13.6880083042663,-2.5363969778959));
#11386=CARTESIAN_POINT('Ctrl Pts',(5.12859338854306,13.6984964727448,-2.96203708857059));
#11387=CARTESIAN_POINT('Ctrl Pts',(4.63815073635241,13.7194208776779,-3.81120975868672));
#11388=CARTESIAN_POINT('Ctrl Pts',(3.9322794062702,13.740345282611,-4.53596084075454));
#11389=CARTESIAN_POINT('Ctrl Pts',(3.09634483588861,13.7612696875442,-5.04864165061666));
#11390=CARTESIAN_POINT('Ctrl Pts',(2.26041026550699,13.7821940924773,-5.56132246047881));
#11391=CARTESIAN_POINT('Ctrl Pts',(1.29441245482599,13.8031184974104,-5.86193299813523));
#11392=CARTESIAN_POINT('Ctrl Pts',(0.315175564719627,13.8240429023435,-5.91411854991756));
#11393=CARTESIAN_POINT('Ctrl Pts',(-0.664061325386709,13.8449673072766,
-5.96630410169989));
#11394=CARTESIAN_POINT('Ctrl Pts',(-1.65653729491843,13.8658917122098,-5.77006466760813));
#11395=CARTESIAN_POINT('Ctrl Pts',(-2.54222601353997,13.8868161171429,-5.34913271055749));
#11396=CARTESIAN_POINT('Ctrl Pts',(-3.42791473216153,13.907740522076,-4.92820075350683));
#11397=CARTESIAN_POINT('Ctrl Pts',(-4.20681619987294,13.9286649270091,-4.28257627349729));
#11398=CARTESIAN_POINT('Ctrl Pts',(-4.7847329874846,13.9495893319422,-3.49033867949116));
#11399=CARTESIAN_POINT('Ctrl Pts',(-5.19825303262024,13.9645614889341,-2.92346446393937));
#11400=CARTESIAN_POINT('Ctrl Pts',(-5.50887068638318,13.979533645926,-2.28152562142519));
#11401=CARTESIAN_POINT('Ctrl Pts',(-5.6998860657232,13.9945058029179,-1.60611769850148));
#11402=CARTESIAN_POINT('Ctrl Pts',(-5.70019745403362,13.2701569673092,1.6062123361837));
#11403=CARTESIAN_POINT('Ctrl Pts',(-5.4803189426787,13.2873903728557,2.38349057425844));
#11404=CARTESIAN_POINT('Ctrl Pts',(-5.10080780179477,13.3046237784022,3.11611734815988));
#11405=CARTESIAN_POINT('Ctrl Pts',(-4.59049866263718,13.3218571839486,3.74211917065739));
#11406=CARTESIAN_POINT('Ctrl Pts',(-3.97089303448606,13.3427815888817,4.50219619591432));
#11407=CARTESIAN_POINT('Ctrl Pts',(-3.15846161906076,13.3637059938149,5.10508396392806));
#11408=CARTESIAN_POINT('Ctrl Pts',(-2.2514568319727,13.384630398748,5.47787148378262));
#11409=CARTESIAN_POINT('Ctrl Pts',(-1.34445204488464,13.4055548036811,5.85065900363719));
#11410=CARTESIAN_POINT('Ctrl Pts',(-0.342873886133835,13.4264792086142,
5.99334627533257));
#11411=CARTESIAN_POINT('Ctrl Pts',(0.632150529236569,13.4474036135474,5.88867723410456));
#11412=CARTESIAN_POINT('Ctrl Pts',(1.60717494460697,13.4683280184805,5.78400819287654));
#11413=CARTESIAN_POINT('Ctrl Pts',(2.55564561659697,13.4892524234136,5.43198283872511));
#11414=CARTESIAN_POINT('Ctrl Pts',(3.36285805090675,13.5101768283467,4.87517380085336));
#11415=CARTESIAN_POINT('Ctrl Pts',(4.17007048521653,13.5311012332798,4.31836476298162));
#11416=CARTESIAN_POINT('Ctrl Pts',(4.83602468184612,13.552025638213,3.55677204138956));
#11417=CARTESIAN_POINT('Ctrl Pts',(5.28018263197027,13.5729500431461,2.68249981027303));
#11418=CARTESIAN_POINT('Ctrl Pts',(5.45481373383142,13.58117696307,2.33875920402291));
#11419=CARTESIAN_POINT('Ctrl Pts',(5.59515838729166,13.589403882994,1.97759999736804));
#11420=CARTESIAN_POINT('Ctrl Pts',(5.69958215234721,13.5976308029179,1.6062766472605));
#11421=CARTESIAN_POINT('Ctrl Pts',(5.70021138010309,12.8732819673092,-1.60648988875997));
#11422=CARTESIAN_POINT('Ctrl Pts',(5.66151038694985,12.8763362049905,-1.74431413432759));
#11423=CARTESIAN_POINT('Ctrl Pts',(5.61778775871058,12.8793904426718,-1.88071339932024));
#11424=CARTESIAN_POINT('Ctrl Pts',(5.56908101364562,12.8824446803531,-2.01530903896331));
#11425=CARTESIAN_POINT('Ctrl Pts',(5.2353939325936,12.9033690852863,-2.93741594746088));
#11426=CARTESIAN_POINT('Ctrl Pts',(4.66777530950883,12.9242934902194,-3.7748689696167));
#11427=CARTESIAN_POINT('Ctrl Pts',(3.93487081688163,12.9452178951525,-4.42638967032147));
#11428=CARTESIAN_POINT('Ctrl Pts',(3.20196632425443,12.9661423000856,-5.07791037102625));
#11429=CARTESIAN_POINT('Ctrl Pts',(2.30377596208479,12.9870667050187,-5.54349875027998));
#11430=CARTESIAN_POINT('Ctrl Pts',(1.34892351213017,13.0079911099519,-5.76684829152786));
#11431=CARTESIAN_POINT('Ctrl Pts',(0.394071062175531,13.028915514885,-5.99019783277575));
#11432=CARTESIAN_POINT('Ctrl Pts',(-0.617443475564088,13.0498399198181,
-5.97130853601777));
#11433=CARTESIAN_POINT('Ctrl Pts',(-1.56329131754827,13.0707643247512,-5.7124648021282));
#11434=CARTESIAN_POINT('Ctrl Pts',(-2.50913915953242,13.0916887296843,-5.45362106823863));
#11435=CARTESIAN_POINT('Ctrl Pts',(-3.38932030576114,13.1126131346175,-4.95482289721747));
#11436=CARTESIAN_POINT('Ctrl Pts',(-4.09738894167008,13.1335375395506,-4.27639307357908));
#11437=CARTESIAN_POINT('Ctrl Pts',(-4.80545757757902,13.1544619444837,-3.59796324994069));
#11438=CARTESIAN_POINT('Ctrl Pts',(-5.34141370316818,13.1753863494168,-2.73990177368505));
#11439=CARTESIAN_POINT('Ctrl Pts',(-5.6404407899269,13.1963107543499,-1.8059793892523));
#11440=CARTESIAN_POINT('Ctrl Pts',(-5.66161526582467,13.1977924372059,-1.73984719623289));
#11441=CARTESIAN_POINT('Ctrl Pts',(-5.68160172494929,13.1992741200619,-1.67333461914664));
#11442=CARTESIAN_POINT('Ctrl Pts',(-5.700397500805,13.2007558029179,-1.60648501817877));
#11443=CARTESIAN_POINT('Ctrl Pts',(-5.69952003774351,12.4764069673092,1.60619507621063));
#11444=CARTESIAN_POINT('Ctrl Pts',(-5.57496506651279,12.4862064420585,2.0484666916253));
#11445=CARTESIAN_POINT('Ctrl Pts',(-5.39950192031506,12.4960059168077,2.47637384751661));
#11446=CARTESIAN_POINT('Ctrl Pts',(-5.17634868482386,12.505805391557,2.87776791145459));
#11447=CARTESIAN_POINT('Ctrl Pts',(-4.69985899726088,12.5267297964901,3.73484771894401));
#11448=CARTESIAN_POINT('Ctrl Pts',(-4.00593465091437,12.5476542014232,4.47104569988262));
#11449=CARTESIAN_POINT('Ctrl Pts',(-3.17849625986399,12.5685786063563,4.99732882499301));
#11450=CARTESIAN_POINT('Ctrl Pts',(-2.35105786881361,12.5895030112895,5.52361195010339));
#11451=CARTESIAN_POINT('Ctrl Pts',(-1.39010543305936,12.6104274162226,5.83998021938553));
#11452=CARTESIAN_POINT('Ctrl Pts',(-0.411852944709288,12.6313518211557,
5.90817323806688));
#11453=CARTESIAN_POINT('Ctrl Pts',(0.566399543640781,12.6522762260888,5.97636625674824));
#11454=CARTESIAN_POINT('Ctrl Pts',(1.56195208458668,12.6732006310219,5.79638402482881));
#11455=CARTESIAN_POINT('Ctrl Pts',(2.4544062787573,12.6941250359551,5.38999292002059));
#11456=CARTESIAN_POINT('Ctrl Pts',(3.34686047292791,12.7150494408882,4.98360181521237));
#11457=CARTESIAN_POINT('Ctrl Pts',(4.13621632032323,12.7359738458213,4.35080183751537));
#11458=CARTESIAN_POINT('Ctrl Pts',(4.7270120781905,12.7568982507544,3.56812144856597));
#11459=CARTESIAN_POINT('Ctrl Pts',(5.16919259420685,12.7725591014756,2.98232506520861));
#11460=CARTESIAN_POINT('Ctrl Pts',(5.50014452126994,12.7882199521968,2.31256927845367));
#11461=CARTESIAN_POINT('Ctrl Pts',(5.69997989589236,12.8038808029179,1.60613876086226));
#11462=CARTESIAN_POINT('Ctrl Pts',(5.70010337865346,12.0795319673092,-1.60617618508977));
#11463=CARTESIAN_POINT('Ctrl Pts',(5.48898308405069,12.0960766791264,-2.35242354755556));
#11464=CARTESIAN_POINT('Ctrl Pts',(5.13110515431478,12.1126213909436,-3.05762887226168));
#11465=CARTESIAN_POINT('Ctrl Pts',(4.65108338843825,12.1291661027608,-3.66654567309193));
#11466=CARTESIAN_POINT('Ctrl Pts',(4.04399092790557,12.150090507694,-4.4366540830735));
#11467=CARTESIAN_POINT('Ctrl Pts',(3.24152779373495,12.1710149126271,-5.05274773170788));
#11468=CARTESIAN_POINT('Ctrl Pts',(2.34074087489992,12.1919393175602,-5.44031855828757));
#11469=CARTESIAN_POINT('Ctrl Pts',(1.43995395606489,12.2128637224933,-5.82788938486725));
#11470=CARTESIAN_POINT('Ctrl Pts',(0.440843252565445,12.2337881274264,-5.98693738939225));
#11471=CARTESIAN_POINT('Ctrl Pts',(-0.535762525361189,12.2547125323596,
-5.89822790128475));
#11472=CARTESIAN_POINT('Ctrl Pts',(-1.51236830328782,12.2756369372927,-5.80951841317726));
#11473=CARTESIAN_POINT('Ctrl Pts',(-2.46646915564163,12.2965613422258,-5.47305143243728));
#11474=CARTESIAN_POINT('Ctrl Pts',(-3.28267969517537,12.3174857471589,-4.92951801680029));
#11475=CARTESIAN_POINT('Ctrl Pts',(-4.09889023470911,12.338410152092,-4.38598460116331));
#11476=CARTESIAN_POINT('Ctrl Pts',(-4.77721046142278,12.3593345570252,-3.63538475062931));
#11477=CARTESIAN_POINT('Ctrl Pts',(-5.23560686508116,12.3802589619583,-2.76849320269898));
#11478=CARTESIAN_POINT('Ctrl Pts',(-5.43092354185683,12.3891745756115,-2.3991221192538));
#11479=CARTESIAN_POINT('Ctrl Pts',(-5.58631304892358,12.3980901892647,-2.00863827834025));
#11480=CARTESIAN_POINT('Ctrl Pts',(-5.69954443876563,12.407005802918,-1.60623950980181));
#11481=CARTESIAN_POINT('Ctrl Pts',(-5.70030095393071,11.6826569673092,1.60649338967928));
#11482=CARTESIAN_POINT('Ctrl Pts',(-5.67031564990522,11.6850225112612,1.71323194903817));
#11483=CARTESIAN_POINT('Ctrl Pts',(-5.63730868291024,11.6873880552133,1.81911379181263));
#11484=CARTESIAN_POINT('Ctrl Pts',(-5.60129460480824,11.6897535991653,1.92396273592332));
#11485=CARTESIAN_POINT('Ctrl Pts',(-5.28273229153971,11.7106780040984,2.85140344633287));
#11486=CARTESIAN_POINT('Ctrl Pts',(-4.72888529107202,11.7316024090316,3.69802730948787));
#11487=CARTESIAN_POINT('Ctrl Pts',(-4.00673378738366,11.7525268139647,4.36144680308193));
#11488=CARTESIAN_POINT('Ctrl Pts',(-3.28458228369529,11.7734512188978,5.024866296676));
#11489=CARTESIAN_POINT('Ctrl Pts',(-2.39412627678625,11.7943756238309,5.50508142070914));
#11490=CARTESIAN_POINT('Ctrl Pts',(-1.44305418442744,11.815300028764,5.74401675483993));
#11491=CARTESIAN_POINT('Ctrl Pts',(-0.49198209206862,11.8362244336972,5.98295208897072));
#11492=CARTESIAN_POINT('Ctrl Pts',(0.519706085739977,11.8571488386303,5.98060763319917));
#11493=CARTESIAN_POINT('Ctrl Pts',(1.46966056607769,11.8780732435634,5.73726691723434));
#11494=CARTESIAN_POINT('Ctrl Pts',(2.41961504641542,11.8989976484965,5.4939262012695));
#11495=CARTESIAN_POINT('Ctrl Pts',(3.30783582928226,11.9199220534297,5.00958922511137));
#11496=CARTESIAN_POINT('Ctrl Pts',(4.02690481653973,11.9408464583628,4.34282989047517));
#11497=CARTESIAN_POINT('Ctrl Pts',(4.7459738037972,11.9617708632959,3.67607055583896));
#11498=CARTESIAN_POINT('Ctrl Pts',(5.29589099544529,11.982695268229,2.82688886272468));
#11499=CARTESIAN_POINT('Ctrl Pts',(5.61015146388051,12.0036196731621,1.89798166782366));
#11500=CARTESIAN_POINT('Ctrl Pts',(5.64274802108484,12.0057900497474,1.80163109383367));
#11501=CARTESIAN_POINT('Ctrl Pts',(5.67280919400768,12.0079604263327,1.70442276886884));
#11502=CARTESIAN_POINT('Ctrl Pts',(5.70032437435117,12.0101308029179,1.60649281718203));
#11503=CARTESIAN_POINT('Ctrl Pts',(5.69953668951481,11.2857819673092,-1.6062293093717));
#11504=CARTESIAN_POINT('Ctrl Pts',(5.58380677166668,11.2948927483292,-2.01743339802167));
#11505=CARTESIAN_POINT('Ctrl Pts',(5.42405897616792,11.3040035293492,-2.41620131461686));
#11506=CARTESIAN_POINT('Ctrl Pts',(5.22271945588908,11.3131143103692,-2.79272901373424));
#11507=CARTESIAN_POINT('Ctrl Pts',(4.76031018031631,11.3340387153023,-3.65748671426325));
#11508=CARTESIAN_POINT('Ctrl Pts',(4.07851842262003,11.3549631202354,-4.40493468217003));
#11509=CARTESIAN_POINT('Ctrl Pts',(3.25979752700352,11.3758875251685,-4.94467935684581));
#11510=CARTESIAN_POINT('Ctrl Pts',(2.44107663138699,11.3968119301017,-5.48442403152161));
#11511=CARTESIAN_POINT('Ctrl Pts',(1.48542659785021,11.4177363350348,-5.81646541296641));
#11512=CARTESIAN_POINT('Ctrl Pts',(0.50842016581635,11.4386607399679,-5.9006476588648));
#11513=CARTESIAN_POINT('Ctrl Pts',(-0.468586266217458,11.459585144901,-5.98482990476318));
#11514=CARTESIAN_POINT('Ctrl Pts',(-1.46694909674833,11.4805095498341,-5.82115301511518));
#11515=CARTESIAN_POINT('Ctrl Pts',(-2.36593006049767,11.5014339547673,-5.42941146054606));
#11516=CARTESIAN_POINT('Ctrl Pts',(-3.26491102424704,11.5223583597004,-5.03766990597692));
#11517=CARTESIAN_POINT('Ctrl Pts',(-4.06451012121486,11.5432827646335,-4.41786368648664));
#11518=CARTESIAN_POINT('Ctrl Pts',(-4.66802682837091,11.5642071695666,-3.64494984721118));
#11519=CARTESIAN_POINT('Ctrl Pts',(-5.13959212553324,11.5805567140171,-3.04102399068212));
#11520=CARTESIAN_POINT('Ctrl Pts',(-5.49144377277285,11.5969062584675,-2.34362175408109));
#11521=CARTESIAN_POINT('Ctrl Pts',(-5.70007614769557,11.613255802918,-1.60616698959472));
#11522=CARTESIAN_POINT('Ctrl Pts',(-5.7000070752547,10.8889069673092,1.60614606292879));
#11523=CARTESIAN_POINT('Ctrl Pts',(-5.49767613784401,10.9047629853972,2.32136818245819));
#11524=CARTESIAN_POINT('Ctrl Pts',(-5.1608591297308,10.9206190034851,2.9989761228841));
#11525=CARTESIAN_POINT('Ctrl Pts',(-4.71042408246656,10.936475021573,3.58999147943201));
#11526=CARTESIAN_POINT('Ctrl Pts',(-4.11600716942104,10.9573994265062,4.36992529216575));
#11527=CARTESIAN_POINT('Ctrl Pts',(-3.32372695244089,10.9783238314393,4.99906003399173));
#11528=CARTESIAN_POINT('Ctrl Pts',(-2.42939883659473,10.9992482363724,5.40131050318602));
#11529=CARTESIAN_POINT('Ctrl Pts',(-1.53507072074857,11.0201726413055,5.80356097238031));
#11530=CARTESIAN_POINT('Ctrl Pts',(-0.538694706036397,11.0410970462386,
5.97892716894292));
#11531=CARTESIAN_POINT('Ctrl Pts',(0.439231220334454,11.0620214511718,5.9062009612067));
#11532=CARTESIAN_POINT('Ctrl Pts',(1.41715714670532,11.0829458561049,5.83347475347048));
#11533=CARTESIAN_POINT('Ctrl Pts',(2.37663298473485,11.103870261038,5.51265614143542));
#11534=CARTESIAN_POINT('Ctrl Pts',(3.20162331651908,11.1247946659711,4.98254372767533));
#11535=CARTESIAN_POINT('Ctrl Pts',(4.02661364830328,11.1457190709042,4.45243131391524));
#11536=CARTESIAN_POINT('Ctrl Pts',(4.7171184738422,11.1666434758374,3.71302509843012));
#11537=CARTESIAN_POINT('Ctrl Pts',(5.18963072310819,11.1875678807705,2.85374610237962));
#11538=CARTESIAN_POINT('Ctrl Pts',(5.40651397013233,11.197172188153,2.45933681658317));
#11539=CARTESIAN_POINT('Ctrl Pts',(5.57747027041975,11.2067764955355,2.03967258448381));
#11540=CARTESIAN_POINT('Ctrl Pts',(5.69952304992964,11.2163808029179,1.60620445709857));
#11541=CARTESIAN_POINT('Ctrl Pts',(5.70037847096052,10.4920319673092,-1.60648815680776));
#11542=CARTESIAN_POINT('Ctrl Pts',(5.6791110808521,10.493708817532,-1.68214506512464));
#11543=CARTESIAN_POINT('Ctrl Pts',(5.65632020838155,10.4953856677548,-1.75737056609297));
#11544=CARTESIAN_POINT('Ctrl Pts',(5.63201000987632,10.4970625179775,-1.83210182788196));
#11545=CARTESIAN_POINT('Ctrl Pts',(5.32865767069836,10.5179869229107,-2.7646282763408));
#11546=CARTESIAN_POINT('Ctrl Pts',(4.78873043107883,10.5389113278438,-3.62019653282732));
#11547=CARTESIAN_POINT('Ctrl Pts',(4.07752507120104,10.5598357327769,-4.29533737357175));
#11548=CARTESIAN_POINT('Ctrl Pts',(3.36631971132326,10.58076013771,-4.97047821431617));
#11549=CARTESIAN_POINT('Ctrl Pts',(2.48383623118723,10.6016845426431,-5.46519163931852));
#11550=CARTESIAN_POINT('Ctrl Pts',(1.53679888100568,10.6226089475762,-5.71964885796454));
#11551=CARTESIAN_POINT('Ctrl Pts',(0.589761530824131,10.6435333525094,-5.97410607661057));
#11552=CARTESIAN_POINT('Ctrl Pts',(-0.421829689402915,10.6644577574425,
-5.9883070889003));
#11553=CARTESIAN_POINT('Ctrl Pts',(-1.37563672244197,10.6853821623756,-5.76053447754151));
#11554=CARTESIAN_POINT('Ctrl Pts',(-2.32944375548104,10.7063065673087,-5.53276186618272));
#11555=CARTESIAN_POINT('Ctrl Pts',(-3.22546660133211,10.7272309722418,-5.0630156311754));
#11556=CARTESIAN_POINT('Ctrl Pts',(-3.95534360955134,10.748155377175,-4.40810512459229));
#11557=CARTESIAN_POINT('Ctrl Pts',(-4.68522061777056,10.7690797821081,-3.75319461800918));
#11558=CARTESIAN_POINT('Ctrl Pts',(-5.24895178835795,10.7900041870412,-2.91311983985027));
#11559=CARTESIAN_POINT('Ctrl Pts',(-5.57836158278307,10.8109285919743,-1.98947629058638));
#11560=CARTESIAN_POINT('Ctrl Pts',(-5.6233715014675,10.8137876622889,-1.86327141826823));
#11561=CARTESIAN_POINT('Ctrl Pts',(-5.66400664889633,10.8166467326034,-1.73550632014532));
#11562=CARTESIAN_POINT('Ctrl Pts',(-5.70023768917658,10.8195058029179,-1.60649173303878));
#11563=CARTESIAN_POINT('Ctrl Pts',(-5.69956985448393,10.0951569673092,1.60626598604222));
#11564=CARTESIAN_POINT('Ctrl Pts',(-5.59265157521049,10.1035790545999,1.98639630269432));
#11565=CARTESIAN_POINT('Ctrl Pts',(-5.44809619118959,10.1120011418907,2.35588031560617));
#11566=CARTESIAN_POINT('Ctrl Pts',(-5.26769329888359,10.1204232291814,2.70694314088177));
#11567=CARTESIAN_POINT('Ctrl Pts',(-4.81948811655586,10.1413476341145,3.57914743649937));
#11568=CARTESIAN_POINT('Ctrl Pts',(-4.15001130730435,10.1622720390476,4.33764547042305));
#11569=CARTESIAN_POINT('Ctrl Pts',(-3.34022689154374,10.1831964439807,4.8907073284022));
#11570=CARTESIAN_POINT('Ctrl Pts',(-2.53044247578313,10.2041208489139,5.44376918638137));
#11571=CARTESIAN_POINT('Ctrl Pts',(-1.58035045351342,10.225045253847,5.791394868416));
#11572=CARTESIAN_POINT('Ctrl Pts',(-0.604851399071301,10.2459696587801,
5.89154382518835));
#11573=CARTESIAN_POINT('Ctrl Pts',(0.370647655370819,10.2668940637132,5.99169278196071));
#11574=CARTESIAN_POINT('Ctrl Pts',(1.37155374198536,10.2878184686463,5.84436501347078));
#11575=CARTESIAN_POINT('Ctrl Pts',(2.27682102361893,10.3087428735795,5.46737778880177));
#11576=CARTESIAN_POINT('Ctrl Pts',(3.1820883052525,10.3296672785126,5.09039056413275));
#11577=CARTESIAN_POINT('Ctrl Pts',(3.99171678190509,10.3505916834457,4.48374388328466));
#11578=CARTESIAN_POINT('Ctrl Pts',(4.60779301489295,10.3715160883788,3.72080332602772));
#11579=CARTESIAN_POINT('Ctrl Pts',(5.10944902986955,10.3885543265585,3.09955923459224));
#11580=CARTESIAN_POINT('Ctrl Pts',(5.48277115795561,10.4055925647382,2.37468523798511));
#11581=CARTESIAN_POINT('Ctrl Pts',(5.70017124736382,10.4226308029179,1.60620154742492));
#11582=CARTESIAN_POINT('Ctrl Pts',(5.69991221650965,9.69828196730922,-1.60612290408645));
#11583=CARTESIAN_POINT('Ctrl Pts',(5.50639537309824,9.7134492916679,-2.29032223824891));
#11584=CARTESIAN_POINT('Ctrl Pts',(5.19007234707522,9.72861661602657,-2.94016114233087));
#11585=CARTESIAN_POINT('Ctrl Pts',(4.76850487279622,9.74378394038524,-3.51247706576702));
#11586=CARTESIAN_POINT('Ctrl Pts',(4.18692249677194,9.76470834531836,-4.30202767129651));
#11587=CARTESIAN_POINT('Ctrl Pts',(3.40503710925422,9.78563275025147,-4.94403523070224));
#11588=CARTESIAN_POINT('Ctrl Pts',(2.51740700358166,9.80655715518459,-5.3608577520006));
#11589=CARTESIAN_POINT('Ctrl Pts',(1.62977689790911,9.82748156011771,-5.77768027329895));
#11590=CARTESIAN_POINT('Ctrl Pts',(0.636402074081719,9.84840596505084,-5.96931775648993));
#11591=CARTESIAN_POINT('Ctrl Pts',(-0.342582433516291,9.86933036998396,
-5.91259428131329));
#11592=CARTESIAN_POINT('Ctrl Pts',(-1.32156694111431,9.89025477491707,-5.85587080613665));
#11593=CARTESIAN_POINT('Ctrl Pts',(-2.28616113248293,9.91117917985018,-5.55078637259239));
#11594=CARTESIAN_POINT('Ctrl Pts',(-3.11971059520241,9.9321035847833,-5.03423675061319));
#11595=CARTESIAN_POINT('Ctrl Pts',(-3.95326005792189,9.95302798971642,-4.51768712863397));
#11596=CARTESIAN_POINT('Ctrl Pts',(-4.65576479199222,9.97395239464956,-3.78967231821981));
#11597=CARTESIAN_POINT('Ctrl Pts',(-5.14226650335349,9.99487679958268,-2.93823570660492));
#11598=CARTESIAN_POINT('Ctrl Pts',(-5.38158335235922,10.0051698006944,-2.51940238647201));
#11599=CARTESIAN_POINT('Ctrl Pts',(-5.5686319903159,10.0154628018062,-2.070703573383));
#11600=CARTESIAN_POINT('Ctrl Pts',(-5.69951848486355,10.0257558029179,-1.60617272805031));
#11601=CARTESIAN_POINT('Ctrl Pts',(-5.70043846727432,9.30140696730923,1.60647374757391));
#11602=CARTESIAN_POINT('Ctrl Pts',(-5.68789609059249,9.30239512380273,1.6510538623127));
#11603=CARTESIAN_POINT('Ctrl Pts',(-5.67482272635527,9.30338328029623,1.69548386603109));
#11604=CARTESIAN_POINT('Ctrl Pts',(-5.66121901472593,9.30437143678973,1.73975088851588));
#11605=CARTESIAN_POINT('Ctrl Pts',(-5.37315778900117,9.32529584172285,2.67711365417821));
#11606=CARTESIAN_POINT('Ctrl Pts',(-4.84729472262519,9.34622024665597,3.54139745703699));
#11607=CARTESIAN_POINT('Ctrl Pts',(-4.14722573299032,9.36714465158908,4.22807906237674));
#11608=CARTESIAN_POINT('Ctrl Pts',(-3.44715674335545,9.3880690565222,4.9147606677165));
#11609=CARTESIAN_POINT('Ctrl Pts',(-2.57288183046169,9.40899346145533,5.42384007553724));
#11610=CARTESIAN_POINT('Ctrl Pts',(-1.63013252819779,9.42991786638845,5.69375111953551));
#11611=CARTESIAN_POINT('Ctrl Pts',(-0.687383225933888,9.45084227132157,
5.96366216353378));
#11612=CARTESIAN_POINT('Ctrl Pts',(0.323840465700156,9.47176667625468,5.99440484370959));
#11613=CARTESIAN_POINT('Ctrl Pts',(1.28124493551307,9.4926910811878,5.78226125917316));
#11614=CARTESIAN_POINT('Ctrl Pts',(2.23864940532599,9.51361548612092,5.57011767463674));
#11615=CARTESIAN_POINT('Ctrl Pts',(3.14223465331778,9.53453989105404,5.11508782538807));
#11616=CARTESIAN_POINT('Ctrl Pts',(3.88272446118735,9.55546429598716,4.47220131691255));
#11617=CARTESIAN_POINT('Ctrl Pts',(4.62321426905693,9.57638870092029,3.82931480843702));
#11618=CARTESIAN_POINT('Ctrl Pts',(5.2006086368043,9.59731310585341,2.99857164073464));
#11619=CARTESIAN_POINT('Ctrl Pts',(5.5450796495664,9.61823751078652,2.08043878522291));
#11620=CARTESIAN_POINT('Ctrl Pts',(5.60348522320723,9.62178527483033,1.92476799111263));
#11621=CARTESIAN_POINT('Ctrl Pts',(5.65519478427029,9.62533303887414,1.76658494378165));
#11622=CARTESIAN_POINT('Ctrl Pts',(5.70014257881076,9.62888080291795,1.60648236813217));
#11623=CARTESIAN_POINT('Ctrl Pts',(5.69961876197675,8.90453196730923,-1.6063039767113));
#11624=CARTESIAN_POINT('Ctrl Pts',(5.6014976232283,8.91226536087069,-1.95535485880114));
#11625=CARTESIAN_POINT('Ctrl Pts',(5.471615102759,8.91999875443214,-2.2954115655365));
#11626=CARTESIAN_POINT('Ctrl Pts',(5.31125810812108,8.92773214799359,-2.62043304195543));
#11627=CARTESIAN_POINT('Ctrl Pts',(4.87737682909404,8.94865655292671,-3.49985045819175));
#11628=CARTESIAN_POINT('Ctrl Pts',(4.2203941849461,8.96958095785981,-4.26919606843269));
#11629=CARTESIAN_POINT('Ctrl Pts',(3.41976288003916,8.99050536279293,-4.83542727598356));
#11630=CARTESIAN_POINT('Ctrl Pts',(2.61913157513221,9.01142976772605,-5.40165848353444));
#11631=CARTESIAN_POINT('Ctrl Pts',(1.67485160946625,9.03235417265918,-5.76477528839525));
#11632=CARTESIAN_POINT('Ctrl Pts',(0.701120831875686,9.0532785775923,-5.88086412073177));
#11633=CARTESIAN_POINT('Ctrl Pts',(-0.272609945714877,9.07420298252543,
-5.9969529530683));
#11634=CARTESIAN_POINT('Ctrl Pts',(-1.27579153523004,9.09512738745853,-5.86601381288053));
#11635=CARTESIAN_POINT('Ctrl Pts',(-2.18710299201011,9.11605179239165,-5.50388177612805));
#11636=CARTESIAN_POINT('Ctrl Pts',(-3.09841444879018,9.13697619732477,-5.14174973937557));
#11637=CARTESIAN_POINT('Ctrl Pts',(-3.91785577283516,9.1579006022579,-4.54842480605839));
#11638=CARTESIAN_POINT('Ctrl Pts',(-4.54632675381058,9.17882500719102,-3.79566158295596));
#11639=CARTESIAN_POINT('Ctrl Pts',(-5.07876064247451,9.1965519391,-3.15792863704085));
#11640=CARTESIAN_POINT('Ctrl Pts',(-5.47412944309785,9.21427887100897,-2.40576209439446));
#11641=CARTESIAN_POINT('Ctrl Pts',(-5.70026127706138,9.23200580291794,-1.60624124820932));
#11642=CARTESIAN_POINT('Ctrl Pts',(-5.69981234882279,8.50765696730923,1.60608224389828));
#11643=CARTESIAN_POINT('Ctrl Pts',(-5.51513083556699,8.52213559793863,2.25926491171761));
#11644=CARTESIAN_POINT('Ctrl Pts',(-5.21874882480437,8.53661422856803,2.88118960229458));
#11645=CARTESIAN_POINT('Ctrl Pts',(-4.8253144932346,8.55109285919743,3.43403409935465));
#11646=CARTESIAN_POINT('Ctrl Pts',(-4.25672624210264,8.57201726413055,4.2330006879518));
#11647=CARTESIAN_POINT('Ctrl Pts',(-3.48543638967837,8.59294166906368,4.88768771963572));
#11648=CARTESIAN_POINT('Ctrl Pts',(-2.60473965111565,8.61386607399679,5.31896551985707));
#11649=CARTESIAN_POINT('Ctrl Pts',(-1.72404291255292,8.63479047892991,5.75024332007842));
#11650=CARTESIAN_POINT('Ctrl Pts',(-0.733939287851726,8.65571488386303,
5.95811188883721));
#11651=CARTESIAN_POINT('Ctrl Pts',(0.245840897997288,8.67663928879615,5.9174090192414));
#11652=CARTESIAN_POINT('Ctrl Pts',(1.2256210838463,8.69756369372926,5.87670614964559));
#11653=CARTESIAN_POINT('Ctrl Pts',(2.19507783084314,8.71848809866239,5.58743184169519));
#11654=CARTESIAN_POINT('Ctrl Pts',(3.03696401217673,8.73941250359551,5.08458179248284));
#11655=CARTESIAN_POINT('Ctrl Pts',(3.87885019351031,8.76033690852863,4.5817317432705));
#11656=CARTESIAN_POINT('Ctrl Pts',(4.59316580918063,8.78126131346175,3.86530595279623));
#11657=CARTESIAN_POINT('Ctrl Pts',(5.09352658203403,8.80218571839487,3.02194016696281));
#11658=CARTESIAN_POINT('Ctrl Pts',(5.35612947733543,8.8131674132359,2.57931894408993));
#11659=CARTESIAN_POINT('Ctrl Pts',(5.5597999042546,8.82414910807692,2.10173292600863));
#11660=CARTESIAN_POINT('Ctrl Pts',(5.69953057484419,8.83513080291794,1.60614600380624));
#11661=CARTESIAN_POINT('Origin',(0.,8.91579495249692,0.));
#11662=CARTESIAN_POINT('',(3.78669138606602,17.8315899049938,-4.55314954584114));
#11663=CARTESIAN_POINT('Origin',(0.,17.8315899049938,0.));
#11664=CARTESIAN_POINT('Ctrl Pts',(3.78669138606602,17.8315899049938,-4.55314954584114));
#11665=CARTESIAN_POINT('Ctrl Pts',(4.70090345782496,17.8062246690233,-3.79283211231225));
#11666=CARTESIAN_POINT('Ctrl Pts',(5.3730123943476,17.7808594330527,-2.74848371360411));
#11667=CARTESIAN_POINT('Ctrl Pts',(5.69871154364821,17.7554941970821,-1.60565521831643));
#11668=CARTESIAN_POINT('Origin',(0.,8.91579495249692,0.));
#11669=CARTESIAN_POINT('Origin',(0.,8.91579495249692,0.));
#11670=CARTESIAN_POINT('Origin',(0.,8.91579495249692,0.));
#11671=CARTESIAN_POINT('Origin',(0.,8.91579495249692,0.));
#11672=CARTESIAN_POINT('Origin',(0.,8.91579495249692,0.));
#11673=CARTESIAN_POINT('Origin',(0.,8.91579495249692,0.));
#11674=CARTESIAN_POINT('Origin',(0.,8.91579495249692,0.));
#11675=CARTESIAN_POINT('Origin',(0.,8.91579495249692,0.));
#11676=CARTESIAN_POINT('Origin',(0.,8.91579495249692,0.));
#11677=CARTESIAN_POINT('Origin',(0.,8.91579495249692,0.));
#11678=CARTESIAN_POINT('Origin',(0.,8.91579495249692,0.));
#11679=CARTESIAN_POINT('Origin',(0.,8.91579495249692,0.));
#11680=CARTESIAN_POINT('Origin',(0.,8.91579495249692,0.));
#11681=CARTESIAN_POINT('Origin',(0.,8.91579495249692,0.));
#11682=CARTESIAN_POINT('Origin',(0.,8.91579495249692,0.));
#11683=CARTESIAN_POINT('Origin',(0.,8.91579495249692,0.));
#11684=CARTESIAN_POINT('Origin',(0.,8.91579495249692,0.));
#11685=CARTESIAN_POINT('Origin',(0.,8.91579495249692,0.));
#11686=CARTESIAN_POINT('Origin',(0.,8.91579495249692,0.));
#11687=CARTESIAN_POINT('Origin',(0.,8.91579495249692,0.));
#11688=CARTESIAN_POINT('Origin',(0.,8.91579495249692,0.));
#11689=CARTESIAN_POINT('Origin',(0.,8.91579495249692,0.));
#11690=CARTESIAN_POINT('Origin',(0.,8.91579495249692,0.));
#11691=CARTESIAN_POINT('Ctrl Pts',(5.85796990905303,17.7393888817901,-0.868556840240902));
#11692=CARTESIAN_POINT('Ctrl Pts',(5.64666535315278,17.7701225561914,-2.29369757111828));
#11693=CARTESIAN_POINT('Ctrl Pts',(4.89439234259125,17.8008562305926,-3.63191433751322));
#11694=CARTESIAN_POINT('Ctrl Pts',(3.78669138606602,17.8315899049938,-4.55314954584114));
#11695=CARTESIAN_POINT('Ctrl Pts',(5.80531327270202,17.7701225561914,-0.860749479944283));
#11696=CARTESIAN_POINT('Ctrl Pts',(5.59590810982223,17.8008562305926,-2.27307978018103));
#11697=CARTESIAN_POINT('Ctrl Pts',(4.85039719721764,17.8315899049938,-3.5992674657304));
#11698=CARTESIAN_POINT('Ctrl Pts',(3.75265324070419,17.8623235793951,-4.51222179380258));
#11699=CARTESIAN_POINT('Ctrl Pts',(5.75265663635101,17.8008562305926,-0.852942119647665));
#11700=CARTESIAN_POINT('Ctrl Pts',(5.54515086649169,17.8315899049938,-2.25246198924378));
#11701=CARTESIAN_POINT('Ctrl Pts',(4.80640205184403,17.8623235793951,-3.56662059394759));
#11702=CARTESIAN_POINT('Ctrl Pts',(3.71861509534235,17.8930572537963,-4.47129404176401));
#11703=CARTESIAN_POINT('Ctrl Pts',(5.7,17.8315899049938,-0.845134759351046));
#11704=CARTESIAN_POINT('Ctrl Pts',(5.49439362316114,17.8623235793951,-2.23184419830653));
#11705=CARTESIAN_POINT('Ctrl Pts',(4.76240690647042,17.8930572537963,-3.53397372216478));
#11706=CARTESIAN_POINT('Ctrl Pts',(3.68457694998052,17.9237909281976,-4.43036628972544));
#11707=CARTESIAN_POINT('Ctrl Pts',(5.6999999999813,17.8315899049939,-0.845134759521537));
#11708=CARTESIAN_POINT('Ctrl Pts',(5.68246288058647,17.8315899049939,-1.00502916353668));
#11709=CARTESIAN_POINT('Ctrl Pts',(5.65798920568857,17.8315899049939,-1.16382261939718));
#11710=CARTESIAN_POINT('Ctrl Pts',(5.62687275350005,17.8315899049939,-1.32117542529756));
#11711=CARTESIAN_POINT('Ctrl Pts',(5.594964726491,17.8315899049939,-1.48253114638687));
#11712=CARTESIAN_POINT('Ctrl Pts',(5.55607157851391,17.8315899049938,-1.64237261326977));
#11713=CARTESIAN_POINT('Ctrl Pts',(5.5104553092126,17.8315899049938,-1.80033267731756));
#11714=CARTESIAN_POINT('Ctrl Pts',(5.4645559389237,17.8315899049938,-1.95927306375508));
#11715=CARTESIAN_POINT('Ctrl Pts',(5.41184948873639,17.8315899049939,-2.1163092993366));
#11716=CARTESIAN_POINT('Ctrl Pts',(5.35255081561015,17.8315899049939,-2.27105658922782));
#11717=CARTESIAN_POINT('Ctrl Pts',(5.31092935577504,17.8315899049939,-2.37967298435503));
#11718=CARTESIAN_POINT('Ctrl Pts',(5.26605909898661,17.8315899049939,-2.48716150478124));
#11719=CARTESIAN_POINT('Ctrl Pts',(5.21800018993183,17.8315899049939,-2.5933831945312));
#11720=CARTESIAN_POINT('Ctrl Pts',(5.19793145576484,17.8315899049939,-2.63773989958936));
#11721=CARTESIAN_POINT('Ctrl Pts',(5.1773065557029,17.8315899049938,-2.68187562588702));
#11722=CARTESIAN_POINT('Ctrl Pts',(5.15612930403347,17.8315899049938,-2.72577991715799));
#11723=CARTESIAN_POINT('Ctrl Pts',(5.14767418458505,17.8315899049938,-2.74330891633071));
#11724=CARTESIAN_POINT('Ctrl Pts',(5.13913257745963,17.8315899049938,-2.7607977177089));
#11725=CARTESIAN_POINT('Ctrl Pts',(5.13050858367865,17.8315899049938,-2.77823824088438));
#11726=CARTESIAN_POINT('Ctrl Pts',(5.05661101413127,17.8315899049938,-2.92768318565543));
#11727=CARTESIAN_POINT('Ctrl Pts',(4.97658962223005,17.8315899049939,-3.0737479780051));
#11728=CARTESIAN_POINT('Ctrl Pts',(4.89072262843251,17.8315899049939,-3.21606907586653));
#11729=CARTESIAN_POINT('Ctrl Pts',(4.80408571410416,17.8315899049939,-3.35966628612415));
#11730=CARTESIAN_POINT('Ctrl Pts',(4.71149764191701,17.8315899049938,-3.49945305838528));
#11731=CARTESIAN_POINT('Ctrl Pts',(4.61319357879789,17.8315899049938,-3.63504140766783));
#11732=CARTESIAN_POINT('Ctrl Pts',(4.51533146571688,17.8315899049938,-3.77002018625479));
#11733=CARTESIAN_POINT('Ctrl Pts',(4.41180428793938,17.8315899049938,-3.90083886513649));
#11734=CARTESIAN_POINT('Ctrl Pts',(4.30279888101456,17.8315899049938,-4.02709021125852));
#11735=CARTESIAN_POINT('Ctrl Pts',(4.19581051463949,17.8315899049938,-4.15100539725994));
#11736=CARTESIAN_POINT('Ctrl Pts',(4.08354437391633,17.8315899049938,-4.27052125714859));
#11737=CARTESIAN_POINT('Ctrl Pts',(3.9661392693554,17.8315899049938,-4.38522038771394));
#11738=CARTESIAN_POINT('Ctrl Pts',(3.90759691700451,17.8315899049938,-4.44241344538387));
#11739=CARTESIAN_POINT('Ctrl Pts',(3.84777626937734,17.8315899049938,-4.49840832583299));
#11740=CARTESIAN_POINT('Ctrl Pts',(3.78669138606602,17.8315899049938,-4.55314954584114));
#11741=CARTESIAN_POINT('Origin',(7.01063220173889E-16,8.23158990499385,
0.));
#11742=CARTESIAN_POINT('Origin',(0.,8.23158990499385,0.));
#11743=CARTESIAN_POINT('Origin',(0.,6.47245021859244,0.));
#11744=CARTESIAN_POINT('Origin',(-7.36191852351472,17.8315899049938,0.));
#11745=CARTESIAN_POINT('',(7.36191852351472,17.8315899049938,-9.01574995540591E-16));
#11746=CARTESIAN_POINT('Origin',(0.,17.8315899049938,0.));
#11747=CARTESIAN_POINT('Origin',(0.,17.9565899049938,0.));
#11748=CARTESIAN_POINT('',(-7.36191852351472,18.0815899049938,0.));
#11749=CARTESIAN_POINT('',(7.36191852351472,18.0815899049938,-9.01574995540591E-16));
#11750=CARTESIAN_POINT('Origin',(0.,18.0815899049938,0.));
#11751=CARTESIAN_POINT('Origin',(0.,18.0815899049938,0.));
#11752=CARTESIAN_POINT('',(7.36191852351472,17.9565899049938,-9.01574995540591E-16));
#11753=CARTESIAN_POINT('Ctrl Pts',(-4.48340483129942,19.6266107154833,0.));
#11754=CARTESIAN_POINT('Ctrl Pts',(-4.48340483129941,19.6266107154833,4.48340483129941));
#11755=CARTESIAN_POINT('Ctrl Pts',(0.,19.6266107154833,4.48340483129942));
#11756=CARTESIAN_POINT('Ctrl Pts',(4.48340483129941,19.6266107154833,4.48340483129941));
#11757=CARTESIAN_POINT('Ctrl Pts',(4.48340483129942,19.6266107154833,0.));
#11758=CARTESIAN_POINT('Ctrl Pts',(4.48340483129941,19.6266107154833,-4.48340483129941));
#11759=CARTESIAN_POINT('Ctrl Pts',(0.,19.6266107154833,-4.48340483129942));
#11760=CARTESIAN_POINT('Ctrl Pts',(-4.48340483129941,19.6266107154833,-4.48340483129941));
#11761=CARTESIAN_POINT('Ctrl Pts',(-4.48340483129942,19.6266107154833,0.));
#11762=CARTESIAN_POINT('Ctrl Pts',(-4.50332301945785,19.6265566873575,0.));
#11763=CARTESIAN_POINT('Ctrl Pts',(-4.50332301945785,19.6265566873575,4.50332301945785));
#11764=CARTESIAN_POINT('Ctrl Pts',(0.,19.6265566873575,4.50332301945785));
#11765=CARTESIAN_POINT('Ctrl Pts',(4.50332301945785,19.6265566873575,4.50332301945785));
#11766=CARTESIAN_POINT('Ctrl Pts',(4.50332301945785,19.6265566873575,0.));
#11767=CARTESIAN_POINT('Ctrl Pts',(4.50332301945785,19.6265566873575,-4.50332301945785));
#11768=CARTESIAN_POINT('Ctrl Pts',(0.,19.6265566873575,-4.50332301945785));
#11769=CARTESIAN_POINT('Ctrl Pts',(-4.50332301945785,19.6265566873575,-4.50332301945785));
#11770=CARTESIAN_POINT('Ctrl Pts',(-4.50332301945785,19.6265566873575,0.));
#11771=CARTESIAN_POINT('Ctrl Pts',(-4.54268163937075,19.6263610253616,0.));
#11772=CARTESIAN_POINT('Ctrl Pts',(-4.54268163937075,19.6263610253616,4.54268163937075));
#11773=CARTESIAN_POINT('Ctrl Pts',(0.,19.6263610253616,4.54268163937075));
#11774=CARTESIAN_POINT('Ctrl Pts',(4.54268163937075,19.6263610253616,4.54268163937075));
#11775=CARTESIAN_POINT('Ctrl Pts',(4.54268163937075,19.6263610253616,0.));
#11776=CARTESIAN_POINT('Ctrl Pts',(4.54268163937075,19.6263610253616,-4.54268163937075));
#11777=CARTESIAN_POINT('Ctrl Pts',(0.,19.6263610253616,-4.54268163937075));
#11778=CARTESIAN_POINT('Ctrl Pts',(-4.54268163937075,19.6263610253616,-4.54268163937075));
#11779=CARTESIAN_POINT('Ctrl Pts',(-4.54268163937075,19.6263610253616,0.));
#11780=CARTESIAN_POINT('Ctrl Pts',(-4.60028630417772,19.6258047145744,0.));
#11781=CARTESIAN_POINT('Ctrl Pts',(-4.60028630417772,19.6258047145744,4.60028630417772));
#11782=CARTESIAN_POINT('Ctrl Pts',(0.,19.6258047145744,4.60028630417772));
#11783=CARTESIAN_POINT('Ctrl Pts',(4.60028630417772,19.6258047145744,4.60028630417772));
#11784=CARTESIAN_POINT('Ctrl Pts',(4.60028630417772,19.6258047145744,0.));
#11785=CARTESIAN_POINT('Ctrl Pts',(4.60028630417772,19.6258047145744,-4.60028630417772));
#11786=CARTESIAN_POINT('Ctrl Pts',(0.,19.6258047145744,-4.60028630417772));
#11787=CARTESIAN_POINT('Ctrl Pts',(-4.60028630417772,19.6258047145744,-4.60028630417772));
#11788=CARTESIAN_POINT('Ctrl Pts',(-4.60028630417772,19.6258047145744,0.));
#11789=CARTESIAN_POINT('Ctrl Pts',(-4.67422303850162,19.62453680128,0.));
#11790=CARTESIAN_POINT('Ctrl Pts',(-4.67422303850162,19.62453680128,4.67422303850162));
#11791=CARTESIAN_POINT('Ctrl Pts',(0.,19.62453680128,4.67422303850162));
#11792=CARTESIAN_POINT('Ctrl Pts',(4.67422303850162,19.62453680128,4.67422303850162));
#11793=CARTESIAN_POINT('Ctrl Pts',(4.67422303850162,19.62453680128,0.));
#11794=CARTESIAN_POINT('Ctrl Pts',(4.67422303850162,19.62453680128,-4.67422303850162));
#11795=CARTESIAN_POINT('Ctrl Pts',(0.,19.62453680128,-4.67422303850162));
#11796=CARTESIAN_POINT('Ctrl Pts',(-4.67422303850162,19.62453680128,-4.67422303850162));
#11797=CARTESIAN_POINT('Ctrl Pts',(-4.67422303850162,19.62453680128,0.));
#11798=CARTESIAN_POINT('Ctrl Pts',(-4.76197650946899,19.6220499874442,0.));
#11799=CARTESIAN_POINT('Ctrl Pts',(-4.76197650946899,19.6220499874442,4.76197650946899));
#11800=CARTESIAN_POINT('Ctrl Pts',(0.,19.6220499874442,4.76197650946899));
#11801=CARTESIAN_POINT('Ctrl Pts',(4.76197650946899,19.6220499874442,4.76197650946899));
#11802=CARTESIAN_POINT('Ctrl Pts',(4.76197650946899,19.6220499874442,0.));
#11803=CARTESIAN_POINT('Ctrl Pts',(4.76197650946899,19.6220499874442,-4.76197650946899));
#11804=CARTESIAN_POINT('Ctrl Pts',(0.,19.6220499874442,-4.76197650946899));
#11805=CARTESIAN_POINT('Ctrl Pts',(-4.76197650946899,19.6220499874442,-4.76197650946899));
#11806=CARTESIAN_POINT('Ctrl Pts',(-4.76197650946899,19.6220499874442,0.));
#11807=CARTESIAN_POINT('Ctrl Pts',(-4.84543677328236,19.6185917318729,0.));
#11808=CARTESIAN_POINT('Ctrl Pts',(-4.84543677328236,19.6185917318729,4.84543677328236));
#11809=CARTESIAN_POINT('Ctrl Pts',(0.,19.6185917318729,4.84543677328236));
#11810=CARTESIAN_POINT('Ctrl Pts',(4.84543677328236,19.6185917318729,4.84543677328236));
#11811=CARTESIAN_POINT('Ctrl Pts',(4.84543677328236,19.6185917318729,0.));
#11812=CARTESIAN_POINT('Ctrl Pts',(4.84543677328236,19.6185917318729,-4.84543677328236));
#11813=CARTESIAN_POINT('Ctrl Pts',(0.,19.6185917318729,-4.84543677328236));
#11814=CARTESIAN_POINT('Ctrl Pts',(-4.84543677328236,19.6185917318729,-4.84543677328236));
#11815=CARTESIAN_POINT('Ctrl Pts',(-4.84543677328236,19.6185917318729,0.));
#11816=CARTESIAN_POINT('Ctrl Pts',(-4.92537696224529,19.6140267202225,0.));
#11817=CARTESIAN_POINT('Ctrl Pts',(-4.92537696224529,19.6140267202225,4.92537696224529));
#11818=CARTESIAN_POINT('Ctrl Pts',(0.,19.6140267202225,4.92537696224529));
#11819=CARTESIAN_POINT('Ctrl Pts',(4.92537696224529,19.6140267202225,4.92537696224529));
#11820=CARTESIAN_POINT('Ctrl Pts',(4.92537696224529,19.6140267202225,0.));
#11821=CARTESIAN_POINT('Ctrl Pts',(4.92537696224529,19.6140267202225,-4.92537696224529));
#11822=CARTESIAN_POINT('Ctrl Pts',(0.,19.6140267202225,-4.92537696224529));
#11823=CARTESIAN_POINT('Ctrl Pts',(-4.92537696224529,19.6140267202225,-4.92537696224529));
#11824=CARTESIAN_POINT('Ctrl Pts',(-4.92537696224529,19.6140267202225,0.));
#11825=CARTESIAN_POINT('Ctrl Pts',(-5.00310601159957,19.6081330606062,0.));
#11826=CARTESIAN_POINT('Ctrl Pts',(-5.00310601159957,19.6081330606062,5.00310601159957));
#11827=CARTESIAN_POINT('Ctrl Pts',(0.,19.6081330606062,5.00310601159957));
#11828=CARTESIAN_POINT('Ctrl Pts',(5.00310601159957,19.6081330606062,5.00310601159957));
#11829=CARTESIAN_POINT('Ctrl Pts',(5.00310601159957,19.6081330606062,0.));
#11830=CARTESIAN_POINT('Ctrl Pts',(5.00310601159957,19.6081330606062,-5.00310601159957));
#11831=CARTESIAN_POINT('Ctrl Pts',(0.,19.6081330606062,-5.00310601159957));
#11832=CARTESIAN_POINT('Ctrl Pts',(-5.00310601159957,19.6081330606062,-5.00310601159957));
#11833=CARTESIAN_POINT('Ctrl Pts',(-5.00310601159957,19.6081330606062,0.));
#11834=CARTESIAN_POINT('Ctrl Pts',(-5.08061864417853,19.6005796074302,0.));
#11835=CARTESIAN_POINT('Ctrl Pts',(-5.08061864417853,19.6005796074302,5.08061864417853));
#11836=CARTESIAN_POINT('Ctrl Pts',(0.,19.6005796074302,5.08061864417853));
#11837=CARTESIAN_POINT('Ctrl Pts',(5.08061864417853,19.6005796074302,5.08061864417853));
#11838=CARTESIAN_POINT('Ctrl Pts',(5.08061864417853,19.6005796074302,0.));
#11839=CARTESIAN_POINT('Ctrl Pts',(5.08061864417853,19.6005796074302,-5.08061864417853));
#11840=CARTESIAN_POINT('Ctrl Pts',(0.,19.6005796074302,-5.08061864417853));
#11841=CARTESIAN_POINT('Ctrl Pts',(-5.08061864417853,19.6005796074302,-5.08061864417853));
#11842=CARTESIAN_POINT('Ctrl Pts',(-5.08061864417853,19.6005796074302,0.));
#11843=CARTESIAN_POINT('Ctrl Pts',(-5.16018867170184,19.5909876474349,0.));
#11844=CARTESIAN_POINT('Ctrl Pts',(-5.16018867170184,19.5909876474349,5.16018867170184));
#11845=CARTESIAN_POINT('Ctrl Pts',(0.,19.5909876474349,5.16018867170184));
#11846=CARTESIAN_POINT('Ctrl Pts',(5.16018867170184,19.5909876474349,5.16018867170184));
#11847=CARTESIAN_POINT('Ctrl Pts',(5.16018867170184,19.5909876474349,0.));
#11848=CARTESIAN_POINT('Ctrl Pts',(5.16018867170184,19.5909876474349,-5.16018867170184));
#11849=CARTESIAN_POINT('Ctrl Pts',(0.,19.5909876474349,-5.16018867170184));
#11850=CARTESIAN_POINT('Ctrl Pts',(-5.16018867170184,19.5909876474349,-5.16018867170184));
#11851=CARTESIAN_POINT('Ctrl Pts',(-5.16018867170184,19.5909876474349,0.));
#11852=CARTESIAN_POINT('Ctrl Pts',(-5.24394502686104,19.5789953974045,0.));
#11853=CARTESIAN_POINT('Ctrl Pts',(-5.24394502686104,19.5789953974045,5.24394502686104));
#11854=CARTESIAN_POINT('Ctrl Pts',(0.,19.5789953974045,5.24394502686104));
#11855=CARTESIAN_POINT('Ctrl Pts',(5.24394502686104,19.5789953974045,5.24394502686104));
#11856=CARTESIAN_POINT('Ctrl Pts',(5.24394502686104,19.5789953974045,0.));
#11857=CARTESIAN_POINT('Ctrl Pts',(5.24394502686104,19.5789953974045,-5.24394502686104));
#11858=CARTESIAN_POINT('Ctrl Pts',(0.,19.5789953974045,-5.24394502686104));
#11859=CARTESIAN_POINT('Ctrl Pts',(-5.24394502686104,19.5789953974045,-5.24394502686104));
#11860=CARTESIAN_POINT('Ctrl Pts',(-5.24394502686104,19.5789953974045,0.));
#11861=CARTESIAN_POINT('Ctrl Pts',(-5.3334641145176,19.5643197994588,0.));
#11862=CARTESIAN_POINT('Ctrl Pts',(-5.3334641145176,19.5643197994588,5.3334641145176));
#11863=CARTESIAN_POINT('Ctrl Pts',(0.,19.5643197994588,5.3334641145176));
#11864=CARTESIAN_POINT('Ctrl Pts',(5.3334641145176,19.5643197994588,5.3334641145176));
#11865=CARTESIAN_POINT('Ctrl Pts',(5.3334641145176,19.5643197994588,0.));
#11866=CARTESIAN_POINT('Ctrl Pts',(5.3334641145176,19.5643197994588,-5.3334641145176));
#11867=CARTESIAN_POINT('Ctrl Pts',(0.,19.5643197994588,-5.3334641145176));
#11868=CARTESIAN_POINT('Ctrl Pts',(-5.3334641145176,19.5643197994588,-5.3334641145176));
#11869=CARTESIAN_POINT('Ctrl Pts',(-5.3334641145176,19.5643197994588,0.));
#11870=CARTESIAN_POINT('Ctrl Pts',(-5.42932955198015,19.5468240395867,0.));
#11871=CARTESIAN_POINT('Ctrl Pts',(-5.42932955198015,19.5468240395867,5.42932955198015));
#11872=CARTESIAN_POINT('Ctrl Pts',(0.,19.5468240395867,5.42932955198015));
#11873=CARTESIAN_POINT('Ctrl Pts',(5.42932955198015,19.5468240395867,5.42932955198015));
#11874=CARTESIAN_POINT('Ctrl Pts',(5.42932955198015,19.5468240395867,0.));
#11875=CARTESIAN_POINT('Ctrl Pts',(5.42932955198015,19.5468240395867,-5.42932955198015));
#11876=CARTESIAN_POINT('Ctrl Pts',(0.,19.5468240395867,-5.42932955198015));
#11877=CARTESIAN_POINT('Ctrl Pts',(-5.42932955198015,19.5468240395867,-5.42932955198015));
#11878=CARTESIAN_POINT('Ctrl Pts',(-5.42932955198015,19.5468240395867,0.));
#11879=CARTESIAN_POINT('Ctrl Pts',(-5.53076997560571,19.5265712630955,0.));
#11880=CARTESIAN_POINT('Ctrl Pts',(-5.5307699756057,19.5265712630955,5.5307699756057));
#11881=CARTESIAN_POINT('Ctrl Pts',(0.,19.5265712630955,5.53076997560571));
#11882=CARTESIAN_POINT('Ctrl Pts',(5.5307699756057,19.5265712630955,5.5307699756057));
#11883=CARTESIAN_POINT('Ctrl Pts',(5.53076997560571,19.5265712630955,0.));
#11884=CARTESIAN_POINT('Ctrl Pts',(5.5307699756057,19.5265712630955,-5.5307699756057));
#11885=CARTESIAN_POINT('Ctrl Pts',(0.,19.5265712630955,-5.53076997560571));
#11886=CARTESIAN_POINT('Ctrl Pts',(-5.5307699756057,19.5265712630955,-5.5307699756057));
#11887=CARTESIAN_POINT('Ctrl Pts',(-5.53076997560571,19.5265712630955,0.));
#11888=CARTESIAN_POINT('Ctrl Pts',(-5.63612679699753,19.5037278820425,0.));
#11889=CARTESIAN_POINT('Ctrl Pts',(-5.63612679699753,19.5037278820425,5.63612679699753));
#11890=CARTESIAN_POINT('Ctrl Pts',(0.,19.5037278820425,5.63612679699753));
#11891=CARTESIAN_POINT('Ctrl Pts',(5.63612679699753,19.5037278820425,5.63612679699753));
#11892=CARTESIAN_POINT('Ctrl Pts',(5.63612679699753,19.5037278820425,0.));
#11893=CARTESIAN_POINT('Ctrl Pts',(5.63612679699753,19.5037278820425,-5.63612679699753));
#11894=CARTESIAN_POINT('Ctrl Pts',(0.,19.5037278820425,-5.63612679699753));
#11895=CARTESIAN_POINT('Ctrl Pts',(-5.63612679699753,19.5037278820425,-5.63612679699753));
#11896=CARTESIAN_POINT('Ctrl Pts',(-5.63612679699753,19.5037278820425,0.));
#11897=CARTESIAN_POINT('Ctrl Pts',(-5.74324524493242,19.4784821128983,0.));
#11898=CARTESIAN_POINT('Ctrl Pts',(-5.74324524493242,19.4784821128983,5.74324524493242));
#11899=CARTESIAN_POINT('Ctrl Pts',(0.,19.4784821128983,5.74324524493242));
#11900=CARTESIAN_POINT('Ctrl Pts',(5.74324524493242,19.4784821128983,5.74324524493242));
#11901=CARTESIAN_POINT('Ctrl Pts',(5.74324524493242,19.4784821128983,0.));
#11902=CARTESIAN_POINT('Ctrl Pts',(5.74324524493242,19.4784821128983,-5.74324524493242));
#11903=CARTESIAN_POINT('Ctrl Pts',(0.,19.4784821128983,-5.74324524493242));
#11904=CARTESIAN_POINT('Ctrl Pts',(-5.74324524493242,19.4784821128983,-5.74324524493242));
#11905=CARTESIAN_POINT('Ctrl Pts',(-5.74324524493242,19.4784821128983,0.));
#11906=CARTESIAN_POINT('Ctrl Pts',(-5.84990933853674,19.4509510459722,0.));
#11907=CARTESIAN_POINT('Ctrl Pts',(-5.84990933853674,19.4509510459722,5.84990933853674));
#11908=CARTESIAN_POINT('Ctrl Pts',(0.,19.4509510459722,5.84990933853674));
#11909=CARTESIAN_POINT('Ctrl Pts',(5.84990933853674,19.4509510459722,5.84990933853674));
#11910=CARTESIAN_POINT('Ctrl Pts',(5.84990933853674,19.4509510459722,0.));
#11911=CARTESIAN_POINT('Ctrl Pts',(5.84990933853674,19.4509510459722,-5.84990933853674));
#11912=CARTESIAN_POINT('Ctrl Pts',(0.,19.4509510459722,-5.84990933853674));
#11913=CARTESIAN_POINT('Ctrl Pts',(-5.84990933853674,19.4509510459722,-5.84990933853674));
#11914=CARTESIAN_POINT('Ctrl Pts',(-5.84990933853674,19.4509510459722,0.));
#11915=CARTESIAN_POINT('Ctrl Pts',(-5.95421702746908,19.4211063766684,0.));
#11916=CARTESIAN_POINT('Ctrl Pts',(-5.95421702746908,19.4211063766684,5.95421702746908));
#11917=CARTESIAN_POINT('Ctrl Pts',(0.,19.4211063766684,5.95421702746908));
#11918=CARTESIAN_POINT('Ctrl Pts',(5.95421702746908,19.4211063766684,5.95421702746908));
#11919=CARTESIAN_POINT('Ctrl Pts',(5.95421702746908,19.4211063766684,0.));
#11920=CARTESIAN_POINT('Ctrl Pts',(5.95421702746908,19.4211063766684,-5.95421702746908));
#11921=CARTESIAN_POINT('Ctrl Pts',(0.,19.4211063766684,-5.95421702746908));
#11922=CARTESIAN_POINT('Ctrl Pts',(-5.95421702746908,19.4211063766684,-5.95421702746908));
#11923=CARTESIAN_POINT('Ctrl Pts',(-5.95421702746908,19.4211063766684,0.));
#11924=CARTESIAN_POINT('Ctrl Pts',(-6.05508290870211,19.3886570461507,0.));
#11925=CARTESIAN_POINT('Ctrl Pts',(-6.05508290870211,19.3886570461507,6.05508290870211));
#11926=CARTESIAN_POINT('Ctrl Pts',(0.,19.3886570461507,6.05508290870211));
#11927=CARTESIAN_POINT('Ctrl Pts',(6.05508290870211,19.3886570461507,6.05508290870211));
#11928=CARTESIAN_POINT('Ctrl Pts',(6.05508290870211,19.3886570461507,0.));
#11929=CARTESIAN_POINT('Ctrl Pts',(6.05508290870211,19.3886570461507,-6.05508290870211));
#11930=CARTESIAN_POINT('Ctrl Pts',(0.,19.3886570461507,-6.05508290870211));
#11931=CARTESIAN_POINT('Ctrl Pts',(-6.05508290870211,19.3886570461507,-6.05508290870211));
#11932=CARTESIAN_POINT('Ctrl Pts',(-6.05508290870211,19.3886570461507,0.));
#11933=CARTESIAN_POINT('Ctrl Pts',(-6.15220215338513,19.3531163869401,0.));
#11934=CARTESIAN_POINT('Ctrl Pts',(-6.15220215338513,19.3531163869401,6.15220215338513));
#11935=CARTESIAN_POINT('Ctrl Pts',(0.,19.3531163869401,6.15220215338513));
#11936=CARTESIAN_POINT('Ctrl Pts',(6.15220215338513,19.3531163869401,6.15220215338513));
#11937=CARTESIAN_POINT('Ctrl Pts',(6.15220215338513,19.3531163869401,0.));
#11938=CARTESIAN_POINT('Ctrl Pts',(6.15220215338513,19.3531163869401,-6.15220215338513));
#11939=CARTESIAN_POINT('Ctrl Pts',(0.,19.3531163869401,-6.15220215338513));
#11940=CARTESIAN_POINT('Ctrl Pts',(-6.15220215338513,19.3531163869401,-6.15220215338513));
#11941=CARTESIAN_POINT('Ctrl Pts',(-6.15220215338513,19.3531163869401,0.));
#11942=CARTESIAN_POINT('Ctrl Pts',(-6.24571188745432,19.3139718990849,0.));
#11943=CARTESIAN_POINT('Ctrl Pts',(-6.24571188745431,19.3139718990849,6.24571188745431));
#11944=CARTESIAN_POINT('Ctrl Pts',(0.,19.3139718990849,6.24571188745432));
#11945=CARTESIAN_POINT('Ctrl Pts',(6.24571188745431,19.3139718990849,6.24571188745431));
#11946=CARTESIAN_POINT('Ctrl Pts',(6.24571188745432,19.3139718990849,0.));
#11947=CARTESIAN_POINT('Ctrl Pts',(6.24571188745431,19.3139718990849,-6.24571188745431));
#11948=CARTESIAN_POINT('Ctrl Pts',(0.,19.3139718990849,-6.24571188745432));
#11949=CARTESIAN_POINT('Ctrl Pts',(-6.24571188745431,19.3139718990849,-6.24571188745431));
#11950=CARTESIAN_POINT('Ctrl Pts',(-6.24571188745432,19.3139718990849,0.));
#11951=CARTESIAN_POINT('Ctrl Pts',(-6.33593975545262,19.2708287187768,0.));
#11952=CARTESIAN_POINT('Ctrl Pts',(-6.33593975545262,19.2708287187768,6.33593975545262));
#11953=CARTESIAN_POINT('Ctrl Pts',(0.,19.2708287187768,6.33593975545262));
#11954=CARTESIAN_POINT('Ctrl Pts',(6.33593975545262,19.2708287187768,6.33593975545262));
#11955=CARTESIAN_POINT('Ctrl Pts',(6.33593975545262,19.2708287187768,0.));
#11956=CARTESIAN_POINT('Ctrl Pts',(6.33593975545262,19.2708287187768,-6.33593975545262));
#11957=CARTESIAN_POINT('Ctrl Pts',(0.,19.2708287187768,-6.33593975545262));
#11958=CARTESIAN_POINT('Ctrl Pts',(-6.33593975545262,19.2708287187768,-6.33593975545262));
#11959=CARTESIAN_POINT('Ctrl Pts',(-6.33593975545262,19.2708287187768,0.));
#11960=CARTESIAN_POINT('Ctrl Pts',(-6.42313479462477,19.2235530987981,0.));
#11961=CARTESIAN_POINT('Ctrl Pts',(-6.42313479462477,19.2235530987981,6.42313479462477));
#11962=CARTESIAN_POINT('Ctrl Pts',(0.,19.2235530987981,6.42313479462477));
#11963=CARTESIAN_POINT('Ctrl Pts',(6.42313479462477,19.2235530987981,6.42313479462477));
#11964=CARTESIAN_POINT('Ctrl Pts',(6.42313479462477,19.2235530987981,0.));
#11965=CARTESIAN_POINT('Ctrl Pts',(6.42313479462477,19.2235530987981,-6.42313479462477));
#11966=CARTESIAN_POINT('Ctrl Pts',(0.,19.2235530987981,-6.42313479462477));
#11967=CARTESIAN_POINT('Ctrl Pts',(-6.42313479462477,19.2235530987981,-6.42313479462477));
#11968=CARTESIAN_POINT('Ctrl Pts',(-6.42313479462477,19.2235530987981,0.));
#11969=CARTESIAN_POINT('Ctrl Pts',(-6.50716558735078,19.1724443787867,0.));
#11970=CARTESIAN_POINT('Ctrl Pts',(-6.50716558735078,19.1724443787867,6.50716558735078));
#11971=CARTESIAN_POINT('Ctrl Pts',(0.,19.1724443787867,6.50716558735078));
#11972=CARTESIAN_POINT('Ctrl Pts',(6.50716558735078,19.1724443787867,6.50716558735078));
#11973=CARTESIAN_POINT('Ctrl Pts',(6.50716558735078,19.1724443787867,0.));
#11974=CARTESIAN_POINT('Ctrl Pts',(6.50716558735078,19.1724443787867,-6.50716558735078));
#11975=CARTESIAN_POINT('Ctrl Pts',(0.,19.1724443787867,-6.50716558735078));
#11976=CARTESIAN_POINT('Ctrl Pts',(-6.50716558735078,19.1724443787867,-6.50716558735078));
#11977=CARTESIAN_POINT('Ctrl Pts',(-6.50716558735078,19.1724443787867,0.));
#11978=CARTESIAN_POINT('Ctrl Pts',(-6.58735704680431,19.1183121532385,0.));
#11979=CARTESIAN_POINT('Ctrl Pts',(-6.58735704680431,19.1183121532385,6.58735704680431));
#11980=CARTESIAN_POINT('Ctrl Pts',(0.,19.1183121532385,6.58735704680431));
#11981=CARTESIAN_POINT('Ctrl Pts',(6.58735704680431,19.1183121532385,6.58735704680431));
#11982=CARTESIAN_POINT('Ctrl Pts',(6.58735704680431,19.1183121532385,0.));
#11983=CARTESIAN_POINT('Ctrl Pts',(6.58735704680431,19.1183121532385,-6.58735704680431));
#11984=CARTESIAN_POINT('Ctrl Pts',(0.,19.1183121532385,-6.58735704680431));
#11985=CARTESIAN_POINT('Ctrl Pts',(-6.58735704680431,19.1183121532385,-6.58735704680431));
#11986=CARTESIAN_POINT('Ctrl Pts',(-6.58735704680431,19.1183121532385,0.));
#11987=CARTESIAN_POINT('Ctrl Pts',(-6.66283620839328,19.0622124863955,0.));
#11988=CARTESIAN_POINT('Ctrl Pts',(-6.66283620839328,19.0622124863955,6.66283620839328));
#11989=CARTESIAN_POINT('Ctrl Pts',(0.,19.0622124863955,6.66283620839328));
#11990=CARTESIAN_POINT('Ctrl Pts',(6.66283620839328,19.0622124863955,6.66283620839328));
#11991=CARTESIAN_POINT('Ctrl Pts',(6.66283620839328,19.0622124863955,0.));
#11992=CARTESIAN_POINT('Ctrl Pts',(6.66283620839328,19.0622124863955,-6.66283620839328));
#11993=CARTESIAN_POINT('Ctrl Pts',(0.,19.0622124863955,-6.66283620839328));
#11994=CARTESIAN_POINT('Ctrl Pts',(-6.66283620839328,19.0622124863955,-6.66283620839328));
#11995=CARTESIAN_POINT('Ctrl Pts',(-6.66283620839328,19.0622124863955,0.));
#11996=CARTESIAN_POINT('Ctrl Pts',(-6.73279825524529,19.0052382834377,0.));
#11997=CARTESIAN_POINT('Ctrl Pts',(-6.73279825524529,19.0052382834377,6.73279825524529));
#11998=CARTESIAN_POINT('Ctrl Pts',(0.,19.0052382834377,6.73279825524529));
#11999=CARTESIAN_POINT('Ctrl Pts',(6.73279825524529,19.0052382834377,6.73279825524529));
#12000=CARTESIAN_POINT('Ctrl Pts',(6.73279825524529,19.0052382834377,0.));
#12001=CARTESIAN_POINT('Ctrl Pts',(6.73279825524529,19.0052382834377,-6.73279825524529));
#12002=CARTESIAN_POINT('Ctrl Pts',(0.,19.0052382834377,-6.73279825524529));
#12003=CARTESIAN_POINT('Ctrl Pts',(-6.73279825524529,19.0052382834377,-6.73279825524529));
#12004=CARTESIAN_POINT('Ctrl Pts',(-6.73279825524529,19.0052382834377,0.));
#12005=CARTESIAN_POINT('Ctrl Pts',(-6.79679585465879,18.9482939814504,0.));
#12006=CARTESIAN_POINT('Ctrl Pts',(-6.79679585465879,18.9482939814504,6.79679585465879));
#12007=CARTESIAN_POINT('Ctrl Pts',(0.,18.9482939814504,6.79679585465879));
#12008=CARTESIAN_POINT('Ctrl Pts',(6.79679585465879,18.9482939814504,6.79679585465879));
#12009=CARTESIAN_POINT('Ctrl Pts',(6.79679585465879,18.9482939814504,0.));
#12010=CARTESIAN_POINT('Ctrl Pts',(6.79679585465879,18.9482939814504,-6.79679585465879));
#12011=CARTESIAN_POINT('Ctrl Pts',(0.,18.9482939814504,-6.79679585465879));
#12012=CARTESIAN_POINT('Ctrl Pts',(-6.79679585465879,18.9482939814504,-6.79679585465879));
#12013=CARTESIAN_POINT('Ctrl Pts',(-6.79679585465879,18.9482939814504,0.));
#12014=CARTESIAN_POINT('Ctrl Pts',(-6.85503952983933,18.8918647281468,0.));
#12015=CARTESIAN_POINT('Ctrl Pts',(-6.85503952983933,18.8918647281468,6.85503952983933));
#12016=CARTESIAN_POINT('Ctrl Pts',(0.,18.8918647281468,6.85503952983933));
#12017=CARTESIAN_POINT('Ctrl Pts',(6.85503952983933,18.8918647281468,6.85503952983933));
#12018=CARTESIAN_POINT('Ctrl Pts',(6.85503952983933,18.8918647281468,0.));
#12019=CARTESIAN_POINT('Ctrl Pts',(6.85503952983933,18.8918647281468,-6.85503952983933));
#12020=CARTESIAN_POINT('Ctrl Pts',(0.,18.8918647281468,-6.85503952983933));
#12021=CARTESIAN_POINT('Ctrl Pts',(-6.85503952983933,18.8918647281468,-6.85503952983933));
#12022=CARTESIAN_POINT('Ctrl Pts',(-6.85503952983933,18.8918647281468,0.));
#12023=CARTESIAN_POINT('Ctrl Pts',(-6.90864110077601,18.8358198491383,0.));
#12024=CARTESIAN_POINT('Ctrl Pts',(-6.90864110077601,18.8358198491383,6.90864110077601));
#12025=CARTESIAN_POINT('Ctrl Pts',(0.,18.8358198491383,6.90864110077601));
#12026=CARTESIAN_POINT('Ctrl Pts',(6.90864110077601,18.8358198491383,6.90864110077601));
#12027=CARTESIAN_POINT('Ctrl Pts',(6.90864110077601,18.8358198491383,0.));
#12028=CARTESIAN_POINT('Ctrl Pts',(6.90864110077601,18.8358198491383,-6.90864110077601));
#12029=CARTESIAN_POINT('Ctrl Pts',(0.,18.8358198491383,-6.90864110077601));
#12030=CARTESIAN_POINT('Ctrl Pts',(-6.90864110077601,18.8358198491383,-6.90864110077601));
#12031=CARTESIAN_POINT('Ctrl Pts',(-6.90864110077601,18.8358198491383,0.));
#12032=CARTESIAN_POINT('Ctrl Pts',(-6.95915507742194,18.7796503901522,0.));
#12033=CARTESIAN_POINT('Ctrl Pts',(-6.95915507742194,18.7796503901522,6.95915507742194));
#12034=CARTESIAN_POINT('Ctrl Pts',(0.,18.7796503901522,6.95915507742194));
#12035=CARTESIAN_POINT('Ctrl Pts',(6.95915507742194,18.7796503901522,6.95915507742194));
#12036=CARTESIAN_POINT('Ctrl Pts',(6.95915507742194,18.7796503901522,0.));
#12037=CARTESIAN_POINT('Ctrl Pts',(6.95915507742194,18.7796503901522,-6.95915507742194));
#12038=CARTESIAN_POINT('Ctrl Pts',(0.,18.7796503901522,-6.95915507742194));
#12039=CARTESIAN_POINT('Ctrl Pts',(-6.95915507742194,18.7796503901522,-6.95915507742194));
#12040=CARTESIAN_POINT('Ctrl Pts',(-6.95915507742194,18.7796503901522,0.));
#12041=CARTESIAN_POINT('Ctrl Pts',(-7.00815482154133,18.7226816600363,0.));
#12042=CARTESIAN_POINT('Ctrl Pts',(-7.00815482154133,18.7226816600363,7.00815482154133));
#12043=CARTESIAN_POINT('Ctrl Pts',(0.,18.7226816600363,7.00815482154133));
#12044=CARTESIAN_POINT('Ctrl Pts',(7.00815482154133,18.7226816600363,7.00815482154133));
#12045=CARTESIAN_POINT('Ctrl Pts',(7.00815482154133,18.7226816600363,0.));
#12046=CARTESIAN_POINT('Ctrl Pts',(7.00815482154133,18.7226816600363,-7.00815482154133));
#12047=CARTESIAN_POINT('Ctrl Pts',(0.,18.7226816600363,-7.00815482154133));
#12048=CARTESIAN_POINT('Ctrl Pts',(-7.00815482154133,18.7226816600363,-7.00815482154133));
#12049=CARTESIAN_POINT('Ctrl Pts',(-7.00815482154133,18.7226816600363,0.));
#12050=CARTESIAN_POINT('Ctrl Pts',(-7.05683147272028,18.66427913989,0.));
#12051=CARTESIAN_POINT('Ctrl Pts',(-7.05683147272028,18.66427913989,7.05683147272028));
#12052=CARTESIAN_POINT('Ctrl Pts',(0.,18.66427913989,7.05683147272028));
#12053=CARTESIAN_POINT('Ctrl Pts',(7.05683147272028,18.66427913989,7.05683147272028));
#12054=CARTESIAN_POINT('Ctrl Pts',(7.05683147272028,18.66427913989,0.));
#12055=CARTESIAN_POINT('Ctrl Pts',(7.05683147272028,18.66427913989,-7.05683147272028));
#12056=CARTESIAN_POINT('Ctrl Pts',(0.,18.66427913989,-7.05683147272028));
#12057=CARTESIAN_POINT('Ctrl Pts',(-7.05683147272028,18.66427913989,-7.05683147272028));
#12058=CARTESIAN_POINT('Ctrl Pts',(-7.05683147272028,18.66427913989,0.));
#12059=CARTESIAN_POINT('Ctrl Pts',(-7.10549884006459,18.6040931992279,0.));
#12060=CARTESIAN_POINT('Ctrl Pts',(-7.10549884006458,18.6040931992279,7.10549884006458));
#12061=CARTESIAN_POINT('Ctrl Pts',(0.,18.6040931992279,7.10549884006459));
#12062=CARTESIAN_POINT('Ctrl Pts',(7.10549884006458,18.6040931992279,7.10549884006458));
#12063=CARTESIAN_POINT('Ctrl Pts',(7.10549884006459,18.6040931992279,0.));
#12064=CARTESIAN_POINT('Ctrl Pts',(7.10549884006458,18.6040931992279,-7.10549884006458));
#12065=CARTESIAN_POINT('Ctrl Pts',(0.,18.6040931992279,-7.10549884006459));
#12066=CARTESIAN_POINT('Ctrl Pts',(-7.10549884006458,18.6040931992279,-7.10549884006458));
#12067=CARTESIAN_POINT('Ctrl Pts',(-7.10549884006459,18.6040931992279,0.));
#12068=CARTESIAN_POINT('Ctrl Pts',(-7.1534117886774,18.5421686503639,0.));
#12069=CARTESIAN_POINT('Ctrl Pts',(-7.1534117886774,18.5421686503639,7.1534117886774));
#12070=CARTESIAN_POINT('Ctrl Pts',(0.,18.5421686503639,7.1534117886774));
#12071=CARTESIAN_POINT('Ctrl Pts',(7.1534117886774,18.5421686503639,7.1534117886774));
#12072=CARTESIAN_POINT('Ctrl Pts',(7.1534117886774,18.5421686503639,0.));
#12073=CARTESIAN_POINT('Ctrl Pts',(7.1534117886774,18.5421686503639,-7.1534117886774));
#12074=CARTESIAN_POINT('Ctrl Pts',(0.,18.5421686503639,-7.1534117886774));
#12075=CARTESIAN_POINT('Ctrl Pts',(-7.1534117886774,18.5421686503639,-7.1534117886774));
#12076=CARTESIAN_POINT('Ctrl Pts',(-7.1534117886774,18.5421686503639,0.));
#12077=CARTESIAN_POINT('Ctrl Pts',(-7.19923305232188,18.4787724377809,0.));
#12078=CARTESIAN_POINT('Ctrl Pts',(-7.19923305232188,18.4787724377809,7.19923305232188));
#12079=CARTESIAN_POINT('Ctrl Pts',(0.,18.4787724377809,7.19923305232188));
#12080=CARTESIAN_POINT('Ctrl Pts',(7.19923305232188,18.4787724377809,7.19923305232188));
#12081=CARTESIAN_POINT('Ctrl Pts',(7.19923305232188,18.4787724377809,0.));
#12082=CARTESIAN_POINT('Ctrl Pts',(7.19923305232188,18.4787724377809,-7.19923305232188));
#12083=CARTESIAN_POINT('Ctrl Pts',(0.,18.4787724377809,-7.19923305232188));
#12084=CARTESIAN_POINT('Ctrl Pts',(-7.19923305232188,18.4787724377809,-7.19923305232188));
#12085=CARTESIAN_POINT('Ctrl Pts',(-7.19923305232188,18.4787724377809,0.));
#12086=CARTESIAN_POINT('Ctrl Pts',(-7.24137704889355,18.4142759529204,0.));
#12087=CARTESIAN_POINT('Ctrl Pts',(-7.24137704889355,18.4142759529204,7.24137704889355));
#12088=CARTESIAN_POINT('Ctrl Pts',(0.,18.4142759529204,7.24137704889355));
#12089=CARTESIAN_POINT('Ctrl Pts',(7.24137704889355,18.4142759529204,7.24137704889355));
#12090=CARTESIAN_POINT('Ctrl Pts',(7.24137704889355,18.4142759529204,0.));
#12091=CARTESIAN_POINT('Ctrl Pts',(7.24137704889355,18.4142759529204,-7.24137704889355));
#12092=CARTESIAN_POINT('Ctrl Pts',(0.,18.4142759529204,-7.24137704889355));
#12093=CARTESIAN_POINT('Ctrl Pts',(-7.24137704889355,18.4142759529204,-7.24137704889355));
#12094=CARTESIAN_POINT('Ctrl Pts',(-7.24137704889355,18.4142759529204,0.));
#12095=CARTESIAN_POINT('Ctrl Pts',(-7.27836819336585,18.3490282810339,0.));
#12096=CARTESIAN_POINT('Ctrl Pts',(-7.27836819336585,18.3490282810339,7.27836819336585));
#12097=CARTESIAN_POINT('Ctrl Pts',(0.,18.3490282810339,7.27836819336585));
#12098=CARTESIAN_POINT('Ctrl Pts',(7.27836819336585,18.3490282810339,7.27836819336585));
#12099=CARTESIAN_POINT('Ctrl Pts',(7.27836819336585,18.3490282810339,0.));
#12100=CARTESIAN_POINT('Ctrl Pts',(7.27836819336585,18.3490282810339,-7.27836819336585));
#12101=CARTESIAN_POINT('Ctrl Pts',(0.,18.3490282810339,-7.27836819336585));
#12102=CARTESIAN_POINT('Ctrl Pts',(-7.27836819336585,18.3490282810339,-7.27836819336585));
#12103=CARTESIAN_POINT('Ctrl Pts',(-7.27836819336585,18.3490282810339,0.));
#12104=CARTESIAN_POINT('Ctrl Pts',(-7.30927542834399,18.2832036815153,0.));
#12105=CARTESIAN_POINT('Ctrl Pts',(-7.30927542834399,18.2832036815153,7.30927542834399));
#12106=CARTESIAN_POINT('Ctrl Pts',(0.,18.2832036815153,7.30927542834399));
#12107=CARTESIAN_POINT('Ctrl Pts',(7.30927542834399,18.2832036815153,7.30927542834399));
#12108=CARTESIAN_POINT('Ctrl Pts',(7.30927542834399,18.2832036815153,0.));
#12109=CARTESIAN_POINT('Ctrl Pts',(7.30927542834399,18.2832036815153,-7.30927542834399));
#12110=CARTESIAN_POINT('Ctrl Pts',(0.,18.2832036815153,-7.30927542834399));
#12111=CARTESIAN_POINT('Ctrl Pts',(-7.30927542834399,18.2832036815153,-7.30927542834399));
#12112=CARTESIAN_POINT('Ctrl Pts',(-7.30927542834399,18.2832036815153,0.));
#12113=CARTESIAN_POINT('Ctrl Pts',(-7.33374854347761,18.2167929095048,0.));
#12114=CARTESIAN_POINT('Ctrl Pts',(-7.33374854347761,18.2167929095048,7.33374854347761));
#12115=CARTESIAN_POINT('Ctrl Pts',(0.,18.2167929095048,7.33374854347761));
#12116=CARTESIAN_POINT('Ctrl Pts',(7.33374854347761,18.2167929095048,7.33374854347761));
#12117=CARTESIAN_POINT('Ctrl Pts',(7.33374854347761,18.2167929095048,0.));
#12118=CARTESIAN_POINT('Ctrl Pts',(7.33374854347761,18.2167929095048,-7.33374854347761));
#12119=CARTESIAN_POINT('Ctrl Pts',(0.,18.2167929095048,-7.33374854347761));
#12120=CARTESIAN_POINT('Ctrl Pts',(-7.33374854347761,18.2167929095048,-7.33374854347761));
#12121=CARTESIAN_POINT('Ctrl Pts',(-7.33374854347761,18.2167929095048,0.));
#12122=CARTESIAN_POINT('Ctrl Pts',(-7.34816251332397,18.1631183134885,0.));
#12123=CARTESIAN_POINT('Ctrl Pts',(-7.34816251332397,18.1631183134885,7.34816251332397));
#12124=CARTESIAN_POINT('Ctrl Pts',(0.,18.1631183134885,7.34816251332397));
#12125=CARTESIAN_POINT('Ctrl Pts',(7.34816251332397,18.1631183134885,7.34816251332397));
#12126=CARTESIAN_POINT('Ctrl Pts',(7.34816251332397,18.1631183134885,0.));
#12127=CARTESIAN_POINT('Ctrl Pts',(7.34816251332397,18.1631183134885,-7.34816251332397));
#12128=CARTESIAN_POINT('Ctrl Pts',(0.,18.1631183134885,-7.34816251332397));
#12129=CARTESIAN_POINT('Ctrl Pts',(-7.34816251332397,18.1631183134885,-7.34816251332397));
#12130=CARTESIAN_POINT('Ctrl Pts',(-7.34816251332397,18.1631183134885,0.));
#12131=CARTESIAN_POINT('Ctrl Pts',(-7.35613253613455,18.1225017431892,0.));
#12132=CARTESIAN_POINT('Ctrl Pts',(-7.35613253613455,18.1225017431892,7.35613253613455));
#12133=CARTESIAN_POINT('Ctrl Pts',(0.,18.1225017431892,7.35613253613455));
#12134=CARTESIAN_POINT('Ctrl Pts',(7.35613253613455,18.1225017431892,7.35613253613455));
#12135=CARTESIAN_POINT('Ctrl Pts',(7.35613253613455,18.1225017431892,0.));
#12136=CARTESIAN_POINT('Ctrl Pts',(7.35613253613455,18.1225017431892,-7.35613253613455));
#12137=CARTESIAN_POINT('Ctrl Pts',(0.,18.1225017431892,-7.35613253613455));
#12138=CARTESIAN_POINT('Ctrl Pts',(-7.35613253613455,18.1225017431892,-7.35613253613455));
#12139=CARTESIAN_POINT('Ctrl Pts',(-7.35613253613455,18.1225017431892,0.));
#12140=CARTESIAN_POINT('Ctrl Pts',(-7.36019785670911,18.0952553079823,0.));
#12141=CARTESIAN_POINT('Ctrl Pts',(-7.36019785670911,18.0952553079823,7.36019785670911));
#12142=CARTESIAN_POINT('Ctrl Pts',(0.,18.0952553079823,7.36019785670911));
#12143=CARTESIAN_POINT('Ctrl Pts',(7.36019785670911,18.0952553079823,7.36019785670911));
#12144=CARTESIAN_POINT('Ctrl Pts',(7.36019785670911,18.0952553079823,0.));
#12145=CARTESIAN_POINT('Ctrl Pts',(7.36019785670911,18.0952553079823,-7.36019785670911));
#12146=CARTESIAN_POINT('Ctrl Pts',(0.,18.0952553079823,-7.36019785670911));
#12147=CARTESIAN_POINT('Ctrl Pts',(-7.36019785670911,18.0952553079823,-7.36019785670911));
#12148=CARTESIAN_POINT('Ctrl Pts',(-7.36019785670911,18.0952553079823,0.));
#12149=CARTESIAN_POINT('Ctrl Pts',(-7.36191852351472,18.0815899049938,0.));
#12150=CARTESIAN_POINT('Ctrl Pts',(-7.36191852351472,18.0815899049938,7.36191852351472));
#12151=CARTESIAN_POINT('Ctrl Pts',(0.,18.0815899049938,7.36191852351472));
#12152=CARTESIAN_POINT('Ctrl Pts',(7.36191852351472,18.0815899049938,7.36191852351472));
#12153=CARTESIAN_POINT('Ctrl Pts',(7.36191852351472,18.0815899049938,0.));
#12154=CARTESIAN_POINT('Ctrl Pts',(7.36191852351472,18.0815899049938,-7.36191852351472));
#12155=CARTESIAN_POINT('Ctrl Pts',(0.,18.0815899049938,-7.36191852351472));
#12156=CARTESIAN_POINT('Ctrl Pts',(-7.36191852351472,18.0815899049938,-7.36191852351472));
#12157=CARTESIAN_POINT('Ctrl Pts',(-7.36191852351472,18.0815899049938,0.));
#12158=CARTESIAN_POINT('',(-4.48340483129942,19.6266107154833,0.));
#12159=CARTESIAN_POINT('Ctrl Pts',(-7.36191852351472,18.0815899049938,0.));
#12160=CARTESIAN_POINT('Ctrl Pts',(-7.36019785670911,18.0952553079823,0.));
#12161=CARTESIAN_POINT('Ctrl Pts',(-7.35613253613455,18.1225017431892,0.));
#12162=CARTESIAN_POINT('Ctrl Pts',(-7.34816251332397,18.1631183134885,0.));
#12163=CARTESIAN_POINT('Ctrl Pts',(-7.33374854347761,18.2167929095048,0.));
#12164=CARTESIAN_POINT('Ctrl Pts',(-7.30927542834399,18.2832036815153,0.));
#12165=CARTESIAN_POINT('Ctrl Pts',(-7.27836819336585,18.3490282810339,0.));
#12166=CARTESIAN_POINT('Ctrl Pts',(-7.24137704889355,18.4142759529204,0.));
#12167=CARTESIAN_POINT('Ctrl Pts',(-7.19923305232188,18.4787724377809,0.));
#12168=CARTESIAN_POINT('Ctrl Pts',(-7.1534117886774,18.5421686503639,0.));
#12169=CARTESIAN_POINT('Ctrl Pts',(-7.10549884006459,18.6040931992279,0.));
#12170=CARTESIAN_POINT('Ctrl Pts',(-7.05683147272028,18.66427913989,0.));
#12171=CARTESIAN_POINT('Ctrl Pts',(-7.00815482154133,18.7226816600363,0.));
#12172=CARTESIAN_POINT('Ctrl Pts',(-6.95915507742194,18.7796503901522,0.));
#12173=CARTESIAN_POINT('Ctrl Pts',(-6.90864110077601,18.8358198491383,0.));
#12174=CARTESIAN_POINT('Ctrl Pts',(-6.85503952983933,18.8918647281468,0.));
#12175=CARTESIAN_POINT('Ctrl Pts',(-6.79679585465879,18.9482939814504,0.));
#12176=CARTESIAN_POINT('Ctrl Pts',(-6.73279825524529,19.0052382834377,0.));
#12177=CARTESIAN_POINT('Ctrl Pts',(-6.66283620839328,19.0622124863955,0.));
#12178=CARTESIAN_POINT('Ctrl Pts',(-6.58735704680431,19.1183121532385,0.));
#12179=CARTESIAN_POINT('Ctrl Pts',(-6.50716558735078,19.1724443787867,0.));
#12180=CARTESIAN_POINT('Ctrl Pts',(-6.42313479462477,19.2235530987981,0.));
#12181=CARTESIAN_POINT('Ctrl Pts',(-6.33593975545262,19.2708287187768,0.));
#12182=CARTESIAN_POINT('Ctrl Pts',(-6.24571188745432,19.3139718990849,0.));
#12183=CARTESIAN_POINT('Ctrl Pts',(-6.15220215338513,19.3531163869401,0.));
#12184=CARTESIAN_POINT('Ctrl Pts',(-6.05508290870211,19.3886570461507,0.));
#12185=CARTESIAN_POINT('Ctrl Pts',(-5.95421702746908,19.4211063766684,0.));
#12186=CARTESIAN_POINT('Ctrl Pts',(-5.84990933853674,19.4509510459722,0.));
#12187=CARTESIAN_POINT('Ctrl Pts',(-5.74324524493242,19.4784821128983,0.));
#12188=CARTESIAN_POINT('Ctrl Pts',(-5.63612679699753,19.5037278820425,0.));
#12189=CARTESIAN_POINT('Ctrl Pts',(-5.53076997560571,19.5265712630955,0.));
#12190=CARTESIAN_POINT('Ctrl Pts',(-5.42932955198015,19.5468240395867,0.));
#12191=CARTESIAN_POINT('Ctrl Pts',(-5.3334641145176,19.5643197994588,0.));
#12192=CARTESIAN_POINT('Ctrl Pts',(-5.24394502686104,19.5789953974045,0.));
#12193=CARTESIAN_POINT('Ctrl Pts',(-5.16018867170184,19.5909876474349,0.));
#12194=CARTESIAN_POINT('Ctrl Pts',(-5.08061864417853,19.6005796074302,0.));
#12195=CARTESIAN_POINT('Ctrl Pts',(-5.00310601159957,19.6081330606062,0.));
#12196=CARTESIAN_POINT('Ctrl Pts',(-4.92537696224529,19.6140267202225,0.));
#12197=CARTESIAN_POINT('Ctrl Pts',(-4.84543677328236,19.6185917318729,0.));
#12198=CARTESIAN_POINT('Ctrl Pts',(-4.76197650946899,19.6220499874442,0.));
#12199=CARTESIAN_POINT('Ctrl Pts',(-4.67422303850162,19.62453680128,0.));
#12200=CARTESIAN_POINT('Ctrl Pts',(-4.60028630417772,19.6258047145744,0.));
#12201=CARTESIAN_POINT('Ctrl Pts',(-4.54268163937075,19.6263610253616,0.));
#12202=CARTESIAN_POINT('Ctrl Pts',(-4.50332301945785,19.6265566873575,0.));
#12203=CARTESIAN_POINT('Ctrl Pts',(-4.48340483129942,19.6266107154833,0.));
#12204=CARTESIAN_POINT('',(4.48340483129942,19.6266107154833,-5.49058737593261E-16));
#12205=CARTESIAN_POINT('Origin',(0.,19.6266107154833,0.));
#12206=CARTESIAN_POINT('Origin',(0.,19.6266107154833,0.));
#12207=CARTESIAN_POINT('Origin',(0.,20.6766107154833,0.));
#12208=CARTESIAN_POINT('',(-5.49058737593261E-16,21.7266107154833,-4.48340483129942));
#12209=CARTESIAN_POINT('',(4.48340483129942,21.7266107154833,-5.49058737593261E-16));
#12210=CARTESIAN_POINT('Origin',(0.,21.7266107154833,0.));
#12211=CARTESIAN_POINT('Origin',(0.,21.7266107154833,0.));
#12212=CARTESIAN_POINT('',(4.48340483129942,20.6766107154833,-5.49058737593261E-16));
#12213=CARTESIAN_POINT('Ctrl Pts',(0.,21.7266107154833,-4.48340483129942));
#12214=CARTESIAN_POINT('Ctrl Pts',(-4.48340483129941,21.7266107154833,-4.48340483129941));
#12215=CARTESIAN_POINT('Ctrl Pts',(-4.48340483129942,21.7266107154833,0.));
#12216=CARTESIAN_POINT('Ctrl Pts',(-4.48340483129941,21.7266107154833,4.48340483129941));
#12217=CARTESIAN_POINT('Ctrl Pts',(0.,21.7266107154833,4.48340483129942));
#12218=CARTESIAN_POINT('Ctrl Pts',(4.48340483129941,21.7266107154833,4.48340483129941));
#12219=CARTESIAN_POINT('Ctrl Pts',(4.48340483129942,21.7266107154833,0.));
#12220=CARTESIAN_POINT('Ctrl Pts',(4.48340483129941,21.7266107154833,-4.48340483129941));
#12221=CARTESIAN_POINT('Ctrl Pts',(0.,21.7266107154833,-4.48340483129942));
#12222=CARTESIAN_POINT('Ctrl Pts',(0.,23.2334336968319,-2.48883872049924));
#12223=CARTESIAN_POINT('Ctrl Pts',(-2.48883872049924,23.2334336968319,-2.48883872049924));
#12224=CARTESIAN_POINT('Ctrl Pts',(-2.48883872049924,23.2334336968319,0.));
#12225=CARTESIAN_POINT('Ctrl Pts',(-2.48883872049924,23.2334336968319,2.48883872049924));
#12226=CARTESIAN_POINT('Ctrl Pts',(0.,23.2334336968319,2.48883872049924));
#12227=CARTESIAN_POINT('Ctrl Pts',(2.48883872049924,23.2334336968319,2.48883872049924));
#12228=CARTESIAN_POINT('Ctrl Pts',(2.48883872049924,23.2334336968319,0.));
#12229=CARTESIAN_POINT('Ctrl Pts',(2.48883872049924,23.2334336968319,-2.48883872049924));
#12230=CARTESIAN_POINT('Ctrl Pts',(0.,23.2334336968319,-2.48883872049924));
#12231=CARTESIAN_POINT('Ctrl Pts',(0.,23.,6.93889390390723E-17));
#12232=CARTESIAN_POINT('Ctrl Pts',(6.93889390390723E-17,23.,6.93889390390723E-17));
#12233=CARTESIAN_POINT('Ctrl Pts',(6.93889390390723E-17,23.,0.));
#12234=CARTESIAN_POINT('Ctrl Pts',(6.93889390390723E-17,23.,-6.93889390390723E-17));
#12235=CARTESIAN_POINT('Ctrl Pts',(0.,23.,-6.93889390390723E-17));
#12236=CARTESIAN_POINT('Ctrl Pts',(-6.93889390390723E-17,23.,-6.93889390390723E-17));
#12237=CARTESIAN_POINT('Ctrl Pts',(-6.93889390390723E-17,23.,0.));
#12238=CARTESIAN_POINT('Ctrl Pts',(-6.93889390390723E-17,23.,6.93889390390723E-17));
#12239=CARTESIAN_POINT('Ctrl Pts',(0.,23.,6.93889390390723E-17));
#12240=CARTESIAN_POINT('',(0.,23.,0.));
#12241=CARTESIAN_POINT('Origin',(-7.36493716709994E-17,16.5880311888947,
-0.601392758485769));
#12242=CARTESIAN_POINT('',(0.,0.,0.));
#12243=UNCERTAINTY_MEASURE_WITH_UNIT(LENGTH_MEASURE(0.01),#12249,
'DISTANCE_ACCURACY_VALUE',
'Maximum model space distance between geometric entities at asserted c
onnectivities');
#12244=UNCERTAINTY_MEASURE_WITH_UNIT(LENGTH_MEASURE(0.01),#12249,
'DISTANCE_ACCURACY_VALUE',
'Maximum model space distance between geometric entities at asserted c
onnectivities');
#12245=UNCERTAINTY_MEASURE_WITH_UNIT(LENGTH_MEASURE(0.01),#12249,
'DISTANCE_ACCURACY_VALUE',
'Maximum model space distance between geometric entities at asserted c
onnectivities');
#12246=(
GEOMETRIC_REPRESENTATION_CONTEXT(3)
GLOBAL_UNCERTAINTY_ASSIGNED_CONTEXT((#12243))
GLOBAL_UNIT_ASSIGNED_CONTEXT((#12249,#12251,#12252))
REPRESENTATION_CONTEXT('','3D')
);
#12247=(
GEOMETRIC_REPRESENTATION_CONTEXT(3)
GLOBAL_UNCERTAINTY_ASSIGNED_CONTEXT((#12244))
GLOBAL_UNIT_ASSIGNED_CONTEXT((#12249,#12251,#12252))
REPRESENTATION_CONTEXT('','3D')
);
#12248=(
GEOMETRIC_REPRESENTATION_CONTEXT(3)
GLOBAL_UNCERTAINTY_ASSIGNED_CONTEXT((#12245))
GLOBAL_UNIT_ASSIGNED_CONTEXT((#12249,#12251,#12252))
REPRESENTATION_CONTEXT('','3D')
);
#12249=(
LENGTH_UNIT()
NAMED_UNIT(*)
SI_UNIT(.MILLI.,.METRE.)
);
#12250=(
LENGTH_UNIT()
NAMED_UNIT(*)
SI_UNIT($,.METRE.)
);
#12251=(
NAMED_UNIT(*)
PLANE_ANGLE_UNIT()
SI_UNIT($,.RADIAN.)
);
#12252=(
NAMED_UNIT(*)
SI_UNIT($,.STERADIAN.)
SOLID_ANGLE_UNIT()
);
#12253=SHAPE_DEFINITION_REPRESENTATION(#12255,#12258);
#12254=SHAPE_DEFINITION_REPRESENTATION(#12256,#12259);
#12255=PRODUCT_DEFINITION_SHAPE('',$,#12261);
#12256=PRODUCT_DEFINITION_SHAPE('',$,#12262);
#12257=PRODUCT_DEFINITION_SHAPE($,$,#14);
#12258=SHAPE_REPRESENTATION('',(#3244,#3463),#12246);
#12259=SHAPE_REPRESENTATION('',(#3245),#12247);
#12260=PRODUCT_DEFINITION_CONTEXT('part definition',#12268,'design');
#12261=PRODUCT_DEFINITION('Momentary Push Button',
'Momentary Push Button v2',#12263,#12260);
#12262=PRODUCT_DEFINITION('Verschraubung','Verschraubung',#12264,#12260);
#12263=PRODUCT_DEFINITION_FORMATION('',$,#12270);
#12264=PRODUCT_DEFINITION_FORMATION('',$,#12271);
#12265=PRODUCT_RELATED_PRODUCT_CATEGORY('Momentary Push Button v2',
'Momentary Push Button v2',(#12270));
#12266=PRODUCT_RELATED_PRODUCT_CATEGORY('Verschraubung','Verschraubung',
(#12271));
#12267=APPLICATION_PROTOCOL_DEFINITION('international standard',
'automotive_design',2009,#12268);
#12268=APPLICATION_CONTEXT(
'Core Data for Automotive Mechanical Design Process');
#12269=PRODUCT_CONTEXT('part definition',#12268,'mechanical');
#12270=PRODUCT('Momentary Push Button','Momentary Push Button v2',$,(#12269));
#12271=PRODUCT('Verschraubung','Verschraubung',$,(#12269));
#12272=PRESENTATION_STYLE_ASSIGNMENT((#12276));
#12273=PRESENTATION_STYLE_ASSIGNMENT((#12277));
#12274=PRESENTATION_STYLE_ASSIGNMENT((#12278));
#12275=PRESENTATION_STYLE_ASSIGNMENT((#12279));
#12276=SURFACE_STYLE_USAGE(.BOTH.,#12280);
#12277=SURFACE_STYLE_USAGE(.BOTH.,#12281);
#12278=SURFACE_STYLE_USAGE(.BOTH.,#12282);
#12279=SURFACE_STYLE_USAGE(.BOTH.,#12283);
#12280=SURFACE_SIDE_STYLE('',(#12284));
#12281=SURFACE_SIDE_STYLE('',(#12285));
#12282=SURFACE_SIDE_STYLE('',(#12286));
#12283=SURFACE_SIDE_STYLE('',(#12287));
#12284=SURFACE_STYLE_FILL_AREA(#12288);
#12285=SURFACE_STYLE_FILL_AREA(#12289);
#12286=SURFACE_STYLE_FILL_AREA(#12290);
#12287=SURFACE_STYLE_FILL_AREA(#12291);
#12288=FILL_AREA_STYLE('Stahl - satiniert',(#12292));
#12289=FILL_AREA_STYLE('Kunststoff - matt (Schwarz)',(#12293));
#12290=FILL_AREA_STYLE('Eisen - poliert',(#12294));
#12291=FILL_AREA_STYLE('Kunststoff - matt (Gr\X\FCn)',(#12295));
#12292=FILL_AREA_STYLE_COLOUR('Stahl - satiniert',#12296);
#12293=FILL_AREA_STYLE_COLOUR('Kunststoff - matt (Schwarz)',#12297);
#12294=FILL_AREA_STYLE_COLOUR('Eisen - poliert',#12298);
#12295=FILL_AREA_STYLE_COLOUR('Kunststoff - matt (Gr\X\FCn)',#12299);
#12296=COLOUR_RGB('Stahl - satiniert',0.627450980392157,0.627450980392157,
0.627450980392157);
#12297=COLOUR_RGB('Kunststoff - matt (Schwarz)',0.0980392156862745,0.0980392156862745,
0.0980392156862745);
#12298=COLOUR_RGB('Eisen - poliert',0.749019607843137,0.741176470588235,
0.733333333333333);
#12299=COLOUR_RGB('Kunststoff - matt (Gr\X\FCn)',0.266666666666667,0.588235294117647,
0.282352941176471);
ENDSEC;
END-ISO-10303-21;
