ISO-10303-21;
HEADER;
FILE_DESCRIPTION (( 'STEP AP214' ),
    '1' );
FILE_NAME ('usb-c.STEP',
    '2026-08-10T11:36:49',
    ( '' ),
    ( '' ),
    'SwSTEP 2.0',
    'SolidWorks 2025',
    '' );
FILE_SCHEMA (( 'AUTOMOTIVE_DESIGN' ));
ENDSEC;

DATA;
#1 = DIRECTION ( 'NONE',  ( -0.000000000000000000, 1.000000000000000000, -0.000000000000000000 ) ) ;
#2 = CYLINDRICAL_SURFACE ( 'NONE', #1810, 1.000000000000000000 ) ;
#3 = ORIENTED_EDGE ( 'NONE', *, *, #1610, .F. ) ;
#4 = EDGE_CURVE ( 'NONE', #1030, #2157, #1355, .T. ) ;
#5 = EDGE_CURVE ( 'NONE', #1134, #450, #320, .T. ) ;
#6 = LINE ( 'NONE', #2080, #2068 ) ;
#7 = CARTESIAN_POINT ( 'NONE',  ( 1.000000000000000000, 9.699999999999999289, -5.299999999999999822 ) ) ;
#8 = ORIENTED_EDGE ( 'NONE', *, *, #1902, .F. ) ;
#9 = DIRECTION ( 'NONE',  ( 1.000000000000000000, -0.000000000000000000, 0.000000000000000000 ) ) ;
#10 = CYLINDRICAL_SURFACE ( 'NONE', #550, 0.5000000000000004441 ) ;
#11 = ORIENTED_EDGE ( 'NONE', *, *, #1203, .T. ) ;
#12 = PLANE ( 'NONE',  #353 ) ;
#13 = CARTESIAN_POINT ( 'NONE',  ( 1.000000000000000000, 6.299999999999999822, 0.000000000000000000 ) ) ;
#14 = ORIENTED_EDGE ( 'NONE', *, *, #1407, .T. ) ;
#15 = ORIENTED_EDGE ( 'NONE', *, *, #117, .F. ) ;
#16 = DIRECTION ( 'NONE',  ( 0.000000000000000000, -1.000000000000000000, 0.000000000000000000 ) ) ;
#17 = LINE ( 'NONE', #2081, #841 ) ;
#18 = EDGE_CURVE ( 'NONE', #1626, #2214, #1710, .T. ) ;
#19 = AXIS2_PLACEMENT_3D ( 'NONE', #1495, #1843, #1819 ) ;
#20 = ORIENTED_EDGE ( 'NONE', *, *, #729, .T. ) ;
#21 = CARTESIAN_POINT ( 'NONE',  ( 9.500000000000001776, 5.799999999999999822, -1.000000000000000000 ) ) ;
#22 = ADVANCED_FACE ( 'NONE', ( #507 ), #1202, .F. ) ;
#23 = CARTESIAN_POINT ( 'NONE',  ( 8.249999999999996447, -2.200000000000000178, -4.150000000000000355 ) ) ;
#24 = CIRCLE ( 'NONE', #134, 0.7499999999999997780 ) ;
#25 = AXIS2_PLACEMENT_3D ( 'NONE', #1909, #864, #101 ) ;
#26 = CARTESIAN_POINT ( 'NONE',  ( -2.198810057272473806, 1.300000000000000044, -1.700000000000000622 ) ) ;
#27 = DIRECTION ( 'NONE',  ( -1.000000000000000000, -0.000000000000000000, -0.000000000000000000 ) ) ;
#28 = AXIS2_PLACEMENT_3D ( 'NONE', #155, #309, #1374 ) ;
#29 = AXIS2_PLACEMENT_3D ( 'NONE', #1588, #199, #569 ) ;
#30 = AXIS2_PLACEMENT_3D ( 'NONE', #2115, #170, #372 ) ;
#31 = FACE_OUTER_BOUND ( 'NONE', #1886, .T. ) ;
#32 = CARTESIAN_POINT ( 'NONE',  ( 7.682273184598537696, 17.89999999999999858, -2.649999999999999911 ) ) ;
#33 = ORIENTED_EDGE ( 'NONE', *, *, #1866, .F. ) ;
#34 = DIRECTION ( 'NONE',  ( -0.000000000000000000, -1.000000000000000000, -0.000000000000000000 ) ) ;
#35 = LINE ( 'NONE', #375, #2232 ) ;
#36 = CARTESIAN_POINT ( 'NONE',  ( 2.817726815401459639, 17.89999999999999858, -2.649999999999999911 ) ) ;
#37 = CARTESIAN_POINT ( 'NONE',  ( 10.50000000000000000, 9.699999999999999289, -1.000000000000000000 ) ) ;
#38 = EDGE_LOOP ( 'NONE', ( #1185, #341, #2006, #1643 ) ) ;
#39 = CARTESIAN_POINT ( 'NONE',  ( 1.000000000000000000, 6.299999999999999822, -1.000000000000000000 ) ) ;
#40 = CARTESIAN_POINT ( 'NONE',  ( 0.000000000000000000, 9.699999999999999289, -5.299999999999999822 ) ) ;
#41 = ORIENTED_EDGE ( 'NONE', *, *, #690, .T. ) ;
#42 = DIRECTION ( 'NONE',  ( 0.000000000000000000, 0.000000000000000000, -1.000000000000000000 ) ) ;
#43 = ADVANCED_FACE ( 'NONE', ( #1244 ), #12, .F. ) ;
#44 = DIRECTION ( 'NONE',  ( 0.000000000000000000, -1.000000000000000000, 0.000000000000000000 ) ) ;
#45 = CARTESIAN_POINT ( 'NONE',  ( 0.5000000000000000000, 5.799999999999999822, -4.299999999999999822 ) ) ;
#46 = LINE ( 'NONE', #377, #2036 ) ;
#47 = CARTESIAN_POINT ( 'NONE',  ( 9.500000000000001776, 9.699999999999999289, -1.000000000000000000 ) ) ;
#48 = FACE_OUTER_BOUND ( 'NONE', #774, .T. ) ;
#49 = ORIENTED_EDGE ( 'NONE', *, *, #1339, .F. ) ;
#50 = VECTOR ( 'NONE', #1878, 1000.000000000000000 ) ;
#51 = CARTESIAN_POINT ( 'NONE',  ( 9.500000000000001776, 0.000000000000000000, -1.000000000000000000 ) ) ;
#52 = EDGE_CURVE ( 'NONE', #851, #2057, #918, .T. ) ;
#53 = PLANE ( 'NONE',  #806 ) ;
#54 = CIRCLE ( 'NONE', #1629, 1.000000000000000000 ) ;
#55 = ORIENTED_EDGE ( 'NONE', *, *, #414, .T. ) ;
#56 = DIRECTION ( 'NONE',  ( -0.000000000000000000, -1.000000000000000000, -0.000000000000000000 ) ) ;
#57 = AXIS2_PLACEMENT_3D ( 'NONE', #1510, #639, #104 ) ;
#58 = DIRECTION ( 'NONE',  ( -1.000000000000000000, 0.000000000000000000, -0.000000000000000000 ) ) ;
#59 = ORIENTED_EDGE ( 'NONE', *, *, #1520, .T. ) ;
#60 = VECTOR ( 'NONE', #1824, 1000.000000000000000 ) ;
#61 = CIRCLE ( 'NONE', #133, 1.000000000000000000 ) ;
#62 = ORIENTED_EDGE ( 'NONE', *, *, #1609, .F. ) ;
#63 = VECTOR ( 'NONE', #146, 1000.000000000000000 ) ;
#64 = AXIS2_PLACEMENT_3D ( 'NONE', #2027, #997, #818 ) ;
#65 = LINE ( 'NONE', #920, #901 ) ;
#66 = ORIENTED_EDGE ( 'NONE', *, *, #391, .F. ) ;
#67 = CARTESIAN_POINT ( 'NONE',  ( 0.000000000000000000, 1.300000000000000711, -4.299999999999999822 ) ) ;
#68 = ORIENTED_EDGE ( 'NONE', *, *, #1593, .F. ) ;
#69 = CARTESIAN_POINT ( 'NONE',  ( 2.817726815401459639, 9.699999999999999289, -2.649999999999999911 ) ) ;
#70 = CARTESIAN_POINT ( 'NONE',  ( 0.000000000000000000, 9.699999999999999289, -4.299999999999999822 ) ) ;
#71 = ORIENTED_EDGE ( 'NONE', *, *, #1451, .F. ) ;
#72 = CARTESIAN_POINT ( 'NONE',  ( 2.817726815401459639, 19.09999999999999787, -2.649999999999999911 ) ) ;
#73 = DIRECTION ( 'NONE',  ( 0.000000000000000000, 1.000000000000000000, -0.000000000000000000 ) ) ;
#74 = ORIENTED_EDGE ( 'NONE', *, *, #1835, .T. ) ;
#75 = EDGE_LOOP ( 'NONE', ( #963, #596, #41, #988 ) ) ;
#76 = DIRECTION ( 'NONE',  ( 0.000000000000000000, 0.000000000000000000, 1.000000000000000000 ) ) ;
#77 = CARTESIAN_POINT ( 'NONE',  ( 12.74999999999999822, 1.300000000000000711, -5.299999999999999822 ) ) ;
#78 = ADVANCED_FACE ( 'NONE', ( #2086 ), #368, .T. ) ;
#79 = ORIENTED_EDGE ( 'NONE', *, *, #1866, .T. ) ;
#80 = CYLINDRICAL_SURFACE ( 'NONE', #1196, 0.9499999999999990674 ) ;
#81 = DIRECTION ( 'NONE',  ( -0.000000000000000000, -1.000000000000000000, 0.000000000000000000 ) ) ;
#82 = ORIENTED_EDGE ( 'NONE', *, *, #1946, .F. ) ;
#83 = DIRECTION ( 'NONE',  ( 0.000000000000000000, 0.000000000000000000, -1.000000000000000000 ) ) ;
#84 = CARTESIAN_POINT ( 'NONE',  ( 0.000000000000000000, 5.799999999999999822, -4.299999999999999822 ) ) ;
#85 = EDGE_CURVE ( 'NONE', #1897, #422, #223, .T. ) ;
#86 = EDGE_LOOP ( 'NONE', ( #1234, #613 ) ) ;
#87 = ORIENTED_EDGE ( 'NONE', *, *, #1982, .F. ) ;
#88 = DIRECTION ( 'NONE',  ( -0.000000000000000000, 1.000000000000000000, -0.000000000000000000 ) ) ;
#89 = CARTESIAN_POINT ( 'NONE',  ( 8.249999999999998224, 0.000000000000000000, -3.849999999999998757 ) ) ;
#90 = VERTEX_POINT ( 'NONE', #191 ) ;
#91 = CARTESIAN_POINT ( 'NONE',  ( 0.9999999999999995559, 9.699999999999999289, -5.299999999999999822 ) ) ;
#92 = ADVANCED_FACE ( 'NONE', ( #213 ), #887, .F. ) ;
#93 = ORIENTED_EDGE ( 'NONE', *, *, #412, .T. ) ;
#94 = FACE_OUTER_BOUND ( 'NONE', #677, .T. ) ;
#95 = CYLINDRICAL_SURFACE ( 'NONE', #512, 1.000000000000000000 ) ;
#96 = VECTOR ( 'NONE', #2245, 1000.000000000000000 ) ;
#97 = VERTEX_POINT ( 'NONE', #726 ) ;
#98 = CIRCLE ( 'NONE', #136, 2.000000000000000000 ) ;
#99 = EDGE_CURVE ( 'NONE', #532, #394, #910, .T. ) ;
#100 = CIRCLE ( 'NONE', #1126, 0.7500000000000002220 ) ;
#101 = DIRECTION ( 'NONE',  ( 0.000000000000000000, 0.000000000000000000, -1.000000000000000000 ) ) ;
#102 = AXIS2_PLACEMENT_3D ( 'NONE', #755, #1095, #1324 ) ;
#103 = ORIENTED_EDGE ( 'NONE', *, *, #414, .F. ) ;
#104 = DIRECTION ( 'NONE',  ( 0.000000000000000000, 0.000000000000000000, -1.000000000000000000 ) ) ;
#105 = AXIS2_PLACEMENT_3D ( 'NONE', #205, #1436, #2124 ) ;
#106 = DIRECTION ( 'NONE',  ( -0.000000000000000000, -1.000000000000000000, -0.000000000000000000 ) ) ;
#107 = ORIENTED_EDGE ( 'NONE', *, *, #217, .T. ) ;
#108 = DIRECTION ( 'NONE',  ( 0.000000000000000000, 0.000000000000000000, 1.000000000000000000 ) ) ;
#109 = CARTESIAN_POINT ( 'NONE',  ( -4.250000000000000000, 4.299999999999999822, -2.000000000000000444 ) ) ;
#110 = ORIENTED_EDGE ( 'NONE', *, *, #1104, .F. ) ;
#111 = DIRECTION ( 'NONE',  ( 0.000000000000000000, 0.000000000000000000, -1.000000000000000000 ) ) ;
#112 = ADVANCED_FACE ( 'NONE', ( #351 ), #1222, .T. ) ;
#113 = ORIENTED_EDGE ( 'NONE', *, *, #319, .T. ) ;
#114 = CARTESIAN_POINT ( 'NONE',  ( 10.50000000000000000, 6.299999999999999822, -1.000000000000000000 ) ) ;
#115 = DIRECTION ( 'NONE',  ( 0.000000000000000000, 1.000000000000000000, 0.000000000000000000 ) ) ;
#116 = ORIENTED_EDGE ( 'NONE', *, *, #1296, .F. ) ;
#117 = EDGE_CURVE ( 'NONE', #1769, #1985, #1341, .T. ) ;
#118 = CARTESIAN_POINT ( 'NONE',  ( -4.250000000000000000, 4.299999999999999822, 0.000000000000000000 ) ) ;
#119 = CARTESIAN_POINT ( 'NONE',  ( 0.9999999999999995559, 0.000000000000000000, 0.000000000000000000 ) ) ;
#120 = ORIENTED_EDGE ( 'NONE', *, *, #194, .T. ) ;
#121 = EDGE_CURVE ( 'NONE', #173, #1748, #179, .T. ) ;
#122 = EDGE_CURVE ( 'NONE', #1929, #2174, #1573, .T. ) ;
#123 = FACE_OUTER_BOUND ( 'NONE', #2010, .T. ) ;
#124 = ORIENTED_EDGE ( 'NONE', *, *, #454, .F. ) ;
#125 = FACE_OUTER_BOUND ( 'NONE', #2025, .T. ) ;
#126 = CARTESIAN_POINT ( 'NONE',  ( 5.249999999999998224, 10.81848439909598092, 0.000000000000000000 ) ) ;
#127 = ORIENTED_EDGE ( 'NONE', *, *, #999, .T. ) ;
#128 = CARTESIAN_POINT ( 'NONE',  ( 8.249999999999996447, -2.200000000000000178, -3.849999999999998757 ) ) ;
#129 = LINE ( 'NONE', #1182, #1563 ) ;
#130 = EDGE_CURVE ( 'NONE', #1135, #2146, #478, .T. ) ;
#131 = EDGE_CURVE ( 'NONE', #1023, #1019, #660, .T. ) ;
#132 = ORIENTED_EDGE ( 'NONE', *, *, #1497, .T. ) ;
#133 = AXIS2_PLACEMENT_3D ( 'NONE', #1230, #740, #537 ) ;
#134 = AXIS2_PLACEMENT_3D ( 'NONE', #69, #2191, #630 ) ;
#135 = EDGE_CURVE ( 'NONE', #1794, #638, #1737, .T. ) ;
#136 = AXIS2_PLACEMENT_3D ( 'NONE', #271, #1666, #1447 ) ;
#137 = ORIENTED_EDGE ( 'NONE', *, *, #252, .T. ) ;
#138 = DIRECTION ( 'NONE',  ( 1.636531581110195163E-16, 0.000000000000000000, -1.000000000000000000 ) ) ;
#139 = PLANE ( 'NONE',  #1052 ) ;
#140 = TOROIDAL_SURFACE ( 'NONE', #1268, 1.000000000000000000, 0.5000000000000000000 ) ;
#141 = EDGE_CURVE ( 'NONE', #1554, #1393, #61, .T. ) ;
#142 = ORIENTED_EDGE ( 'NONE', *, *, #429, .F. ) ;
#143 = VECTOR ( 'NONE', #1931, 1000.000000000000000 ) ;
#144 = ORIENTED_EDGE ( 'NONE', *, *, #1731, .F. ) ;
#145 = LINE ( 'NONE', #1198, #1553 ) ;
#146 = DIRECTION ( 'NONE',  ( 0.000000000000000000, 0.000000000000000000, 1.000000000000000000 ) ) ;
#147 = AXIS2_PLACEMENT_3D ( 'NONE', #2014, #794, #1961 ) ;
#148 = CARTESIAN_POINT ( 'NONE',  ( 8.249999999999996447, -2.200000000000000178, -4.150000000000000355 ) ) ;
#149 = EDGE_CURVE ( 'NONE', #862, #1371, #400, .T. ) ;
#150 = ORIENTED_EDGE ( 'NONE', *, *, #1414, .T. ) ;
#151 = CARTESIAN_POINT ( 'NONE',  ( 8.249999999999998224, -2.200000000000000178, -2.649999999999999023 ) ) ;
#152 = CARTESIAN_POINT ( 'NONE',  ( -4.250000000000000000, 1.300000000000000044, 0.000000000000000000 ) ) ;
#153 = ORIENTED_EDGE ( 'NONE', *, *, #1520, .F. ) ;
#154 = CARTESIAN_POINT ( 'NONE',  ( 1.000000000000000000, 4.299999999999999822, 6.429395695523604153E-16 ) ) ;
#155 = CARTESIAN_POINT ( 'NONE',  ( 2.817726815401459639, 17.89999999999999858, -2.649999999999999911 ) ) ;
#156 = EDGE_CURVE ( 'NONE', #1381, #333, #1590, .T. ) ;
#157 = EDGE_LOOP ( 'NONE', ( #110, #1696, #2233, #1413 ) ) ;
#158 = LINE ( 'NONE', #1584, #1200 ) ;
#159 = FACE_BOUND ( 'NONE', #984, .T. ) ;
#160 = EDGE_LOOP ( 'NONE', ( #1329, #2089, #2132, #1172 ) ) ;
#161 = DIRECTION ( 'NONE',  ( -0.000000000000000000, 1.000000000000000000, -0.000000000000000000 ) ) ;
#162 = DIRECTION ( 'NONE',  ( 0.000000000000000000, 0.000000000000000000, -1.000000000000000000 ) ) ;
#163 = EDGE_CURVE ( 'NONE', #555, #1249, #563, .T. ) ;
#164 = ORIENTED_EDGE ( 'NONE', *, *, #2251, .F. ) ;
#165 = CARTESIAN_POINT ( 'NONE',  ( 2.249999999999997780, -2.200000000000000178, -3.849999999999999201 ) ) ;
#166 = AXIS2_PLACEMENT_3D ( 'NONE', #1327, #592, #1141 ) ;
#167 = TOROIDAL_SURFACE ( 'NONE', #1449, 0.9999999999999991118, 0.5000000000000000000 ) ;
#168 = AXIS2_PLACEMENT_3D ( 'NONE', #1762, #1207, #881 ) ;
#169 = DIRECTION ( 'NONE',  ( 0.000000000000000000, 0.000000000000000000, -1.000000000000000000 ) ) ;
#170 = DIRECTION ( 'NONE',  ( -0.000000000000000000, -1.000000000000000000, 0.000000000000000000 ) ) ;
#171 = VECTOR ( 'NONE', #743, 1000.000000000000000 ) ;
#172 = VECTOR ( 'NONE', #1275, 1000.000000000000000 ) ;
#173 = VERTEX_POINT ( 'NONE', #1074 ) ;
#174 = CARTESIAN_POINT ( 'NONE',  ( 2.249999999999997780, 0.000000000000000000, -4.150000000000000355 ) ) ;
#175 = AXIS2_PLACEMENT_3D ( 'NONE', #2219, #1869, #1889 ) ;
#176 = LINE ( 'NONE', #1064, #143 ) ;
#177 = ADVANCED_FACE ( 'NONE', ( #1770 ), #2008, .T. ) ;
#178 = TOROIDAL_SURFACE ( 'NONE', #1356, 0.9999999999999991118, 0.5000000000000000000 ) ;
#179 = LINE ( 'NONE', #878, #2222 ) ;
#180 = CARTESIAN_POINT ( 'NONE',  ( 1.000000000000000000, 9.699999999999999289, -4.299999999999999822 ) ) ;
#181 = VERTEX_POINT ( 'NONE', #1641 ) ;
#182 = DIRECTION ( 'NONE',  ( 0.000000000000000000, -1.000000000000000000, 0.000000000000000000 ) ) ;
#183 = ADVANCED_FACE ( 'NONE', ( #242 ), #693, .F. ) ;
#184 = CARTESIAN_POINT ( 'NONE',  ( 0.5000000000000000000, 5.799999999999999822, -1.000000000000000000 ) ) ;
#185 = ADVANCED_FACE ( 'NONE', ( #756 ), #237, .F. ) ;
#186 = ORIENTED_EDGE ( 'NONE', *, *, #499, .T. ) ;
#187 = ORIENTED_EDGE ( 'NONE', *, *, #1090, .F. ) ;
#188 = PLANE ( 'NONE',  #614 ) ;
#189 = CARTESIAN_POINT ( 'NONE',  ( -4.249999999999999112, 4.299999999999999822, -5.300000000000000711 ) ) ;
#190 = EDGE_CURVE ( 'NONE', #1512, #672, #1448, .T. ) ;
#191 = CARTESIAN_POINT ( 'NONE',  ( 1.000000000000000000, 4.299999999999999822, -5.299999999999999822 ) ) ;
#192 = CARTESIAN_POINT ( 'NONE',  ( 9.499999999999998224, 5.299999999999999822, 0.000000000000000000 ) ) ;
#193 = EDGE_CURVE ( 'NONE', #1293, #434, #2140, .T. ) ;
#194 = EDGE_CURVE ( 'NONE', #2057, #1827, #1285, .T. ) ;
#195 = LINE ( 'NONE', #695, #1631 ) ;
#196 = CARTESIAN_POINT ( 'NONE',  ( 14.74999999999999822, 1.300000000000000044, -3.300000000000001155 ) ) ;
#197 = ORIENTED_EDGE ( 'NONE', *, *, #993, .T. ) ;
#198 = CARTESIAN_POINT ( 'NONE',  ( 9.499999999999998224, 0.000000000000000000, -5.299999999999999822 ) ) ;
#199 = DIRECTION ( 'NONE',  ( 0.000000000000000000, 1.000000000000000000, 0.000000000000000000 ) ) ;
#200 = DIRECTION ( 'NONE',  ( 1.000000000000000000, -0.000000000000000000, -0.000000000000000000 ) ) ;
#201 = CARTESIAN_POINT ( 'NONE',  ( 2.249999999999997780, -2.200000000000000178, -4.150000000000000355 ) ) ;
#202 = EDGE_LOOP ( 'NONE', ( #462, #15, #835, #858 ) ) ;
#203 = CARTESIAN_POINT ( 'NONE',  ( 9.500000000000001776, 5.299999999999999822, -8.673617379884035472E-16 ) ) ;
#204 = COLOUR_RGB ( '',0.7921568627450980005, 0.8196078431372548767, 0.9333333333333333481 ) ;
#205 = CARTESIAN_POINT ( 'NONE',  ( 0.000000000000000000, 0.000000000000000000, 0.000000000000000000 ) ) ;
#206 = AXIS2_PLACEMENT_3D ( 'NONE', #1753, #1390, #557 ) ;
#207 = EDGE_LOOP ( 'NONE', ( #241, #1885 ) ) ;
#208 = DIRECTION ( 'NONE',  ( 0.000000000000000000, 0.000000000000000000, -1.000000000000000000 ) ) ;
#209 = CARTESIAN_POINT ( 'NONE',  ( 1.000000000000000000, 9.699999999999999289, -5.299999999999999822 ) ) ;
#210 = CIRCLE ( 'NONE', #1016, 0.5000000000000000000 ) ;
#211 = EDGE_LOOP ( 'NONE', ( #279, #1779, #2183, #2031 ) ) ;
#212 = AXIS2_PLACEMENT_3D ( 'NONE', #1625, #1663, #58 ) ;
#213 = FACE_OUTER_BOUND ( 'NONE', #935, .T. ) ;
#214 = CARTESIAN_POINT ( 'NONE',  ( 0.000000000000000000, 5.799999999999999822, -1.000000000000000000 ) ) ;
#215 = CIRCLE ( 'NONE', #1676, 0.9499999999999998446 ) ;
#216 = AXIS2_PLACEMENT_3D ( 'NONE', #40, #261, #959 ) ;
#217 = EDGE_CURVE ( 'NONE', #1994, #500, #1461, .T. ) ;
#218 = FACE_OUTER_BOUND ( 'NONE', #1062, .T. ) ;
#219 = DIRECTION ( 'NONE',  ( 0.000000000000000000, 0.000000000000000000, 1.000000000000000000 ) ) ;
#220 = ORIENTED_EDGE ( 'NONE', *, *, #1096, .T. ) ;
#221 = FILL_AREA_STYLE ('',( #2002 ) ) ;
#222 = DIRECTION ( 'NONE',  ( 0.000000000000000000, 0.000000000000000000, -1.000000000000000000 ) ) ;
#223 = LINE ( 'NONE', #1441, #828 ) ;
#224 = FACE_OUTER_BOUND ( 'NONE', #1509, .T. ) ;
#225 = PLANE ( 'NONE',  #285 ) ;
#226 = ORIENTED_EDGE ( 'NONE', *, *, #4, .T. ) ;
#227 = DIRECTION ( 'NONE',  ( 0.000000000000000000, 1.000000000000000000, 0.000000000000000000 ) ) ;
#228 = CYLINDRICAL_SURFACE ( 'NONE', #1205, 0.7500000000000002220 ) ;
#229 = VERTEX_POINT ( 'NONE', #1990 ) ;
#230 = CARTESIAN_POINT ( 'NONE',  ( 12.74999999999999822, 4.299999999999999822, 0.000000000000000000 ) ) ;
#231 = EDGE_CURVE ( 'NONE', #1219, #1554, #266, .T. ) ;
#232 = ORIENTED_EDGE ( 'NONE', *, *, #729, .F. ) ;
#233 = DIRECTION ( 'NONE',  ( -0.000000000000000000, -1.000000000000000000, -0.000000000000000000 ) ) ;
#234 = CARTESIAN_POINT ( 'NONE',  ( 0.000000000000000000, 1.300000000000000711, -1.000000000000000000 ) ) ;
#235 = EDGE_CURVE ( 'NONE', #555, #851, #925, .T. ) ;
#236 = ORIENTED_EDGE ( 'NONE', *, *, #99, .T. ) ;
#237 = TOROIDAL_SURFACE ( 'NONE', #277, 1.000000000000000000, 0.5000000000000000000 ) ;
#238 = CARTESIAN_POINT ( 'NONE',  ( 14.74999999999999822, 1.300000000000000044, -2.000000000000001332 ) ) ;
#239 = DIRECTION ( 'NONE',  ( 0.000000000000000000, 0.000000000000000000, -1.000000000000000000 ) ) ;
#240 = AXIS2_PLACEMENT_3D ( 'NONE', #1242, #1756, #2117 ) ;
#241 = ORIENTED_EDGE ( 'NONE', *, *, #603, .F. ) ;
#242 = FACE_OUTER_BOUND ( 'NONE', #2088, .T. ) ;
#243 = CIRCLE ( 'NONE', #168, 0.4999999999999995559 ) ;
#244 = CARTESIAN_POINT ( 'NONE',  ( 7.682273184598537696, 17.89999999999999858, -2.649999999999999911 ) ) ;
#245 = AXIS2_PLACEMENT_3D ( 'NONE', #1955, #386, #1968 ) ;
#246 = ORIENTED_EDGE ( 'NONE', *, *, #1330, .T. ) ;
#247 = CIRCLE ( 'NONE', #1532, 0.5000000000000004441 ) ;
#248 = EDGE_CURVE ( 'NONE', #636, #1293, #758, .T. ) ;
#249 = LINE ( 'NONE', #1267, #171 ) ;
#250 = SHAPE_DEFINITION_REPRESENTATION ( #1704, #1278 ) ;
#251 = ORIENTED_EDGE ( 'NONE', *, *, #1364, .F. ) ;
#252 = EDGE_CURVE ( 'NONE', #415, #595, #977, .T. ) ;
#253 = DIRECTION ( 'NONE',  ( 0.000000000000000000, -1.000000000000000000, 0.000000000000000000 ) ) ;
#254 = ORIENTED_EDGE ( 'NONE', *, *, #437, .F. ) ;
#255 = DIRECTION ( 'NONE',  ( 0.000000000000000000, 0.000000000000000000, -1.000000000000000000 ) ) ;
#256 = DIRECTION ( 'NONE',  ( 0.000000000000000000, 0.000000000000000000, -1.000000000000000000 ) ) ;
#257 = APPLICATION_CONTEXT ( 'automotive_design' ) ;
#258 = ORIENTED_EDGE ( 'NONE', *, *, #2007, .F. ) ;
#259 = VERTEX_POINT ( 'NONE', #1967 ) ;
#260 = CYLINDRICAL_SURFACE ( 'NONE', #2227, 0.7499999999999997780 ) ;
#261 = DIRECTION ( 'NONE',  ( 0.000000000000000000, 0.000000000000000000, 1.000000000000000000 ) ) ;
#262 = ORIENTED_EDGE ( 'NONE', *, *, #981, .F. ) ;
#263 = CARTESIAN_POINT ( 'NONE',  ( 2.249999999999997780, 0.000000000000000000, -2.649999999999999911 ) ) ;
#264 = LINE ( 'NONE', #590, #2112 ) ;
#265 = ORIENTED_EDGE ( 'NONE', *, *, #1855, .T. ) ;
#266 = LINE ( 'NONE', #435, #869 ) ;
#267 = CARTESIAN_POINT ( 'NONE',  ( 10.50000000000000000, 0.000000000000000000, -1.000000000000000000 ) ) ;
#268 = ORIENTED_EDGE ( 'NONE', *, *, #707, .F. ) ;
#269 = ORIENTED_EDGE ( 'NONE', *, *, #1127, .F. ) ;
#270 = EDGE_CURVE ( 'NONE', #1139, #763, #1453, .T. ) ;
#271 = CARTESIAN_POINT ( 'NONE',  ( 12.74999999999999822, 4.299999999999999822, -2.000000000000000000 ) ) ;
#272 = ADVANCED_FACE ( 'NONE', ( #94 ), #1042, .F. ) ;
#273 = ORIENTED_EDGE ( 'NONE', *, *, #1572, .T. ) ;
#274 = EDGE_CURVE ( 'NONE', #607, #259, #2067, .T. ) ;
#275 = CARTESIAN_POINT ( 'NONE',  ( 7.682273184598537696, 19.09999999999999787, -2.999999999999999112 ) ) ;
#276 = DIRECTION ( 'NONE',  ( 1.000000000000000000, 0.000000000000000000, 0.000000000000000000 ) ) ;
#277 = AXIS2_PLACEMENT_3D ( 'NONE', #1470, #769, #605 ) ;
#278 = UNCERTAINTY_MEASURE_WITH_UNIT (LENGTH_MEASURE( 1.000000000000000082E-05 ), #1137, 'distance_accuracy_value', 'NONE');
#279 = ORIENTED_EDGE ( 'NONE', *, *, #1606, .T. ) ;
#280 = CARTESIAN_POINT ( 'NONE',  ( 10.50000000000000000, 5.299999999999999822, -4.299999999999999822 ) ) ;
#281 = AXIS2_PLACEMENT_3D ( 'NONE', #1514, #653, #108 ) ;
#282 = ADVANCED_FACE ( 'NONE', ( #953 ), #1651, .T. ) ;
#283 = CIRCLE ( 'NONE', #1486, 0.5000000000000004441 ) ;
#284 = VERTEX_POINT ( 'NONE', #45 ) ;
#285 = AXIS2_PLACEMENT_3D ( 'NONE', #2171, #427, #2123 ) ;
#286 = AXIS2_PLACEMENT_3D ( 'NONE', #36, #1758, #385 ) ;
#287 = AXIS2_PLACEMENT_3D ( 'NONE', #668, #1515, #1352 ) ;
#288 = CARTESIAN_POINT ( 'NONE',  ( 0.000000000000000000, 6.299999999999999822, -1.000000000000000000 ) ) ;
#289 = VECTOR ( 'NONE', #1273, 1000.000000000000000 ) ;
#290 = EDGE_CURVE ( 'NONE', #1358, #1068, #789, .T. ) ;
#291 = VERTEX_POINT ( 'NONE', #1311 ) ;
#292 = DIRECTION ( 'NONE',  ( 0.000000000000000000, 0.000000000000000000, -1.000000000000000000 ) ) ;
#293 = VECTOR ( 'NONE', #1999, 1000.000000000000000 ) ;
#294 = DIRECTION ( 'NONE',  ( -3.469446951953617344E-15, 0.000000000000000000, -1.000000000000000000 ) ) ;
#295 = VERTEX_POINT ( 'NONE', #634 ) ;
#296 = ADVANCED_FACE ( 'NONE', ( #461 ), #298, .T. ) ;
#297 = ORIENTED_EDGE ( 'NONE', *, *, #1096, .F. ) ;
#298 = CYLINDRICAL_SURFACE ( 'NONE', #281, 1.500000000000000000 ) ;
#299 = DIRECTION ( 'NONE',  ( -0.000000000000000000, -1.000000000000000000, -0.000000000000000000 ) ) ;
#300 = EDGE_CURVE ( 'NONE', #1358, #947, #1483, .T. ) ;
#301 = ORIENTED_EDGE ( 'NONE', *, *, #1871, .T. ) ;
#302 = CARTESIAN_POINT ( 'NONE',  ( 1.000000000000000000, 5.799999999999999822, -0.5000000000000000000 ) ) ;
#303 = EDGE_LOOP ( 'NONE', ( #1670, #2255, #457, #2169 ) ) ;
#304 = CARTESIAN_POINT ( 'NONE',  ( 1.000000000000000000, 4.299999999999999822, -4.299999999999999822 ) ) ;
#305 = PLANE ( 'NONE',  #2003 ) ;
#306 = ORIENTED_EDGE ( 'NONE', *, *, #644, .T. ) ;
#307 = ORIENTED_EDGE ( 'NONE', *, *, #1946, .T. ) ;
#308 = DIRECTION ( 'NONE',  ( -0.000000000000000000, -0.000000000000000000, 1.000000000000000000 ) ) ;
#309 = DIRECTION ( 'NONE',  ( 0.000000000000000000, 1.000000000000000000, 0.000000000000000000 ) ) ;
#310 = VERTEX_POINT ( 'NONE', #154 ) ;
#311 = EDGE_CURVE ( 'NONE', #1031, #1719, #1868, .T. ) ;
#312 = ORIENTED_EDGE ( 'NONE', *, *, #85, .F. ) ;
#313 = DIRECTION ( 'NONE',  ( 0.000000000000000000, 0.000000000000000000, 1.000000000000000000 ) ) ;
#314 = CARTESIAN_POINT ( 'NONE',  ( 2.249999999999997780, -2.200000000000000178, -1.449999999999999956 ) ) ;
#315 = ORIENTED_EDGE ( 'NONE', *, *, #2007, .T. ) ;
#316 = DIRECTION ( 'NONE',  ( -0.000000000000000000, -1.000000000000000000, 0.000000000000000000 ) ) ;
#317 = ADVANCED_FACE ( 'NONE', ( #488 ), #1528, .T. ) ;
#318 = DIRECTION ( 'NONE',  ( 0.000000000000000000, 1.000000000000000000, 0.000000000000000000 ) ) ;
#319 = EDGE_CURVE ( 'NONE', #2263, #1113, #518, .T. ) ;
#320 = LINE ( 'NONE', #1015, #1116 ) ;
#321 = VECTOR ( 'NONE', #1906, 1000.000000000000000 ) ;
#322 = CIRCLE ( 'NONE', #1557, 1.000000000000000000 ) ;
#323 = VECTOR ( 'NONE', #2273, 1000.000000000000000 ) ;
#324 = AXIS2_PLACEMENT_3D ( 'NONE', #47, #389, #1091 ) ;
#325 = ORIENTED_EDGE ( 'NONE', *, *, #2012, .T. ) ;
#326 = CYLINDRICAL_SURFACE ( 'NONE', #57, 0.3499999999999992006 ) ;
#327 = CARTESIAN_POINT ( 'NONE',  ( 0.000000000000000000, 4.299999999999999822, 0.000000000000000000 ) ) ;
#328 = CIRCLE ( 'NONE', #1597, 0.4999999999999995559 ) ;
#329 = ORIENTED_EDGE ( 'NONE', *, *, #1751, .T. ) ;
#330 = AXIS2_PLACEMENT_3D ( 'NONE', #1939, #894, #222 ) ;
#331 = CARTESIAN_POINT ( 'NONE',  ( 10.50000000000000000, 5.799999999999999822, -4.299999999999999822 ) ) ;
#332 = DIRECTION ( 'NONE',  ( -0.000000000000000000, 1.000000000000000000, -0.000000000000000000 ) ) ;
#333 = VERTEX_POINT ( 'NONE', #504 ) ;
#334 = ORIENTED_EDGE ( 'NONE', *, *, #993, .F. ) ;
#335 = DIRECTION ( 'NONE',  ( 0.000000000000000000, -1.000000000000000000, 0.000000000000000000 ) ) ;
#336 = DIRECTION ( 'NONE',  ( 1.000000000000000000, 0.000000000000000000, -1.445602896647339410E-16 ) ) ;
#337 = ORIENTED_EDGE ( 'NONE', *, *, #156, .F. ) ;
#338 = ORIENTED_EDGE ( 'NONE', *, *, #1434, .T. ) ;
#339 = CARTESIAN_POINT ( 'NONE',  ( 12.74999999999999822, 1.300000000000000711, -3.299999999999999822 ) ) ;
#340 = CARTESIAN_POINT ( 'NONE',  ( 0.000000000000000000, 0.000000000000000000, 0.000000000000000000 ) ) ;
#341 = ORIENTED_EDGE ( 'NONE', *, *, #1104, .T. ) ;
#342 = VERTEX_POINT ( 'NONE', #820 ) ;
#343 = FACE_OUTER_BOUND ( 'NONE', #914, .T. ) ;
#344 = ORIENTED_EDGE ( 'NONE', *, *, #541, .F. ) ;
#345 = PLANE ( 'NONE',  #800 ) ;
#346 = EDGE_CURVE ( 'NONE', #2172, #636, #1677, .T. ) ;
#347 = LINE ( 'NONE', #872, #1962 ) ;
#348 = VERTEX_POINT ( 'NONE', #812 ) ;
#349 = CARTESIAN_POINT ( 'NONE',  ( 1.000000000000000000, 5.299999999999999822, -4.299999999999999822 ) ) ;
#350 = CARTESIAN_POINT ( 'NONE',  ( 7.682273184598537696, 19.09999999999999787, -2.999999999999999112 ) ) ;
#351 = FACE_OUTER_BOUND ( 'NONE', #1177, .T. ) ;
#352 = CARTESIAN_POINT ( 'NONE',  ( 10.50000000000000000, 5.799999999999999822, -1.000000000000000000 ) ) ;
#353 = AXIS2_PLACEMENT_3D ( 'NONE', #1396, #1932, #1432 ) ;
#354 = ORIENTED_EDGE ( 'NONE', *, *, #1943, .T. ) ;
#355 = AXIS2_PLACEMENT_3D ( 'NONE', #2046, #1898, #1181 ) ;
#356 = CIRCLE ( 'NONE', #1077, 2.000000000000000000 ) ;
#357 = CARTESIAN_POINT ( 'NONE',  ( -2.198810057272473806, 1.300000000000000044, -2.650000000000000355 ) ) ;
#358 = LINE ( 'NONE', #7, #483 ) ;
#359 = ADVANCED_FACE ( 'NONE', ( #1687 ), #1336, .F. ) ;
#360 = AXIS2_PLACEMENT_3D ( 'NONE', #1473, #1811, #1944 ) ;
#361 = VECTOR ( 'NONE', #847, 1000.000000000000000 ) ;
#362 = ORIENTED_EDGE ( 'NONE', *, *, #1764, .F. ) ;
#363 = DIRECTION ( 'NONE',  ( -1.000000000000000000, 0.000000000000000000, 0.000000000000000000 ) ) ;
#364 = CIRCLE ( 'NONE', #661, 1.000000000000000000 ) ;
#365 = DIRECTION ( 'NONE',  ( -0.000000000000000000, 1.000000000000000000, -0.000000000000000000 ) ) ;
#366 = CIRCLE ( 'NONE', #1638, 0.9999999999999991118 ) ;
#367 = ORIENTED_EDGE ( 'NONE', *, *, #1593, .T. ) ;
#368 = CYLINDRICAL_SURFACE ( 'NONE', #1912, 1.000000000000000000 ) ;
#369 = FACE_OUTER_BOUND ( 'NONE', #1636, .T. ) ;
#370 = VERTEX_POINT ( 'NONE', #2029 ) ;
#371 = CARTESIAN_POINT ( 'NONE',  ( 7.682273184598537696, 17.89999999999999858, -1.899999999999999467 ) ) ;
#372 = DIRECTION ( 'NONE',  ( 0.000000000000000000, 0.000000000000000000, -1.000000000000000000 ) ) ;
#373 = ORIENTED_EDGE ( 'NONE', *, *, #1618, .F. ) ;
#374 = CARTESIAN_POINT ( 'NONE',  ( 9.500000000000001776, 9.699999999999999289, 0.000000000000000000 ) ) ;
#375 = CARTESIAN_POINT ( 'NONE',  ( 0.000000000000000000, 9.699999999999999289, -5.299999999999999822 ) ) ;
#376 = CARTESIAN_POINT ( 'NONE',  ( 2.249999999999997780, 0.000000000000000000, -2.649999999999999911 ) ) ;
#377 = CARTESIAN_POINT ( 'NONE',  ( 10.50000000000000000, 9.699999999999999289, -4.299999999999999822 ) ) ;
#378 = EDGE_CURVE ( 'NONE', #1402, #1897, #1211, .T. ) ;
#379 = LINE ( 'NONE', #1598, #1591 ) ;
#380 = DIRECTION ( 'NONE',  ( 0.000000000000000000, 0.000000000000000000, -1.000000000000000000 ) ) ;
#381 = VERTEX_POINT ( 'NONE', #1167 ) ;
#382 = DIRECTION ( 'NONE',  ( -0.000000000000000000, -1.000000000000000000, -0.000000000000000000 ) ) ;
#383 = FACE_BOUND ( 'NONE', #1846, .T. ) ;
#384 = VERTEX_POINT ( 'NONE', #1887 ) ;
#385 = DIRECTION ( 'NONE',  ( 0.000000000000000000, 0.000000000000000000, 1.000000000000000000 ) ) ;
#386 = DIRECTION ( 'NONE',  ( 0.000000000000000000, 0.000000000000000000, -1.000000000000000000 ) ) ;
#387 = ADVANCED_FACE ( 'NONE', ( #1011 ), #473, .T. ) ;
#388 = EDGE_LOOP ( 'NONE', ( #746, #1735, #969, #1797 ) ) ;
#389 = DIRECTION ( 'NONE',  ( -0.000000000000000000, 1.000000000000000000, -0.000000000000000000 ) ) ;
#390 = DIRECTION ( 'NONE',  ( 0.000000000000000000, 0.000000000000000000, 1.000000000000000000 ) ) ;
#391 = EDGE_CURVE ( 'NONE', #1246, #1512, #1697, .T. ) ;
#392 = VECTOR ( 'NONE', #1815, 1000.000000000000000 ) ;
#393 = EDGE_CURVE ( 'NONE', #1976, #2239, #683, .T. ) ;
#394 = VERTEX_POINT ( 'NONE', #831 ) ;
#395 = DIRECTION ( 'NONE',  ( -0.000000000000000000, 1.000000000000000000, -0.000000000000000000 ) ) ;
#396 = CARTESIAN_POINT ( 'NONE',  ( 10.50000000000000000, 9.699999999999999289, -4.299999999999999822 ) ) ;
#397 = ORIENTED_EDGE ( 'NONE', *, *, #633, .T. ) ;
#398 = ADVANCED_FACE ( 'NONE', ( #1539 ), #675, .F. ) ;
#399 = AXIS2_PLACEMENT_3D ( 'NONE', #908, #44, #551 ) ;
#400 = LINE ( 'NONE', #1921, #2228 ) ;
#401 = CARTESIAN_POINT ( 'NONE',  ( 1.000000000000000000, 1.300000000000000044, 6.429395695523604153E-16 ) ) ;
#402 = CIRCLE ( 'NONE', #944, 1.584154152249554581 ) ;
#403 = ORIENTED_EDGE ( 'NONE', *, *, #2237, .T. ) ;
#404 = DIRECTION ( 'NONE',  ( 0.000000000000000000, 0.000000000000000000, 1.000000000000000000 ) ) ;
#405 = DIRECTION ( 'NONE',  ( 0.000000000000000000, 1.000000000000000000, 0.000000000000000000 ) ) ;
#406 = ORIENTED_EDGE ( 'NONE', *, *, #541, .T. ) ;
#407 = FACE_OUTER_BOUND ( 'NONE', #1727, .T. ) ;
#408 = CARTESIAN_POINT ( 'NONE',  ( -2.198810057272473806, 4.299999999999999822, -2.650000000000000355 ) ) ;
#409 = ORIENTED_EDGE ( 'NONE', *, *, #311, .F. ) ;
#410 = DIRECTION ( 'NONE',  ( 0.000000000000000000, 1.000000000000000000, 0.000000000000000000 ) ) ;
#411 = CARTESIAN_POINT ( 'NONE',  ( 9.499999999999998224, 6.299999999999999822, -5.299999999999999822 ) ) ;
#412 = EDGE_CURVE ( 'NONE', #450, #1897, #970, .T. ) ;
#413 = EDGE_LOOP ( 'NONE', ( #1915, #1469, #1807, #2082, #648 ) ) ;
#414 = EDGE_CURVE ( 'NONE', #295, #2146, #2258, .T. ) ;
#415 = VERTEX_POINT ( 'NONE', #1504 ) ;
#416 = EDGE_CURVE ( 'NONE', #434, #492, #145, .T. ) ;
#417 = DIRECTION ( 'NONE',  ( 0.000000000000000000, 1.000000000000000000, -0.000000000000000000 ) ) ;
#418 = CARTESIAN_POINT ( 'NONE',  ( 1.000000000000000000, 0.000000000000000000, -4.299999999999999822 ) ) ;
#419 = ORIENTED_EDGE ( 'NONE', *, *, #1364, .T. ) ;
#420 = DIRECTION ( 'NONE',  ( 0.000000000000000000, 0.000000000000000000, 1.000000000000000000 ) ) ;
#421 = CARTESIAN_POINT ( 'NONE',  ( 12.69881005727247114, 1.300000000000000044, -3.600000000000000089 ) ) ;
#422 = VERTEX_POINT ( 'NONE', #642 ) ;
#423 = DIRECTION ( 'NONE',  ( 0.000000000000000000, -1.000000000000000000, 0.000000000000000000 ) ) ;
#424 = DIRECTION ( 'NONE',  ( 0.000000000000000000, 0.000000000000000000, 1.000000000000000000 ) ) ;
#425 = VERTEX_POINT ( 'NONE', #723 ) ;
#426 = ORIENTED_EDGE ( 'NONE', *, *, #486, .F. ) ;
#427 = DIRECTION ( 'NONE',  ( 1.000000000000000000, 0.000000000000000000, -6.546126324440780651E-16 ) ) ;
#428 = CARTESIAN_POINT ( 'NONE',  ( 8.249999999999996447, 0.000000000000000000, -4.150000000000000355 ) ) ;
#429 = EDGE_CURVE ( 'NONE', #1264, #2172, #1993, .T. ) ;
#430 = ORIENTED_EDGE ( 'NONE', *, *, #942, .T. ) ;
#431 = CARTESIAN_POINT ( 'NONE',  ( 2.249999999999997780, -2.200000000000000178, -1.449999999999999956 ) ) ;
#432 = FACE_BOUND ( 'NONE', #1284, .T. ) ;
#433 = VECTOR ( 'NONE', #161, 1000.000000000000000 ) ;
#434 = VERTEX_POINT ( 'NONE', #1766 ) ;
#435 = CARTESIAN_POINT ( 'NONE',  ( 1.000000000000000000, 9.699999999999999289, 0.000000000000000000 ) ) ;
#436 = LINE ( 'NONE', #463, #1813 ) ;
#437 = EDGE_CURVE ( 'NONE', #1814, #1246, #1228, .T. ) ;
#438 = CIRCLE ( 'NONE', #324, 1.000000000000000000 ) ;
#439 = ORIENTED_EDGE ( 'NONE', *, *, #1606, .F. ) ;
#440 = EDGE_CURVE ( 'NONE', #780, #229, #1009, .T. ) ;
#441 = VECTOR ( 'NONE', #621, 1000.000000000000000 ) ;
#442 = AXIS2_PLACEMENT_3D ( 'NONE', #327, #1022, #1051 ) ;
#443 = CARTESIAN_POINT ( 'NONE',  ( 0.000000000000000000, 9.699999999999999289, -4.299999999999999822 ) ) ;
#444 =( NAMED_UNIT ( * ) SI_UNIT ( $, .STERADIAN. ) SOLID_ANGLE_UNIT ( ) );
#445 = AXIS2_PLACEMENT_3D ( 'NONE', #418, #576, #1080 ) ;
#446 = ORIENTED_EDGE ( 'NONE', *, *, #2237, .F. ) ;
#447 = SURFACE_SIDE_STYLE ('',( #1949 ) ) ;
#448 = EDGE_CURVE ( 'NONE', #955, #1719, #1040, .T. ) ;
#449 = DIRECTION ( 'NONE',  ( -0.000000000000000000, 1.000000000000000000, -0.000000000000000000 ) ) ;
#450 = VERTEX_POINT ( 'NONE', #198 ) ;
#451 = CARTESIAN_POINT ( 'NONE',  ( 1.000000000000000000, 5.799999999999999822, -4.299999999999999822 ) ) ;
#452 = DIRECTION ( 'NONE',  ( 0.000000000000000000, 0.000000000000000000, 1.000000000000000000 ) ) ;
#453 = ORIENTED_EDGE ( 'NONE', *, *, #515, .T. ) ;
#454 = EDGE_CURVE ( 'NONE', #722, #947, #1044, .T. ) ;
#455 = EDGE_LOOP ( 'NONE', ( #1342, #344, #1601, #848, #1644, #1805 ) ) ;
#456 = DIRECTION ( 'NONE',  ( -0.000000000000000000, -0.000000000000000000, -1.000000000000000000 ) ) ;
#457 = ORIENTED_EDGE ( 'NONE', *, *, #706, .F. ) ;
#458 = DIRECTION ( 'NONE',  ( 0.000000000000000000, 0.000000000000000000, -1.000000000000000000 ) ) ;
#459 = DIRECTION ( 'NONE',  ( 0.000000000000000000, -0.000000000000000000, -1.000000000000000000 ) ) ;
#460 = VERTEX_POINT ( 'NONE', #2104 ) ;
#461 = FACE_OUTER_BOUND ( 'NONE', #1583, .T. ) ;
#462 = ORIENTED_EDGE ( 'NONE', *, *, #2024, .F. ) ;
#463 = CARTESIAN_POINT ( 'NONE',  ( 12.69881005727247114, 1.300000000000000044, -1.700000000000001510 ) ) ;
#464 = EDGE_CURVE ( 'NONE', #2049, #460, #2093, .T. ) ;
#465 = ORIENTED_EDGE ( 'NONE', *, *, #1254, .T. ) ;
#466 = ADVANCED_FACE ( 'NONE', ( #1063 ), #167, .F. ) ;
#467 = DIRECTION ( 'NONE',  ( 0.000000000000000000, 0.000000000000000000, -1.000000000000000000 ) ) ;
#468 = ORIENTED_EDGE ( 'NONE', *, *, #1871, .F. ) ;
#469 = CYLINDRICAL_SURFACE ( 'NONE', #2259, 0.7499999999999997780 ) ;
#470 = CARTESIAN_POINT ( 'NONE',  ( 8.249999999999998224, -2.200000000000000178, -2.649999999999999023 ) ) ;
#471 = VECTOR ( 'NONE', #1294, 1000.000000000000000 ) ;
#472 = ORIENTED_EDGE ( 'NONE', *, *, #1572, .F. ) ;
#473 = CYLINDRICAL_SURFACE ( 'NONE', #1299, 2.000000000000000000 ) ;
#474 = LINE ( 'NONE', #854, #804 ) ;
#475 = TOROIDAL_SURFACE ( 'NONE', #1450, 0.9999999999999991118, 0.5000000000000000000 ) ;
#476 = ORIENTED_EDGE ( 'NONE', *, *, #928, .F. ) ;
#477 = CIRCLE ( 'NONE', #1736, 2.000000000000000000 ) ;
#478 = CIRCLE ( 'NONE', #1847, 0.5000000000000000000 ) ;
#479 = AXIS2_PLACEMENT_3D ( 'NONE', #1724, #332, #860 ) ;
#480 = DIRECTION ( 'NONE',  ( -0.000000000000000000, 1.000000000000000000, -0.000000000000000000 ) ) ;
#481 = ORIENTED_EDGE ( 'NONE', *, *, #928, .T. ) ;
#482 = CARTESIAN_POINT ( 'NONE',  ( 12.69881005727247114, 1.300000000000000044, -2.650000000000000355 ) ) ;
#483 = VECTOR ( 'NONE', #1945, 1000.000000000000000 ) ;
#484 = CARTESIAN_POINT ( 'NONE',  ( 8.249999999999996447, -2.200000000000000178, -1.149999999999999245 ) ) ;
#485 = ORIENTED_EDGE ( 'NONE', *, *, #647, .F. ) ;
#486 = EDGE_CURVE ( 'NONE', #381, #2214, #893, .T. ) ;
#487 = ORIENTED_EDGE ( 'NONE', *, *, #131, .T. ) ;
#488 = FACE_OUTER_BOUND ( 'NONE', #1125, .T. ) ;
#489 = DIRECTION ( 'NONE',  ( 8.673617379884035472E-16, 0.000000000000000000, -1.000000000000000000 ) ) ;
#490 = EDGE_LOOP ( 'NONE', ( #1526, #269, #1437, #409, #1755 ) ) ;
#491 = ADVANCED_FACE ( 'NONE', ( #747 ), #1032, .F. ) ;
#492 = VERTEX_POINT ( 'NONE', #711 ) ;
#493 = DIRECTION ( 'NONE',  ( 0.000000000000000000, -1.000000000000000000, 0.000000000000000000 ) ) ;
#494 = CYLINDRICAL_SURFACE ( 'NONE', #771, 1.500000000000000888 ) ;
#495 = ORIENTED_EDGE ( 'NONE', *, *, #572, .T. ) ;
#496 = CARTESIAN_POINT ( 'NONE',  ( 0.000000000000000000, 5.799999999999999822, -1.000000000000000000 ) ) ;
#497 = DIRECTION ( 'NONE',  ( -0.000000000000000000, 1.000000000000000000, -0.000000000000000000 ) ) ;
#498 = EDGE_LOOP ( 'NONE', ( #1410, #465, #254, #301, #2252, #74, #1760, #641 ) ) ;
#499 = EDGE_CURVE ( 'NONE', #2182, #425, #1723, .T. ) ;
#500 = VERTEX_POINT ( 'NONE', #1555 ) ;
#501 = CARTESIAN_POINT ( 'NONE',  ( 8.249999999999996447, 0.000000000000000000, -1.449999999999999956 ) ) ;
#502 = PLANE ( 'NONE',  #442 ) ;
#503 = EDGE_LOOP ( 'NONE', ( #1166, #735, #1613, #2238 ) ) ;
#504 = CARTESIAN_POINT ( 'NONE',  ( -2.198810057272473806, 4.299999999999999822, -1.700000000000000622 ) ) ;
#505 = DIRECTION ( 'NONE',  ( 0.000000000000000000, 0.000000000000000000, -1.000000000000000000 ) ) ;
#506 = EDGE_CURVE ( 'NONE', #1398, #2015, #1013, .T. ) ;
#507 = FACE_OUTER_BOUND ( 'NONE', #567, .T. ) ;
#508 = PRESENTATION_LAYER_ASSIGNMENT (  '', '', ( #2102 ) ) ;
#509 = VECTOR ( 'NONE', #902, 1000.000000000000000 ) ;
#510 = ADVANCED_FACE ( 'NONE', ( #2083 ), #1394, .F. ) ;
#511 = AXIS2_PLACEMENT_3D ( 'NONE', #1901, #2199, #111 ) ;
#512 = AXIS2_PLACEMENT_3D ( 'NONE', #803, #1496, #2196 ) ;
#513 = CARTESIAN_POINT ( 'NONE',  ( -2.250000000000000000, 1.300000000000000711, -2.000000000000000000 ) ) ;
#514 = CARTESIAN_POINT ( 'NONE',  ( 7.682273184598537696, 19.09999999999999787, -2.649999999999999911 ) ) ;
#515 = EDGE_CURVE ( 'NONE', #384, #1030, #54, .T. ) ;
#516 = AXIS2_PLACEMENT_3D ( 'NONE', #2084, #1767, #2277 ) ;
#517 = ORIENTED_EDGE ( 'NONE', *, *, #2122, .T. ) ;
#518 = LINE ( 'NONE', #1000, #1701 ) ;
#519 = LINE ( 'NONE', #340, #1387 ) ;
#520 = ORIENTED_EDGE ( 'NONE', *, *, #942, .F. ) ;
#521 = DIRECTION ( 'NONE',  ( -1.000000000000000000, -0.000000000000000000, -1.224646799147353207E-16 ) ) ;
#522 = ORIENTED_EDGE ( 'NONE', *, *, #486, .T. ) ;
#523 = DIRECTION ( 'NONE',  ( -0.000000000000000000, -1.000000000000000000, 0.000000000000000000 ) ) ;
#524 = CARTESIAN_POINT ( 'NONE',  ( -2.198810057272473806, 1.300000000000000044, -3.600000000000000977 ) ) ;
#525 = ORIENTED_EDGE ( 'NONE', *, *, #1132, .F. ) ;
#526 = DIRECTION ( 'NONE',  ( 0.000000000000000000, 0.000000000000000000, -1.000000000000000000 ) ) ;
#527 = DIRECTION ( 'NONE',  ( 0.000000000000000000, 0.000000000000000000, -1.000000000000000000 ) ) ;
#528 = DIRECTION ( 'NONE',  ( 0.000000000000000000, 1.000000000000000000, 0.000000000000000000 ) ) ;
#529 = EDGE_CURVE ( 'NONE', #1030, #181, #2224, .T. ) ;
#530 = DIRECTION ( 'NONE',  ( -1.000000000000000000, 0.000000000000000000, 0.000000000000000000 ) ) ;
#531 = FACE_OUTER_BOUND ( 'NONE', #2197, .T. ) ;
#532 = VERTEX_POINT ( 'NONE', #1055 ) ;
#533 = ADVANCED_FACE ( 'NONE', ( #1746 ), #188, .F. ) ;
#534 = CARTESIAN_POINT ( 'NONE',  ( 0.000000000000000000, 9.699999999999999289, 0.000000000000000000 ) ) ;
#535 = CARTESIAN_POINT ( 'NONE',  ( 12.74999999999999822, 4.299999999999999822, -5.299999999999998046 ) ) ;
#536 = ORIENTED_EDGE ( 'NONE', *, *, #5, .T. ) ;
#537 = DIRECTION ( 'NONE',  ( 0.000000000000000000, 0.000000000000000000, -1.000000000000000000 ) ) ;
#538 = DIRECTION ( 'NONE',  ( 0.000000000000000000, 0.000000000000000000, -1.000000000000000000 ) ) ;
#539 = AXIS2_PLACEMENT_3D ( 'NONE', #451, #56, #255 ) ;
#540 = EDGE_LOOP ( 'NONE', ( #1537, #1692, #142, #164 ) ) ;
#541 = EDGE_CURVE ( 'NONE', #1722, #2057, #932, .T. ) ;
#542 = ORIENTED_EDGE ( 'NONE', *, *, #1764, .T. ) ;
#543 = AXIS2_PLACEMENT_3D ( 'NONE', #331, #975, #1373 ) ;
#544 = AXIS2_PLACEMENT_3D ( 'NONE', #1788, #227, #1106 ) ;
#545 = FACE_OUTER_BOUND ( 'NONE', #1478, .T. ) ;
#546 = LINE ( 'NONE', #1070, #1711 ) ;
#547 = VECTOR ( 'NONE', #564, 1000.000000000000000 ) ;
#548 = ORIENTED_EDGE ( 'NONE', *, *, #622, .F. ) ;
#549 = DIRECTION ( 'NONE',  ( 0.000000000000000000, 0.000000000000000000, -1.000000000000000000 ) ) ;
#550 = AXIS2_PLACEMENT_3D ( 'NONE', #1571, #712, #1251 ) ;
#551 = DIRECTION ( 'NONE',  ( 0.000000000000000000, -0.000000000000000000, -1.000000000000000000 ) ) ;
#552 = VECTOR ( 'NONE', #1187, 1000.000000000000000 ) ;
#553 = DIRECTION ( 'NONE',  ( 0.000000000000000000, 0.000000000000000000, -1.000000000000000000 ) ) ;
#554 = DIRECTION ( 'NONE',  ( 0.000000000000000000, 0.000000000000000000, 1.000000000000000000 ) ) ;
#555 = VERTEX_POINT ( 'NONE', #560 ) ;
#556 = EDGE_CURVE ( 'NONE', #672, #1312, #1974, .T. ) ;
#557 = DIRECTION ( 'NONE',  ( 0.000000000000000000, 0.000000000000000000, 1.000000000000000000 ) ) ;
#558 = FACE_OUTER_BOUND ( 'NONE', #808, .T. ) ;
#559 = EDGE_LOOP ( 'NONE', ( #354, #1428, #406, #952 ) ) ;
#560 = CARTESIAN_POINT ( 'NONE',  ( 0.9999999999999995559, 9.699999999999999289, 0.000000000000000000 ) ) ;
#561 = LINE ( 'NONE', #209, #662 ) ;
#562 = ORIENTED_EDGE ( 'NONE', *, *, #1060, .F. ) ;
#563 = LINE ( 'NONE', #1252, #1992 ) ;
#564 = DIRECTION ( 'NONE',  ( -1.000000000000000000, -0.000000000000000000, -0.000000000000000000 ) ) ;
#565 = CYLINDRICAL_SURFACE ( 'NONE', #620, 1.584154152249554581 ) ;
#566 = LINE ( 'NONE', #1257, #2271 ) ;
#567 = EDGE_LOOP ( 'NONE', ( #960, #2244, #725, #883, #2275, #1145 ) ) ;
#568 = DIRECTION ( 'NONE',  ( 0.000000000000000000, 0.000000000000000000, -1.000000000000000000 ) ) ;
#569 = DIRECTION ( 'NONE',  ( 0.000000000000000000, 0.000000000000000000, 1.000000000000000000 ) ) ;
#570 = CARTESIAN_POINT ( 'NONE',  ( 9.500000000000001776, 9.699999999999999289, -1.000000000000000000 ) ) ;
#571 = DIRECTION ( 'NONE',  ( 0.000000000000000000, 0.000000000000000000, -1.000000000000000000 ) ) ;
#572 = EDGE_CURVE ( 'NONE', #865, #381, #2180, .T. ) ;
#573 = VECTOR ( 'NONE', #1, 1000.000000000000000 ) ;
#574 = CARTESIAN_POINT ( 'NONE',  ( 2.817726815401459639, 17.89999999999999858, -2.649999999999999911 ) ) ;
#575 = AXIS2_PLACEMENT_3D ( 'NONE', #339, #2126, #1250 ) ;
#576 = DIRECTION ( 'NONE',  ( 0.000000000000000000, -1.000000000000000000, 0.000000000000000000 ) ) ;
#577 = VERTEX_POINT ( 'NONE', #1476 ) ;
#578 = CARTESIAN_POINT ( 'NONE',  ( 9.500000000000001776, 9.699999999999999289, -4.299999999999999822 ) ) ;
#579 = CARTESIAN_POINT ( 'NONE',  ( 10.50000000000000000, 6.299999999999999822, -4.299999999999999822 ) ) ;
#580 = AXIS2_PLACEMENT_3D ( 'NONE', #165, #807, #2013 ) ;
#581 = AXIS2_PLACEMENT_3D ( 'NONE', #1801, #941, #1624 ) ;
#582 = ADVANCED_FACE ( 'NONE', ( #615 ), #80, .F. ) ;
#583 = CIRCLE ( 'NONE', #1924, 0.9999999999999991118 ) ;
#584 = DIRECTION ( 'NONE',  ( -0.000000000000000000, -1.000000000000000000, -0.000000000000000000 ) ) ;
#585 = PLANE ( 'NONE',  #245 ) ;
#586 = CIRCLE ( 'NONE', #29, 0.3499999999999992006 ) ;
#587 = CARTESIAN_POINT ( 'NONE',  ( 0.000000000000000000, 5.299999999999999822, -2.649999999999999911 ) ) ;
#588 = EDGE_LOOP ( 'NONE', ( #306, #2205, #1157, #811, #1586, #1475 ) ) ;
#589 = DIRECTION ( 'NONE',  ( 0.000000000000000000, 0.000000000000000000, -1.000000000000000000 ) ) ;
#590 = CARTESIAN_POINT ( 'NONE',  ( 6.371845366825748869, 9.699999999999999289, 4.480664574001944622 ) ) ;
#591 = ORIENTED_EDGE ( 'NONE', *, *, #1201, .T. ) ;
#592 = DIRECTION ( 'NONE',  ( -0.000000000000000000, -1.000000000000000000, -0.000000000000000000 ) ) ;
#593 = CARTESIAN_POINT ( 'NONE',  ( 2.817726815401459639, 17.89999999999999858, -2.649999999999999911 ) ) ;
#594 = MANIFOLD_SOLID_BREP ( 'Dodanie-wyci\X2\0105\X0\gni\X2\0119\X0\cie5', #2100 ) ;
#595 = VERTEX_POINT ( 'NONE', #798 ) ;
#596 = ORIENTED_EDGE ( 'NONE', *, *, #1089, .T. ) ;
#597 = ADVANCED_FACE ( 'NONE', ( #1490 ), #1621, .T. ) ;
#598 = CARTESIAN_POINT ( 'NONE',  ( 12.69881005727247114, 1.300000000000000044, -2.650000000000000355 ) ) ;
#599 = DIRECTION ( 'NONE',  ( 1.000000000000000000, 0.000000000000000000, 0.000000000000000000 ) ) ;
#600 = ORIENTED_EDGE ( 'NONE', *, *, #2200, .T. ) ;
#601 = CARTESIAN_POINT ( 'NONE',  ( 10.50000000000000000, 6.299999999999999822, -4.299999999999999822 ) ) ;
#602 = DIRECTION ( 'NONE',  ( 0.000000000000000000, 0.000000000000000000, -1.000000000000000000 ) ) ;
#603 = EDGE_CURVE ( 'NONE', #342, #663, #24, .T. ) ;
#604 = ORIENTED_EDGE ( 'NONE', *, *, #1574, .F. ) ;
#605 = DIRECTION ( 'NONE',  ( 0.000000000000000000, 0.000000000000000000, -1.000000000000000000 ) ) ;
#606 = FACE_BOUND ( 'NONE', #207, .T. ) ;
#607 = VERTEX_POINT ( 'NONE', #754 ) ;
#608 = ORIENTED_EDGE ( 'NONE', *, *, #917, .T. ) ;
#609 = ADVANCED_FACE ( 'NONE', ( #2164 ), #2137, .T. ) ;
#610 = FACE_OUTER_BOUND ( 'NONE', #559, .T. ) ;
#611 = ORIENTED_EDGE ( 'NONE', *, *, #1203, .F. ) ;
#612 = DIRECTION ( 'NONE',  ( 0.000000000000000000, 0.000000000000000000, -1.000000000000000000 ) ) ;
#613 = ORIENTED_EDGE ( 'NONE', *, *, #1691, .T. ) ;
#614 = AXIS2_PLACEMENT_3D ( 'NONE', #885, #9, #549 ) ;
#615 = FACE_OUTER_BOUND ( 'NONE', #930, .T. ) ;
#616 = CARTESIAN_POINT ( 'NONE',  ( 0.000000000000000000, 1.300000000000000044, 0.000000000000000000 ) ) ;
#617 = ADVANCED_FACE ( 'NONE', ( #407 ), #1094, .T. ) ;
#618 = ORIENTED_EDGE ( 'NONE', *, *, #633, .F. ) ;
#619 = DIRECTION ( 'NONE',  ( -0.000000000000000000, -0.000000000000000000, 1.000000000000000000 ) ) ;
#620 = AXIS2_PLACEMENT_3D ( 'NONE', #1256, #1785, #1619 ) ;
#621 = DIRECTION ( 'NONE',  ( -0.000000000000000000, 1.000000000000000000, -0.000000000000000000 ) ) ;
#622 = EDGE_CURVE ( 'NONE', #1402, #698, #834, .T. ) ;
#623 = ORIENTED_EDGE ( 'NONE', *, *, #1806, .F. ) ;
#624 = CIRCLE ( 'NONE', #479, 1.000000000000000000 ) ;
#625 = VECTOR ( 'NONE', #81, 1000.000000000000000 ) ;
#626 = CARTESIAN_POINT ( 'NONE',  ( 2.817726815401459639, 19.09999999999999787, -2.649999999999999911 ) ) ;
#627 = CARTESIAN_POINT ( 'NONE',  ( 9.500000000000001776, 6.299999999999999822, -1.000000000000000000 ) ) ;
#628 = CIRCLE ( 'NONE', #445, 1.000000000000000000 ) ;
#629 = EDGE_LOOP ( 'NONE', ( #1875, #745 ) ) ;
#630 = DIRECTION ( 'NONE',  ( 0.000000000000000000, 0.000000000000000000, -1.000000000000000000 ) ) ;
#631 = DIRECTION ( 'NONE',  ( -0.000000000000000000, 1.000000000000000000, -0.000000000000000000 ) ) ;
#632 = ORIENTED_EDGE ( 'NONE', *, *, #678, .F. ) ;
#633 = EDGE_CURVE ( 'NONE', #384, #284, #1121, .T. ) ;
#634 = CARTESIAN_POINT ( 'NONE',  ( 0.000000000000000000, 5.299999999999998934, -1.000000000000000000 ) ) ;
#635 = LINE ( 'NONE', #2246, #1017 ) ;
#636 = VERTEX_POINT ( 'NONE', #238 ) ;
#637 = LINE ( 'NONE', #288, #1235 ) ;
#638 = VERTEX_POINT ( 'NONE', #778 ) ;
#639 = DIRECTION ( 'NONE',  ( -0.000000000000000000, -1.000000000000000000, -0.000000000000000000 ) ) ;
#640 = DIRECTION ( 'NONE',  ( 0.000000000000000000, 0.000000000000000000, 1.000000000000000000 ) ) ;
#641 = ORIENTED_EDGE ( 'NONE', *, *, #678, .T. ) ;
#642 = CARTESIAN_POINT ( 'NONE',  ( 10.50000000000000000, 1.300000000000000711, -4.299999999999999822 ) ) ;
#643 = CARTESIAN_POINT ( 'NONE',  ( 0.000000000000000000, 9.699999999999999289, 0.000000000000000000 ) ) ;
#644 = EDGE_CURVE ( 'NONE', #1842, #679, #1467, .T. ) ;
#645 = ORIENTED_EDGE ( 'NONE', *, *, #130, .F. ) ;
#646 = CYLINDRICAL_SURFACE ( 'NONE', #511, 1.000000000000000000 ) ;
#647 = EDGE_CURVE ( 'NONE', #1083, #384, #1986, .T. ) ;
#648 = ORIENTED_EDGE ( 'NONE', *, *, #772, .T. ) ;
#649 = FACE_BOUND ( 'NONE', #1689, .T. ) ;
#650 = CARTESIAN_POINT ( 'NONE',  ( 9.500000000000001776, 5.799999999999999822, -0.5000000000000004441 ) ) ;
#651 = ADVANCED_FACE ( 'NONE', ( #1882 ), #469, .T. ) ;
#652 = ORIENTED_EDGE ( 'NONE', *, *, #556, .F. ) ;
#653 = DIRECTION ( 'NONE',  ( -0.000000000000000000, 1.000000000000000000, -0.000000000000000000 ) ) ;
#654 = CARTESIAN_POINT ( 'NONE',  ( 9.499999999999998224, 5.799999999999999822, -5.299999999999999822 ) ) ;
#655 = AXIS2_PLACEMENT_3D ( 'NONE', #1362, #2055, #1858 ) ;
#656 = PRODUCT ( 'usb-c', 'usb-c', '', ( #1984 ) ) ;
#657 = CIRCLE ( 'NONE', #973, 1.500000000000000888 ) ;
#658 = ORIENTED_EDGE ( 'NONE', *, *, #900, .T. ) ;
#659 = AXIS2_PLACEMENT_3D ( 'NONE', #1406, #1232, #1759 ) ;
#660 = CIRCLE ( 'NONE', #1160, 1.199999999999999734 ) ;
#661 = AXIS2_PLACEMENT_3D ( 'NONE', #1604, #1580, #2094 ) ;
#662 = VECTOR ( 'NONE', #1614, 1000.000000000000000 ) ;
#663 = VERTEX_POINT ( 'NONE', #985 ) ;
#664 = DIRECTION ( 'NONE',  ( 0.000000000000000000, -0.000000000000000000, 1.000000000000000000 ) ) ;
#665 = DIRECTION ( 'NONE',  ( -1.000000000000000000, 0.000000000000000000, 0.000000000000000000 ) ) ;
#666 = ORIENTED_EDGE ( 'NONE', *, *, #751, .F. ) ;
#667 = DIRECTION ( 'NONE',  ( -0.000000000000000000, -0.000000000000000000, -1.000000000000000000 ) ) ;
#668 = CARTESIAN_POINT ( 'NONE',  ( 1.000000000000000000, 1.300000000000000711, -4.299999999999999822 ) ) ;
#669 = ORIENTED_EDGE ( 'NONE', *, *, #1715, .F. ) ;
#670 = ORIENTED_EDGE ( 'NONE', *, *, #252, .F. ) ;
#671 = FACE_OUTER_BOUND ( 'NONE', #753, .T. ) ;
#672 = VERTEX_POINT ( 'NONE', #1852 ) ;
#673 = EDGE_CURVE ( 'NONE', #1675, #607, #2016, .T. ) ;
#674 = ORIENTED_EDGE ( 'NONE', *, *, #1832, .T. ) ;
#675 = CYLINDRICAL_SURFACE ( 'NONE', #686, 0.5000000000000000000 ) ;
#676 = DIRECTION ( 'NONE',  ( 1.000000000000000000, 0.000000000000000000, 0.000000000000000000 ) ) ;
#677 = EDGE_LOOP ( 'NONE', ( #1900, #2045, #1596, #2043 ) ) ;
#678 = EDGE_CURVE ( 'NONE', #1790, #90, #322, .T. ) ;
#679 = VERTEX_POINT ( 'NONE', #114 ) ;
#680 = CARTESIAN_POINT ( 'NONE',  ( 1.000000000000000000, 5.799999999999999822, 0.000000000000000000 ) ) ;
#681 = CARTESIAN_POINT ( 'NONE',  ( 8.249999999999996447, -2.200000000000000178, -3.849999999999998757 ) ) ;
#682 = ORIENTED_EDGE ( 'NONE', *, *, #2173, .T. ) ;
#683 = LINE ( 'NONE', #128, #1380 ) ;
#684 = FACE_OUTER_BOUND ( 'NONE', #796, .T. ) ;
#685 = ORIENTED_EDGE ( 'NONE', *, *, #1346, .F. ) ;
#686 = AXIS2_PLACEMENT_3D ( 'NONE', #2235, #667, #2072 ) ;
#687 = ADVANCED_FACE ( 'NONE', ( #1535 ), #326, .T. ) ;
#688 = CARTESIAN_POINT ( 'NONE',  ( 2.249999999999997780, -2.200000000000000178, -2.649999999999999911 ) ) ;
#689 = ORIENTED_EDGE ( 'NONE', *, *, #703, .F. ) ;
#690 = EDGE_CURVE ( 'NONE', #259, #607, #1046, .T. ) ;
#691 = AXIS2_PLACEMENT_3D ( 'NONE', #680, #708, #1567 ) ;
#692 = VECTOR ( 'NONE', #1933, 1000.000000000000000 ) ;
#693 = TOROIDAL_SURFACE ( 'NONE', #539, 1.000000000000000000, 0.5000000000000000000 ) ;
#694 = AXIS2_PLACEMENT_3D ( 'NONE', #991, #676, #1698 ) ;
#695 = CARTESIAN_POINT ( 'NONE',  ( 0.000000000000000000, 9.699999999999999289, -4.299999999999999822 ) ) ;
#696 = CARTESIAN_POINT ( 'NONE',  ( 0.000000000000000000, 1.300000000000000044, 0.000000000000000000 ) ) ;
#697 = CIRCLE ( 'NONE', #1892, 0.9499999999999990674 ) ;
#698 = VERTEX_POINT ( 'NONE', #1839 ) ;
#699 = VECTOR ( 'NONE', #1935, 1000.000000000000000 ) ;
#700 = ORIENTED_EDGE ( 'NONE', *, *, #429, .T. ) ;
#701 = DIRECTION ( 'NONE',  ( 0.000000000000000000, 0.000000000000000000, -1.000000000000000000 ) ) ;
#702 = LINE ( 'NONE', #2030, #63 ) ;
#703 = EDGE_CURVE ( 'NONE', #2182, #1381, #2106, .T. ) ;
#704 = DIRECTION ( 'NONE',  ( 0.000000000000000000, 0.000000000000000000, 1.000000000000000000 ) ) ;
#705 = FACE_BOUND ( 'NONE', #202, .T. ) ;
#706 = EDGE_CURVE ( 'NONE', #1626, #1994, #657, .T. ) ;
#707 = EDGE_CURVE ( 'NONE', #1654, #291, #732, .T. ) ;
#708 = DIRECTION ( 'NONE',  ( 1.000000000000000000, 0.000000000000000000, 0.000000000000000000 ) ) ;
#709 = LINE ( 'NONE', #1401, #1602 ) ;
#710 = ORIENTED_EDGE ( 'NONE', *, *, #464, .T. ) ;
#711 = CARTESIAN_POINT ( 'NONE',  ( 9.500000000000001776, 4.299999999999999822, 0.000000000000000000 ) ) ;
#712 = DIRECTION ( 'NONE',  ( -0.000000000000000000, -0.000000000000000000, 1.000000000000000000 ) ) ;
#713 = ORIENTED_EDGE ( 'NONE', *, *, #1558, .T. ) ;
#714 = DIRECTION ( 'NONE',  ( -0.000000000000000000, 1.000000000000000000, -0.000000000000000000 ) ) ;
#715 = DIRECTION ( 'NONE',  ( 1.000000000000000000, 0.000000000000000000, 0.000000000000000000 ) ) ;
#716 = EDGE_LOOP ( 'NONE', ( #1193, #1027, #1315, #329 ) ) ;
#717 = VERTEX_POINT ( 'NONE', #971 ) ;
#718 = DIRECTION ( 'NONE',  ( -0.000000000000000000, -1.000000000000000000, -0.000000000000000000 ) ) ;
#719 = CYLINDRICAL_SURFACE ( 'NONE', #1389, 1.000000000000000000 ) ;
#720 = ADVANCED_FACE ( 'NONE', ( #125 ), #1333, .F. ) ;
#721 = ADVANCED_FACE ( 'NONE', ( #649, #1344 ), #2202, .T. ) ;
#722 = VERTEX_POINT ( 'NONE', #1672 ) ;
#723 = CARTESIAN_POINT ( 'NONE',  ( -2.198810057272473806, 4.299999999999999822, -3.600000000000000977 ) ) ;
#724 = CARTESIAN_POINT ( 'NONE',  ( 7.682273184598537696, 9.699999999999999289, -2.649999999999999911 ) ) ;
#725 = ORIENTED_EDGE ( 'NONE', *, *, #1519, .F. ) ;
#726 = CARTESIAN_POINT ( 'NONE',  ( 14.74999999999999822, 4.299999999999999822, -3.300000000000001155 ) ) ;
#727 = CARTESIAN_POINT ( 'NONE',  ( 12.74999999999999822, 1.300000000000000044, 2.081899558550499885E-15 ) ) ;
#728 = ORIENTED_EDGE ( 'NONE', *, *, #1616, .F. ) ;
#729 = EDGE_CURVE ( 'NONE', #1929, #717, #1995, .T. ) ;
#730 = AXIS2_PLACEMENT_3D ( 'NONE', #570, #1908, #1953 ) ;
#731 = ADVANCED_FACE ( 'NONE', ( #2230 ), #1014, .F. ) ;
#732 = CIRCLE ( 'NONE', #1233, 1.000000000000000000 ) ;
#733 = DIRECTION ( 'NONE',  ( 0.000000000000000000, 0.000000000000000000, -1.000000000000000000 ) ) ;
#734 = DIRECTION ( 'NONE',  ( -0.000000000000000000, 1.000000000000000000, -0.000000000000000000 ) ) ;
#735 = ORIENTED_EDGE ( 'NONE', *, *, #1516, .T. ) ;
#736 = DIRECTION ( 'NONE',  ( -0.000000000000000000, 1.000000000000000000, -0.000000000000000000 ) ) ;
#737 = AXIS2_PLACEMENT_3D ( 'NONE', #1548, #1877, #162 ) ;
#738 = FACE_OUTER_BOUND ( 'NONE', #1144, .T. ) ;
#739 = CIRCLE ( 'NONE', #2234, 0.5000000000000004441 ) ;
#740 = DIRECTION ( 'NONE',  ( 0.000000000000000000, -1.000000000000000000, 0.000000000000000000 ) ) ;
#741 = FACE_OUTER_BOUND ( 'NONE', #1534, .T. ) ;
#742 = VERTEX_POINT ( 'NONE', #1359 ) ;
#743 = DIRECTION ( 'NONE',  ( 0.000000000000000000, -1.000000000000000000, 0.000000000000000000 ) ) ;
#744 = DIRECTION ( 'NONE',  ( -0.000000000000000000, -1.000000000000000000, -0.000000000000000000 ) ) ;
#745 = ORIENTED_EDGE ( 'NONE', *, *, #1823, .F. ) ;
#746 = ORIENTED_EDGE ( 'NONE', *, *, #2198, .F. ) ;
#747 = FACE_OUTER_BOUND ( 'NONE', #1154, .T. ) ;
#748 = DIRECTION ( 'NONE',  ( -1.000000000000000000, -0.000000000000000000, -0.000000000000000000 ) ) ;
#749 = DIRECTION ( 'NONE',  ( -0.000000000000000000, -0.000000000000000000, -1.000000000000000000 ) ) ;
#750 = CARTESIAN_POINT ( 'NONE',  ( 10.50000000000000000, 9.699999999999999289, 0.000000000000000000 ) ) ;
#751 = EDGE_CURVE ( 'NONE', #1108, #1512, #1007, .T. ) ;
#752 = DIRECTION ( 'NONE',  ( -0.000000000000000000, -1.000000000000000000, -0.000000000000000000 ) ) ;
#753 = EDGE_LOOP ( 'NONE', ( #2190, #1963, #1765, #1215, #669, #137, #1546, #1493 ) ) ;
#754 = CARTESIAN_POINT ( 'NONE',  ( 7.682273184598537696, 17.89999999999999858, -2.999999999999999112 ) ) ;
#755 = CARTESIAN_POINT ( 'NONE',  ( 1.000000000000000000, 4.299999999999999822, -1.000000000000000000 ) ) ;
#756 = FACE_OUTER_BOUND ( 'NONE', #1097, .T. ) ;
#757 = CARTESIAN_POINT ( 'NONE',  ( 1.000000000000000000, 5.299999999999999822, -1.000000000000000000 ) ) ;
#758 = CIRCLE ( 'NONE', #1957, 2.000000000000000000 ) ;
#759 = DIRECTION ( 'NONE',  ( 0.000000000000000000, 0.000000000000000000, 1.000000000000000000 ) ) ;
#760 = VECTOR ( 'NONE', #736, 1000.000000000000000 ) ;
#761 = DIRECTION ( 'NONE',  ( -0.000000000000000000, -1.000000000000000000, 0.000000000000000000 ) ) ;
#762 = CIRCLE ( 'NONE', #2035, 0.9999999999999991118 ) ;
#763 = VERTEX_POINT ( 'NONE', #1368 ) ;
#764 = DIRECTION ( 'NONE',  ( 0.000000000000000000, -1.000000000000000000, 0.000000000000000000 ) ) ;
#765 = CARTESIAN_POINT ( 'NONE',  ( 9.500000000000001776, 9.699999999999999289, -1.000000000000000000 ) ) ;
#766 = AXIS2_PLACEMENT_3D ( 'NONE', #1750, #1088, #2109 ) ;
#767 = VERTEX_POINT ( 'NONE', #501 ) ;
#768 = AXIS2_PLACEMENT_3D ( 'NONE', #821, #497, #489 ) ;
#769 = DIRECTION ( 'NONE',  ( -0.000000000000000000, -1.000000000000000000, -0.000000000000000000 ) ) ;
#770 = DIRECTION ( 'NONE',  ( 0.000000000000000000, -1.000000000000000000, 0.000000000000000000 ) ) ;
#771 = AXIS2_PLACEMENT_3D ( 'NONE', #2203, #1379, #640 ) ;
#772 = EDGE_CURVE ( 'NONE', #1290, #295, #1020, .T. ) ;
#773 = ORIENTED_EDGE ( 'NONE', *, *, #1605, .T. ) ;
#774 = EDGE_LOOP ( 'NONE', ( #792, #2054 ) ) ;
#775 = FACE_OUTER_BOUND ( 'NONE', #1444, .T. ) ;
#776 = EDGE_CURVE ( 'NONE', #638, #663, #2249, .T. ) ;
#777 = VERTEX_POINT ( 'NONE', #371 ) ;
#778 = CARTESIAN_POINT ( 'NONE',  ( 2.817726815401459639, 17.89999999999999858, -1.899999999999999911 ) ) ;
#779 = LINE ( 'NONE', #2004, #1458 ) ;
#780 = VERTEX_POINT ( 'NONE', #1400 ) ;
#781 = DIRECTION ( 'NONE',  ( 0.000000000000000000, 0.000000000000000000, 1.000000000000000000 ) ) ;
#782 = DIRECTION ( 'NONE',  ( 0.000000000000000000, 0.000000000000000000, 1.000000000000000000 ) ) ;
#783 = EDGE_LOOP ( 'NONE', ( #1658, #2001, #71, #728 ) ) ;
#784 = CARTESIAN_POINT ( 'NONE',  ( 2.249999999999997780, 0.000000000000000000, -1.449999999999999956 ) ) ;
#785 = ORIENTED_EDGE ( 'NONE', *, *, #673, .T. ) ;
#786 = SURFACE_STYLE_USAGE ( .BOTH. , #447 ) ;
#787 = FACE_OUTER_BOUND ( 'NONE', #157, .T. ) ;
#788 = ORIENTED_EDGE ( 'NONE', *, *, #515, .F. ) ;
#789 = LINE ( 'NONE', #2178, #897 ) ;
#790 = DIRECTION ( 'NONE',  ( 1.000000000000000000, 0.000000000000000000, 0.000000000000000000 ) ) ;
#791 = ORIENTED_EDGE ( 'NONE', *, *, #156, .T. ) ;
#792 = ORIENTED_EDGE ( 'NONE', *, *, #1183, .T. ) ;
#793 = CARTESIAN_POINT ( 'NONE',  ( 10.50000000000000000, 9.699999999999999289, -1.000000000000000000 ) ) ;
#794 = DIRECTION ( 'NONE',  ( 0.000000000000000000, -1.000000000000000000, 0.000000000000000000 ) ) ;
#795 = EDGE_CURVE ( 'NONE', #2247, #2263, #1911, .T. ) ;
#796 = EDGE_LOOP ( 'NONE', ( #1970, #1142, #1700, #1039 ) ) ;
#797 = AXIS2_PLACEMENT_3D ( 'NONE', #1128, #410, #1791 ) ;
#798 = CARTESIAN_POINT ( 'NONE',  ( 10.50000000000000000, 4.299999999999999822, -4.299999999999999822 ) ) ;
#799 = PLANE ( 'NONE',  #1926 ) ;
#800 = AXIS2_PLACEMENT_3D ( 'NONE', #2069, #335, #1742 ) ;
#801 = ORIENTED_EDGE ( 'NONE', *, *, #163, .T. ) ;
#802 = AXIS2_PLACEMENT_3D ( 'NONE', #1550, #480, #1319 ) ;
#803 = CARTESIAN_POINT ( 'NONE',  ( 9.500000000000001776, 9.699999999999999289, -1.000000000000000000 ) ) ;
#804 = VECTOR ( 'NONE', #845, 1000.000000000000000 ) ;
#805 = EDGE_LOOP ( 'NONE', ( #1365, #453, #1297, #632 ) ) ;
#806 = AXIS2_PLACEMENT_3D ( 'NONE', #616, #1138, #459 ) ;
#807 = DIRECTION ( 'NONE',  ( -0.000000000000000000, 0.000000000000000000, 1.000000000000000000 ) ) ;
#808 = EDGE_LOOP ( 'NONE', ( #487, #1661, #11, #1650 ) ) ;
#809 = DIRECTION ( 'NONE',  ( -0.000000000000000000, 1.000000000000000000, -0.000000000000000000 ) ) ;
#810 = DIRECTION ( 'NONE',  ( 0.000000000000000000, 0.000000000000000000, -1.000000000000000000 ) ) ;
#811 = ORIENTED_EDGE ( 'NONE', *, *, #290, .F. ) ;
#812 = CARTESIAN_POINT ( 'NONE',  ( 1.000000000000000888, 5.299999999999999822, 0.000000000000000000 ) ) ;
#813 = CARTESIAN_POINT ( 'NONE',  ( 2.249999999999997780, -2.200000000000000178, -4.150000000000000355 ) ) ;
#814 = ORIENTED_EDGE ( 'NONE', *, *, #795, .T. ) ;
#815 = DIRECTION ( 'NONE',  ( 1.000000000000000000, 0.000000000000000000, 0.000000000000000000 ) ) ;
#816 = EDGE_LOOP ( 'NONE', ( #1184, #62, #1745, #1966 ) ) ;
#817 = DIRECTION ( 'NONE',  ( 0.000000000000000000, 0.000000000000000000, -1.000000000000000000 ) ) ;
#818 = DIRECTION ( 'NONE',  ( 0.000000000000000000, 0.000000000000000000, -1.000000000000000000 ) ) ;
#819 = ORIENTED_EDGE ( 'NONE', *, *, #18, .F. ) ;
#820 = CARTESIAN_POINT ( 'NONE',  ( 2.817726815401459639, 9.699999999999999289, -3.399999999999999911 ) ) ;
#821 = CARTESIAN_POINT ( 'NONE',  ( 12.74999999999999822, 4.299999999999999822, -3.299999999999999822 ) ) ;
#822 = ORIENTED_EDGE ( 'NONE', *, *, #1761, .F. ) ;
#823 = EDGE_CURVE ( 'NONE', #1068, #370, #379, .T. ) ;
#824 = CARTESIAN_POINT ( 'NONE',  ( 8.249999999999996447, -2.200000000000000178, -1.449999999999999956 ) ) ;
#825 = ORIENTED_EDGE ( 'NONE', *, *, #2220, .F. ) ;
#826 = CARTESIAN_POINT ( 'NONE',  ( 0.000000000000000000, 9.699999999999999289, -5.299999999999999822 ) ) ;
#827 = DIRECTION ( 'NONE',  ( -1.000000000000000000, 0.000000000000000000, 0.000000000000000000 ) ) ;
#828 = VECTOR ( 'NONE', #714, 1000.000000000000000 ) ;
#829 = ORIENTED_EDGE ( 'NONE', *, *, #2122, .F. ) ;
#830 = VERTEX_POINT ( 'NONE', #203 ) ;
#831 = CARTESIAN_POINT ( 'NONE',  ( 0.000000000000000000, 6.299999999999999822, -4.299999999999999822 ) ) ;
#832 = DIRECTION ( 'NONE',  ( 0.000000000000000000, 0.000000000000000000, 1.000000000000000000 ) ) ;
#833 = AXIS2_PLACEMENT_3D ( 'NONE', #263, #2152, #1271 ) ;
#834 = CIRCLE ( 'NONE', #1771, 1.000000000000000000 ) ;
#835 = ORIENTED_EDGE ( 'NONE', *, *, #1206, .F. ) ;
#836 = AXIS2_PLACEMENT_3D ( 'NONE', #201, #1922, #1058 ) ;
#837 = CIRCLE ( 'NONE', #1018, 1.000000000000000000 ) ;
#838 = CIRCLE ( 'NONE', #1239, 0.7499999999999997780 ) ;
#839 = ORIENTED_EDGE ( 'NONE', *, *, #499, .F. ) ;
#840 = DIRECTION ( 'NONE',  ( 1.000000000000000000, 0.000000000000000000, -0.000000000000000000 ) ) ;
#841 = VECTOR ( 'NONE', #1552, 1000.000000000000000 ) ;
#842 = DIRECTION ( 'NONE',  ( -1.000000000000000000, 0.000000000000000000, 0.000000000000000000 ) ) ;
#843 = EDGE_LOOP ( 'NONE', ( #325, #2221, #1725, #1821 ) ) ;
#844 = DIRECTION ( 'NONE',  ( 0.000000000000000000, 1.000000000000000000, 0.000000000000000000 ) ) ;
#845 = DIRECTION ( 'NONE',  ( 0.000000000000000000, -1.000000000000000000, 0.000000000000000000 ) ) ;
#846 = EDGE_CURVE ( 'NONE', #947, #1842, #283, .T. ) ;
#847 = DIRECTION ( 'NONE',  ( -0.000000000000000000, 1.000000000000000000, -0.000000000000000000 ) ) ;
#848 = ORIENTED_EDGE ( 'NONE', *, *, #1609, .T. ) ;
#849 = CARTESIAN_POINT ( 'NONE',  ( 0.000000000000000000, 9.699999999999999289, -1.000000000000000000 ) ) ;
#850 = DIRECTION ( 'NONE',  ( -1.000000000000000000, -0.000000000000000000, -1.224646799147353207E-16 ) ) ;
#851 = VERTEX_POINT ( 'NONE', #1069 ) ;
#852 = ORIENTED_EDGE ( 'NONE', *, *, #2200, .F. ) ;
#853 = DIRECTION ( 'NONE',  ( 6.546126324440780651E-16, -0.000000000000000000, 1.000000000000000000 ) ) ;
#854 = CARTESIAN_POINT ( 'NONE',  ( 9.500000000000001776, 9.699999999999999289, -5.299999999999999822 ) ) ;
#855 = EDGE_LOOP ( 'NONE', ( #773, #307, #1800, #1258 ) ) ;
#856 = DIRECTION ( 'NONE',  ( -0.000000000000000000, -1.000000000000000000, -0.000000000000000000 ) ) ;
#857 = PLANE ( 'NONE',  #1860 ) ;
#858 = ORIENTED_EDGE ( 'NONE', *, *, #1948, .F. ) ;
#859 = CARTESIAN_POINT ( 'NONE',  ( -2.198810057272473806, 1.300000000000000044, -3.600000000000000533 ) ) ;
#860 = DIRECTION ( 'NONE',  ( 0.000000000000000000, 0.000000000000000000, -1.000000000000000000 ) ) ;
#861 = VECTOR ( 'NONE', #2120, 1000.000000000000000 ) ;
#862 = VERTEX_POINT ( 'NONE', #1934 ) ;
#863 = AXIS2_PLACEMENT_3D ( 'NONE', #1415, #876, #208 ) ;
#864 = DIRECTION ( 'NONE',  ( 1.000000000000000000, 0.000000000000000000, 0.000000000000000000 ) ) ;
#865 = VERTEX_POINT ( 'NONE', #1037 ) ;
#866 = EDGE_CURVE ( 'NONE', #862, #1827, #1225, .T. ) ;
#867 = AXIS2_PLACEMENT_3D ( 'NONE', #357, #2099, #871 ) ;
#868 = AXIS2_PLACEMENT_3D ( 'NONE', #1442, #1615, #1433 ) ;
#869 = VECTOR ( 'NONE', #1830, 1000.000000000000000 ) ;
#870 = CIRCLE ( 'NONE', #175, 0.3499999999999992006 ) ;
#871 = DIRECTION ( 'NONE',  ( 0.000000000000000000, 0.000000000000000000, 1.000000000000000000 ) ) ;
#872 = CARTESIAN_POINT ( 'NONE',  ( 8.249999999999996447, -2.200000000000000178, -1.449999999999999956 ) ) ;
#873 = CIRCLE ( 'NONE', #1314, 0.7500000000000002220 ) ;
#874 = ORIENTED_EDGE ( 'NONE', *, *, #319, .F. ) ;
#875 = VECTOR ( 'NONE', #1119, 1000.000000000000000 ) ;
#876 = DIRECTION ( 'NONE',  ( -0.000000000000000000, 1.000000000000000000, -0.000000000000000000 ) ) ;
#877 = PLANE ( 'NONE',  #399 ) ;
#878 = CARTESIAN_POINT ( 'NONE',  ( -2.250000000000000000, 1.300000000000000711, 0.000000000000000000 ) ) ;
#879 = DIRECTION ( 'NONE',  ( -0.000000000000000000, 1.000000000000000000, -0.000000000000000000 ) ) ;
#880 = ORIENTED_EDGE ( 'NONE', *, *, #1653, .F. ) ;
#881 = DIRECTION ( 'NONE',  ( 1.301042606982606504E-15, 0.000000000000000000, 1.000000000000000000 ) ) ;
#882 = DIRECTION ( 'NONE',  ( 0.000000000000000000, 1.000000000000000000, 0.000000000000000000 ) ) ;
#883 = ORIENTED_EDGE ( 'NONE', *, *, #1325, .F. ) ;
#884 = EDGE_CURVE ( 'NONE', #1135, #1249, #1849, .T. ) ;
#885 = CARTESIAN_POINT ( 'NONE',  ( 0.000000000000000000, 9.699999999999999289, 0.000000000000000000 ) ) ;
#886 = CARTESIAN_POINT ( 'NONE',  ( 0.9999999999999995559, 0.000000000000000000, -5.299999999999999822 ) ) ;
#887 = CYLINDRICAL_SURFACE ( 'NONE', #1048, 0.9499999999999998446 ) ;
#888 = DIRECTION ( 'NONE',  ( -0.000000000000000000, 1.000000000000000000, -0.000000000000000000 ) ) ;
#889 = ORIENTED_EDGE ( 'NONE', *, *, #1761, .T. ) ;
#890 = CARTESIAN_POINT ( 'NONE',  ( 10.50000000000000000, 5.799999999999999822, -4.299999999999999822 ) ) ;
#891 = CARTESIAN_POINT ( 'NONE',  ( 12.69881005727247114, 4.299999999999999822, -3.600000000000000089 ) ) ;
#892 = VERTEX_POINT ( 'NONE', #1425 ) ;
#893 = LINE ( 'NONE', #174, #1589 ) ;
#894 = DIRECTION ( 'NONE',  ( 0.000000000000000000, 1.000000000000000000, -0.000000000000000000 ) ) ;
#895 = CARTESIAN_POINT ( 'NONE',  ( 1.000000000000000000, 5.799999999999999822, -1.000000000000000000 ) ) ;
#896 = LINE ( 'NONE', #1942, #1956 ) ;
#897 = VECTOR ( 'NONE', #619, 1000.000000000000000 ) ;
#898 = ORIENTED_EDGE ( 'NONE', *, *, #795, .F. ) ;
#899 = AXIS2_PLACEMENT_3D ( 'NONE', #578, #1457, #1964 ) ;
#900 = EDGE_CURVE ( 'NONE', #1381, #2182, #2181, .T. ) ;
#901 = VECTOR ( 'NONE', #417, 1000.000000000000000 ) ;
#902 = DIRECTION ( 'NONE',  ( -0.000000000000000000, 1.000000000000000000, -0.000000000000000000 ) ) ;
#903 = LINE ( 'NONE', #2101, #2113 ) ;
#904 = AXIS2_PLACEMENT_3D ( 'NONE', #1199, #1718, #2254 ) ;
#905 = ORIENTED_EDGE ( 'NONE', *, *, #2050, .F. ) ;
#906 = CARTESIAN_POINT ( 'NONE',  ( 9.500000000000001776, 5.799999999999999822, -4.299999999999999822 ) ) ;
#907 = CIRCLE ( 'NONE', #737, 0.7500000000000002220 ) ;
#908 = CARTESIAN_POINT ( 'NONE',  ( 0.000000000000000000, 0.000000000000000000, 0.000000000000000000 ) ) ;
#909 = CIRCLE ( 'NONE', #102, 1.000000000000000000 ) ;
#910 = LINE ( 'NONE', #1417, #1633 ) ;
#911 = CARTESIAN_POINT ( 'NONE',  ( 2.249999999999997780, -2.200000000000000178, -1.149999999999999911 ) ) ;
#912 = DIRECTION ( 'NONE',  ( -0.000000000000000000, -1.000000000000000000, -0.000000000000000000 ) ) ;
#913 = LINE ( 'NONE', #933, #293 ) ;
#914 = EDGE_LOOP ( 'NONE', ( #839, #2135, #791, #1870 ) ) ;
#915 =( NAMED_UNIT ( * ) PLANE_ANGLE_UNIT ( ) SI_UNIT ( $, .RADIAN. ) );
#916 = CARTESIAN_POINT ( 'NONE',  ( 9.500000000000001776, 9.699999999999999289, -4.299999999999999822 ) ) ;
#917 = EDGE_CURVE ( 'NONE', #1293, #1654, #158, .T. ) ;
#918 = LINE ( 'NONE', #2269, #2136 ) ;
#919 = PLANE ( 'NONE',  #836 ) ;
#920 = CARTESIAN_POINT ( 'NONE',  ( 0.000000000000000000, 9.699999999999999289, -1.000000000000000000 ) ) ;
#921 = ORIENTED_EDGE ( 'NONE', *, *, #1681, .T. ) ;
#922 = ADVANCED_FACE ( 'NONE', ( #2114, #1050 ), #345, .F. ) ;
#923 = DIRECTION ( 'NONE',  ( 0.000000000000000000, 0.000000000000000000, -1.000000000000000000 ) ) ;
#924 = ORIENTED_EDGE ( 'NONE', *, *, #412, .F. ) ;
#925 = LINE ( 'NONE', #964, #1518 ) ;
#926 = DIRECTION ( 'NONE',  ( -0.000000000000000000, -1.000000000000000000, -0.000000000000000000 ) ) ;
#927 = ORIENTED_EDGE ( 'NONE', *, *, #572, .F. ) ;
#928 = EDGE_CURVE ( 'NONE', #1748, #1108, #356, .T. ) ;
#929 = EDGE_CURVE ( 'NONE', #181, #862, #243, .T. ) ;
#930 = EDGE_LOOP ( 'NONE', ( #232, #1100, #1093, #2166 ) ) ;
#931 = DIRECTION ( 'NONE',  ( 0.000000000000000000, 0.000000000000000000, -1.000000000000000000 ) ) ;
#932 = CIRCLE ( 'NONE', #240, 1.584154152249554581 ) ;
#933 = CARTESIAN_POINT ( 'NONE',  ( 2.817726815401459639, 17.89999999999999858, -3.399999999999999911 ) ) ;
#934 = VECTOR ( 'NONE', #138, 1000.000000000000000 ) ;
#935 = EDGE_LOOP ( 'NONE', ( #689, #186, #1101, #337 ) ) ;
#936 = DIRECTION ( 'NONE',  ( -0.000000000000000000, 1.000000000000000000, -0.000000000000000000 ) ) ;
#937 = DIRECTION ( 'NONE',  ( 0.000000000000000000, 1.000000000000000000, 0.000000000000000000 ) ) ;
#938 = CIRCLE ( 'NONE', #868, 1.199999999999999734 ) ;
#939 = EDGE_LOOP ( 'NONE', ( #966, #652, #1910, #66 ) ) ;
#940 = VECTOR ( 'NONE', #1073, 1000.000000000000000 ) ;
#941 = DIRECTION ( 'NONE',  ( 0.000000000000000000, -1.000000000000000000, 0.000000000000000000 ) ) ;
#942 = EDGE_CURVE ( 'NONE', #1139, #989, #6, .T. ) ;
#943 = DIRECTION ( 'NONE',  ( 0.000000000000000000, 0.000000000000000000, -1.000000000000000000 ) ) ;
#944 = AXIS2_PLACEMENT_3D ( 'NONE', #126, #1544, #827 ) ;
#945 = ORIENTED_EDGE ( 'NONE', *, *, #529, .T. ) ;
#946 = AXIS2_PLACEMENT_3D ( 'NONE', #627, #1320, #1825 ) ;
#947 = VERTEX_POINT ( 'NONE', #1728 ) ;
#948 = DIRECTION ( 'NONE',  ( -1.000000000000000000, 0.000000000000000000, 0.000000000000000000 ) ) ;
#949 = ORIENTED_EDGE ( 'NONE', *, *, #1201, .F. ) ;
#950 = CARTESIAN_POINT ( 'NONE',  ( -2.250000000000000000, 4.299999999999999822, -5.299999999999999822 ) ) ;
#951 = CARTESIAN_POINT ( 'NONE',  ( 10.50000000000000000, 0.000000000000000000, -4.299999999999999822 ) ) ;
#952 = ORIENTED_EDGE ( 'NONE', *, *, #52, .F. ) ;
#953 = FACE_OUTER_BOUND ( 'NONE', #75, .T. ) ;
#954 = DIRECTION ( 'NONE',  ( -0.000000000000000000, 1.000000000000000000, -0.000000000000000000 ) ) ;
#955 = VERTEX_POINT ( 'NONE', #1411 ) ;
#956 = ORIENTED_EDGE ( 'NONE', *, *, #163, .F. ) ;
#957 = CARTESIAN_POINT ( 'NONE',  ( 10.50000000000000000, 9.699999999999999289, 0.000000000000000000 ) ) ;
#958 = ORIENTED_EDGE ( 'NONE', *, *, #440, .F. ) ;
#959 = DIRECTION ( 'NONE',  ( 1.000000000000000000, 0.000000000000000000, -0.000000000000000000 ) ) ;
#960 = ORIENTED_EDGE ( 'NONE', *, *, #1610, .T. ) ;
#961 = DIRECTION ( 'NONE',  ( -0.000000000000000000, -1.000000000000000000, -0.000000000000000000 ) ) ;
#962 = ADVANCED_FACE ( 'NONE', ( #545 ), #475, .F. ) ;
#963 = ORIENTED_EDGE ( 'NONE', *, *, #1691, .F. ) ;
#964 = CARTESIAN_POINT ( 'NONE',  ( 0.000000000000000000, 9.699999999999999289, 0.000000000000000000 ) ) ;
#965 = CARTESIAN_POINT ( 'NONE',  ( 14.74999999999999822, 4.299999999999999822, -3.300000000000001155 ) ) ;
#966 = ORIENTED_EDGE ( 'NONE', *, *, #1254, .F. ) ;
#967 = ORIENTED_EDGE ( 'NONE', *, *, #1451, .T. ) ;
#968 = CARTESIAN_POINT ( 'NONE',  ( 0.000000000000000000, 9.699999999999999289, 0.000000000000000000 ) ) ;
#969 = ORIENTED_EDGE ( 'NONE', *, *, #1206, .T. ) ;
#970 = CIRCLE ( 'NONE', #655, 1.000000000000000000 ) ;
#971 = CARTESIAN_POINT ( 'NONE',  ( 12.69881005727247114, 1.300000000000000044, -1.700000000000001288 ) ) ;
#972 = LINE ( 'NONE', #70, #625 ) ;
#973 = AXIS2_PLACEMENT_3D ( 'NONE', #151, #1323, #1693 ) ;
#974 = VERTEX_POINT ( 'NONE', #1216 ) ;
#975 = DIRECTION ( 'NONE',  ( 0.000000000000000000, 0.000000000000000000, -1.000000000000000000 ) ) ;
#976 = AXIS2_PLACEMENT_3D ( 'NONE', #598, #1288, #1983 ) ;
#977 = CIRCLE ( 'NONE', #581, 1.000000000000000000 ) ;
#978 = ADVANCED_FACE ( 'NONE', ( #1551 ), #1059, .F. ) ;
#979 = DIRECTION ( 'NONE',  ( 0.000000000000000000, -0.000000000000000000, -1.000000000000000000 ) ) ;
#980 = AXIS2_PLACEMENT_3D ( 'NONE', #593, #1820, #424 ) ;
#981 = EDGE_CURVE ( 'NONE', #2157, #1358, #762, .T. ) ;
#982 = ORIENTED_EDGE ( 'NONE', *, *, #1941, .F. ) ;
#983 = CARTESIAN_POINT ( 'NONE',  ( 2.817726815401459639, 19.09999999999999787, -2.299999999999999822 ) ) ;
#984 = EDGE_LOOP ( 'NONE', ( #658, #1213 ) ) ;
#985 = CARTESIAN_POINT ( 'NONE',  ( 2.817726815401459639, 9.699999999999999289, -1.899999999999999911 ) ) ;
#986 = CARTESIAN_POINT ( 'NONE',  ( 2.817726815401459639, 17.89999999999999858, -2.649999999999999911 ) ) ;
#987 = EDGE_CURVE ( 'NONE', #1031, #394, #195, .T. ) ;
#988 = ORIENTED_EDGE ( 'NONE', *, *, #673, .F. ) ;
#989 = VERTEX_POINT ( 'NONE', #1903 ) ;
#990 = CARTESIAN_POINT ( 'NONE',  ( 12.74999999999999822, 4.299999999999999822, -2.000000000000000000 ) ) ;
#991 = CARTESIAN_POINT ( 'NONE',  ( 1.000000000000000000, 5.799999999999999822, 0.000000000000000000 ) ) ;
#992 = ORIENTED_EDGE ( 'NONE', *, *, #866, .F. ) ;
#993 = EDGE_CURVE ( 'NONE', #1375, #460, #1464, .T. ) ;
#994 = PLANE ( 'NONE',  #580 ) ;
#995 = ORIENTED_EDGE ( 'NONE', *, *, #437, .T. ) ;
#996 = CARTESIAN_POINT ( 'NONE',  ( 9.500000000000001776, 1.300000000000000711, -1.000000000000000000 ) ) ;
#997 = DIRECTION ( 'NONE',  ( 0.000000000000000000, -1.000000000000000000, 0.000000000000000000 ) ) ;
#998 = EDGE_LOOP ( 'NONE', ( #958, #144 ) ) ;
#999 = EDGE_CURVE ( 'NONE', #348, #310, #1279, .T. ) ;
#1000 = CARTESIAN_POINT ( 'NONE',  ( 0.000000000000000000, 9.699999999999999289, -4.299999999999999822 ) ) ;
#1001 = DIRECTION ( 'NONE',  ( -1.000000000000000000, 0.000000000000000000, 0.000000000000000000 ) ) ;
#1002 = ADVANCED_FACE ( 'NONE', ( #610 ), #565, .F. ) ;
#1003 = EDGE_LOOP ( 'NONE', ( #236, #1367, #618, #485, #1918 ) ) ;
#1004 = ADVANCED_FACE ( 'NONE', ( #2148 ), #1960, .F. ) ;
#1005 = VERTEX_POINT ( 'NONE', #1301 ) ;
#1006 = ADVANCED_FACE ( 'NONE', ( #2133 ), #225, .T. ) ;
#1007 = LINE ( 'NONE', #1702, #934 ) ;
#1008 = DIRECTION ( 'NONE',  ( -0.000000000000000000, 1.000000000000000000, -0.000000000000000000 ) ) ;
#1009 = CIRCLE ( 'NONE', #863, 0.7500000000000002220 ) ;
#1010 = ORIENTED_EDGE ( 'NONE', *, *, #248, .F. ) ;
#1011 = FACE_OUTER_BOUND ( 'NONE', #1818, .T. ) ;
#1012 = CARTESIAN_POINT ( 'NONE',  ( -2.198810057272473806, 4.299999999999999822, -2.650000000000000355 ) ) ;
#1013 = CIRCLE ( 'NONE', #1914, 0.4999999999999991673 ) ;
#1014 = TOROIDAL_SURFACE ( 'NONE', #1667, 1.000000000000000000, 0.5000000000000000000 ) ;
#1015 = CARTESIAN_POINT ( 'NONE',  ( 9.500000000000001776, 9.699999999999999289, -5.299999999999999822 ) ) ;
#1016 = AXIS2_PLACEMENT_3D ( 'NONE', #1645, #76, #1485 ) ;
#1017 = VECTOR ( 'NONE', #2267, 1000.000000000000000 ) ;
#1018 = AXIS2_PLACEMENT_3D ( 'NONE', #916, #1782, #2105 ) ;
#1019 = VERTEX_POINT ( 'NONE', #1997 ) ;
#1020 = LINE ( 'NONE', #849, #1302 ) ;
#1021 = CIRCLE ( 'NONE', #946, 0.9999999999999991118 ) ;
#1022 = DIRECTION ( 'NONE',  ( 0.000000000000000000, -1.000000000000000000, 0.000000000000000000 ) ) ;
#1023 = VERTEX_POINT ( 'NONE', #784 ) ;
#1024 = DIRECTION ( 'NONE',  ( -1.000000000000000000, -0.000000000000000000, -1.224646799147353207E-16 ) ) ;
#1025 = LINE ( 'NONE', #2047, #2041 ) ;
#1026 = DIRECTION ( 'NONE',  ( -1.000000000000000000, -0.000000000000000000, -0.000000000000000000 ) ) ;
#1027 = ORIENTED_EDGE ( 'NONE', *, *, #2042, .F. ) ;
#1028 = CARTESIAN_POINT ( 'NONE',  ( 0.000000000000000000, 1.300000000000000711, 0.000000000000000000 ) ) ;
#1029 = CARTESIAN_POINT ( 'NONE',  ( 1.000000000000000000, 5.799999999999999822, -4.299999999999999822 ) ) ;
#1030 = VERTEX_POINT ( 'NONE', #1776 ) ;
#1031 = VERTEX_POINT ( 'NONE', #443 ) ;
#1032 = CYLINDRICAL_SURFACE ( 'NONE', #1879, 0.4999999999999995559 ) ;
#1033 = DIRECTION ( 'NONE',  ( -0.000000000000000000, -0.000000000000000000, 1.000000000000000000 ) ) ;
#1034 = EDGE_LOOP ( 'NONE', ( #1740, #430, #273, #1569 ) ) ;
#1035 = DIRECTION ( 'NONE',  ( -1.000000000000000000, 0.000000000000000000, 0.000000000000000000 ) ) ;
#1036 = ORIENTED_EDGE ( 'NONE', *, *, #707, .T. ) ;
#1037 = CARTESIAN_POINT ( 'NONE',  ( 2.249999999999997780, 0.000000000000000000, -1.149999999999999911 ) ) ;
#1038 = CARTESIAN_POINT ( 'NONE',  ( 9.499999999999998224, 5.299999999999999822, -5.299999999999999822 ) ) ;
#1039 = ORIENTED_EDGE ( 'NONE', *, *, #1835, .F. ) ;
#1040 = LINE ( 'NONE', #1937, #2139 ) ;
#1041 = LINE ( 'NONE', #1085, #1530 ) ;
#1042 = TOROIDAL_SURFACE ( 'NONE', #19, 0.9999999999999991118, 0.5000000000000000000 ) ;
#1043 = DIRECTION ( 'NONE',  ( 0.000000000000000000, 0.000000000000000000, 1.000000000000000000 ) ) ;
#1044 = CIRCLE ( 'NONE', #1163, 0.4999999999999987232 ) ;
#1045 = CARTESIAN_POINT ( 'NONE',  ( 7.682273184598537696, 17.89999999999999858, -3.400000000000000355 ) ) ;
#1046 = CIRCLE ( 'NONE', #1954, 0.3499999999999992006 ) ;
#1047 = CIRCLE ( 'NONE', #1351, 0.5000000000000000000 ) ;
#1048 = AXIS2_PLACEMENT_3D ( 'NONE', #2129, #1581, #1043 ) ;
#1049 = AXIS2_PLACEMENT_3D ( 'NONE', #2236, #1709, #505 ) ;
#1050 = FACE_OUTER_BOUND ( 'NONE', #498, .T. ) ;
#1051 = DIRECTION ( 'NONE',  ( 0.000000000000000000, -0.000000000000000000, -1.000000000000000000 ) ) ;
#1052 = AXIS2_PLACEMENT_3D ( 'NONE', #514, #1209, #1369 ) ;
#1053 = EDGE_CURVE ( 'NONE', #460, #1162, #438, .T. ) ;
#1054 = ORIENTED_EDGE ( 'NONE', *, *, #2079, .F. ) ;
#1055 = CARTESIAN_POINT ( 'NONE',  ( 0.000000000000000000, 6.299999999999999822, -2.649999999999999911 ) ) ;
#1056 = CARTESIAN_POINT ( 'NONE',  ( 0.000000000000000000, 4.299999999999999822, -4.299999999999999822 ) ) ;
#1057 = DIRECTION ( 'NONE',  ( -0.000000000000000000, -0.000000000000000000, -1.000000000000000000 ) ) ;
#1058 = DIRECTION ( 'NONE',  ( 1.000000000000000000, 0.000000000000000000, -1.445602896647339410E-16 ) ) ;
#1059 = CYLINDRICAL_SURFACE ( 'NONE', #206, 1.199999999999999734 ) ;
#1060 = EDGE_CURVE ( 'NONE', #291, #1402, #249, .T. ) ;
#1061 = DIRECTION ( 'NONE',  ( 0.000000000000000000, 0.000000000000000000, -1.000000000000000000 ) ) ;
#1062 = EDGE_LOOP ( 'NONE', ( #1880, #1489, #403, #1699 ) ) ;
#1063 = FACE_OUTER_BOUND ( 'NONE', #843, .T. ) ;
#1064 = CARTESIAN_POINT ( 'NONE',  ( 2.249999999999997780, -2.200000000000000178, -3.849999999999999201 ) ) ;
#1065 = DIRECTION ( 'NONE',  ( 0.000000000000000000, 0.000000000000000000, -1.000000000000000000 ) ) ;
#1066 = ADVANCED_FACE ( 'NONE', ( #31 ), #1454, .F. ) ;
#1067 = FACE_OUTER_BOUND ( 'NONE', #1706, .T. ) ;
#1068 = VERTEX_POINT ( 'NONE', #1133 ) ;
#1069 = CARTESIAN_POINT ( 'NONE',  ( 4.128154633174248467, 9.699999999999999289, 0.000000000000000000 ) ) ;
#1070 = CARTESIAN_POINT ( 'NONE',  ( 10.50000000000000000, 4.299999999999999822, 0.000000000000000000 ) ) ;
#1071 = ORIENTED_EDGE ( 'NONE', *, *, #1744, .T. ) ;
#1072 = DIRECTION ( 'NONE',  ( 1.000000000000000000, 0.000000000000000000, -1.445602896647339410E-16 ) ) ;
#1073 = DIRECTION ( 'NONE',  ( 1.000000000000000000, 0.000000000000000000, 0.000000000000000000 ) ) ;
#1074 = CARTESIAN_POINT ( 'NONE',  ( -2.250000000000000000, 4.299999999999999822, 2.449293598294706907E-16 ) ) ;
#1075 = DIRECTION ( 'NONE',  ( 0.000000000000000000, -1.000000000000000000, 0.000000000000000000 ) ) ;
#1076 = AXIS2_PLACEMENT_3D ( 'NONE', #2195, #584, #83 ) ;
#1077 = AXIS2_PLACEMENT_3D ( 'NONE', #513, #182, #1576 ) ;
#1078 = AXIS2_PLACEMENT_3D ( 'NONE', #1386, #456, #1035 ) ;
#1079 = CARTESIAN_POINT ( 'NONE',  ( 1.000000000000000000, 9.699999999999999289, 0.000000000000000000 ) ) ;
#1080 = DIRECTION ( 'NONE',  ( 0.000000000000000000, 0.000000000000000000, -1.000000000000000000 ) ) ;
#1081 = ADVANCED_FACE ( 'NONE', ( #218 ), #260, .T. ) ;
#1082 = AXIS2_PLACEMENT_3D ( 'NONE', #643, #770, #979 ) ;
#1083 = VERTEX_POINT ( 'NONE', #587 ) ;
#1084 = AXIS2_PLACEMENT_3D ( 'NONE', #1459, #1292, #923 ) ;
#1085 = CARTESIAN_POINT ( 'NONE',  ( 10.50000000000000000, 9.699999999999999289, -4.299999999999999822 ) ) ;
#1086 = EDGE_LOOP ( 'NONE', ( #542, #20 ) ) ;
#1087 = DIRECTION ( 'NONE',  ( 0.000000000000000000, -1.000000000000000000, 0.000000000000000000 ) ) ;
#1088 = DIRECTION ( 'NONE',  ( 1.084202172485504434E-16, 0.000000000000000000, -1.000000000000000000 ) ) ;
#1089 = EDGE_CURVE ( 'NONE', #1005, #259, #1971, .T. ) ;
#1090 = EDGE_CURVE ( 'NONE', #1249, #955, #1850, .T. ) ;
#1091 = DIRECTION ( 'NONE',  ( 0.000000000000000000, 0.000000000000000000, -1.000000000000000000 ) ) ;
#1092 = CARTESIAN_POINT ( 'NONE',  ( 12.74999999999999822, 9.699999999999999289, -3.299999999999999822 ) ) ;
#1093 = ORIENTED_EDGE ( 'NONE', *, *, #1826, .T. ) ;
#1094 = CYLINDRICAL_SURFACE ( 'NONE', #544, 2.000000000000000000 ) ;
#1095 = DIRECTION ( 'NONE',  ( 0.000000000000000000, -1.000000000000000000, 0.000000000000000000 ) ) ;
#1096 = EDGE_CURVE ( 'NONE', #1393, #2247, #65, .T. ) ;
#1097 = EDGE_LOOP ( 'NONE', ( #1503, #1538, #103, #685 ) ) ;
#1098 = CARTESIAN_POINT ( 'NONE',  ( 0.000000000000000000, 9.699999999999999289, -5.299999999999999822 ) ) ;
#1099 = CARTESIAN_POINT ( 'NONE',  ( 6.371845366825748869, 9.699999999999999289, 0.000000000000000000 ) ) ;
#1100 = ORIENTED_EDGE ( 'NONE', *, *, #122, .T. ) ;
#1101 = ORIENTED_EDGE ( 'NONE', *, *, #1823, .T. ) ;
#1102 = LINE ( 'NONE', #1795, #1169 ) ;
#1103 = FACE_OUTER_BOUND ( 'NONE', #805, .T. ) ;
#1104 = EDGE_CURVE ( 'NONE', #777, #229, #1102, .T. ) ;
#1105 = ORIENTED_EDGE ( 'NONE', *, *, #149, .T. ) ;
#1106 = DIRECTION ( 'NONE',  ( 0.000000000000000000, 0.000000000000000000, 1.000000000000000000 ) ) ;
#1107 = CARTESIAN_POINT ( 'NONE',  ( -4.250000000000000000, 4.299999999999999822, -2.000000000000000444 ) ) ;
#1108 = VERTEX_POINT ( 'NONE', #1634 ) ;
#1109 = DIRECTION ( 'NONE',  ( 0.000000000000000000, 0.000000000000000000, -1.000000000000000000 ) ) ;
#1110 = LINE ( 'NONE', #109, #2266 ) ;
#1111 = ADVANCED_FACE ( 'NONE', ( #775 ), #2158, .F. ) ;
#1112 = EDGE_CURVE ( 'NONE', #1083, #532, #210, .T. ) ;
#1113 = VERTEX_POINT ( 'NONE', #1159 ) ;
#1114 = VERTEX_POINT ( 'NONE', #824 ) ;
#1115 = EDGE_CURVE ( 'NONE', #1398, #679, #1266, .T. ) ;
#1116 = VECTOR ( 'NONE', #2066, 1000.000000000000000 ) ;
#1117 = CARTESIAN_POINT ( 'NONE',  ( 0.000000000000000000, 9.699999999999999289, 0.000000000000000000 ) ) ;
#1118 = VECTOR ( 'NONE', #1717, 1000.000000000000000 ) ;
#1119 = DIRECTION ( 'NONE',  ( 0.000000000000000000, -1.000000000000000000, 0.000000000000000000 ) ) ;
#1120 = ADVANCED_FACE ( 'NONE', ( #2270 ), #994, .T. ) ;
#1121 = CIRCLE ( 'NONE', #2226, 0.5000000000000000000 ) ;
#1122 = ORIENTED_EDGE ( 'NONE', *, *, #1533, .F. ) ;
#1123 = CARTESIAN_POINT ( 'NONE',  ( 0.000000000000000000, 5.299999999999999822, -2.649999999999999911 ) ) ;
#1124 = CARTESIAN_POINT ( 'NONE',  ( 2.249999999999997780, 0.000000000000000000, -3.849999999999999201 ) ) ;
#1125 = EDGE_LOOP ( 'NONE', ( #995, #1981, #666, #419 ) ) ;
#1126 = AXIS2_PLACEMENT_3D ( 'NONE', #244, #73, #1295 ) ;
#1127 = EDGE_CURVE ( 'NONE', #955, #532, #637, .T. ) ;
#1128 = CARTESIAN_POINT ( 'NONE',  ( 7.682273184598537696, 17.89999999999999858, -2.649999999999999911 ) ) ;
#1129 = CARTESIAN_POINT ( 'NONE',  ( 10.00000000000000000, 5.799999999999999822, -1.000000000000000000 ) ) ;
#1130 = CIRCLE ( 'NONE', #1427, 1.000000000000000000 ) ;
#1131 = ORIENTED_EDGE ( 'NONE', *, *, #464, .F. ) ;
#1132 = EDGE_CURVE ( 'NONE', #698, #1654, #2077, .T. ) ;
#1133 = CARTESIAN_POINT ( 'NONE',  ( 10.50000000000000000, 5.299999999999999822, -1.000000000000000000 ) ) ;
#1134 = VERTEX_POINT ( 'NONE', #1508 ) ;
#1135 = VERTEX_POINT ( 'NONE', #302 ) ;
#1136 = EDGE_CURVE ( 'NONE', #830, #2015, #1595, .T. ) ;
#1137 =( LENGTH_UNIT ( ) NAMED_UNIT ( * ) SI_UNIT ( .MILLI., .METRE. ) );
#1138 = DIRECTION ( 'NONE',  ( 0.000000000000000000, -1.000000000000000000, 0.000000000000000000 ) ) ;
#1139 = VERTEX_POINT ( 'NONE', #983 ) ;
#1140 = ADVANCED_FACE ( 'NONE', ( #2256, #705 ), #1214, .T. ) ;
#1141 = DIRECTION ( 'NONE',  ( 0.000000000000000000, 0.000000000000000000, -1.000000000000000000 ) ) ;
#1142 = ORIENTED_EDGE ( 'NONE', *, *, #1346, .T. ) ;
#1143 = FACE_OUTER_BOUND ( 'NONE', #783, .T. ) ;
#1144 = EDGE_LOOP ( 'NONE', ( #124, #367, #1998, #2210 ) ) ;
#1145 = ORIENTED_EDGE ( 'NONE', *, *, #1156, .T. ) ;
#1146 = DIRECTION ( 'NONE',  ( 1.000000000000000000, -0.000000000000000000, 0.000000000000000000 ) ) ;
#1147 = ADVANCED_FACE ( 'NONE', ( #1397 ), #646, .T. ) ;
#1148 = ORIENTED_EDGE ( 'NONE', *, *, #1751, .F. ) ;
#1149 = CARTESIAN_POINT ( 'NONE',  ( -2.198810057272473806, 1.300000000000000044, -2.650000000000000355 ) ) ;
#1150 = LINE ( 'NONE', #1491, #2188 ) ;
#1151 = EDGE_CURVE ( 'NONE', #310, #173, #1726, .T. ) ;
#1152 = EDGE_LOOP ( 'NONE', ( #1240, #2116, #674, #132, #898, #1197, #1466, #481 ) ) ;
#1153 = CARTESIAN_POINT ( 'NONE',  ( -2.250000000000000000, 1.300000000000000044, -3.299999999999999822 ) ) ;
#1154 = EDGE_LOOP ( 'NONE', ( #1105, #68, #116, #2119, #945, #1683 ) ) ;
#1155 = DIRECTION ( 'NONE',  ( 1.000000000000000000, 0.000000000000000000, -4.336808689942021680E-16 ) ) ;
#1156 = EDGE_CURVE ( 'NONE', #2015, #2049, #1488, .T. ) ;
#1157 = ORIENTED_EDGE ( 'NONE', *, *, #2012, .F. ) ;
#1158 = EDGE_CURVE ( 'NONE', #1290, #1790, #1655, .T. ) ;
#1159 = CARTESIAN_POINT ( 'NONE',  ( 0.000000000000000000, 0.000000000000000000, -4.299999999999999822 ) ) ;
#1160 = AXIS2_PLACEMENT_3D ( 'NONE', #376, #1783, #1065 ) ;
#1161 = ADVANCED_FACE ( 'NONE', ( #343 ), #2034, .F. ) ;
#1162 = VERTEX_POINT ( 'NONE', #793 ) ;
#1163 = AXIS2_PLACEMENT_3D ( 'NONE', #906, #34, #1587 ) ;
#1164 = DIRECTION ( 'NONE',  ( -0.000000000000000000, -1.000000000000000000, -0.000000000000000000 ) ) ;
#1165 = DIRECTION ( 'NONE',  ( 0.000000000000000000, -1.000000000000000000, 0.000000000000000000 ) ) ;
#1166 = ORIENTED_EDGE ( 'NONE', *, *, #1822, .T. ) ;
#1167 = CARTESIAN_POINT ( 'NONE',  ( 2.249999999999997780, 0.000000000000000000, -4.150000000000000355 ) ) ;
#1168 = ADVANCED_FACE ( 'NONE', ( #123 ), #1175, .F. ) ;
#1169 = VECTOR ( 'NONE', #233, 1000.000000000000000 ) ;
#1170 = DIRECTION ( 'NONE',  ( 0.000000000000000000, 0.000000000000000000, -1.000000000000000000 ) ) ;
#1171 = CIRCLE ( 'NONE', #287, 1.000000000000000000 ) ;
#1172 = ORIENTED_EDGE ( 'NONE', *, *, #1300, .T. ) ;
#1173 = AXIS2_PLACEMENT_3D ( 'NONE', #1649, #449, #1828 ) ;
#1174 = AXIS2_PLACEMENT_3D ( 'NONE', #1972, #2160, #599 ) ;
#1175 = CYLINDRICAL_SURFACE ( 'NONE', #1078, 0.5000000000000000000 ) ;
#1176 = ADVANCED_FACE ( 'NONE', ( #1561 ), #1862, .F. ) ;
#1177 = EDGE_LOOP ( 'NONE', ( #268, #525, #548, #562 ) ) ;
#1178 = DIRECTION ( 'NONE',  ( 0.000000000000000000, 1.000000000000000000, -0.000000000000000000 ) ) ;
#1179 = DIRECTION ( 'NONE',  ( 0.000000000000000000, 0.000000000000000000, -1.000000000000000000 ) ) ;
#1180 = EDGE_LOOP ( 'NONE', ( #880, #2078, #373, #1664, #1844, #93, #1923, #1500 ) ) ;
#1181 = DIRECTION ( 'NONE',  ( 0.000000000000000000, 0.000000000000000000, 1.000000000000000000 ) ) ;
#1182 = CARTESIAN_POINT ( 'NONE',  ( 7.682273184598537696, 17.89999999999999858, -3.400000000000000355 ) ) ;
#1183 = EDGE_CURVE ( 'NONE', #763, #1139, #1669, .T. ) ;
#1184 = ORIENTED_EDGE ( 'NONE', *, *, #1988, .F. ) ;
#1185 = ORIENTED_EDGE ( 'NONE', *, *, #1399, .F. ) ;
#1186 = DIRECTION ( 'NONE',  ( -0.000000000000000000, -1.000000000000000000, -0.000000000000000000 ) ) ;
#1187 = DIRECTION ( 'NONE',  ( 1.000000000000000000, 0.000000000000000000, 0.000000000000000000 ) ) ;
#1188 = EDGE_LOOP ( 'NONE', ( #153, #1947, #2243, #670 ) ) ;
#1189 = DIRECTION ( 'NONE',  ( 0.000000000000000000, 0.000000000000000000, 1.000000000000000000 ) ) ;
#1190 = CARTESIAN_POINT ( 'NONE',  ( -4.249999999999999112, 1.300000000000000044, -3.300000000000000266 ) ) ;
#1191 = EDGE_CURVE ( 'NONE', #434, #892, #98, .T. ) ;
#1192 = ORIENTED_EDGE ( 'NONE', *, *, #135, .T. ) ;
#1193 = ORIENTED_EDGE ( 'NONE', *, *, #131, .F. ) ;
#1194 = DIRECTION ( 'NONE',  ( -0.000000000000000000, -1.000000000000000000, -0.000000000000000000 ) ) ;
#1195 = FACE_BOUND ( 'NONE', #998, .T. ) ;
#1196 = AXIS2_PLACEMENT_3D ( 'NONE', #1781, #395, #1306 ) ;
#1197 = ORIENTED_EDGE ( 'NONE', *, *, #1574, .T. ) ;
#1198 = CARTESIAN_POINT ( 'NONE',  ( -4.250000000000000000, 4.299999999999999822, 0.000000000000000000 ) ) ;
#1199 = CARTESIAN_POINT ( 'NONE',  ( 9.500000000000001776, 4.299999999999999822, -1.000000000000000000 ) ) ;
#1200 = VECTOR ( 'NONE', #1378, 1000.000000000000000 ) ;
#1201 = EDGE_CURVE ( 'NONE', #1134, #1264, #1582, .T. ) ;
#1202 = CYLINDRICAL_SURFACE ( 'NONE', #1627, 0.5000000000000000000 ) ;
#1203 = EDGE_CURVE ( 'NONE', #2239, #767, #938, .T. ) ;
#1204 = CIRCLE ( 'NONE', #1173, 1.000000000000000000 ) ;
#1205 = AXIS2_PLACEMENT_3D ( 'NONE', #1639, #961, #1477 ) ;
#1206 = EDGE_CURVE ( 'NONE', #1114, #1769, #896, .T. ) ;
#1207 = DIRECTION ( 'NONE',  ( -1.000000000000000000, 0.000000000000000000, 1.084202172485504434E-15 ) ) ;
#1208 = CIRCLE ( 'NONE', #1316, 0.7499999999999997780 ) ;
#1209 = DIRECTION ( 'NONE',  ( 0.000000000000000000, 1.000000000000000000, 0.000000000000000000 ) ) ;
#1210 = ORIENTED_EDGE ( 'NONE', *, *, #1902, .T. ) ;
#1211 = LINE ( 'NONE', #1547, #96 ) ;
#1212 = CYLINDRICAL_SURFACE ( 'NONE', #2185, 1.000000000000000000 ) ;
#1213 = ORIENTED_EDGE ( 'NONE', *, *, #703, .T. ) ;
#1214 = PLANE ( 'NONE',  #1773 ) ;
#1215 = ORIENTED_EDGE ( 'NONE', *, *, #1484, .T. ) ;
#1216 = CARTESIAN_POINT ( 'NONE',  ( 12.69881005727247114, 4.299999999999999822, -1.700000000000001288 ) ) ;
#1217 = FACE_OUTER_BOUND ( 'NONE', #1152, .T. ) ;
#1218 = ADVANCED_FACE ( 'NONE', ( #1067 ), #585, .F. ) ;
#1219 = VERTEX_POINT ( 'NONE', #401 ) ;
#1220 = DIRECTION ( 'NONE',  ( 1.000000000000000000, -0.000000000000000000, -0.000000000000000000 ) ) ;
#1221 = FACE_OUTER_BOUND ( 'NONE', #1180, .T. ) ;
#1222 = CYLINDRICAL_SURFACE ( 'NONE', #730, 1.000000000000000000 ) ;
#1223 = DIRECTION ( 'NONE',  ( 0.000000000000000000, 0.000000000000000000, 1.000000000000000000 ) ) ;
#1224 = ORIENTED_EDGE ( 'NONE', *, *, #1646, .F. ) ;
#1225 = LINE ( 'NONE', #2090, #509 ) ;
#1226 = PLANE ( 'NONE',  #105 ) ;
#1227 = EDGE_LOOP ( 'NONE', ( #2018, #1872, #120, #1210, #1481, #265 ) ) ;
#1228 = LINE ( 'NONE', #2276, #321 ) ;
#1229 = DIRECTION ( 'NONE',  ( -0.000000000000000000, -1.000000000000000000, -0.000000000000000000 ) ) ;
#1230 = CARTESIAN_POINT ( 'NONE',  ( 1.000000000000000000, 0.000000000000000000, -1.000000000000000000 ) ) ;
#1231 = VECTOR ( 'NONE', #308, 1000.000000000000000 ) ;
#1232 = DIRECTION ( 'NONE',  ( -1.000000000000000000, 0.000000000000000000, 0.000000000000000000 ) ) ;
#1233 = AXIS2_PLACEMENT_3D ( 'NONE', #996, #809, #458 ) ;
#1234 = ORIENTED_EDGE ( 'NONE', *, *, #1533, .T. ) ;
#1235 = VECTOR ( 'NONE', #1499, 1000.000000000000000 ) ;
#1236 = CIRCLE ( 'NONE', #980, 0.3500000000000000333 ) ;
#1237 = DIRECTION ( 'NONE',  ( 0.000000000000000000, 0.000000000000000000, -1.000000000000000000 ) ) ;
#1238 = CARTESIAN_POINT ( 'NONE',  ( 2.817726815401459639, 9.699999999999999289, -2.649999999999999911 ) ) ;
#1239 = AXIS2_PLACEMENT_3D ( 'NONE', #986, #115, #1511 ) ;
#1240 = ORIENTED_EDGE ( 'NONE', *, *, #751, .T. ) ;
#1241 = AXIS2_PLACEMENT_3D ( 'NONE', #1280, #405, #2134 ) ;
#1242 = CARTESIAN_POINT ( 'NONE',  ( 5.249999999999998224, 10.81848439909598092, -5.299999999999999822 ) ) ;
#1243 = DIRECTION ( 'NONE',  ( 0.000000000000000000, 0.000000000000000000, -1.000000000000000000 ) ) ;
#1244 = FACE_OUTER_BOUND ( 'NONE', #160, .T. ) ;
#1245 = CARTESIAN_POINT ( 'NONE',  ( 0.000000000000000000, 4.299999999999999822, -1.000000000000000000 ) ) ;
#1246 = VERTEX_POINT ( 'NONE', #1739 ) ;
#1247 = DIRECTION ( 'NONE',  ( -0.000000000000000000, -1.000000000000000000, -0.000000000000000000 ) ) ;
#1248 = DIRECTION ( 'NONE',  ( 0.000000000000000000, 0.000000000000000000, 1.000000000000000000 ) ) ;
#1249 = VERTEX_POINT ( 'NONE', #13 ) ;
#1250 = DIRECTION ( 'NONE',  ( 0.000000000000000000, 0.000000000000000000, -1.000000000000000000 ) ) ;
#1251 = DIRECTION ( 'NONE',  ( 1.000000000000000000, 0.000000000000000000, 0.000000000000000000 ) ) ;
#1252 = CARTESIAN_POINT ( 'NONE',  ( 1.000000000000000000, 9.699999999999999289, 0.000000000000000000 ) ) ;
#1253 = LINE ( 'NONE', #750, #2107 ) ;
#1254 = EDGE_CURVE ( 'NONE', #1312, #1246, #477, .T. ) ;
#1255 = EDGE_LOOP ( 'NONE', ( #713, #1305 ) ) ;
#1256 = CARTESIAN_POINT ( 'NONE',  ( 5.249999999999998224, 10.81848439909598092, 4.480664574001944622 ) ) ;
#1257 = CARTESIAN_POINT ( 'NONE',  ( 2.249999999999997780, 0.000000000000000000, -1.449999999999999956 ) ) ;
#1258 = ORIENTED_EDGE ( 'NONE', *, *, #1339, .T. ) ;
#1259 = LINE ( 'NONE', #1907, #940 ) ;
#1260 = CARTESIAN_POINT ( 'NONE',  ( 2.249999999999997780, -2.200000000000000178, -2.649999999999999911 ) ) ;
#1261 = DIRECTION ( 'NONE',  ( -1.000000000000000000, -0.000000000000000000, -1.084202172485504557E-16 ) ) ;
#1262 = ADVANCED_FACE ( 'NONE', ( #741 ), #1608, .F. ) ;
#1263 = EDGE_CURVE ( 'NONE', #1842, #1647, #46, .T. ) ;
#1264 = VERTEX_POINT ( 'NONE', #1784 ) ;
#1265 = VECTOR ( 'NONE', #1194, 1000.000000000000000 ) ;
#1266 = CIRCLE ( 'NONE', #1308, 0.5000000000000004441 ) ;
#1267 = CARTESIAN_POINT ( 'NONE',  ( 10.50000000000000000, 9.699999999999999289, -1.000000000000000000 ) ) ;
#1268 = AXIS2_PLACEMENT_3D ( 'NONE', #2009, #1337, #943 ) ;
#1269 = EDGE_CURVE ( 'NONE', #2146, #955, #1047, .T. ) ;
#1270 = EDGE_LOOP ( 'NONE', ( #1472, #1829, #2058, #1131 ) ) ;
#1271 = DIRECTION ( 'NONE',  ( 0.000000000000000000, 0.000000000000000000, -1.000000000000000000 ) ) ;
#1272 = VECTOR ( 'NONE', #276, 1000.000000000000000 ) ;
#1273 = DIRECTION ( 'NONE',  ( 6.546126324440780651E-16, -0.000000000000000000, 1.000000000000000000 ) ) ;
#1274 = AXIS2_PLACEMENT_3D ( 'NONE', #1487, #761, #612 ) ;
#1275 = DIRECTION ( 'NONE',  ( -1.000000000000000000, -0.000000000000000000, -0.000000000000000000 ) ) ;
#1276 = CARTESIAN_POINT ( 'NONE',  ( -2.250000000000000000, 4.299999999999999822, -5.300000000000000711 ) ) ;
#1277 = EDGE_LOOP ( 'NONE', ( #1578, #1630, #608, #1036, #439, #2159, #591, #700 ) ) ;
#1278 = ADVANCED_BREP_SHAPE_REPRESENTATION ( 'usb-c', ( #594, #1174 ), #1429 ) ;
#1279 = LINE ( 'NONE', #1079, #2144 ) ;
#1280 = CARTESIAN_POINT ( 'NONE',  ( 2.817726815401459639, 19.09999999999999787, -2.649999999999999911 ) ) ;
#1281 = ORIENTED_EDGE ( 'NONE', *, *, #193, .F. ) ;
#1282 =( NAMED_UNIT ( * ) SI_UNIT ( $, .STERADIAN. ) SOLID_ANGLE_UNIT ( ) );
#1283 = FACE_BOUND ( 'NONE', #1086, .T. ) ;
#1284 = EDGE_LOOP ( 'NONE', ( #1349, #1385 ) ) ;
#1285 = LINE ( 'NONE', #1098, #172 ) ;
#1286 = FACE_OUTER_BOUND ( 'NONE', #1034, .T. ) ;
#1287 = EDGE_LOOP ( 'NONE', ( #2229, #1423, #197, #2217, #246, #921 ) ) ;
#1288 = DIRECTION ( 'NONE',  ( -0.000000000000000000, 1.000000000000000000, -0.000000000000000000 ) ) ;
#1289 = PLANE ( 'NONE',  #216 ) ;
#1290 = VERTEX_POINT ( 'NONE', #1245 ) ;
#1291 = DIRECTION ( 'NONE',  ( -0.000000000000000000, -0.000000000000000000, 1.000000000000000000 ) ) ;
#1292 = DIRECTION ( 'NONE',  ( -0.000000000000000000, 1.000000000000000000, -0.000000000000000000 ) ) ;
#1293 = VERTEX_POINT ( 'NONE', #727 ) ;
#1294 = DIRECTION ( 'NONE',  ( -0.000000000000000000, 1.000000000000000000, -0.000000000000000000 ) ) ;
#1295 = DIRECTION ( 'NONE',  ( 0.000000000000000000, 0.000000000000000000, -1.000000000000000000 ) ) ;
#1296 = EDGE_CURVE ( 'NONE', #2157, #722, #1632, .T. ) ;
#1297 = ORIENTED_EDGE ( 'NONE', *, *, #1744, .F. ) ;
#1298 = VERTEX_POINT ( 'NONE', #1045 ) ;
#1299 = AXIS2_PLACEMENT_3D ( 'NONE', #990, #844, #2064 ) ;
#1300 = EDGE_CURVE ( 'NONE', #1162, #679, #2130, .T. ) ;
#1301 = CARTESIAN_POINT ( 'NONE',  ( 7.682273184598537696, 19.09999999999999787, -2.300000000000000711 ) ) ;
#1302 = VECTOR ( 'NONE', #1713, 1000.000000000000000 ) ;
#1303 =( LENGTH_UNIT ( ) NAMED_UNIT ( * ) SI_UNIT ( .MILLI., .METRE. ) );
#1304 = AXIS2_PLACEMENT_3D ( 'NONE', #2039, #2240, #664 ) ;
#1305 = ORIENTED_EDGE ( 'NONE', *, *, #1399, .T. ) ;
#1306 = DIRECTION ( 'NONE',  ( 0.000000000000000000, 0.000000000000000000, 1.000000000000000000 ) ) ;
#1307 = DIRECTION ( 'NONE',  ( 0.000000000000000000, 0.000000000000000000, 1.000000000000000000 ) ) ;
#1308 = AXIS2_PLACEMENT_3D ( 'NONE', #352, #467, #1848 ) ;
#1309 = EDGE_LOOP ( 'NONE', ( #611, #2028, #1326, #1521 ) ) ;
#1310 = CIRCLE ( 'NONE', #1455, 0.9499999999999998446 ) ;
#1311 = CARTESIAN_POINT ( 'NONE',  ( 10.50000000000000000, 1.300000000000000711, -1.000000000000000000 ) ) ;
#1312 = VERTEX_POINT ( 'NONE', #1276 ) ;
#1313 = LINE ( 'NONE', #1480, #1424 ) ;
#1314 = AXIS2_PLACEMENT_3D ( 'NONE', #724, #365, #1243 ) ;
#1315 = ORIENTED_EDGE ( 'NONE', *, *, #117, .T. ) ;
#1316 = AXIS2_PLACEMENT_3D ( 'NONE', #1238, #734, #380 ) ;
#1317 = ADVANCED_FACE ( 'NONE', ( #369 ), #2, .T. ) ;
#1318 = ORIENTED_EDGE ( 'NONE', *, *, #2223, .F. ) ;
#1319 = DIRECTION ( 'NONE',  ( 0.000000000000000000, 0.000000000000000000, 1.000000000000000000 ) ) ;
#1320 = DIRECTION ( 'NONE',  ( -0.000000000000000000, -1.000000000000000000, -0.000000000000000000 ) ) ;
#1321 = ADVANCED_FACE ( 'NONE', ( #224 ), #919, .F. ) ;
#1322 = ORIENTED_EDGE ( 'NONE', *, *, #1855, .F. ) ;
#1323 = DIRECTION ( 'NONE',  ( 0.000000000000000000, -1.000000000000000000, 0.000000000000000000 ) ) ;
#1324 = DIRECTION ( 'NONE',  ( 0.000000000000000000, 0.000000000000000000, -1.000000000000000000 ) ) ;
#1325 = EDGE_CURVE ( 'NONE', #830, #348, #2121, .T. ) ;
#1326 = ORIENTED_EDGE ( 'NONE', *, *, #1948, .T. ) ;
#1327 = CARTESIAN_POINT ( 'NONE',  ( 2.817726815401459639, 19.09999999999999787, -2.649999999999999911 ) ) ;
#1328 = DIRECTION ( 'NONE',  ( -1.000000000000000000, -0.000000000000000000, -0.000000000000000000 ) ) ;
#1329 = ORIENTED_EDGE ( 'NONE', *, *, #644, .F. ) ;
#1330 = EDGE_CURVE ( 'NONE', #1162, #1647, #1253, .T. ) ;
#1331 = CARTESIAN_POINT ( 'NONE',  ( 9.500000000000001776, 9.699999999999999289, 0.000000000000000000 ) ) ;
#1332 = ORIENTED_EDGE ( 'NONE', *, *, #1296, .T. ) ;
#1333 = PLANE ( 'NONE',  #1808 ) ;
#1334 = CYLINDRICAL_SURFACE ( 'NONE', #64, 1.000000000000000000 ) ;
#1335 = ORIENTED_EDGE ( 'NONE', *, *, #529, .F. ) ;
#1336 = CYLINDRICAL_SURFACE ( 'NONE', #355, 1.199999999999999734 ) ;
#1337 = DIRECTION ( 'NONE',  ( -0.000000000000000000, -1.000000000000000000, -0.000000000000000000 ) ) ;
#1338 = ORIENTED_EDGE ( 'NONE', *, *, #2143, .T. ) ;
#1339 = EDGE_CURVE ( 'NONE', #1994, #1517, #1772, .T. ) ;
#1340 = DIRECTION ( 'NONE',  ( 0.000000000000000000, 0.000000000000000000, -1.000000000000000000 ) ) ;
#1341 = CIRCLE ( 'NONE', #2037, 1.199999999999999734 ) ;
#1342 = ORIENTED_EDGE ( 'NONE', *, *, #194, .F. ) ;
#1343 = AXIS2_PLACEMENT_3D ( 'NONE', #1733, #1570, #1579 ) ;
#1344 = FACE_OUTER_BOUND ( 'NONE', #1623, .T. ) ;
#1345 = DIRECTION ( 'NONE',  ( 0.000000000000000000, 0.000000000000000000, -1.000000000000000000 ) ) ;
#1346 = EDGE_CURVE ( 'NONE', #348, #295, #2111, .T. ) ;
#1347 = VECTOR ( 'NONE', #169, 1000.000000000000000 ) ;
#1348 = ORIENTED_EDGE ( 'NONE', *, *, #1826, .F. ) ;
#1349 = ORIENTED_EDGE ( 'NONE', *, *, #274, .F. ) ;
#1350 = DIRECTION ( 'NONE',  ( -1.000000000000000000, 0.000000000000000000, -1.636531581110195163E-16 ) ) ;
#1351 = AXIS2_PLACEMENT_3D ( 'NONE', #214, #554, #715 ) ;
#1352 = DIRECTION ( 'NONE',  ( 0.000000000000000000, 0.000000000000000000, -1.000000000000000000 ) ) ;
#1353 = ADVANCED_FACE ( 'NONE', ( #2208 ), #140, .F. ) ;
#1354 = VECTOR ( 'NONE', #2065, 1000.000000000000000 ) ;
#1355 = LINE ( 'NONE', #2048, #50 ) ;
#1356 = AXIS2_PLACEMENT_3D ( 'NONE', #1757, #1229, #1395 ) ;
#1357 = ADVANCED_FACE ( 'NONE', ( #1286 ), #2168, .T. ) ;
#1358 = VERTEX_POINT ( 'NONE', #280 ) ;
#1359 = CARTESIAN_POINT ( 'NONE',  ( 2.817726815401459639, 17.89999999999999858, -3.000000000000000000 ) ) ;
#1360 = DIRECTION ( 'NONE',  ( 0.000000000000000000, -0.000000000000000000, -1.000000000000000000 ) ) ;
#1361 = VERTEX_POINT ( 'NONE', #1462 ) ;
#1362 = CARTESIAN_POINT ( 'NONE',  ( 9.500000000000001776, 0.000000000000000000, -4.299999999999999822 ) ) ;
#1363 = DIRECTION ( 'NONE',  ( 0.000000000000000000, -1.000000000000000000, 0.000000000000000000 ) ) ;
#1364 = EDGE_CURVE ( 'NONE', #1108, #1814, #1110, .T. ) ;
#1365 = ORIENTED_EDGE ( 'NONE', *, *, #1809, .F. ) ;
#1366 = EDGE_CURVE ( 'NONE', #1068, #830, #583, .T. ) ;
#1367 = ORIENTED_EDGE ( 'NONE', *, *, #1414, .F. ) ;
#1368 = CARTESIAN_POINT ( 'NONE',  ( 2.817726815401459639, 19.09999999999999787, -3.000000000000000000 ) ) ;
#1369 = DIRECTION ( 'NONE',  ( 0.000000000000000000, -0.000000000000000000, 1.000000000000000000 ) ) ;
#1370 = ADVANCED_FACE ( 'NONE', ( #606, #1831 ), #1678, .F. ) ;
#1371 = VERTEX_POINT ( 'NONE', #411 ) ;
#1372 = VERTEX_POINT ( 'NONE', #813 ) ;
#1373 = DIRECTION ( 'NONE',  ( -1.000000000000000000, 0.000000000000000000, 0.000000000000000000 ) ) ;
#1374 = DIRECTION ( 'NONE',  ( 0.000000000000000000, 0.000000000000000000, 1.000000000000000000 ) ) ;
#1375 = VERTEX_POINT ( 'NONE', #1099 ) ;
#1376 = EDGE_CURVE ( 'NONE', #450, #1712, #2021, .T. ) ;
#1377 = ADVANCED_FACE ( 'NONE', ( #1792 ), #1505, .F. ) ;
#1378 = DIRECTION ( 'NONE',  ( -1.000000000000000000, -0.000000000000000000, -1.224646799147353207E-16 ) ) ;
#1379 = DIRECTION ( 'NONE',  ( -0.000000000000000000, 1.000000000000000000, -0.000000000000000000 ) ) ;
#1380 = VECTOR ( 'NONE', #1382, 1000.000000000000000 ) ;
#1381 = VERTEX_POINT ( 'NONE', #2156 ) ;
#1382 = DIRECTION ( 'NONE',  ( -0.000000000000000000, 1.000000000000000000, -0.000000000000000000 ) ) ;
#1383 = CARTESIAN_POINT ( 'NONE',  ( 1.000000000000000000, 9.699999999999999289, -1.000000000000000000 ) ) ;
#1384 = AXIS2_PLACEMENT_3D ( 'NONE', #626, #528, #1223 ) ;
#1385 = ORIENTED_EDGE ( 'NONE', *, *, #690, .F. ) ;
#1386 = CARTESIAN_POINT ( 'NONE',  ( 0.000000000000000000, 5.799999999999999822, -1.000000000000000000 ) ) ;
#1387 = VECTOR ( 'NONE', #1033, 1000.000000000000000 ) ;
#1388 = EDGE_CURVE ( 'NONE', #742, #989, #1236, .T. ) ;
#1389 = AXIS2_PLACEMENT_3D ( 'NONE', #1577, #2091, #1061 ) ;
#1390 = DIRECTION ( 'NONE',  ( -0.000000000000000000, 1.000000000000000000, -0.000000000000000000 ) ) ;
#1391 = FACE_OUTER_BOUND ( 'NONE', #939, .T. ) ;
#1392 = ORIENTED_EDGE ( 'NONE', *, *, #235, .F. ) ;
#1393 = VERTEX_POINT ( 'NONE', #1802 ) ;
#1394 = PLANE ( 'NONE',  #2033 ) ;
#1395 = DIRECTION ( 'NONE',  ( 0.000000000000000000, 0.000000000000000000, -1.000000000000000000 ) ) ;
#1396 = CARTESIAN_POINT ( 'NONE',  ( 10.50000000000000000, 9.699999999999999289, 0.000000000000000000 ) ) ;
#1397 = FACE_OUTER_BOUND ( 'NONE', #2110, .T. ) ;
#1398 = VERTEX_POINT ( 'NONE', #1129 ) ;
#1399 = EDGE_CURVE ( 'NONE', #777, #1298, #100, .T. ) ;
#1400 = CARTESIAN_POINT ( 'NONE',  ( 7.682273184598537696, 9.699999999999999289, -3.400000000000000355 ) ) ;
#1401 = CARTESIAN_POINT ( 'NONE',  ( 0.000000000000000000, 5.299999999999999822, -1.000000000000000000 ) ) ;
#1402 = VERTEX_POINT ( 'NONE', #267 ) ;
#1403 = DIRECTION ( 'NONE',  ( 1.000000000000000000, -0.000000000000000000, 0.000000000000000000 ) ) ;
#1404 = CARTESIAN_POINT ( 'NONE',  ( -2.250000000000000000, 1.300000000000000044, 2.449293598294706907E-16 ) ) ;
#1405 = CARTESIAN_POINT ( 'NONE',  ( 12.69881005727247114, 1.300000000000000044, -3.599999999999999645 ) ) ;
#1406 = CARTESIAN_POINT ( 'NONE',  ( 9.499999999999998224, 5.799999999999999822, -5.299999999999999822 ) ) ;
#1407 = EDGE_CURVE ( 'NONE', #717, #974, #436, .T. ) ;
#1408 = ORIENTED_EDGE ( 'NONE', *, *, #231, .F. ) ;
#1409 = EDGE_CURVE ( 'NONE', #2172, #97, #1652, .T. ) ;
#1410 = ORIENTED_EDGE ( 'NONE', *, *, #2173, .F. ) ;
#1411 = CARTESIAN_POINT ( 'NONE',  ( 0.000000000000000000, 6.299999999999999822, -1.000000000000000000 ) ) ;
#1412 = DIRECTION ( 'NONE',  ( -0.000000000000000000, -0.000000000000000000, -1.000000000000000000 ) ) ;
#1413 = ORIENTED_EDGE ( 'NONE', *, *, #440, .T. ) ;
#1414 = EDGE_CURVE ( 'NONE', #284, #394, #1492, .T. ) ;
#1415 = CARTESIAN_POINT ( 'NONE',  ( 7.682273184598537696, 9.699999999999999289, -2.649999999999999911 ) ) ;
#1416 = CARTESIAN_POINT ( 'NONE',  ( 9.500000000000001776, 1.300000000000000044, 1.683889348827611048E-15 ) ) ;
#1417 = CARTESIAN_POINT ( 'NONE',  ( 0.000000000000000000, 6.299999999999999822, -2.649999999999999911 ) ) ;
#1418 = DIRECTION ( 'NONE',  ( 0.000000000000000000, 0.000000000000000000, -1.000000000000000000 ) ) ;
#1419 = ORIENTED_EDGE ( 'NONE', *, *, #193, .T. ) ;
#1420 =( GEOMETRIC_REPRESENTATION_CONTEXT ( 3 ) GLOBAL_UNCERTAINTY_ASSIGNED_CONTEXT ( ( #278 ) ) GLOBAL_UNIT_ASSIGNED_CONTEXT ( ( #1137, #915, #1282 ) ) REPRESENTATION_CONTEXT ( 'NONE', 'WORKASPACE' ) );
#1421 = PRODUCT_DEFINITION_CONTEXT ( 'detailed design', #2209, 'design' ) ;
#1422 = AXIS2_PLACEMENT_3D ( 'NONE', #968, #1146, #2087 ) ;
#1423 = ORIENTED_EDGE ( 'NONE', *, *, #1920, .T. ) ;
#1424 = VECTOR ( 'NONE', #2179, 1000.000000000000000 ) ;
#1425 = CARTESIAN_POINT ( 'NONE',  ( 14.74999999999999822, 4.299999999999999822, -2.000000000000001332 ) ) ;
#1426 = DIRECTION ( 'NONE',  ( 0.000000000000000000, 0.000000000000000000, -1.000000000000000000 ) ) ;
#1427 = AXIS2_PLACEMENT_3D ( 'NONE', #1883, #2060, #842 ) ;
#1428 = ORIENTED_EDGE ( 'NONE', *, *, #1920, .F. ) ;
#1429 =( GEOMETRIC_REPRESENTATION_CONTEXT ( 3 ) GLOBAL_UNCERTAINTY_ASSIGNED_CONTEXT ( ( #2176 ) ) GLOBAL_UNIT_ASSIGNED_CONTEXT ( ( #1303, #1786, #444 ) ) REPRESENTATION_CONTEXT ( 'NONE', 'WORKASPACE' ) );
#1430 = DIRECTION ( 'NONE',  ( -0.000000000000000000, -1.000000000000000000, -0.000000000000000000 ) ) ;
#1431 = LINE ( 'NONE', #189, #1494 ) ;
#1432 = DIRECTION ( 'NONE',  ( 0.000000000000000000, 0.000000000000000000, 1.000000000000000000 ) ) ;
#1433 = DIRECTION ( 'NONE',  ( 0.000000000000000000, 0.000000000000000000, -1.000000000000000000 ) ) ;
#1434 = EDGE_CURVE ( 'NONE', #1372, #381, #1313, .T. ) ;
#1435 = DIRECTION ( 'NONE',  ( -0.000000000000000000, -1.000000000000000000, -0.000000000000000000 ) ) ;
#1436 = DIRECTION ( 'NONE',  ( 0.000000000000000000, -1.000000000000000000, 0.000000000000000000 ) ) ;
#1437 = ORIENTED_EDGE ( 'NONE', *, *, #448, .T. ) ;
#1438 = CARTESIAN_POINT ( 'NONE',  ( 0.9999999999999991118, 5.799999999999999822, -5.299999999999999822 ) ) ;
#1439 = ADVANCED_FACE ( 'NONE', ( #1143 ), #95, .T. ) ;
#1440 = FACE_OUTER_BOUND ( 'NONE', #588, .T. ) ;
#1441 = CARTESIAN_POINT ( 'NONE',  ( 10.50000000000000000, 9.699999999999999289, -4.299999999999999822 ) ) ;
#1442 = CARTESIAN_POINT ( 'NONE',  ( 8.249999999999998224, 0.000000000000000000, -2.649999999999999023 ) ) ;
#1443 = DIRECTION ( 'NONE',  ( 0.000000000000000000, -1.000000000000000000, 0.000000000000000000 ) ) ;
#1444 = EDGE_LOOP ( 'NONE', ( #1861, #362, #14, #889 ) ) ;
#1445 = DIRECTION ( 'NONE',  ( 0.000000000000000000, 1.000000000000000000, -0.000000000000000000 ) ) ;
#1446 = DIRECTION ( 'NONE',  ( -0.000000000000000000, 1.000000000000000000, -0.000000000000000000 ) ) ;
#1447 = DIRECTION ( 'NONE',  ( 0.000000000000000000, 0.000000000000000000, -1.000000000000000000 ) ) ;
#1448 = CIRCLE ( 'NONE', #1803, 2.000000000000000000 ) ;
#1449 = AXIS2_PLACEMENT_3D ( 'NONE', #21, #382, #1916 ) ;
#1450 = AXIS2_PLACEMENT_3D ( 'NONE', #1927, #1247, #1237 ) ;
#1451 = EDGE_CURVE ( 'NONE', #492, #830, #635, .T. ) ;
#1452 = VECTOR ( 'NONE', #88, 1000.000000000000000 ) ;
#1453 = CIRCLE ( 'NONE', #2032, 0.3500000000000000333 ) ;
#1454 = PLANE ( 'NONE',  #1884 ) ;
#1455 = AXIS2_PLACEMENT_3D ( 'NONE', #1012, #318, #832 ) ;
#1456 = ORIENTED_EDGE ( 'NONE', *, *, #884, .T. ) ;
#1457 = DIRECTION ( 'NONE',  ( 0.000000000000000000, -1.000000000000000000, 0.000000000000000000 ) ) ;
#1458 = VECTOR ( 'NONE', #1987, 1000.000000000000000 ) ;
#1459 = CARTESIAN_POINT ( 'NONE',  ( -2.250000000000000000, 4.299999999999999822, -2.000000000000000000 ) ) ;
#1460 = ORIENTED_EDGE ( 'NONE', *, *, #1715, .T. ) ;
#1461 = LINE ( 'NONE', #2167, #1729 ) ;
#1462 = CARTESIAN_POINT ( 'NONE',  ( 9.499999999999998224, 9.699999999999999289, -5.299999999999999822 ) ) ;
#1463 = EDGE_LOOP ( 'NONE', ( #334, #2062, #1392, #801, #3, #710 ) ) ;
#1464 = LINE ( 'NONE', #1117, #60 ) ;
#1465 = APPLICATION_PROTOCOL_DEFINITION ( 'draft international standard', 'automotive_design', 1998, #257 ) ;
#1466 = ORIENTED_EDGE ( 'NONE', *, *, #1941, .T. ) ;
#1467 = LINE ( 'NONE', #601, #2141 ) ;
#1468 = FACE_OUTER_BOUND ( 'NONE', #1277, .T. ) ;
#1469 = ORIENTED_EDGE ( 'NONE', *, *, #647, .T. ) ;
#1470 = CARTESIAN_POINT ( 'NONE',  ( 1.000000000000000000, 5.799999999999999822, -1.000000000000000000 ) ) ;
#1471 = CARTESIAN_POINT ( 'NONE',  ( 9.500000000000001776, 5.299999999999999822, -1.000000000000000000 ) ) ;
#1472 = ORIENTED_EDGE ( 'NONE', *, *, #2242, .F. ) ;
#1473 = CARTESIAN_POINT ( 'NONE',  ( 10.50000000000000000, 9.699999999999999289, 0.000000000000000000 ) ) ;
#1474 = CYLINDRICAL_SURFACE ( 'NONE', #1274, 1.000000000000000000 ) ;
#1475 = ORIENTED_EDGE ( 'NONE', *, *, #846, .T. ) ;
#1476 = CARTESIAN_POINT ( 'NONE',  ( 1.000000000000000000, 1.300000000000000044, -5.299999999999999822 ) ) ;
#1477 = DIRECTION ( 'NONE',  ( 0.000000000000000000, 0.000000000000000000, -1.000000000000000000 ) ) ;
#1478 = EDGE_LOOP ( 'NONE', ( #1332, #1527, #1867, #262 ) ) ;
#1479 = DIRECTION ( 'NONE',  ( 0.000000000000000000, 0.000000000000000000, -1.000000000000000000 ) ) ;
#1480 = CARTESIAN_POINT ( 'NONE',  ( 2.249999999999997780, -2.200000000000000178, -4.150000000000000355 ) ) ;
#1481 = ORIENTED_EDGE ( 'NONE', *, *, #311, .T. ) ;
#1482 = ORIENTED_EDGE ( 'NONE', *, *, #2050, .T. ) ;
#1483 = CIRCLE ( 'NONE', #543, 0.5000000000000004441 ) ;
#1484 = EDGE_CURVE ( 'NONE', #97, #1732, #1774, .T. ) ;
#1485 = DIRECTION ( 'NONE',  ( 1.000000000000000000, 0.000000000000000000, 0.000000000000000000 ) ) ;
#1486 = AXIS2_PLACEMENT_3D ( 'NONE', #890, #733, #530 ) ;
#1487 = CARTESIAN_POINT ( 'NONE',  ( 1.000000000000000000, 9.699999999999999289, -4.299999999999999822 ) ) ;
#1488 = CIRCLE ( 'NONE', #2184, 0.5000000000000000000 ) ;
#1489 = ORIENTED_EDGE ( 'NONE', *, *, #135, .F. ) ;
#1490 = FACE_OUTER_BOUND ( 'NONE', #388, .T. ) ;
#1491 = CARTESIAN_POINT ( 'NONE',  ( 2.249999999999997780, -2.200000000000000178, -1.149999999999999911 ) ) ;
#1492 = CIRCLE ( 'NONE', #2145, 0.5000000000000000000 ) ;
#1493 = ORIENTED_EDGE ( 'NONE', *, *, #1616, .T. ) ;
#1494 = VECTOR ( 'NONE', #1950, 1000.000000000000000 ) ;
#1495 = CARTESIAN_POINT ( 'NONE',  ( 9.500000000000001776, 5.799999999999999822, -1.000000000000000000 ) ) ;
#1496 = DIRECTION ( 'NONE',  ( 0.000000000000000000, -1.000000000000000000, 0.000000000000000000 ) ) ;
#1497 = EDGE_CURVE ( 'NONE', #577, #2263, #1171, .T. ) ;
#1498 = ORIENTED_EDGE ( 'NONE', *, *, #1497, .F. ) ;
#1499 = DIRECTION ( 'NONE',  ( -0.000000000000000000, -0.000000000000000000, -1.000000000000000000 ) ) ;
#1500 = ORIENTED_EDGE ( 'NONE', *, *, #622, .T. ) ;
#1501 = DIRECTION ( 'NONE',  ( 0.000000000000000000, 0.000000000000000000, 1.000000000000000000 ) ) ;
#1502 = CARTESIAN_POINT ( 'NONE',  ( 2.249999999999997780, -2.200000000000000178, -3.849999999999999201 ) ) ;
#1503 = ORIENTED_EDGE ( 'NONE', *, *, #1519, .T. ) ;
#1504 = CARTESIAN_POINT ( 'NONE',  ( 9.500000000000001776, 4.299999999999999822, -5.299999999999998934 ) ) ;
#1505 = PLANE ( 'NONE',  #212 ) ;
#1506 = ORIENTED_EDGE ( 'NONE', *, *, #776, .T. ) ;
#1507 = EDGE_CURVE ( 'NONE', #1298, #780, #129, .T. ) ;
#1508 = CARTESIAN_POINT ( 'NONE',  ( 9.500000000000001776, 1.300000000000000044, -5.299999999999998934 ) ) ;
#1509 = EDGE_LOOP ( 'NONE', ( #522, #819, #82, #338 ) ) ;
#1510 = CARTESIAN_POINT ( 'NONE',  ( 7.682273184598537696, 19.09999999999999787, -2.649999999999999911 ) ) ;
#1511 = DIRECTION ( 'NONE',  ( 0.000000000000000000, 0.000000000000000000, 1.000000000000000000 ) ) ;
#1512 = VERTEX_POINT ( 'NONE', #1190 ) ;
#1513 = ORIENTED_EDGE ( 'NONE', *, *, #121, .F. ) ;
#1514 = CARTESIAN_POINT ( 'NONE',  ( 2.249999999999997780, -2.200000000000000178, -2.649999999999999911 ) ) ;
#1515 = DIRECTION ( 'NONE',  ( -0.000000000000000000, 1.000000000000000000, -0.000000000000000000 ) ) ;
#1516 = EDGE_CURVE ( 'NONE', #892, #636, #1025, .T. ) ;
#1517 = VERTEX_POINT ( 'NONE', #1859 ) ;
#1518 = VECTOR ( 'NONE', #1977, 1000.000000000000000 ) ;
#1519 = EDGE_CURVE ( 'NONE', #348, #1135, #1958, .T. ) ;
#1520 = EDGE_CURVE ( 'NONE', #2157, #415, #1899, .T. ) ;
#1521 = ORIENTED_EDGE ( 'NONE', *, *, #2207, .T. ) ;
#1522 = AXIS2_PLACEMENT_3D ( 'NONE', #496, #1189, #1876 ) ;
#1523 = DIRECTION ( 'NONE',  ( 0.000000000000000000, 0.000000000000000000, -1.000000000000000000 ) ) ;
#1524 = CARTESIAN_POINT ( 'NONE',  ( 9.500000000000001776, 6.299999999999999822, -4.299999999999999822 ) ) ;
#1525 = AXIS2_PLACEMENT_3D ( 'NONE', #482, #1178, #1523 ) ;
#1526 = ORIENTED_EDGE ( 'NONE', *, *, #99, .F. ) ;
#1527 = ORIENTED_EDGE ( 'NONE', *, *, #454, .T. ) ;
#1528 = PLANE ( 'NONE',  #1665 ) ;
#1529 = DIRECTION ( 'NONE',  ( 0.000000000000000000, 0.000000000000000000, 1.000000000000000000 ) ) ;
#1530 = VECTOR ( 'NONE', #2127, 1000.000000000000000 ) ;
#1531 = ORIENTED_EDGE ( 'NONE', *, *, #1618, .T. ) ;
#1532 = AXIS2_PLACEMENT_3D ( 'NONE', #2231, #1345, #665 ) ;
#1533 = EDGE_CURVE ( 'NONE', #1675, #1005, #870, .T. ) ;
#1534 = EDGE_LOOP ( 'NONE', ( #517, #33, #49, #107 ) ) ;
#1535 = FACE_OUTER_BOUND ( 'NONE', #1905, .T. ) ;
#1536 = CARTESIAN_POINT ( 'NONE',  ( 4.128154633174248467, 9.699999999999999289, -5.299999999999999822 ) ) ;
#1537 = ORIENTED_EDGE ( 'NONE', *, *, #1484, .F. ) ;
#1538 = ORIENTED_EDGE ( 'NONE', *, *, #130, .T. ) ;
#1539 = FACE_OUTER_BOUND ( 'NONE', #1003, .T. ) ;
#1540 = LINE ( 'NONE', #1556, #1354 ) ;
#1541 = ORIENTED_EDGE ( 'NONE', *, *, #1191, .F. ) ;
#1542 = ORIENTED_EDGE ( 'NONE', *, *, #556, .T. ) ;
#1543 = CARTESIAN_POINT ( 'NONE',  ( 2.817726815401459639, 17.89999999999999858, -1.900000000000000133 ) ) ;
#1544 = DIRECTION ( 'NONE',  ( -0.000000000000000000, -0.000000000000000000, 1.000000000000000000 ) ) ;
#1545 = EDGE_LOOP ( 'NONE', ( #623, #1148, #1925, #2097 ) ) ;
#1546 = ORIENTED_EDGE ( 'NONE', *, *, #2079, .T. ) ;
#1547 = CARTESIAN_POINT ( 'NONE',  ( 10.50000000000000000, 0.000000000000000000, 0.000000000000000000 ) ) ;
#1548 = CARTESIAN_POINT ( 'NONE',  ( 7.682273184598537696, 17.89999999999999858, -2.649999999999999911 ) ) ;
#1549 = ORIENTED_EDGE ( 'NONE', *, *, #1653, .T. ) ;
#1550 = CARTESIAN_POINT ( 'NONE',  ( -2.198810057272473806, 1.300000000000000044, -2.650000000000000355 ) ) ;
#1551 = FACE_OUTER_BOUND ( 'NONE', #716, .T. ) ;
#1552 = DIRECTION ( 'NONE',  ( 1.000000000000000000, 0.000000000000000000, 1.369518533665900558E-16 ) ) ;
#1553 = VECTOR ( 'NONE', #1024, 1000.000000000000000 ) ;
#1554 = VERTEX_POINT ( 'NONE', #119 ) ;
#1555 = CARTESIAN_POINT ( 'NONE',  ( 8.249999999999996447, 0.000000000000000000, -1.149999999999999245 ) ) ;
#1556 = CARTESIAN_POINT ( 'NONE',  ( 9.499999999999998224, 6.299999999999999822, 0.000000000000000000 ) ) ;
#1557 = AXIS2_PLACEMENT_3D ( 'NONE', #304, #493, #817 ) ;
#1558 = EDGE_CURVE ( 'NONE', #1298, #777, #907, .T. ) ;
#1559 = AXIS2_PLACEMENT_3D ( 'NONE', #39, #752, #404 ) ;
#1560 = ORIENTED_EDGE ( 'NONE', *, *, #929, .F. ) ;
#1561 = FACE_OUTER_BOUND ( 'NONE', #490, .T. ) ;
#1562 = ORIENTED_EDGE ( 'NONE', *, *, #448, .F. ) ;
#1563 = VECTOR ( 'NONE', #299, 1000.000000000000000 ) ;
#1564 = AXIS2_PLACEMENT_3D ( 'NONE', #470, #1865, #1179 ) ;
#1565 = EDGE_CURVE ( 'NONE', #333, #425, #1310, .T. ) ;
#1566 = AXIS2_PLACEMENT_3D ( 'NONE', #1599, #882, #390 ) ;
#1567 = DIRECTION ( 'NONE',  ( 0.000000000000000000, 0.000000000000000000, -1.000000000000000000 ) ) ;
#1568 = DIRECTION ( 'NONE',  ( -0.000000000000000000, 1.000000000000000000, -0.000000000000000000 ) ) ;
#1569 = ORIENTED_EDGE ( 'NONE', *, *, #2150, .F. ) ;
#1570 = DIRECTION ( 'NONE',  ( -1.000000000000000000, 0.000000000000000000, 1.084202172485504434E-15 ) ) ;
#1571 = CARTESIAN_POINT ( 'NONE',  ( 10.50000000000000000, 5.799999999999999822, -4.299999999999999822 ) ) ;
#1572 = EDGE_CURVE ( 'NONE', #989, #742, #1888, .T. ) ;
#1573 = LINE ( 'NONE', #1405, #573 ) ;
#1574 = EDGE_CURVE ( 'NONE', #2247, #1219, #624, .T. ) ;
#1575 = CARTESIAN_POINT ( 'NONE',  ( -4.249999999999999112, 1.300000000000000044, -5.300000000000000711 ) ) ;
#1576 = DIRECTION ( 'NONE',  ( 0.000000000000000000, 0.000000000000000000, -1.000000000000000000 ) ) ;
#1577 = CARTESIAN_POINT ( 'NONE',  ( 1.000000000000000000, 9.699999999999999289, -1.000000000000000000 ) ) ;
#1578 = ORIENTED_EDGE ( 'NONE', *, *, #346, .T. ) ;
#1579 = DIRECTION ( 'NONE',  ( 1.301042606982606504E-15, 0.000000000000000000, 1.000000000000000000 ) ) ;
#1580 = DIRECTION ( 'NONE',  ( -0.000000000000000000, 1.000000000000000000, -0.000000000000000000 ) ) ;
#1581 = DIRECTION ( 'NONE',  ( -0.000000000000000000, 1.000000000000000000, -0.000000000000000000 ) ) ;
#1582 = LINE ( 'NONE', #1575, #692 ) ;
#1583 = EDGE_LOOP ( 'NONE', ( #495, #1686, #2038, #79 ) ) ;
#1584 = CARTESIAN_POINT ( 'NONE',  ( -4.250000000000000000, 1.300000000000000044, 0.000000000000000000 ) ) ;
#1585 = CYLINDRICAL_SURFACE ( 'NONE', #1566, 2.000000000000000000 ) ;
#1586 = ORIENTED_EDGE ( 'NONE', *, *, #300, .T. ) ;
#1587 = DIRECTION ( 'NONE',  ( 0.000000000000000000, 0.000000000000000000, -1.000000000000000000 ) ) ;
#1588 = CARTESIAN_POINT ( 'NONE',  ( 7.682273184598537696, 19.09999999999999787, -2.649999999999999911 ) ) ;
#1589 = VECTOR ( 'NONE', #1072, 1000.000000000000000 ) ;
#1590 = LINE ( 'NONE', #26, #861 ) ;
#1591 = VECTOR ( 'NONE', #16, 1000.000000000000000 ) ;
#1592 = CARTESIAN_POINT ( 'NONE',  ( -2.250000000000000000, 4.299999999999999822, -3.299999999999999822 ) ) ;
#1593 = EDGE_CURVE ( 'NONE', #722, #1371, #328, .T. ) ;
#1594 = VECTOR ( 'NONE', #1340, 1000.000000000000000 ) ;
#1595 = CIRCLE ( 'NONE', #25, 0.5000000000000000000 ) ;
#1596 = ORIENTED_EDGE ( 'NONE', *, *, #2242, .T. ) ;
#1597 = AXIS2_PLACEMENT_3D ( 'NONE', #654, #1001, #1529 ) ;
#1598 = CARTESIAN_POINT ( 'NONE',  ( 10.50000000000000000, 9.699999999999999289, -1.000000000000000000 ) ) ;
#1599 = CARTESIAN_POINT ( 'NONE',  ( -2.250000000000000000, 4.299999999999999822, -3.299999999999999822 ) ) ;
#1600 = CIRCLE ( 'NONE', #516, 0.9499999999999990674 ) ;
#1601 = ORIENTED_EDGE ( 'NONE', *, *, #1668, .F. ) ;
#1602 = VECTOR ( 'NONE', #1412, 1000.000000000000000 ) ;
#1603 = DIRECTION ( 'NONE',  ( 0.000000000000000000, 1.000000000000000000, -0.000000000000000000 ) ) ;
#1604 = CARTESIAN_POINT ( 'NONE',  ( 9.500000000000001776, 1.300000000000000711, -4.299999999999999822 ) ) ;
#1605 = EDGE_CURVE ( 'NONE', #1517, #1372, #1741, .T. ) ;
#1606 = EDGE_CURVE ( 'NONE', #422, #291, #702, .T. ) ;
#1607 = DIRECTION ( 'NONE',  ( 0.000000000000000000, -1.000000000000000000, 0.000000000000000000 ) ) ;
#1608 = PLANE ( 'NONE',  #766 ) ;
#1609 = EDGE_CURVE ( 'NONE', #1361, #1371, #474, .T. ) ;
#1610 = EDGE_CURVE ( 'NONE', #2049, #1249, #1540, .T. ) ;
#1611 = CARTESIAN_POINT ( 'NONE',  ( 7.682273184598537696, 19.09999999999999787, -2.300000000000000711 ) ) ;
#1612 = FACE_OUTER_BOUND ( 'NONE', #455, .T. ) ;
#1613 = ORIENTED_EDGE ( 'NONE', *, *, #346, .F. ) ;
#1614 = DIRECTION ( 'NONE',  ( -0.000000000000000000, 1.000000000000000000, -0.000000000000000000 ) ) ;
#1615 = DIRECTION ( 'NONE',  ( 0.000000000000000000, -1.000000000000000000, 0.000000000000000000 ) ) ;
#1616 = EDGE_CURVE ( 'NONE', #370, #492, #1890, .T. ) ;
#1617 = ADVANCED_FACE ( 'NONE', ( #684 ), #1212, .T. ) ;
#1618 = EDGE_CURVE ( 'NONE', #1113, #1393, #519, .T. ) ;
#1619 = DIRECTION ( 'NONE',  ( -1.000000000000000000, 0.000000000000000000, 0.000000000000000000 ) ) ;
#1620 = ORIENTED_EDGE ( 'NONE', *, *, #1132, .T. ) ;
#1621 = PLANE ( 'NONE',  #1881 ) ;
#1622 = DIRECTION ( 'NONE',  ( 0.000000000000000000, -0.000000000000000000, -1.000000000000000000 ) ) ;
#1623 = EDGE_LOOP ( 'NONE', ( #1192, #315 ) ) ;
#1624 = DIRECTION ( 'NONE',  ( 0.000000000000000000, 0.000000000000000000, -1.000000000000000000 ) ) ;
#1625 = CARTESIAN_POINT ( 'NONE',  ( 0.000000000000000000, 9.699999999999999289, 0.000000000000000000 ) ) ;
#1626 = VERTEX_POINT ( 'NONE', #23 ) ;
#1627 = AXIS2_PLACEMENT_3D ( 'NONE', #1891, #1026, #704 ) ;
#1628 = ADVANCED_FACE ( 'NONE', ( #1221, #383 ), #877, .T. ) ;
#1629 = AXIS2_PLACEMENT_3D ( 'NONE', #349, #1430, #363 ) ;
#1630 = ORIENTED_EDGE ( 'NONE', *, *, #248, .T. ) ;
#1631 = VECTOR ( 'NONE', #523, 1000.000000000000000 ) ;
#1632 = CIRCLE ( 'NONE', #659, 0.4999999999999995559 ) ;
#1633 = VECTOR ( 'NONE', #749, 1000.000000000000000 ) ;
#1634 = CARTESIAN_POINT ( 'NONE',  ( -4.250000000000000000, 1.300000000000000044, -2.000000000000000444 ) ) ;
#1635 = CYLINDRICAL_SURFACE ( 'NONE', #1778, 2.000000000000000000 ) ;
#1636 = EDGE_LOOP ( 'NONE', ( #905, #1989, #8, #992 ) ) ;
#1637 = CARTESIAN_POINT ( 'NONE',  ( 0.000000000000000000, 5.799999999999999822, -4.299999999999999822 ) ) ;
#1638 = AXIS2_PLACEMENT_3D ( 'NONE', #1524, #1853, #294 ) ;
#1639 = CARTESIAN_POINT ( 'NONE',  ( 7.682273184598537696, 17.89999999999999858, -2.649999999999999911 ) ) ;
#1640 = ORIENTED_EDGE ( 'NONE', *, *, #416, .T. ) ;
#1641 = CARTESIAN_POINT ( 'NONE',  ( 0.9999999999999993339, 5.799999999999999822, -4.800000000000000711 ) ) ;
#1642 = DIRECTION ( 'NONE',  ( -0.000000000000000000, -1.000000000000000000, -0.000000000000000000 ) ) ;
#1643 = ORIENTED_EDGE ( 'NONE', *, *, #1507, .F. ) ;
#1644 = ORIENTED_EDGE ( 'NONE', *, *, #149, .F. ) ;
#1645 = CARTESIAN_POINT ( 'NONE',  ( 0.000000000000000000, 5.799999999999999822, -2.649999999999999911 ) ) ;
#1646 = EDGE_CURVE ( 'NONE', #422, #1134, #364, .T. ) ;
#1647 = VERTEX_POINT ( 'NONE', #396 ) ;
#1648 = PRESENTATION_STYLE_ASSIGNMENT (( #786 ) ) ;
#1649 = CARTESIAN_POINT ( 'NONE',  ( 1.000000000000000000, 9.699999999999999289, -4.299999999999999822 ) ) ;
#1650 = ORIENTED_EDGE ( 'NONE', *, *, #2198, .T. ) ;
#1651 = CYLINDRICAL_SURFACE ( 'NONE', #1076, 0.3499999999999992006 ) ;
#1652 = LINE ( 'NONE', #965, #441 ) ;
#1653 = EDGE_CURVE ( 'NONE', #1554, #698, #1259, .T. ) ;
#1654 = VERTEX_POINT ( 'NONE', #1416 ) ;
#1655 = LINE ( 'NONE', #2213, #1594 ) ;
#1656 = ORIENTED_EDGE ( 'NONE', *, *, #1269, .T. ) ;
#1657 = PLANE ( 'NONE',  #1241 ) ;
#1658 = ORIENTED_EDGE ( 'NONE', *, *, #823, .F. ) ;
#1659 = DIRECTION ( 'NONE',  ( -1.000000000000000000, 0.000000000000000000, -0.000000000000000000 ) ) ;
#1660 = FACE_OUTER_BOUND ( 'NONE', #303, .T. ) ;
#1661 = ORIENTED_EDGE ( 'NONE', *, *, #1806, .T. ) ;
#1662 = DIRECTION ( 'NONE',  ( 0.000000000000000000, 1.000000000000000000, 0.000000000000000000 ) ) ;
#1663 = DIRECTION ( 'NONE',  ( 0.000000000000000000, 0.000000000000000000, -1.000000000000000000 ) ) ;
#1664 = ORIENTED_EDGE ( 'NONE', *, *, #2220, .T. ) ;
#1665 = AXIS2_PLACEMENT_3D ( 'NONE', #118, #1350, #1707 ) ;
#1666 = DIRECTION ( 'NONE',  ( -0.000000000000000000, 1.000000000000000000, -0.000000000000000000 ) ) ;
#1667 = AXIS2_PLACEMENT_3D ( 'NONE', #2051, #1186, #1873 ) ;
#1668 = EDGE_CURVE ( 'NONE', #1361, #1722, #35, .T. ) ;
#1669 = CIRCLE ( 'NONE', #1384, 0.3500000000000000333 ) ;
#1670 = ORIENTED_EDGE ( 'NONE', *, *, #2223, .T. ) ;
#1671 = ADVANCED_FACE ( 'NONE', ( #1440 ), #10, .F. ) ;
#1672 = CARTESIAN_POINT ( 'NONE',  ( 9.499999999999998224, 5.799999999999999822, -4.800000000000000711 ) ) ;
#1673 = CARTESIAN_POINT ( 'NONE',  ( 14.75000000000000000, 4.299999999999999822, 2.326828918379970970E-15 ) ) ;
#1674 = VECTOR ( 'NONE', #1328, 1000.000000000000000 ) ;
#1675 = VERTEX_POINT ( 'NONE', #350 ) ;
#1676 = AXIS2_PLACEMENT_3D ( 'NONE', #408, #937, #1307 ) ;
#1677 = LINE ( 'NONE', #2206, #1951 ) ;
#1678 = PLANE ( 'NONE',  #1082 ) ;
#1679 = EDGE_CURVE ( 'NONE', #595, #1358, #1041, .T. ) ;
#1680 = ORIENTED_EDGE ( 'NONE', *, *, #1269, .F. ) ;
#1681 = EDGE_CURVE ( 'NONE', #1647, #1361, #837, .T. ) ;
#1682 = DIRECTION ( 'NONE',  ( 0.000000000000000000, -1.000000000000000000, 0.000000000000000000 ) ) ;
#1683 = ORIENTED_EDGE ( 'NONE', *, *, #929, .T. ) ;
#1684 = CARTESIAN_POINT ( 'NONE',  ( 7.682273184598537696, 17.89999999999999858, -2.649999999999999911 ) ) ;
#1685 = CARTESIAN_POINT ( 'NONE',  ( 0.000000000000000000, 9.699999999999999289, 0.000000000000000000 ) ) ;
#1686 = ORIENTED_EDGE ( 'NONE', *, *, #1434, .F. ) ;
#1687 = FACE_OUTER_BOUND ( 'NONE', #1309, .T. ) ;
#1688 = DIRECTION ( 'NONE',  ( 0.000000000000000000, -1.000000000000000000, 0.000000000000000000 ) ) ;
#1689 = EDGE_LOOP ( 'NONE', ( #2098, #472 ) ) ;
#1690 = CARTESIAN_POINT ( 'NONE',  ( -4.250000000000000000, 4.299999999999999822, 0.000000000000000000 ) ) ;
#1691 = EDGE_CURVE ( 'NONE', #1005, #1675, #586, .T. ) ;
#1692 = ORIENTED_EDGE ( 'NONE', *, *, #1409, .F. ) ;
#1693 = DIRECTION ( 'NONE',  ( 0.000000000000000000, 0.000000000000000000, -1.000000000000000000 ) ) ;
#1694 = CARTESIAN_POINT ( 'NONE',  ( 2.249999999999997780, -2.200000000000000178, -4.150000000000000355 ) ) ;
#1695 = ORIENTED_EDGE ( 'NONE', *, *, #2211, .F. ) ;
#1696 = ORIENTED_EDGE ( 'NONE', *, *, #1558, .F. ) ;
#1697 = LINE ( 'NONE', #2253, #1118 ) ;
#1698 = DIRECTION ( 'NONE',  ( 0.000000000000000000, 0.000000000000000000, -1.000000000000000000 ) ) ;
#1699 = ORIENTED_EDGE ( 'NONE', *, *, #603, .T. ) ;
#1700 = ORIENTED_EDGE ( 'NONE', *, *, #772, .F. ) ;
#1701 = VECTOR ( 'NONE', #316, 1000.000000000000000 ) ;
#1702 = CARTESIAN_POINT ( 'NONE',  ( -4.250000000000000000, 1.300000000000000044, 0.000000000000000000 ) ) ;
#1703 = CARTESIAN_POINT ( 'NONE',  ( 9.500000000000001776, 6.299999999999999822, -8.673617379884035472E-16 ) ) ;
#1704 = PRODUCT_DEFINITION_SHAPE ( 'NONE', 'NONE',  #2131 ) ;
#1705 = AXIS2_PLACEMENT_3D ( 'NONE', #1149, #2059, #313 ) ;
#1706 = EDGE_LOOP ( 'NONE', ( #967, #2248, #127, #1833, #2022, #982, #2194, #1549, #1620, #2177, #1419, #1640 ) ) ;
#1707 = DIRECTION ( 'NONE',  ( -1.636531581110195163E-16, 0.000000000000000000, 1.000000000000000000 ) ) ;
#1708 = VECTOR ( 'NONE', #1261, 1000.000000000000000 ) ;
#1709 = DIRECTION ( 'NONE',  ( 0.000000000000000000, -1.000000000000000000, 0.000000000000000000 ) ) ;
#1710 = LINE ( 'NONE', #148, #361 ) ;
#1711 = VECTOR ( 'NONE', #1248, 1000.000000000000000 ) ;
#1712 = VERTEX_POINT ( 'NONE', #886 ) ;
#1713 = DIRECTION ( 'NONE',  ( 0.000000000000000000, 1.000000000000000000, -0.000000000000000000 ) ) ;
#1714 = LINE ( 'NONE', #152, #2075 ) ;
#1715 = EDGE_CURVE ( 'NONE', #415, #1732, #1431, .T. ) ;
#1716 = EDGE_LOOP ( 'NONE', ( #87, #150, #1482, #1560 ) ) ;
#1717 = DIRECTION ( 'NONE',  ( 0.000000000000000000, -1.000000000000000000, 0.000000000000000000 ) ) ;
#1718 = DIRECTION ( 'NONE',  ( 0.000000000000000000, -1.000000000000000000, 0.000000000000000000 ) ) ;
#1719 = VERTEX_POINT ( 'NONE', #2118 ) ;
#1720 = CARTESIAN_POINT ( 'NONE',  ( 9.500000000000001776, 5.299999999999999822, -4.299999999999999822 ) ) ;
#1721 = CYLINDRICAL_SURFACE ( 'NONE', #30, 1.000000000000000000 ) ;
#1722 = VERTEX_POINT ( 'NONE', #1734 ) ;
#1723 = LINE ( 'NONE', #859, #760 ) ;
#1724 = CARTESIAN_POINT ( 'NONE',  ( 1.000000000000000000, 1.300000000000000711, -1.000000000000000000 ) ) ;
#1725 = ORIENTED_EDGE ( 'NONE', *, *, #1136, .F. ) ;
#1726 = LINE ( 'NONE', #1690, #2262 ) ;
#1727 = EDGE_LOOP ( 'NONE', ( #468, #251, #476, #1513 ) ) ;
#1728 = CARTESIAN_POINT ( 'NONE',  ( 10.00000000000000000, 5.799999999999999822, -4.299999999999999822 ) ) ;
#1729 = VECTOR ( 'NONE', #1446, 1000.000000000000000 ) ;
#1730 = DIRECTION ( 'NONE',  ( -1.000000000000000000, -0.000000000000000000, -1.084202172485504557E-16 ) ) ;
#1731 = EDGE_CURVE ( 'NONE', #229, #780, #873, .T. ) ;
#1732 = VERTEX_POINT ( 'NONE', #535 ) ;
#1733 = CARTESIAN_POINT ( 'NONE',  ( 0.9999999999999988898, 5.799999999999999822, -5.299999999999999822 ) ) ;
#1734 = CARTESIAN_POINT ( 'NONE',  ( 6.371845366825748869, 9.699999999999999289, -5.299999999999999822 ) ) ;
#1735 = ORIENTED_EDGE ( 'NONE', *, *, #2207, .F. ) ;
#1736 = AXIS2_PLACEMENT_3D ( 'NONE', #1592, #888, #1418 ) ;
#1737 = CIRCLE ( 'NONE', #286, 0.7499999999999997780 ) ;
#1738 = DIRECTION ( 'NONE',  ( 0.000000000000000000, 0.000000000000000000, -1.000000000000000000 ) ) ;
#1739 = CARTESIAN_POINT ( 'NONE',  ( -4.249999999999999112, 4.299999999999999822, -3.300000000000000266 ) ) ;
#1740 = ORIENTED_EDGE ( 'NONE', *, *, #270, .F. ) ;
#1741 = CIRCLE ( 'NONE', #1049, 1.500000000000000000 ) ;
#1742 = DIRECTION ( 'NONE',  ( 0.000000000000000000, -0.000000000000000000, -1.000000000000000000 ) ) ;
#1743 = FACE_OUTER_BOUND ( 'NONE', #1851, .T. ) ;
#1744 = EDGE_CURVE ( 'NONE', #90, #1030, #561, .T. ) ;
#1745 = ORIENTED_EDGE ( 'NONE', *, *, #1681, .F. ) ;
#1746 = FACE_OUTER_BOUND ( 'NONE', #2125, .T. ) ;
#1747 = CARTESIAN_POINT ( 'NONE',  ( 2.817726815401459639, 17.89999999999999858, -3.400000000000000355 ) ) ;
#1748 = VERTEX_POINT ( 'NONE', #1404 ) ;
#1749 = CARTESIAN_POINT ( 'NONE',  ( 9.500000000000001776, 9.699999999999999289, -4.299999999999999822 ) ) ;
#1750 = CARTESIAN_POINT ( 'NONE',  ( 2.249999999999997780, -2.200000000000000178, -1.149999999999999911 ) ) ;
#1751 = EDGE_CURVE ( 'NONE', #1985, #1019, #176, .T. ) ;
#1752 = ADVANCED_FACE ( 'NONE', ( #738 ), #178, .F. ) ;
#1753 = CARTESIAN_POINT ( 'NONE',  ( 2.249999999999997780, -2.200000000000000178, -2.649999999999999911 ) ) ;
#1754 = CYLINDRICAL_SURFACE ( 'NONE', #2149, 0.7500000000000002220 ) ;
#1755 = ORIENTED_EDGE ( 'NONE', *, *, #987, .T. ) ;
#1756 = DIRECTION ( 'NONE',  ( 0.000000000000000000, 0.000000000000000000, -1.000000000000000000 ) ) ;
#1757 = CARTESIAN_POINT ( 'NONE',  ( 9.500000000000001776, 5.799999999999999822, -4.299999999999999822 ) ) ;
#1758 = DIRECTION ( 'NONE',  ( 0.000000000000000000, 1.000000000000000000, 0.000000000000000000 ) ) ;
#1759 = DIRECTION ( 'NONE',  ( 0.000000000000000000, 0.000000000000000000, 1.000000000000000000 ) ) ;
#1760 = ORIENTED_EDGE ( 'NONE', *, *, #1158, .T. ) ;
#1761 = EDGE_CURVE ( 'NONE', #974, #2174, #1857, .T. ) ;
#1762 = CARTESIAN_POINT ( 'NONE',  ( 0.9999999999999988898, 5.799999999999999822, -5.299999999999999822 ) ) ;
#1763 = CARTESIAN_POINT ( 'NONE',  ( 2.817726815401459639, 19.09999999999999787, -3.000000000000000000 ) ) ;
#1764 = EDGE_CURVE ( 'NONE', #717, #1929, #1600, .T. ) ;
#1765 = ORIENTED_EDGE ( 'NONE', *, *, #1822, .F. ) ;
#1766 = CARTESIAN_POINT ( 'NONE',  ( 12.74999999999999822, 4.299999999999999822, 2.081899558550499885E-15 ) ) ;
#1767 = DIRECTION ( 'NONE',  ( 0.000000000000000000, 1.000000000000000000, -0.000000000000000000 ) ) ;
#1768 = MECHANICAL_DESIGN_GEOMETRIC_PRESENTATION_REPRESENTATION (  '', ( #2102 ), #1420 ) ;
#1769 = VERTEX_POINT ( 'NONE', #1917 ) ;
#1770 = FACE_OUTER_BOUND ( 'NONE', #2154, .T. ) ;
#1771 = AXIS2_PLACEMENT_3D ( 'NONE', #51, #764, #589 ) ;
#1772 = LINE ( 'NONE', #911, #1708 ) ;
#1773 = AXIS2_PLACEMENT_3D ( 'NONE', #688, #1682, #2023 ) ;
#1774 = CIRCLE ( 'NONE', #768, 2.000000000000000000 ) ;
#1775 = AXIS2_PLACEMENT_3D ( 'NONE', #765, #253, #2153 ) ;
#1776 = CARTESIAN_POINT ( 'NONE',  ( 0.9999999999999988898, 5.299999999999999822, -5.299999999999999822 ) ) ;
#1777 = LINE ( 'NONE', #77, #875 ) ;
#1778 = AXIS2_PLACEMENT_3D ( 'NONE', #1092, #2187, #219 ) ;
#1779 = ORIENTED_EDGE ( 'NONE', *, *, #1060, .T. ) ;
#1780 = PRODUCT_RELATED_PRODUCT_CATEGORY ( 'part', '', ( #656 ) ) ;
#1781 = CARTESIAN_POINT ( 'NONE',  ( 12.69881005727247114, 1.300000000000000044, -2.650000000000000355 ) ) ;
#1782 = DIRECTION ( 'NONE',  ( -0.000000000000000000, 1.000000000000000000, -0.000000000000000000 ) ) ;
#1783 = DIRECTION ( 'NONE',  ( 0.000000000000000000, -1.000000000000000000, 0.000000000000000000 ) ) ;
#1784 = CARTESIAN_POINT ( 'NONE',  ( 12.74999999999999822, 1.300000000000000044, -5.299999999999998046 ) ) ;
#1785 = DIRECTION ( 'NONE',  ( -0.000000000000000000, -0.000000000000000000, -1.000000000000000000 ) ) ;
#1786 =( NAMED_UNIT ( * ) PLANE_ANGLE_UNIT ( ) SI_UNIT ( $, .RADIAN. ) );
#1787 = ORIENTED_EDGE ( 'NONE', *, *, #290, .T. ) ;
#1788 = CARTESIAN_POINT ( 'NONE',  ( -2.250000000000000000, 9.699999999999999289, -2.000000000000000000 ) ) ;
#1789 = DIRECTION ( 'NONE',  ( -0.000000000000000000, 1.000000000000000000, -0.000000000000000000 ) ) ;
#1790 = VERTEX_POINT ( 'NONE', #1056 ) ;
#1791 = DIRECTION ( 'NONE',  ( 0.000000000000000000, 0.000000000000000000, 1.000000000000000000 ) ) ;
#1792 = FACE_OUTER_BOUND ( 'NONE', #1463, .T. ) ;
#1793 = ORIENTED_EDGE ( 'NONE', *, *, #1516, .F. ) ;
#1794 = VERTEX_POINT ( 'NONE', #1747 ) ;
#1795 = CARTESIAN_POINT ( 'NONE',  ( 7.682273184598537696, 17.89999999999999858, -1.899999999999999689 ) ) ;
#1796 = FACE_OUTER_BOUND ( 'NONE', #540, .T. ) ;
#1797 = ORIENTED_EDGE ( 'NONE', *, *, #2042, .T. ) ;
#1798 = DIRECTION ( 'NONE',  ( 1.000000000000000000, 0.000000000000000000, 0.000000000000000000 ) ) ;
#1799 = LINE ( 'NONE', #1124, #1272 ) ;
#1800 = ORIENTED_EDGE ( 'NONE', *, *, #706, .T. ) ;
#1801 = CARTESIAN_POINT ( 'NONE',  ( 9.500000000000001776, 4.299999999999999822, -4.299999999999999822 ) ) ;
#1802 = CARTESIAN_POINT ( 'NONE',  ( 0.000000000000000000, 0.000000000000000000, -1.000000000000000000 ) ) ;
#1803 = AXIS2_PLACEMENT_3D ( 'NONE', #1153, #2019, #1479 ) ;
#1804 = VECTOR ( 'NONE', #936, 1000.000000000000000 ) ;
#1805 = ORIENTED_EDGE ( 'NONE', *, *, #866, .T. ) ;
#1806 = EDGE_CURVE ( 'NONE', #1019, #2239, #1799, .T. ) ;
#1807 = ORIENTED_EDGE ( 'NONE', *, *, #1809, .T. ) ;
#1808 = AXIS2_PLACEMENT_3D ( 'NONE', #826, #1501, #840 ) ;
#1809 = EDGE_CURVE ( 'NONE', #384, #1790, #972, .T. ) ;
#1810 = AXIS2_PLACEMENT_3D ( 'NONE', #180, #2096, #538 ) ;
#1811 = DIRECTION ( 'NONE',  ( -1.000000000000000000, 0.000000000000000000, 0.000000000000000000 ) ) ;
#1812 = APPLICATION_PROTOCOL_DEFINITION ( 'draft international standard', 'automotive_design', 1998, #2209 ) ;
#1813 = VECTOR ( 'NONE', #954, 1000.000000000000000 ) ;
#1814 = VERTEX_POINT ( 'NONE', #1107 ) ;
#1815 = DIRECTION ( 'NONE',  ( -0.000000000000000000, -0.000000000000000000, -1.000000000000000000 ) ) ;
#1816 = VECTOR ( 'NONE', #1008, 1000.000000000000000 ) ;
#1817 = CYLINDRICAL_SURFACE ( 'NONE', #1775, 1.000000000000000000 ) ;
#1818 = EDGE_LOOP ( 'NONE', ( #1541, #1281, #1010, #1793 ) ) ;
#1819 = DIRECTION ( 'NONE',  ( 0.000000000000000000, 0.000000000000000000, -1.000000000000000000 ) ) ;
#1820 = DIRECTION ( 'NONE',  ( 0.000000000000000000, 1.000000000000000000, 0.000000000000000000 ) ) ;
#1821 = ORIENTED_EDGE ( 'NONE', *, *, #1366, .F. ) ;
#1822 = EDGE_CURVE ( 'NONE', #97, #892, #2193, .T. ) ;
#1823 = EDGE_CURVE ( 'NONE', #425, #333, #215, .T. ) ;
#1824 = DIRECTION ( 'NONE',  ( 1.000000000000000000, 0.000000000000000000, 0.000000000000000000 ) ) ;
#1825 = DIRECTION ( 'NONE',  ( 1.000000000000000000, 0.000000000000000000, -4.336808689942021680E-16 ) ) ;
#1826 = EDGE_CURVE ( 'NONE', #2174, #974, #697, .T. ) ;
#1827 = VERTEX_POINT ( 'NONE', #91 ) ;
#1828 = DIRECTION ( 'NONE',  ( 0.000000000000000000, 0.000000000000000000, -1.000000000000000000 ) ) ;
#1829 = ORIENTED_EDGE ( 'NONE', *, *, #1300, .F. ) ;
#1830 = DIRECTION ( 'NONE',  ( 0.000000000000000000, -1.000000000000000000, 0.000000000000000000 ) ) ;
#1831 = FACE_OUTER_BOUND ( 'NONE', #1227, .T. ) ;
#1832 = EDGE_CURVE ( 'NONE', #672, #577, #779, .T. ) ;
#1833 = ORIENTED_EDGE ( 'NONE', *, *, #1151, .T. ) ;
#1834 = EDGE_LOOP ( 'NONE', ( #258, #1506, #1338, #446 ) ) ;
#1835 = EDGE_CURVE ( 'NONE', #310, #1290, #909, .T. ) ;
#1836 = ADVANCED_FACE ( 'NONE', ( #1283, #1468 ), #53, .T. ) ;
#1837 = CARTESIAN_POINT ( 'NONE',  ( 9.500000000000001776, 5.799999999999999822, -4.336808689942017736E-16 ) ) ;
#1838 = ORIENTED_EDGE ( 'NONE', *, *, #1127, .T. ) ;
#1839 = CARTESIAN_POINT ( 'NONE',  ( 9.499999999999998224, 0.000000000000000000, 0.000000000000000000 ) ) ;
#1840 = FACE_OUTER_BOUND ( 'NONE', #1255, .T. ) ;
#1841 = ADVANCED_FACE ( 'NONE', ( #787 ), #228, .T. ) ;
#1842 = VERTEX_POINT ( 'NONE', #579 ) ;
#1843 = DIRECTION ( 'NONE',  ( -0.000000000000000000, -1.000000000000000000, -0.000000000000000000 ) ) ;
#1844 = ORIENTED_EDGE ( 'NONE', *, *, #1376, .F. ) ;
#1845 = DIRECTION ( 'NONE',  ( -0.000000000000000000, 1.000000000000000000, -0.000000000000000000 ) ) ;
#1846 = EDGE_LOOP ( 'NONE', ( #426, #927, #829, #1318 ) ) ;
#1847 = AXIS2_PLACEMENT_3D ( 'NONE', #895, #2095, #553 ) ;
#1848 = DIRECTION ( 'NONE',  ( -1.000000000000000000, 0.000000000000000000, 0.000000000000000000 ) ) ;
#1849 = CIRCLE ( 'NONE', #691, 0.5000000000000000000 ) ;
#1850 = CIRCLE ( 'NONE', #1559, 1.000000000000000000 ) ;
#1851 = EDGE_LOOP ( 'NONE', ( #1498, #852, #825, #874 ) ) ;
#1852 = CARTESIAN_POINT ( 'NONE',  ( -2.250000000000000000, 1.300000000000000044, -5.300000000000000711 ) ) ;
#1853 = DIRECTION ( 'NONE',  ( -0.000000000000000000, -1.000000000000000000, -0.000000000000000000 ) ) ;
#1854 = VECTOR ( 'NONE', #1688, 1000.000000000000000 ) ;
#1855 = EDGE_CURVE ( 'NONE', #1719, #555, #1959, .T. ) ;
#1856 = ORIENTED_EDGE ( 'NONE', *, *, #2251, .T. ) ;
#1857 = CIRCLE ( 'NONE', #330, 0.9499999999999990674 ) ;
#1858 = DIRECTION ( 'NONE',  ( 0.000000000000000000, 0.000000000000000000, -1.000000000000000000 ) ) ;
#1859 = CARTESIAN_POINT ( 'NONE',  ( 2.249999999999997780, -2.200000000000000178, -1.149999999999999911 ) ) ;
#1860 = AXIS2_PLACEMENT_3D ( 'NONE', #696, #1904, #2274 ) ;
#1861 = ORIENTED_EDGE ( 'NONE', *, *, #122, .F. ) ;
#1862 = PLANE ( 'NONE',  #1422 ) ;
#1863 = ORIENTED_EDGE ( 'NONE', *, *, #823, .T. ) ;
#1864 = CARTESIAN_POINT ( 'NONE',  ( 2.817726815401459639, 17.89999999999999858, -2.649999999999999911 ) ) ;
#1865 = DIRECTION ( 'NONE',  ( 0.000000000000000000, -1.000000000000000000, 0.000000000000000000 ) ) ;
#1866 = EDGE_CURVE ( 'NONE', #1517, #865, #1150, .T. ) ;
#1867 = ORIENTED_EDGE ( 'NONE', *, *, #300, .F. ) ;
#1868 = LINE ( 'NONE', #2218, #1231 ) ;
#1869 = DIRECTION ( 'NONE',  ( 0.000000000000000000, 1.000000000000000000, 0.000000000000000000 ) ) ;
#1870 = ORIENTED_EDGE ( 'NONE', *, *, #1565, .T. ) ;
#1871 = EDGE_CURVE ( 'NONE', #1814, #173, #2147, .T. ) ;
#1872 = ORIENTED_EDGE ( 'NONE', *, *, #52, .T. ) ;
#1873 = DIRECTION ( 'NONE',  ( 0.000000000000000000, 0.000000000000000000, -1.000000000000000000 ) ) ;
#1874 = LINE ( 'NONE', #314, #1816 ) ;
#1875 = ORIENTED_EDGE ( 'NONE', *, *, #1565, .F. ) ;
#1876 = DIRECTION ( 'NONE',  ( 1.000000000000000000, 0.000000000000000000, 0.000000000000000000 ) ) ;
#1877 = DIRECTION ( 'NONE',  ( 0.000000000000000000, 1.000000000000000000, -0.000000000000000000 ) ) ;
#1878 = DIRECTION ( 'NONE',  ( 1.000000000000000000, -0.000000000000000000, -0.000000000000000000 ) ) ;
#1879 = AXIS2_PLACEMENT_3D ( 'NONE', #1438, #1220, #568 ) ;
#1880 = ORIENTED_EDGE ( 'NONE', *, *, #776, .F. ) ;
#1881 = AXIS2_PLACEMENT_3D ( 'NONE', #431, #42, #1659 ) ;
#1882 = FACE_OUTER_BOUND ( 'NONE', #1834, .T. ) ;
#1883 = CARTESIAN_POINT ( 'NONE',  ( 1.000000000000000000, 6.299999999999999822, -4.299999999999999822 ) ) ;
#1884 = AXIS2_PLACEMENT_3D ( 'NONE', #957, #948, #759 ) ;
#1885 = ORIENTED_EDGE ( 'NONE', *, *, #2143, .F. ) ;
#1886 = EDGE_LOOP ( 'NONE', ( #2151, #1787, #1863, #1054 ) ) ;
#1887 = CARTESIAN_POINT ( 'NONE',  ( 0.000000000000000000, 5.299999999999999822, -4.299999999999999822 ) ) ;
#1888 = CIRCLE ( 'NONE', #28, 0.3500000000000000333 ) ;
#1889 = DIRECTION ( 'NONE',  ( 0.000000000000000000, 0.000000000000000000, 1.000000000000000000 ) ) ;
#1890 = CIRCLE ( 'NONE', #904, 1.000000000000000000 ) ;
#1891 = CARTESIAN_POINT ( 'NONE',  ( 9.499999999999998224, 5.799999999999999822, 0.000000000000000000 ) ) ;
#1892 = AXIS2_PLACEMENT_3D ( 'NONE', #2017, #1445, #239 ) ;
#1893 = CIRCLE ( 'NONE', #147, 1.500000000000000888 ) ;
#1894 = ADVANCED_FACE ( 'NONE', ( #432, #1840 ), #799, .F. ) ;
#1895 = ADVANCED_FACE ( 'NONE', ( #2175 ), #1817, .T. ) ;
#1896 = LINE ( 'NONE', #1694, #2268 ) ;
#1897 = VERTEX_POINT ( 'NONE', #951 ) ;
#1898 = DIRECTION ( 'NONE',  ( -0.000000000000000000, 1.000000000000000000, -0.000000000000000000 ) ) ;
#1899 = LINE ( 'NONE', #2056, #1854 ) ;
#1900 = ORIENTED_EDGE ( 'NONE', *, *, #506, .F. ) ;
#1901 = CARTESIAN_POINT ( 'NONE',  ( 1.000000000000000000, 9.699999999999999289, -1.000000000000000000 ) ) ;
#1902 = EDGE_CURVE ( 'NONE', #1827, #1031, #1204, .T. ) ;
#1903 = CARTESIAN_POINT ( 'NONE',  ( 2.817726815401459639, 17.89999999999999858, -2.299999999999999822 ) ) ;
#1904 = DIRECTION ( 'NONE',  ( 0.000000000000000000, -1.000000000000000000, 0.000000000000000000 ) ) ;
#1905 = EDGE_LOOP ( 'NONE', ( #2063, #1122, #785, #2011 ) ) ;
#1906 = DIRECTION ( 'NONE',  ( 1.636531581110195163E-16, 0.000000000000000000, -1.000000000000000000 ) ) ;
#1907 = CARTESIAN_POINT ( 'NONE',  ( 0.000000000000000000, 0.000000000000000000, 0.000000000000000000 ) ) ;
#1908 = DIRECTION ( 'NONE',  ( 0.000000000000000000, -1.000000000000000000, 0.000000000000000000 ) ) ;
#1909 = CARTESIAN_POINT ( 'NONE',  ( 9.500000000000001776, 5.799999999999999822, -4.336808689942017736E-16 ) ) ;
#1910 = ORIENTED_EDGE ( 'NONE', *, *, #190, .F. ) ;
#1911 = LINE ( 'NONE', #1028, #1347 ) ;
#1912 = AXIS2_PLACEMENT_3D ( 'NONE', #1749, #1940, #527 ) ;
#1913 = FACE_OUTER_BOUND ( 'NONE', #38, .T. ) ;
#1914 = AXIS2_PLACEMENT_3D ( 'NONE', #2265, #1930, #701 ) ;
#1915 = ORIENTED_EDGE ( 'NONE', *, *, #2211, .T. ) ;
#1916 = DIRECTION ( 'NONE',  ( 0.000000000000000000, 0.000000000000000000, -1.000000000000000000 ) ) ;
#1917 = CARTESIAN_POINT ( 'NONE',  ( 2.249999999999997780, -2.200000000000000178, -1.449999999999999956 ) ) ;
#1918 = ORIENTED_EDGE ( 'NONE', *, *, #1112, .T. ) ;
#1919 = VECTOR ( 'NONE', #1075, 1000.000000000000000 ) ;
#1920 = EDGE_CURVE ( 'NONE', #1722, #1375, #264, .T. ) ;
#1921 = CARTESIAN_POINT ( 'NONE',  ( 0.9999999999999991118, 6.299999999999999822, -5.299999999999999822 ) ) ;
#1922 = DIRECTION ( 'NONE',  ( 1.445602896647339410E-16, 0.000000000000000000, 1.000000000000000000 ) ) ;
#1923 = ORIENTED_EDGE ( 'NONE', *, *, #378, .F. ) ;
#1924 = AXIS2_PLACEMENT_3D ( 'NONE', #1471, #926, #1155 ) ;
#1925 = ORIENTED_EDGE ( 'NONE', *, *, #2024, .T. ) ;
#1926 = AXIS2_PLACEMENT_3D ( 'NONE', #2138, #1965, #1622 ) ;
#1927 = CARTESIAN_POINT ( 'NONE',  ( 9.500000000000001776, 5.799999999999999822, -4.299999999999999822 ) ) ;
#1928 = LINE ( 'NONE', #1763, #699 ) ;
#1929 = VERTEX_POINT ( 'NONE', #421 ) ;
#1930 = DIRECTION ( 'NONE',  ( -0.000000000000000000, -1.000000000000000000, -0.000000000000000000 ) ) ;
#1931 = DIRECTION ( 'NONE',  ( -0.000000000000000000, 1.000000000000000000, -0.000000000000000000 ) ) ;
#1932 = DIRECTION ( 'NONE',  ( -1.000000000000000000, 0.000000000000000000, 0.000000000000000000 ) ) ;
#1933 = DIRECTION ( 'NONE',  ( 1.000000000000000000, 0.000000000000000000, 1.369518533665900558E-16 ) ) ;
#1934 = CARTESIAN_POINT ( 'NONE',  ( 0.9999999999999988898, 6.299999999999999822, -5.299999999999999822 ) ) ;
#1935 = DIRECTION ( 'NONE',  ( -0.000000000000000000, -1.000000000000000000, -0.000000000000000000 ) ) ;
#1936 = ORIENTED_EDGE ( 'NONE', *, *, #1982, .T. ) ;
#1937 = CARTESIAN_POINT ( 'NONE',  ( 0.000000000000000000, 9.699999999999999289, -1.000000000000000000 ) ) ;
#1938 = ADVANCED_FACE ( 'NONE', ( #1660 ), #494, .T. ) ;
#1939 = CARTESIAN_POINT ( 'NONE',  ( 12.69881005727247114, 4.299999999999999822, -2.650000000000000355 ) ) ;
#1940 = DIRECTION ( 'NONE',  ( 0.000000000000000000, -1.000000000000000000, 0.000000000000000000 ) ) ;
#1941 = EDGE_CURVE ( 'NONE', #1219, #1748, #1714, .T. ) ;
#1942 = CARTESIAN_POINT ( 'NONE',  ( 2.249999999999997780, -2.200000000000000178, -1.449999999999999956 ) ) ;
#1943 = EDGE_CURVE ( 'NONE', #851, #1375, #402, .T. ) ;
#1944 = DIRECTION ( 'NONE',  ( 0.000000000000000000, 0.000000000000000000, 1.000000000000000000 ) ) ;
#1945 = DIRECTION ( 'NONE',  ( -0.000000000000000000, 1.000000000000000000, -0.000000000000000000 ) ) ;
#1946 = EDGE_CURVE ( 'NONE', #1372, #1626, #1896, .T. ) ;
#1947 = ORIENTED_EDGE ( 'NONE', *, *, #981, .T. ) ;
#1948 = EDGE_CURVE ( 'NONE', #1976, #1114, #2044, .T. ) ;
#1949 = SURFACE_STYLE_FILL_AREA ( #221 ) ;
#1950 = DIRECTION ( 'NONE',  ( 1.000000000000000000, 0.000000000000000000, 1.369518533665900558E-16 ) ) ;
#1951 = VECTOR ( 'NONE', #853, 1000.000000000000000 ) ;
#1952 = ORIENTED_EDGE ( 'NONE', *, *, #1112, .F. ) ;
#1953 = DIRECTION ( 'NONE',  ( 0.000000000000000000, 0.000000000000000000, -1.000000000000000000 ) ) ;
#1954 = AXIS2_PLACEMENT_3D ( 'NONE', #1684, #2026, #2215 ) ;
#1955 = CARTESIAN_POINT ( 'NONE',  ( 0.000000000000000000, 9.699999999999999289, 0.000000000000000000 ) ) ;
#1956 = VECTOR ( 'NONE', #27, 1000.000000000000000 ) ;
#1957 = AXIS2_PLACEMENT_3D ( 'NONE', #2155, #423, #1109 ) ;
#1958 = CIRCLE ( 'NONE', #694, 0.5000000000000000000 ) ;
#1959 = CIRCLE ( 'NONE', #2192, 1.000000000000000000 ) ;
#1960 = PLANE ( 'NONE',  #360 ) ;
#1961 = DIRECTION ( 'NONE',  ( 0.000000000000000000, 0.000000000000000000, -1.000000000000000000 ) ) ;
#1962 = VECTOR ( 'NONE', #1568, 1000.000000000000000 ) ;
#1963 = ORIENTED_EDGE ( 'NONE', *, *, #1191, .T. ) ;
#1964 = DIRECTION ( 'NONE',  ( 0.000000000000000000, 0.000000000000000000, -1.000000000000000000 ) ) ;
#1965 = DIRECTION ( 'NONE',  ( 0.000000000000000000, -1.000000000000000000, 0.000000000000000000 ) ) ;
#1966 = ORIENTED_EDGE ( 'NONE', *, *, #1263, .F. ) ;
#1967 = CARTESIAN_POINT ( 'NONE',  ( 7.682273184598537696, 17.89999999999999858, -2.300000000000000711 ) ) ;
#1968 = DIRECTION ( 'NONE',  ( -1.000000000000000000, 0.000000000000000000, -0.000000000000000000 ) ) ;
#1969 = ADVANCED_FACE ( 'NONE', ( #1195, #2250 ), #305, .F. ) ;
#1970 = ORIENTED_EDGE ( 'NONE', *, *, #999, .F. ) ;
#1971 = LINE ( 'NONE', #1611, #1996 ) ;
#1972 = CARTESIAN_POINT ( 'NONE',  ( 0.000000000000000000, 0.000000000000000000, 0.000000000000000000 ) ) ;
#1973 = ORIENTED_EDGE ( 'NONE', *, *, #2150, .T. ) ;
#1974 = LINE ( 'NONE', #950, #1804 ) ;
#1975 = DIRECTION ( 'NONE',  ( 0.000000000000000000, 0.000000000000000000, 1.000000000000000000 ) ) ;
#1976 = VERTEX_POINT ( 'NONE', #681 ) ;
#1977 = DIRECTION ( 'NONE',  ( 1.000000000000000000, 0.000000000000000000, 0.000000000000000000 ) ) ;
#1978 = ADVANCED_FACE ( 'NONE', ( #2070 ), #1334, .T. ) ;
#1979 = CARTESIAN_POINT ( 'NONE',  ( 0.000000000000000000, 0.000000000000000000, -5.299999999999999822 ) ) ;
#1980 = ADVANCED_FACE ( 'NONE', ( #2216 ), #139, .T. ) ;
#1981 = ORIENTED_EDGE ( 'NONE', *, *, #391, .T. ) ;
#1982 = EDGE_CURVE ( 'NONE', #284, #181, #739, .T. ) ;
#1983 = DIRECTION ( 'NONE',  ( 0.000000000000000000, 0.000000000000000000, 1.000000000000000000 ) ) ;
#1984 = PRODUCT_CONTEXT ( 'NONE', #257, 'mechanical' ) ;
#1985 = VERTEX_POINT ( 'NONE', #1502 ) ;
#1986 = LINE ( 'NONE', #1123, #392 ) ;
#1987 = DIRECTION ( 'NONE',  ( 1.000000000000000000, 0.000000000000000000, 1.369518533665900558E-16 ) ) ;
#1988 = EDGE_CURVE ( 'NONE', #1371, #1842, #366, .T. ) ;
#1989 = ORIENTED_EDGE ( 'NONE', *, *, #987, .F. ) ;
#1990 = CARTESIAN_POINT ( 'NONE',  ( 7.682273184598537696, 9.699999999999999289, -1.899999999999999467 ) ) ;
#1991 = CARTESIAN_POINT ( 'NONE',  ( 2.817726815401459639, 19.09999999999999787, -2.649999999999999911 ) ) ;
#1992 = VECTOR ( 'NONE', #1087, 1000.000000000000000 ) ;
#1993 = CIRCLE ( 'NONE', #575, 2.000000000000000000 ) ;
#1994 = VERTEX_POINT ( 'NONE', #484 ) ;
#1995 = CIRCLE ( 'NONE', #1525, 0.9499999999999990674 ) ;
#1996 = VECTOR ( 'NONE', #1435, 1000.000000000000000 ) ;
#1997 = CARTESIAN_POINT ( 'NONE',  ( 2.249999999999997780, -0.000000000000000000, -3.849999999999999201 ) ) ;
#1998 = ORIENTED_EDGE ( 'NONE', *, *, #1988, .T. ) ;
#1999 = DIRECTION ( 'NONE',  ( -0.000000000000000000, -1.000000000000000000, -0.000000000000000000 ) ) ;
#2000 = AXIS2_PLACEMENT_3D ( 'NONE', #1991, #1642, #256 ) ;
#2001 = ORIENTED_EDGE ( 'NONE', *, *, #1366, .T. ) ;
#2002 = FILL_AREA_STYLE_COLOUR ( '', #204 ) ;
#2003 = AXIS2_PLACEMENT_3D ( 'NONE', #1685, #1165, #1360 ) ;
#2004 = CARTESIAN_POINT ( 'NONE',  ( -4.249999999999999112, 1.300000000000000044, -5.300000000000000711 ) ) ;
#2005 = PRODUCT_DEFINITION_FORMATION_WITH_SPECIFIED_SOURCE ( 'ANY', '', #656, .NOT_KNOWN. ) ;
#2006 = ORIENTED_EDGE ( 'NONE', *, *, #1731, .T. ) ;
#2007 = EDGE_CURVE ( 'NONE', #638, #1794, #838, .T. ) ;
#2008 = CYLINDRICAL_SURFACE ( 'NONE', #166, 0.3500000000000000333 ) ;
#2009 = CARTESIAN_POINT ( 'NONE',  ( 1.000000000000000000, 5.799999999999999822, -1.000000000000000000 ) ) ;
#2010 = EDGE_LOOP ( 'NONE', ( #55, #1656, #1838, #1952, #1695 ) ) ;
#2011 = ORIENTED_EDGE ( 'NONE', *, *, #274, .T. ) ;
#2012 = EDGE_CURVE ( 'NONE', #1068, #1398, #247, .T. ) ;
#2013 = DIRECTION ( 'NONE',  ( 1.000000000000000000, 0.000000000000000000, 0.000000000000000000 ) ) ;
#2014 = CARTESIAN_POINT ( 'NONE',  ( 8.249999999999998224, 0.000000000000000000, -2.649999999999999023 ) ) ;
#2015 = VERTEX_POINT ( 'NONE', #650 ) ;
#2016 = LINE ( 'NONE', #275, #1265 ) ;
#2017 = CARTESIAN_POINT ( 'NONE',  ( 12.69881005727247114, 4.299999999999999822, -2.650000000000000355 ) ) ;
#2018 = ORIENTED_EDGE ( 'NONE', *, *, #235, .T. ) ;
#2019 = DIRECTION ( 'NONE',  ( 0.000000000000000000, -1.000000000000000000, 0.000000000000000000 ) ) ;
#2020 = ORIENTED_EDGE ( 'NONE', *, *, #1090, .T. ) ;
#2021 = LINE ( 'NONE', #1979, #1674 ) ;
#2022 = ORIENTED_EDGE ( 'NONE', *, *, #121, .T. ) ;
#2023 = DIRECTION ( 'NONE',  ( 0.000000000000000000, -0.000000000000000000, -1.000000000000000000 ) ) ;
#2024 = EDGE_CURVE ( 'NONE', #1985, #1976, #2040, .T. ) ;
#2025 = EDGE_LOOP ( 'NONE', ( #1071, #226, #59, #1460, #1856, #949, #536, #2264, #600, #2128, #1542, #682 ) ) ;
#2026 = DIRECTION ( 'NONE',  ( 0.000000000000000000, 1.000000000000000000, 0.000000000000000000 ) ) ;
#2027 = CARTESIAN_POINT ( 'NONE',  ( 9.500000000000001776, 9.699999999999999289, -4.299999999999999822 ) ) ;
#2028 = ORIENTED_EDGE ( 'NONE', *, *, #393, .F. ) ;
#2029 = CARTESIAN_POINT ( 'NONE',  ( 10.50000000000000000, 4.299999999999999822, -1.000000000000000000 ) ) ;
#2030 = CARTESIAN_POINT ( 'NONE',  ( 10.50000000000000000, 1.300000000000000711, 0.000000000000000000 ) ) ;
#2031 = ORIENTED_EDGE ( 'NONE', *, *, #85, .T. ) ;
#2032 = AXIS2_PLACEMENT_3D ( 'NONE', #72, #1662, #781 ) ;
#2033 = AXIS2_PLACEMENT_3D ( 'NONE', #534, #1403, #526 ) ;
#2034 = CYLINDRICAL_SURFACE ( 'NONE', #802, 0.9499999999999998446 ) ;
#2035 = AXIS2_PLACEMENT_3D ( 'NONE', #1720, #856, #2260 ) ;
#2036 = VECTOR ( 'NONE', #879, 1000.000000000000000 ) ;
#2037 = AXIS2_PLACEMENT_3D ( 'NONE', #1260, #2108, #1738 ) ;
#2038 = ORIENTED_EDGE ( 'NONE', *, *, #1605, .F. ) ;
#2039 = CARTESIAN_POINT ( 'NONE',  ( 2.817726815401459639, 17.89999999999999858, -2.649999999999999911 ) ) ;
#2040 = LINE ( 'NONE', #2052, #552 ) ;
#2041 = VECTOR ( 'NONE', #1363, 1000.000000000000000 ) ;
#2042 = EDGE_CURVE ( 'NONE', #1769, #1023, #1874, .T. ) ;
#2043 = ORIENTED_EDGE ( 'NONE', *, *, #1156, .F. ) ;
#2044 = CIRCLE ( 'NONE', #1564, 1.199999999999999734 ) ;
#2045 = ORIENTED_EDGE ( 'NONE', *, *, #1115, .T. ) ;
#2046 = CARTESIAN_POINT ( 'NONE',  ( 8.249999999999998224, -2.200000000000000178, -2.649999999999999023 ) ) ;
#2047 = CARTESIAN_POINT ( 'NONE',  ( 14.74999999999999822, 1.300000000000000044, -2.000000000000001332 ) ) ;
#2048 = CARTESIAN_POINT ( 'NONE',  ( 0.9999999999999991118, 5.299999999999999822, -5.299999999999999822 ) ) ;
#2049 = VERTEX_POINT ( 'NONE', #1703 ) ;
#2050 = EDGE_CURVE ( 'NONE', #394, #862, #1130, .T. ) ;
#2051 = CARTESIAN_POINT ( 'NONE',  ( 1.000000000000000000, 5.799999999999999822, -4.299999999999999822 ) ) ;
#2052 = CARTESIAN_POINT ( 'NONE',  ( 2.249999999999997780, -2.200000000000000178, -3.849999999999999201 ) ) ;
#2053 = ORIENTED_EDGE ( 'NONE', *, *, #1183, .F. ) ;
#2054 = ORIENTED_EDGE ( 'NONE', *, *, #270, .T. ) ;
#2055 = DIRECTION ( 'NONE',  ( 0.000000000000000000, -1.000000000000000000, 0.000000000000000000 ) ) ;
#2056 = CARTESIAN_POINT ( 'NONE',  ( 9.500000000000001776, 9.699999999999999289, -5.299999999999999822 ) ) ;
#2057 = VERTEX_POINT ( 'NONE', #1536 ) ;
#2058 = ORIENTED_EDGE ( 'NONE', *, *, #1053, .F. ) ;
#2059 = DIRECTION ( 'NONE',  ( 0.000000000000000000, 1.000000000000000000, 0.000000000000000000 ) ) ;
#2060 = DIRECTION ( 'NONE',  ( -0.000000000000000000, -1.000000000000000000, -0.000000000000000000 ) ) ;
#2061 = ADVANCED_FACE ( 'NONE', ( #2241, #671 ), #502, .F. ) ;
#2062 = ORIENTED_EDGE ( 'NONE', *, *, #1943, .F. ) ;
#2063 = ORIENTED_EDGE ( 'NONE', *, *, #1089, .F. ) ;
#2064 = DIRECTION ( 'NONE',  ( 0.000000000000000000, 0.000000000000000000, 1.000000000000000000 ) ) ;
#2065 = DIRECTION ( 'NONE',  ( -1.000000000000000000, -0.000000000000000000, -0.000000000000000000 ) ) ;
#2066 = DIRECTION ( 'NONE',  ( 0.000000000000000000, -1.000000000000000000, 0.000000000000000000 ) ) ;
#2067 = CIRCLE ( 'NONE', #797, 0.3499999999999992006 ) ;
#2068 = VECTOR ( 'NONE', #718, 1000.000000000000000 ) ;
#2069 = CARTESIAN_POINT ( 'NONE',  ( 0.000000000000000000, 4.299999999999999822, 0.000000000000000000 ) ) ;
#2070 = FACE_OUTER_BOUND ( 'NONE', #816, .T. ) ;
#2071 = ORIENTED_EDGE ( 'NONE', *, *, #141, .F. ) ;
#2072 = DIRECTION ( 'NONE',  ( -1.000000000000000000, 0.000000000000000000, 0.000000000000000000 ) ) ;
#2073 = AXIS2_PLACEMENT_3D ( 'NONE', #757, #2142, #782 ) ;
#2074 = DIRECTION ( 'NONE',  ( 0.000000000000000000, -1.000000000000000000, 0.000000000000000000 ) ) ;
#2075 = VECTOR ( 'NONE', #850, 1000.000000000000000 ) ;
#2076 = ORIENTED_EDGE ( 'NONE', *, *, #5, .F. ) ;
#2077 = LINE ( 'NONE', #1331, #1452 ) ;
#2078 = ORIENTED_EDGE ( 'NONE', *, *, #141, .T. ) ;
#2079 = EDGE_CURVE ( 'NONE', #595, #370, #546, .T. ) ;
#2080 = CARTESIAN_POINT ( 'NONE',  ( 2.817726815401459639, 19.09999999999999787, -2.299999999999999822 ) ) ;
#2081 = CARTESIAN_POINT ( 'NONE',  ( -4.249999999999999112, 4.299999999999999822, -5.300000000000000711 ) ) ;
#2082 = ORIENTED_EDGE ( 'NONE', *, *, #1158, .F. ) ;
#2083 = FACE_OUTER_BOUND ( 'NONE', #413, .T. ) ;
#2084 = CARTESIAN_POINT ( 'NONE',  ( 12.69881005727247114, 1.300000000000000044, -2.650000000000000355 ) ) ;
#2085 = ADVANCED_FACE ( 'NONE', ( #1743 ), #1721, .T. ) ;
#2086 = FACE_OUTER_BOUND ( 'NONE', #1188, .T. ) ;
#2087 = DIRECTION ( 'NONE',  ( 0.000000000000000000, 0.000000000000000000, -1.000000000000000000 ) ) ;
#2088 = EDGE_LOOP ( 'NONE', ( #397, #1936, #1335, #788 ) ) ;
#2089 = ORIENTED_EDGE ( 'NONE', *, *, #1263, .T. ) ;
#2090 = CARTESIAN_POINT ( 'NONE',  ( 1.000000000000000000, 9.699999999999999289, -5.299999999999999822 ) ) ;
#2091 = DIRECTION ( 'NONE',  ( 0.000000000000000000, -1.000000000000000000, 0.000000000000000000 ) ) ;
#2092 = ORIENTED_EDGE ( 'NONE', *, *, #1388, .T. ) ;
#2093 = LINE ( 'NONE', #374, #433 ) ;
#2094 = DIRECTION ( 'NONE',  ( 0.000000000000000000, 0.000000000000000000, -1.000000000000000000 ) ) ;
#2095 = DIRECTION ( 'NONE',  ( -0.000000000000000000, -1.000000000000000000, -0.000000000000000000 ) ) ;
#2096 = DIRECTION ( 'NONE',  ( -0.000000000000000000, -1.000000000000000000, 0.000000000000000000 ) ) ;
#2097 = ORIENTED_EDGE ( 'NONE', *, *, #393, .T. ) ;
#2098 = ORIENTED_EDGE ( 'NONE', *, *, #1388, .F. ) ;
#2099 = DIRECTION ( 'NONE',  ( 0.000000000000000000, 1.000000000000000000, 0.000000000000000000 ) ) ;
#2100 = CLOSED_SHELL ( 'NONE', ( #185, #466, #962, #183, #282, #1357, #651, #2170, #582, #92, #1370, #1628, #510, #2225, #78, #1439, #1617, #1066, #533, #1218, #1004, #720, #1006, #1836, #2061, #922, #2204, #317, #1147, #112, #609, #2085, #387, #2257, #2161, #617, #1168, #398, #731, #491, #1752, #1671, #272, #22, #1353, #1969, #2163, #1895, #1377, #1978, #1317, #2272, #43, #1176, #1161, #1111, #1140, #296, #1321, #1938, #1262, #978, #1120, #359, #597, #2189, #1002, #1841, #1894, #1081, #721, #177, #2212, #687, #1980 ) ) ;
#2101 = CARTESIAN_POINT ( 'NONE',  ( 2.249999999999997780, 0.000000000000000000, -1.149999999999999911 ) ) ;
#2102 = STYLED_ITEM ( 'NONE', ( #1648 ), #594 ) ;
#2103 = EDGE_LOOP ( 'NONE', ( #1224, #312, #924, #2076 ) ) ;
#2104 = CARTESIAN_POINT ( 'NONE',  ( 9.499999999999998224, 9.699999999999999289, 0.000000000000000000 ) ) ;
#2105 = DIRECTION ( 'NONE',  ( 1.040834085586084257E-14, 0.000000000000000000, -1.000000000000000000 ) ) ;
#2106 = CIRCLE ( 'NONE', #1705, 0.9499999999999998446 ) ;
#2107 = VECTOR ( 'NONE', #571, 1000.000000000000000 ) ;
#2108 = DIRECTION ( 'NONE',  ( 0.000000000000000000, -1.000000000000000000, 0.000000000000000000 ) ) ;
#2109 = DIRECTION ( 'NONE',  ( -1.000000000000000000, 0.000000000000000000, -1.084202172485504434E-16 ) ) ;
#2110 = EDGE_LOOP ( 'NONE', ( #604, #297, #2071, #1408 ) ) ;
#2111 = CIRCLE ( 'NONE', #2073, 1.000000000000000000 ) ;
#2112 = VECTOR ( 'NONE', #1975, 1000.000000000000000 ) ;
#2113 = VECTOR ( 'NONE', #1730, 1000.000000000000000 ) ;
#2114 = FACE_BOUND ( 'NONE', #629, .T. ) ;
#2115 = CARTESIAN_POINT ( 'NONE',  ( 1.000000000000000000, 9.699999999999999289, -4.299999999999999822 ) ) ;
#2116 = ORIENTED_EDGE ( 'NONE', *, *, #190, .T. ) ;
#2117 = DIRECTION ( 'NONE',  ( -1.000000000000000000, 0.000000000000000000, 0.000000000000000000 ) ) ;
#2118 = CARTESIAN_POINT ( 'NONE',  ( 0.000000000000000000, 9.699999999999999289, -1.000000000000000000 ) ) ;
#2119 = ORIENTED_EDGE ( 'NONE', *, *, #4, .F. ) ;
#2120 = DIRECTION ( 'NONE',  ( -0.000000000000000000, 1.000000000000000000, -0.000000000000000000 ) ) ;
#2121 = LINE ( 'NONE', #192, #547 ) ;
#2122 = EDGE_CURVE ( 'NONE', #500, #865, #903, .T. ) ;
#2123 = DIRECTION ( 'NONE',  ( -6.546126324440780651E-16, 0.000000000000000000, -1.000000000000000000 ) ) ;
#2124 = DIRECTION ( 'NONE',  ( 0.000000000000000000, -0.000000000000000000, -1.000000000000000000 ) ) ;
#2125 = EDGE_LOOP ( 'NONE', ( #1531, #220, #814, #113 ) ) ;
#2126 = DIRECTION ( 'NONE',  ( 0.000000000000000000, -1.000000000000000000, 0.000000000000000000 ) ) ;
#2127 = DIRECTION ( 'NONE',  ( -0.000000000000000000, 1.000000000000000000, -0.000000000000000000 ) ) ;
#2128 = ORIENTED_EDGE ( 'NONE', *, *, #1832, .F. ) ;
#2129 = CARTESIAN_POINT ( 'NONE',  ( -2.198810057272473806, 1.300000000000000044, -2.650000000000000355 ) ) ;
#2130 = LINE ( 'NONE', #37, #1919 ) ;
#2131 = PRODUCT_DEFINITION ( 'UNKNOWN', '', #2005, #1421 ) ;
#2132 = ORIENTED_EDGE ( 'NONE', *, *, #1330, .F. ) ;
#2133 = FACE_OUTER_BOUND ( 'NONE', #503, .T. ) ;
#2134 = DIRECTION ( 'NONE',  ( 0.000000000000000000, -0.000000000000000000, 1.000000000000000000 ) ) ;
#2135 = ORIENTED_EDGE ( 'NONE', *, *, #900, .F. ) ;
#2136 = VECTOR ( 'NONE', #1057, 1000.000000000000000 ) ;
#2137 = CYLINDRICAL_SURFACE ( 'NONE', #899, 1.000000000000000000 ) ;
#2138 = CARTESIAN_POINT ( 'NONE',  ( 7.682273184598537696, 17.89999999999999858, -2.649999999999999911 ) ) ;
#2139 = VECTOR ( 'NONE', #1603, 1000.000000000000000 ) ;
#2140 = LINE ( 'NONE', #230, #471 ) ;
#2141 = VECTOR ( 'NONE', #1291, 1000.000000000000000 ) ;
#2142 = DIRECTION ( 'NONE',  ( -0.000000000000000000, -1.000000000000000000, -0.000000000000000000 ) ) ;
#2143 = EDGE_CURVE ( 'NONE', #663, #342, #1208, .T. ) ;
#2144 = VECTOR ( 'NONE', #1443, 1000.000000000000000 ) ;
#2145 = AXIS2_PLACEMENT_3D ( 'NONE', #84, #452, #790 ) ;
#2146 = VERTEX_POINT ( 'NONE', #184 ) ;
#2147 = CIRCLE ( 'NONE', #1084, 2.000000000000000000 ) ;
#2148 = FACE_OUTER_BOUND ( 'NONE', #211, .T. ) ;
#2149 = AXIS2_PLACEMENT_3D ( 'NONE', #32, #744, #1426 ) ;
#2150 = EDGE_CURVE ( 'NONE', #763, #742, #1928, .T. ) ;
#2151 = ORIENTED_EDGE ( 'NONE', *, *, #1679, .T. ) ;
#2152 = DIRECTION ( 'NONE',  ( 0.000000000000000000, -1.000000000000000000, 0.000000000000000000 ) ) ;
#2153 = DIRECTION ( 'NONE',  ( 0.000000000000000000, 0.000000000000000000, -1.000000000000000000 ) ) ;
#2154 = EDGE_LOOP ( 'NONE', ( #520, #2053, #1973, #2092 ) ) ;
#2155 = CARTESIAN_POINT ( 'NONE',  ( 12.74999999999999822, 1.300000000000000044, -2.000000000000000000 ) ) ;
#2156 = CARTESIAN_POINT ( 'NONE',  ( -2.198810057272473806, 1.300000000000000044, -1.700000000000000622 ) ) ;
#2157 = VERTEX_POINT ( 'NONE', #1038 ) ;
#2158 = CYLINDRICAL_SURFACE ( 'NONE', #976, 0.9499999999999990674 ) ;
#2159 = ORIENTED_EDGE ( 'NONE', *, *, #1646, .T. ) ;
#2160 = DIRECTION ( 'NONE',  ( 0.000000000000000000, 0.000000000000000000, 1.000000000000000000 ) ) ;
#2161 = ADVANCED_FACE ( 'NONE', ( #1391 ), #1585, .T. ) ;
#2162 = EDGE_LOOP ( 'NONE', ( #822, #1348 ) ) ;
#2163 = ADVANCED_FACE ( 'NONE', ( #531 ), #719, .T. ) ;
#2164 = FACE_OUTER_BOUND ( 'NONE', #2103, .T. ) ;
#2165 = CARTESIAN_POINT ( 'NONE',  ( 1.000000000000000000, 9.699999999999999289, -1.000000000000000000 ) ) ;
#2166 = ORIENTED_EDGE ( 'NONE', *, *, #1407, .F. ) ;
#2167 = CARTESIAN_POINT ( 'NONE',  ( 8.249999999999996447, -2.200000000000000178, -1.149999999999999245 ) ) ;
#2168 = CYLINDRICAL_SURFACE ( 'NONE', #2000, 0.3500000000000000333 ) ;
#2169 = ORIENTED_EDGE ( 'NONE', *, *, #18, .T. ) ;
#2170 = ADVANCED_FACE ( 'NONE', ( #1913 ), #1754, .T. ) ;
#2171 = CARTESIAN_POINT ( 'NONE',  ( 14.75000000000000000, 4.299999999999999822, 2.326828918379970970E-15 ) ) ;
#2172 = VERTEX_POINT ( 'NONE', #196 ) ;
#2173 = EDGE_CURVE ( 'NONE', #1312, #90, #17, .T. ) ;
#2174 = VERTEX_POINT ( 'NONE', #891 ) ;
#2175 = FACE_OUTER_BOUND ( 'NONE', #1270, .T. ) ;
#2176 = UNCERTAINTY_MEASURE_WITH_UNIT (LENGTH_MEASURE( 1.000000000000000082E-05 ), #1303, 'distance_accuracy_value', 'NONE');
#2177 = ORIENTED_EDGE ( 'NONE', *, *, #917, .F. ) ;
#2178 = CARTESIAN_POINT ( 'NONE',  ( 10.50000000000000000, 5.299999999999999822, -4.299999999999999822 ) ) ;
#2179 = DIRECTION ( 'NONE',  ( -0.000000000000000000, 1.000000000000000000, -0.000000000000000000 ) ) ;
#2180 = CIRCLE ( 'NONE', #833, 1.500000000000000000 ) ;
#2181 = CIRCLE ( 'NONE', #867, 0.9499999999999998446 ) ;
#2182 = VERTEX_POINT ( 'NONE', #524 ) ;
#2183 = ORIENTED_EDGE ( 'NONE', *, *, #378, .T. ) ;
#2184 = AXIS2_PLACEMENT_3D ( 'NONE', #1837, #815, #2186 ) ;
#2185 = AXIS2_PLACEMENT_3D ( 'NONE', #1383, #2074, #1170 ) ;
#2186 = DIRECTION ( 'NONE',  ( 0.000000000000000000, 0.000000000000000000, -1.000000000000000000 ) ) ;
#2187 = DIRECTION ( 'NONE',  ( -0.000000000000000000, 1.000000000000000000, 0.000000000000000000 ) ) ;
#2188 = VECTOR ( 'NONE', #1789, 1000.000000000000000 ) ;
#2189 = ADVANCED_FACE ( 'NONE', ( #558 ), #1226, .T. ) ;
#2190 = ORIENTED_EDGE ( 'NONE', *, *, #416, .F. ) ;
#2191 = DIRECTION ( 'NONE',  ( -0.000000000000000000, 1.000000000000000000, -0.000000000000000000 ) ) ;
#2192 = AXIS2_PLACEMENT_3D ( 'NONE', #2165, #631, #602 ) ;
#2193 = LINE ( 'NONE', #1673, #289 ) ;
#2194 = ORIENTED_EDGE ( 'NONE', *, *, #231, .T. ) ;
#2195 = CARTESIAN_POINT ( 'NONE',  ( 7.682273184598537696, 19.09999999999999787, -2.649999999999999911 ) ) ;
#2196 = DIRECTION ( 'NONE',  ( 0.000000000000000000, 0.000000000000000000, -1.000000000000000000 ) ) ;
#2197 = EDGE_LOOP ( 'NONE', ( #187, #956, #1322, #1562 ) ) ;
#2198 = EDGE_CURVE ( 'NONE', #767, #1023, #566, .T. ) ;
#2199 = DIRECTION ( 'NONE',  ( 0.000000000000000000, -1.000000000000000000, 0.000000000000000000 ) ) ;
#2200 = EDGE_CURVE ( 'NONE', #1712, #577, #358, .T. ) ;
#2201 = EDGE_LOOP ( 'NONE', ( #645, #1456, #2020, #1680 ) ) ;
#2202 = PLANE ( 'NONE',  #1304 ) ;
#2203 = CARTESIAN_POINT ( 'NONE',  ( 8.249999999999998224, -2.200000000000000178, -2.649999999999999023 ) ) ;
#2204 = ADVANCED_FACE ( 'NONE', ( #159, #1217 ), #857, .T. ) ;
#2205 = ORIENTED_EDGE ( 'NONE', *, *, #1115, .F. ) ;
#2206 = CARTESIAN_POINT ( 'NONE',  ( 14.75000000000000000, 1.300000000000000044, 2.326828918379970970E-15 ) ) ;
#2207 = EDGE_CURVE ( 'NONE', #1114, #767, #347, .T. ) ;
#2208 = FACE_OUTER_BOUND ( 'NONE', #2201, .T. ) ;
#2209 = APPLICATION_CONTEXT ( 'automotive_design' ) ;
#2210 = ORIENTED_EDGE ( 'NONE', *, *, #846, .F. ) ;
#2211 = EDGE_CURVE ( 'NONE', #295, #1083, #709, .T. ) ;
#2212 = ADVANCED_FACE ( 'NONE', ( #48 ), #1657, .T. ) ;
#2213 = CARTESIAN_POINT ( 'NONE',  ( 0.000000000000000000, 4.299999999999999822, 0.000000000000000000 ) ) ;
#2214 = VERTEX_POINT ( 'NONE', #428 ) ;
#2215 = DIRECTION ( 'NONE',  ( 0.000000000000000000, 0.000000000000000000, 1.000000000000000000 ) ) ;
#2216 = FACE_OUTER_BOUND ( 'NONE', #86, .T. ) ;
#2217 = ORIENTED_EDGE ( 'NONE', *, *, #1053, .T. ) ;
#2218 = CARTESIAN_POINT ( 'NONE',  ( 0.000000000000000000, 9.699999999999999289, 0.000000000000000000 ) ) ;
#2219 = CARTESIAN_POINT ( 'NONE',  ( 7.682273184598537696, 19.09999999999999787, -2.649999999999999911 ) ) ;
#2220 = EDGE_CURVE ( 'NONE', #1113, #1712, #628, .T. ) ;
#2221 = ORIENTED_EDGE ( 'NONE', *, *, #506, .T. ) ;
#2222 = VECTOR ( 'NONE', #1607, 1000.000000000000000 ) ;
#2223 = EDGE_CURVE ( 'NONE', #2214, #500, #1893, .T. ) ;
#2224 = CIRCLE ( 'NONE', #1343, 0.4999999999999995559 ) ;
#2225 = ADVANCED_FACE ( 'NONE', ( #1103 ), #1474, .T. ) ;
#2226 = AXIS2_PLACEMENT_3D ( 'NONE', #1637, #420, #1798 ) ;
#2227 = AXIS2_PLACEMENT_3D ( 'NONE', #574, #912, #931 ) ;
#2228 = VECTOR ( 'NONE', #200, 1000.000000000000000 ) ;
#2229 = ORIENTED_EDGE ( 'NONE', *, *, #1668, .T. ) ;
#2230 = FACE_OUTER_BOUND ( 'NONE', #1716, .T. ) ;
#2231 = CARTESIAN_POINT ( 'NONE',  ( 10.50000000000000000, 5.799999999999999822, -1.000000000000000000 ) ) ;
#2232 = VECTOR ( 'NONE', #748, 1000.000000000000000 ) ;
#2233 = ORIENTED_EDGE ( 'NONE', *, *, #1507, .T. ) ;
#2234 = AXIS2_PLACEMENT_3D ( 'NONE', #1029, #106, #810 ) ;
#2235 = CARTESIAN_POINT ( 'NONE',  ( 0.000000000000000000, 5.799999999999999822, -2.649999999999999911 ) ) ;
#2236 = CARTESIAN_POINT ( 'NONE',  ( 2.249999999999997780, -2.200000000000000178, -2.649999999999999911 ) ) ;
#2237 = EDGE_CURVE ( 'NONE', #1794, #342, #913, .T. ) ;
#2238 = ORIENTED_EDGE ( 'NONE', *, *, #1409, .T. ) ;
#2239 = VERTEX_POINT ( 'NONE', #89 ) ;
#2240 = DIRECTION ( 'NONE',  ( 0.000000000000000000, 1.000000000000000000, 0.000000000000000000 ) ) ;
#2241 = FACE_BOUND ( 'NONE', #2162, .T. ) ;
#2242 = EDGE_CURVE ( 'NONE', #679, #2049, #1021, .T. ) ;
#2243 = ORIENTED_EDGE ( 'NONE', *, *, #1679, .F. ) ;
#2244 = ORIENTED_EDGE ( 'NONE', *, *, #884, .F. ) ;
#2245 = DIRECTION ( 'NONE',  ( 0.000000000000000000, 0.000000000000000000, -1.000000000000000000 ) ) ;
#2246 = CARTESIAN_POINT ( 'NONE',  ( 9.500000000000001776, 9.699999999999999289, 0.000000000000000000 ) ) ;
#2247 = VERTEX_POINT ( 'NONE', #234 ) ;
#2248 = ORIENTED_EDGE ( 'NONE', *, *, #1325, .T. ) ;
#2249 = LINE ( 'NONE', #1543, #323 ) ;
#2250 = FACE_OUTER_BOUND ( 'NONE', #1287, .T. ) ;
#2251 = EDGE_CURVE ( 'NONE', #1732, #1264, #1777, .T. ) ;
#2252 = ORIENTED_EDGE ( 'NONE', *, *, #1151, .F. ) ;
#2253 = CARTESIAN_POINT ( 'NONE',  ( -4.249999999999999112, 1.300000000000000044, -3.300000000000000266 ) ) ;
#2254 = DIRECTION ( 'NONE',  ( 0.000000000000000000, 0.000000000000000000, -1.000000000000000000 ) ) ;
#2255 = ORIENTED_EDGE ( 'NONE', *, *, #217, .F. ) ;
#2256 = FACE_OUTER_BOUND ( 'NONE', #855, .T. ) ;
#2257 = ADVANCED_FACE ( 'NONE', ( #1796 ), #1635, .T. ) ;
#2258 = CIRCLE ( 'NONE', #1522, 0.5000000000000000000 ) ;
#2259 = AXIS2_PLACEMENT_3D ( 'NONE', #1864, #1164, #292 ) ;
#2260 = DIRECTION ( 'NONE',  ( -3.469446951953617344E-15, 0.000000000000000000, -1.000000000000000000 ) ) ;
#2261 = DIRECTION ( 'NONE',  ( -1.000000000000000000, -0.000000000000000000, -0.000000000000000000 ) ) ;
#2262 = VECTOR ( 'NONE', #521, 1000.000000000000000 ) ;
#2263 = VERTEX_POINT ( 'NONE', #67 ) ;
#2264 = ORIENTED_EDGE ( 'NONE', *, *, #1376, .T. ) ;
#2265 = CARTESIAN_POINT ( 'NONE',  ( 9.500000000000001776, 5.799999999999999822, -1.000000000000000000 ) ) ;
#2266 = VECTOR ( 'NONE', #1845, 1000.000000000000000 ) ;
#2267 = DIRECTION ( 'NONE',  ( -0.000000000000000000, 1.000000000000000000, -0.000000000000000000 ) ) ;
#2268 = VECTOR ( 'NONE', #336, 1000.000000000000000 ) ;
#2269 = CARTESIAN_POINT ( 'NONE',  ( 4.128154633174248467, 9.699999999999999289, 4.480664574001944622 ) ) ;
#2270 = FACE_OUTER_BOUND ( 'NONE', #1545, .T. ) ;
#2271 = VECTOR ( 'NONE', #2261, 1000.000000000000000 ) ;
#2272 = ADVANCED_FACE ( 'NONE', ( #1612 ), #1289, .F. ) ;
#2273 = DIRECTION ( 'NONE',  ( -0.000000000000000000, -1.000000000000000000, -0.000000000000000000 ) ) ;
#2274 = DIRECTION ( 'NONE',  ( 0.000000000000000000, -0.000000000000000000, -1.000000000000000000 ) ) ;
#2275 = ORIENTED_EDGE ( 'NONE', *, *, #1136, .T. ) ;
#2276 = CARTESIAN_POINT ( 'NONE',  ( -4.250000000000000000, 4.299999999999999822, 0.000000000000000000 ) ) ;
#2277 = DIRECTION ( 'NONE',  ( 0.000000000000000000, 0.000000000000000000, -1.000000000000000000 ) ) ;
ENDSEC;
END-ISO-10303-21;
