#pragma once
#include <Arduino.h>
#include <gfxfont.h>

const uint8_t DejaVuSans_Bold36pt7bBitmaps[] PROGMEM = {
  0x00, 0xFF, 0xFF, 0xFF, 0xFF, 0xFF, 0xFF, 0xFF, 0xFF, 0xFF, 0xFF, 0xFF,
  0xFF, 0xFF, 0xFF, 0xFF, 0xFF, 0xFF, 0xFF, 0xFF, 0xFF, 0xFF, 0xFF, 0xFF,
  0xFF, 0xFF, 0xFF, 0xFF, 0xFF, 0xFF, 0xFF, 0xFF, 0xFF, 0xFF, 0xFF, 0xFF,
  0xFF, 0xFF, 0xF7, 0xFE, 0x7F, 0xE7, 0xFE, 0x7F, 0xE7, 0xFE, 0x7F, 0xE7,
  0xFE, 0x7F, 0xE3, 0xFC, 0x3F, 0xC0, 0x00, 0x00, 0x00, 0x00, 0x00, 0x00,
  0x00, 0xFF, 0xFF, 0xFF, 0xFF, 0xFF, 0xFF, 0xFF, 0xFF, 0xFF, 0xFF, 0xFF,
  0xFF, 0xFF, 0xFF, 0xFF, 0xFF, 0xFF, 0xFF, 0xFF, 0x01, 0xFF, 0xFE, 0x03,
  0xFF, 0xFC, 0x07, 0xFF, 0xF8, 0x0F, 0xFF, 0xF0, 0x1F, 0xFF, 0xE0, 0x3F,
  0xFF, 0xC0, 0x7F, 0xFF, 0x80, 0xFF, 0xFF, 0x01, 0xFF, 0xFE, 0x03, 0xFF,
  0xFC, 0x07, 0xFF, 0xF8, 0x0F, 0xFF, 0xF0, 0x1F, 0xFF, 0xE0, 0x3F, 0xFF,
  0xC0, 0x7F, 0xFF, 0x80, 0xFF, 0xFF, 0x01, 0xFF, 0xFE, 0x03, 0xFF, 0xFC,
  0x07, 0xF8, 0x00, 0x00, 0x1F, 0xE0, 0x0F, 0xF0, 0x00, 0x00, 0x07, 0xF0,
  0x03, 0xF8, 0x00, 0x00, 0x03, 0xFC, 0x01, 0xFE, 0x00, 0x00, 0x00, 0xFF,
  0x00, 0x7F, 0x80, 0x00, 0x00, 0x3F, 0xC0, 0x1F, 0xE0, 0x00, 0x00, 0x0F,
  0xE0, 0x07, 0xF0, 0x00, 0x00, 0x07, 0xF8, 0x03, 0xFC, 0x00, 0x00, 0x01,
  0xFE, 0x00, 0xFF, 0x00, 0x00, 0x00, 0x7F, 0x80, 0x3F, 0xC0, 0x00, 0x00,
  0x1F, 0xC0, 0x0F, 0xE0, 0x00, 0x00, 0x0F, 0xF0, 0x07, 0xF8, 0x00, 0x00,
  0x03, 0xFC, 0x01, 0xFE, 0x00, 0x00, 0x00, 0xFF, 0x00, 0x7F, 0x80, 0x03,
  0xFF, 0xFF, 0xFF, 0xFF, 0xFF, 0xF0, 0xFF, 0xFF, 0xFF, 0xFF, 0xFF, 0xFC,
  0x3F, 0xFF, 0xFF, 0xFF, 0xFF, 0xFF, 0x0F, 0xFF, 0xFF, 0xFF, 0xFF, 0xFF,
  0xC3, 0xFF, 0xFF, 0xFF, 0xFF, 0xFF, 0xF0, 0xFF, 0xFF, 0xFF, 0xFF, 0xFF,
  0xFC, 0x3F, 0xFF, 0xFF, 0xFF, 0xFF, 0xFF, 0x00, 0x03, 0xF8, 0x01, 0xFC,
  0x00, 0x00, 0x01, 0xFE, 0x00, 0xFF, 0x00, 0x00, 0x00, 0x7F, 0x80, 0x3F,
  0xC0, 0x00, 0x00, 0x1F, 0xE0, 0x0F, 0xF0, 0x00, 0x00, 0x07, 0xF8, 0x03,
  0xF8, 0x00, 0x00, 0x03, 0xFC, 0x01, 0xFE, 0x00, 0x00, 0x00, 0xFF, 0x00,
  0x7F, 0x80, 0x00, 0x00, 0x3F, 0xC0, 0x1F, 0xE0, 0x00, 0x00, 0x0F, 0xF0,
  0x07, 0xF8, 0x00, 0x00, 0x03, 0xF8, 0x03, 0xFC, 0x00, 0x0F, 0xFF, 0xFF,
  0xFF, 0xFF, 0xFF, 0xC3, 0xFF, 0xFF, 0xFF, 0xFF, 0xFF, 0xF0, 0xFF, 0xFF,
  0xFF, 0xFF, 0xFF, 0xFC, 0x3F, 0xFF, 0xFF, 0xFF, 0xFF, 0xFF, 0x0F, 0xFF,
  0xFF, 0xFF, 0xFF, 0xFF, 0xC3, 0xFF, 0xFF, 0xFF, 0xFF, 0xFF, 0xF0, 0xFF,
  0xFF, 0xFF, 0xFF, 0xFF, 0xFC, 0x00, 0x0F, 0xE0, 0x07, 0xF0, 0x00, 0x00,
  0x07, 0xF8, 0x03, 0xFC, 0x00, 0x00, 0x01, 0xFE, 0x00, 0xFF, 0x00, 0x00,
  0x00, 0x7F, 0x80, 0x3F, 0x80, 0x00, 0x00, 0x1F, 0xC0, 0x0F, 0xE0, 0x00,
  0x00, 0x0F, 0xF0, 0x07, 0xF8, 0x00, 0x00, 0x03, 0xFC, 0x01, 0xFE, 0x00,
  0x00, 0x00, 0xFF, 0x00, 0x7F, 0x80, 0x00, 0x00, 0x3F, 0x80, 0x1F, 0xC0,
  0x00, 0x00, 0x1F, 0xE0, 0x0F, 0xF0, 0x00, 0x00, 0x07, 0xF8, 0x03, 0xFC,
  0x00, 0x00, 0x01, 0xFE, 0x00, 0xFF, 0x00, 0x00, 0x00, 0x7F, 0x00, 0x3F,
  0x80, 0x00, 0x00, 0x3F, 0xC0, 0x1F, 0xE0, 0x00, 0x00, 0x00, 0x00, 0xFC,
  0x00, 0x00, 0x00, 0x01, 0xF8, 0x00, 0x00, 0x00, 0x03, 0xF0, 0x00, 0x00,
  0x00, 0x07, 0xE0, 0x00, 0x00, 0x00, 0x0F, 0xC0, 0x00, 0x00, 0x00, 0x1F,
  0x80, 0x00, 0x00, 0x00, 0x3F, 0x00, 0x00, 0x00, 0x00, 0x7E, 0x00, 0x00,
  0x00, 0x0F, 0xFF, 0xE0, 0x00, 0x01, 0xFF, 0xFF, 0xFF, 0x80, 0x0F, 0xFF,
  0xFF, 0xFF, 0xC0, 0x3F, 0xFF, 0xFF, 0xFF, 0x80, 0xFF, 0xFF, 0xFF, 0xFF,
  0x03, 0xFF, 0xFF, 0xFF, 0xFE, 0x0F, 0xFF, 0xFF, 0xFF, 0xFC, 0x3F, 0xFF,
  0xFF, 0xFF, 0xF8, 0x7F, 0xFC, 0xFC, 0x1F, 0xF0, 0xFF, 0xE1, 0xF8, 0x03,
  0xE3, 0xFF, 0x83, 0xF0, 0x00, 0x47, 0xFF, 0x07, 0xE0, 0x00, 0x0F, 0xFE,
  0x0F, 0xC0, 0x00, 0x1F, 0xFC, 0x1F, 0x80, 0x00, 0x3F, 0xF8, 0x3F, 0x00,
  0x00, 0x7F, 0xF8, 0x7E, 0x00, 0x00, 0xFF, 0xFC, 0xFC, 0x00, 0x01, 0xFF,
  0xFF, 0xF8, 0x00, 0x01, 0xFF, 0xFF, 0xFF, 0x00, 0x03, 0xFF, 0xFF, 0xFF,
  0xE0, 0x03, 0xFF, 0xFF, 0xFF, 0xF0, 0x07, 0xFF, 0xFF, 0xFF, 0xF8, 0x07,
  0xFF, 0xFF, 0xFF, 0xF8, 0x07, 0xFF, 0xFF, 0xFF, 0xF8, 0x03, 0xFF, 0xFF,
  0xFF, 0xF8, 0x01, 0xFF, 0xFF, 0xFF, 0xF8, 0x00, 0x7F, 0xFF, 0xFF, 0xF0,
  0x00, 0x07, 0xFF, 0xFF, 0xE0, 0x00, 0x0F, 0xFF, 0xFF, 0xE0, 0x00, 0x1F,
  0x87, 0xFF, 0xC0, 0x00, 0x3F, 0x07, 0xFF, 0x80, 0x00, 0x7E, 0x07, 0xFF,
  0x00, 0x00, 0xFC, 0x0F, 0xFE, 0x00, 0x01, 0xF8, 0x1F, 0xFE, 0x00, 0x03,
  0xF0, 0x3F, 0xFF, 0x00, 0x07, 0xE0, 0x7F, 0xFF, 0xC0, 0x0F, 0xC1, 0xFF,
  0xDF, 0xF8, 0x1F, 0x8F, 0xFF, 0xBF, 0xFF, 0xFF, 0xFF, 0xFF, 0x7F, 0xFF,
  0xFF, 0xFF, 0xFC, 0xFF, 0xFF, 0xFF, 0xFF, 0xF1, 0xFF, 0xFF, 0xFF, 0xFF,
  0xC3, 0xFF, 0xFF, 0xFF, 0xFF, 0x03, 0xFF, 0xFF, 0xFF, 0xF8, 0x00, 0x7F,
  0xFF, 0xFF, 0xC0, 0x00, 0x07, 0xFF, 0xF8, 0x00, 0x00, 0x00, 0x3F, 0x00,
  0x00, 0x00, 0x00, 0x7E, 0x00, 0x00, 0x00, 0x00, 0xFC, 0x00, 0x00, 0x00,
  0x01, 0xF8, 0x00, 0x00, 0x00, 0x03, 0xF0, 0x00, 0x00, 0x00, 0x07, 0xE0,
  0x00, 0x00, 0x00, 0x0F, 0xC0, 0x00, 0x00, 0x00, 0x1F, 0x80, 0x00, 0x00,
  0x00, 0x3F, 0x00, 0x00, 0x00, 0x00, 0x7E, 0x00, 0x00, 0x00, 0x3F, 0xE0,
  0x00, 0x00, 0x03, 0xF8, 0x00, 0x00, 0x3F, 0xFF, 0x00, 0x00, 0x00, 0xFF,
  0x00, 0x00, 0x1F, 0xFF, 0xF8, 0x00, 0x00, 0x3F, 0xC0, 0x00, 0x07, 0xFF,
  0xFF, 0x80, 0x00, 0x07, 0xF8, 0x00, 0x01, 0xFF, 0xFF, 0xF8, 0x00, 0x01,
  0xFE, 0x00, 0x00, 0x7F, 0xFF, 0xFF, 0x80, 0x00, 0x3F, 0x80, 0x00, 0x0F,
  0xFC, 0x3F, 0xF0, 0x00, 0x0F, 0xF0, 0x00, 0x03, 0xFF, 0x03, 0xFF, 0x00,
  0x03, 0xFC, 0x00, 0x00, 0x7F, 0xC0, 0x3F, 0xE0, 0x00, 0x7F, 0x80, 0x00,
  0x1F, 0xF8, 0x07, 0xFC, 0x00, 0x1F, 0xE0, 0x00, 0x03, 0xFE, 0x00, 0x7F,
  0xC0, 0x03, 0xF8, 0x00, 0x00, 0x7F, 0xC0, 0x0F, 0xF8, 0x00, 0xFF, 0x00,
  0x00, 0x0F, 0xF8, 0x01, 0xFF, 0x00, 0x3F, 0xC0, 0x00, 0x01, 0xFF, 0x00,
  0x3F, 0xE0, 0x07, 0xF0, 0x00, 0x00, 0x3F, 0xE0, 0x07, 0xFC, 0x01, 0xFE,
  0x00, 0x00, 0x07, 0xFC, 0x00, 0xFF, 0x80, 0x3F, 0x80, 0x00, 0x00, 0xFF,
  0x80, 0x1F, 0xF0, 0x0F, 0xF0, 0x00, 0x00, 0x1F, 0xF0, 0x03, 0xFE, 0x03,
  0xFC, 0x00, 0x00, 0x03, 0xFF, 0x00, 0xFF, 0xC0, 0x7F, 0x00, 0x00, 0x00,
  0x3F, 0xE0, 0x1F, 0xF0, 0x1F, 0xE0, 0x00, 0x00, 0x07, 0xFE, 0x07, 0xFE,
  0x03, 0xF8, 0x00, 0x00, 0x00, 0x7F, 0xE1, 0xFF, 0x80, 0xFF, 0x00, 0x00,
  0x00, 0x0F, 0xFF, 0xFF, 0xF0, 0x3F, 0xC0, 0x00, 0x00, 0x00, 0xFF, 0xFF,
  0xFC, 0x07, 0xF0, 0x00, 0x00, 0x00, 0x0F, 0xFF, 0xFF, 0x01, 0xFE, 0x00,
  0x00, 0x00, 0x00, 0xFF, 0xFF, 0xC0, 0x3F, 0x80, 0x00, 0x00, 0x00, 0x07,
  0xFF, 0xE0, 0x0F, 0xF0, 0x01, 0xFE, 0x00, 0x00, 0x1F, 0xF0, 0x03, 0xFC,
  0x01, 0xFF, 0xF8, 0x00, 0x00, 0x00, 0x00, 0x7F, 0x00, 0xFF, 0xFF, 0xC0,
  0x00, 0x00, 0x00, 0x1F, 0xE0, 0x3F, 0xFF, 0xFC, 0x00, 0x00, 0x00, 0x03,
  0xF8, 0x0F, 0xFF, 0xFF, 0xC0, 0x00, 0x00, 0x00, 0xFF, 0x03, 0xFF, 0xFF,
  0xFC, 0x00, 0x00, 0x00, 0x3F, 0xC0, 0x7F, 0xE1, 0xFF, 0x80, 0x00, 0x00,
  0x07, 0xF0, 0x1F, 0xF8, 0x1F, 0xF8, 0x00, 0x00, 0x01, 0xFE, 0x03, 0xFE,
  0x01, 0xFF, 0x00, 0x00, 0x00, 0x3F, 0x80, 0x7F, 0xC0, 0x3F, 0xE0, 0x00,
  0x00, 0x0F, 0xF0, 0x1F, 0xF0, 0x03, 0xFE, 0x00, 0x00, 0x03, 0xFC, 0x03,
  0xFE, 0x00, 0x7F, 0xC0, 0x00, 0x00, 0x7F, 0x00, 0x7F, 0xC0, 0x0F, 0xF8,
  0x00, 0x00, 0x1F, 0xE0, 0x0F, 0xF8, 0x01, 0xFF, 0x00, 0x00, 0x03, 0xF8,
  0x01, 0xFF, 0x00, 0x3F, 0xE0, 0x00, 0x00, 0xFF, 0x00, 0x3F, 0xE0, 0x07,
  0xFC, 0x00, 0x00, 0x3F, 0xC0, 0x07, 0xFC, 0x00, 0xFF, 0x80, 0x00, 0x07,
  0xF0, 0x00, 0xFF, 0x80, 0x1F, 0xF0, 0x00, 0x01, 0xFE, 0x00, 0x0F, 0xF8,
  0x07, 0xFC, 0x00, 0x00, 0x3F, 0x80, 0x01, 0xFF, 0x00, 0xFF, 0x80, 0x00,
  0x0F, 0xF0, 0x00, 0x3F, 0xF0, 0x3F, 0xF0, 0x00, 0x03, 0xFC, 0x00, 0x03,
  0xFF, 0x0F, 0xFC, 0x00, 0x00, 0x7F, 0x00, 0x00, 0x7F, 0xFF, 0xFF, 0x80,
  0x00, 0x1F, 0xE0, 0x00, 0x07, 0xFF, 0xFF, 0xE0, 0x00, 0x03, 0xF8, 0x00,
  0x00, 0x7F, 0xFF, 0xF8, 0x00, 0x00, 0xFF, 0x00, 0x00, 0x07, 0xFF, 0xFE,
  0x00, 0x00, 0x3F, 0xC0, 0x00, 0x00, 0x3F, 0xFF, 0x00, 0x00, 0x07, 0xF0,
  0x00, 0x00, 0x00, 0xFF, 0x80, 0x00, 0x00, 0x00, 0x1F, 0xFE, 0x00, 0x00,
  0x00, 0x00, 0x01, 0xFF, 0xFF, 0xE0, 0x00, 0x00, 0x00, 0x0F, 0xFF, 0xFF,
  0xF0, 0x00, 0x00, 0x00, 0x7F, 0xFF, 0xFF, 0xE0, 0x00, 0x00, 0x01, 0xFF,
  0xFF, 0xFF, 0xC0, 0x00, 0x00, 0x07, 0xFF, 0xFF, 0xFF, 0x80, 0x00, 0x00,
  0x0F, 0xFF, 0xFF, 0xFF, 0x00, 0x00, 0x00, 0x3F, 0xFF, 0xFF, 0xFE, 0x00,
  0x00, 0x00, 0x7F, 0xFE, 0x03, 0xFC, 0x00, 0x00, 0x01, 0xFF, 0xF0, 0x00,
  0xF8, 0x00, 0x00, 0x03, 0xFF, 0xC0, 0x00, 0x70, 0x00, 0x00, 0x07, 0xFF,
  0x80, 0x00, 0x20, 0x00, 0x00, 0x0F, 0xFF, 0x00, 0x00, 0x00, 0x00, 0x00,
  0x1F, 0xFE, 0x00, 0x00, 0x00, 0x00, 0x00, 0x3F, 0xFE, 0x00, 0x00, 0x00,
  0x00, 0x00, 0x7F, 0xFC, 0x00, 0x00, 0x00, 0x00, 0x00, 0x7F, 0xFC, 0x00,
  0x00, 0x00, 0x00, 0x00, 0xFF, 0xFC, 0x00, 0x00, 0x00, 0x00, 0x01, 0xFF,
  0xF8, 0x00, 0x00, 0x00, 0x00, 0x01, 0xFF, 0xF8, 0x00, 0x00, 0x00, 0x00,
  0x03, 0xFF, 0xF8, 0x00, 0x00, 0x00, 0x00, 0x0F, 0xFF, 0xF8, 0x00, 0x00,
  0x00, 0x00, 0x3F, 0xFF, 0xF8, 0x00, 0x0F, 0xFE, 0x01, 0xFF, 0xFF, 0xF8,
  0x00, 0x1F, 0xFC, 0x07, 0xFF, 0xFF, 0xF8, 0x00, 0x3F, 0xF8, 0x1F, 0xFF,
  0xFF, 0xF8, 0x00, 0x7F, 0xF0, 0x7F, 0xFF, 0xFF, 0xF8, 0x01, 0xFF, 0xC0,
  0xFF, 0xFB, 0xFF, 0xF8, 0x03, 0xFF, 0x83, 0xFF, 0xE3, 0xFF, 0xF8, 0x07,
  0xFF, 0x07, 0xFF, 0x83, 0xFF, 0xF8, 0x0F, 0xFE, 0x1F, 0xFE, 0x07, 0xFF,
  0xF8, 0x3F, 0xF8, 0x3F, 0xFC, 0x07, 0xFF, 0xF8, 0x7F, 0xF0, 0x7F, 0xF0,
  0x07, 0xFF, 0xF1, 0xFF, 0xE1, 0xFF, 0xE0, 0x07, 0xFF, 0xF3, 0xFF, 0x83,
  0xFF, 0xC0, 0x07, 0xFF, 0xFF, 0xFF, 0x07, 0xFF, 0x80, 0x07, 0xFF, 0xFF,
  0xFC, 0x0F, 0xFF, 0x00, 0x07, 0xFF, 0xFF, 0xF8, 0x1F, 0xFE, 0x00, 0x07,
  0xFF, 0xFF, 0xE0, 0x3F, 0xFE, 0x00, 0x07, 0xFF, 0xFF, 0xC0, 0x7F, 0xFC,
  0x00, 0x07, 0xFF, 0xFF, 0x00, 0xFF, 0xFC, 0x00, 0x07, 0xFF, 0xFC, 0x00,
  0xFF, 0xF8, 0x00, 0x07, 0xFF, 0xF0, 0x01, 0xFF, 0xF8, 0x00, 0x0F, 0xFF,
  0xF0, 0x03, 0xFF, 0xFC, 0x00, 0x7F, 0xFF, 0xF0, 0x03, 0xFF, 0xFE, 0x03,
  0xFF, 0xFF, 0xE0, 0x07, 0xFF, 0xFF, 0xFF, 0xFF, 0xFF, 0xE0, 0x07, 0xFF,
  0xFF, 0xFF, 0xFF, 0xFF, 0xE0, 0x07, 0xFF, 0xFF, 0xFF, 0xFF, 0xFF, 0xE0,
  0x07, 0xFF, 0xFF, 0xFF, 0xFF, 0xFF, 0xE0, 0x07, 0xFF, 0xFF, 0xFF, 0xEF,
  0xFF, 0xE0, 0x07, 0xFF, 0xFF, 0xFF, 0x8F, 0xFF, 0xE0, 0x03, 0xFF, 0xFF,
  0xFC, 0x0F, 0xFF, 0xE0, 0x01, 0xFF, 0xFF, 0xC0, 0x0F, 0xFF, 0xE0, 0x00,
  0x3F, 0xF8, 0x00, 0x00, 0x00, 0x00, 0xFF, 0xFF, 0xFF, 0xFF, 0xFF, 0xFF,
  0xFF, 0xFF, 0xFF, 0xFF, 0xFF, 0xFF, 0xFF, 0xFF, 0xFF, 0xFF, 0xFF, 0xFF,
  0xFF, 0x00, 0x3F, 0xF8, 0x01, 0xFF, 0x80, 0x1F, 0xFC, 0x01, 0xFF, 0xC0,
  0x0F, 0xFE, 0x00, 0xFF, 0xE0, 0x07, 0xFF, 0x00, 0x7F, 0xF0, 0x03, 0xFF,
  0x80, 0x3F, 0xF8, 0x01, 0xFF, 0xC0, 0x1F, 0xFE, 0x00, 0xFF, 0xE0, 0x07,
  0xFF, 0x00, 0x7F, 0xF8, 0x03, 0xFF, 0x80, 0x3F, 0xFC, 0x01, 0xFF, 0xE0,
  0x0F, 0xFF, 0x00, 0x7F, 0xF0, 0x07, 0xFF, 0x80, 0x3F, 0xFC, 0x01, 0xFF,
  0xE0, 0x0F, 0xFF, 0x00, 0x7F, 0xF0, 0x07, 0xFF, 0x80, 0x3F, 0xFC, 0x01,
  0xFF, 0xE0, 0x0F, 0xFF, 0x00, 0x7F, 0xF8, 0x03, 0xFF, 0xC0, 0x1F, 0xFE,
  0x00, 0xFF, 0xF0, 0x07, 0xFF, 0x80, 0x3F, 0xFC, 0x01, 0xFF, 0xE0, 0x0F,
  0xFF, 0x00, 0x7F, 0xF8, 0x01, 0xFF, 0xC0, 0x0F, 0xFF, 0x00, 0x7F, 0xF8,
  0x03, 0xFF, 0xC0, 0x1F, 0xFE, 0x00, 0x7F, 0xF0, 0x03, 0xFF, 0xC0, 0x1F,
  0xFE, 0x00, 0xFF, 0xF0, 0x03, 0xFF, 0x80, 0x1F, 0xFE, 0x00, 0x7F, 0xF0,
  0x03, 0xFF, 0x80, 0x1F, 0xFE, 0x00, 0x7F, 0xF0, 0x03, 0xFF, 0x80, 0x0F,
  0xFE, 0x00, 0x7F, 0xF0, 0x01, 0xFF, 0xC0, 0x0F, 0xFE, 0x00, 0x3F, 0xF8,
  0x01, 0xFF, 0xC0, 0x07, 0xFF, 0x00, 0x1F, 0xF8, 0x00, 0xFF, 0xE0, 0xFF,
  0xE0, 0x03, 0xFF, 0x00, 0x1F, 0xFC, 0x00, 0x7F, 0xF0, 0x03, 0xFF, 0x80,
  0x0F, 0xFE, 0x00, 0x7F, 0xF0, 0x01, 0xFF, 0xC0, 0x0F, 0xFE, 0x00, 0x7F,
  0xF8, 0x01, 0xFF, 0xC0, 0x0F, 0xFF, 0x00, 0x3F, 0xF8, 0x01, 0xFF, 0xC0,
  0x0F, 0xFF, 0x00, 0x3F, 0xF8, 0x01, 0xFF, 0xE0, 0x0F, 0xFF, 0x00, 0x7F,
  0xF8, 0x01, 0xFF, 0xC0, 0x0F, 0xFF, 0x00, 0x7F, 0xF8, 0x03, 0xFF, 0xC0,
  0x1F, 0xFE, 0x00, 0x7F, 0xF0, 0x03, 0xFF, 0xC0, 0x1F, 0xFE, 0x00, 0xFF,
  0xF0, 0x07, 0xFF, 0x80, 0x3F, 0xFC, 0x01, 0xFF, 0xE0, 0x0F, 0xFF, 0x00,
  0x7F, 0xF8, 0x03, 0xFF, 0xC0, 0x1F, 0xFE, 0x00, 0xFF, 0xF0, 0x07, 0xFF,
  0x80, 0x3F, 0xFC, 0x01, 0xFF, 0xC0, 0x1F, 0xFE, 0x00, 0xFF, 0xF0, 0x07,
  0xFF, 0x80, 0x3F, 0xFC, 0x01, 0xFF, 0xC0, 0x1F, 0xFE, 0x00, 0xFF, 0xF0,
  0x07, 0xFF, 0x80, 0x3F, 0xF8, 0x03, 0xFF, 0xC0, 0x1F, 0xFC, 0x00, 0xFF,
  0xE0, 0x0F, 0xFF, 0x00, 0x7F, 0xF0, 0x07, 0xFF, 0x80, 0x3F, 0xF8, 0x01,
  0xFF, 0xC0, 0x1F, 0xFC, 0x00, 0xFF, 0xE0, 0x0F, 0xFE, 0x00, 0x7F, 0xF0,
  0x07, 0xFF, 0x00, 0x3F, 0xF0, 0x03, 0xFF, 0x80, 0x00, 0x00, 0x03, 0xF0,
  0x00, 0x00, 0x00, 0xFC, 0x00, 0x00, 0x00, 0x3F, 0x00, 0x00, 0x00, 0x0F,
  0xC0, 0x00, 0x00, 0x03, 0xF0, 0x00, 0x00, 0x00, 0xFC, 0x00, 0x03, 0x00,
  0x3F, 0x00, 0x30, 0xE0, 0x0F, 0xC0, 0x1C, 0x7E, 0x03, 0xF0, 0x1F, 0x9F,
  0xE0, 0xFC, 0x1F, 0xEF, 0xFE, 0x3F, 0x1F, 0xFC, 0xFF, 0xEF, 0xDF, 0xFC,
  0x0F, 0xFF, 0xFF, 0xFE, 0x01, 0xFF, 0xFF, 0xFE, 0x00, 0x1F, 0xFF, 0xFE,
  0x00, 0x01, 0xFF, 0xFE, 0x00, 0x00, 0x1F, 0xFE, 0x00, 0x00, 0x1F, 0xFF,
  0xE0, 0x00, 0x1F, 0xFF, 0xFE, 0x00, 0x1F, 0xFF, 0xFF, 0xE0, 0x0F, 0xFF,
  0xFF, 0xFE, 0x0F, 0xFE, 0xFD, 0xFF, 0xCF, 0xFE, 0x3F, 0x1F, 0xFD, 0xFE,
  0x0F, 0xC1, 0xFE, 0x7E, 0x03, 0xF0, 0x1F, 0x8E, 0x00, 0xFC, 0x01, 0xC3,
  0x00, 0x3F, 0x00, 0x30, 0x00, 0x0F, 0xC0, 0x00, 0x00, 0x03, 0xF0, 0x00,
  0x00, 0x00, 0xFC, 0x00, 0x00, 0x00, 0x3F, 0x00, 0x00, 0x00, 0x0F, 0xC0,
  0x00, 0x00, 0x03, 0xF0, 0x00, 0x00, 0x00, 0x00, 0x3F, 0xC0, 0x00, 0x00,
  0x00, 0x03, 0xFC, 0x00, 0x00, 0x00, 0x00, 0x3F, 0xC0, 0x00, 0x00, 0x00,
  0x03, 0xFC, 0x00, 0x00, 0x00, 0x00, 0x3F, 0xC0, 0x00, 0x00, 0x00, 0x03,
  0xFC, 0x00, 0x00, 0x00, 0x00, 0x3F, 0xC0, 0x00, 0x00, 0x00, 0x03, 0xFC,
  0x00, 0x00, 0x00, 0x00, 0x3F, 0xC0, 0x00, 0x00, 0x00, 0x03, 0xFC, 0x00,
  0x00, 0x00, 0x00, 0x3F, 0xC0, 0x00, 0x00, 0x00, 0x03, 0xFC, 0x00, 0x00,
  0x00, 0x00, 0x3F, 0xC0, 0x00, 0x00, 0x00, 0x03, 0xFC, 0x00, 0x00, 0x00,
  0x00, 0x3F, 0xC0, 0x00, 0x00, 0x00, 0x03, 0xFC, 0x00, 0x00, 0x00, 0x00,
  0x3F, 0xC0, 0x00, 0x00, 0x00, 0x03, 0xFC, 0x00, 0x00, 0xFF, 0xFF, 0xFF,
  0xFF, 0xFF, 0xFF, 0xFF, 0xFF, 0xFF, 0xFF, 0xFF, 0xFF, 0xFF, 0xFF, 0xFF,
  0xFF, 0xFF, 0xFF, 0xFF, 0xFF, 0xFF, 0xFF, 0xFF, 0xFF, 0xFF, 0xFF, 0xFF,
  0xFF, 0xFF, 0xFF, 0xFF, 0xFF, 0xFF, 0xFF, 0xFF, 0xFF, 0xFF, 0xFF, 0xFF,
  0xFF, 0xFF, 0xFF, 0xFF, 0xFF, 0x00, 0x00, 0x3F, 0xC0, 0x00, 0x00, 0x00,
  0x03, 0xFC, 0x00, 0x00, 0x00, 0x00, 0x3F, 0xC0, 0x00, 0x00, 0x00, 0x03,
  0xFC, 0x00, 0x00, 0x00, 0x00, 0x3F, 0xC0, 0x00, 0x00, 0x00, 0x03, 0xFC,
  0x00, 0x00, 0x00, 0x00, 0x3F, 0xC0, 0x00, 0x00, 0x00, 0x03, 0xFC, 0x00,
  0x00, 0x00, 0x00, 0x3F, 0xC0, 0x00, 0x00, 0x00, 0x03, 0xFC, 0x00, 0x00,
  0x00, 0x00, 0x3F, 0xC0, 0x00, 0x00, 0x00, 0x03, 0xFC, 0x00, 0x00, 0x00,
  0x00, 0x3F, 0xC0, 0x00, 0x00, 0x00, 0x03, 0xFC, 0x00, 0x00, 0x00, 0x00,
  0x3F, 0xC0, 0x00, 0x00, 0x00, 0x03, 0xFC, 0x00, 0x00, 0x00, 0x00, 0x3F,
  0xC0, 0x00, 0x00, 0x00, 0x03, 0xFC, 0x00, 0x00, 0x1F, 0xFE, 0x3F, 0xFC,
  0x7F, 0xF8, 0xFF, 0xF1, 0xFF, 0xE3, 0xFF, 0xC7, 0xFF, 0x8F, 0xFF, 0x1F,
  0xFE, 0x3F, 0xFC, 0x7F, 0xF8, 0xFF, 0xF1, 0xFF, 0xC7, 0xFF, 0x0F, 0xFE,
  0x1F, 0xF8, 0x3F, 0xF0, 0xFF, 0xC1, 0xFF, 0x03, 0xFE, 0x07, 0xF8, 0x0F,
  0xF0, 0x3F, 0xC0, 0x7F, 0x00, 0xFF, 0xFF, 0xFF, 0xFF, 0xFF, 0xFF, 0xFF,
  0xFF, 0xFF, 0xFF, 0xFF, 0xFF, 0xFF, 0xFF, 0xFF, 0xFF, 0xFF, 0xFF, 0xFF,
  0xFF, 0xFF, 0xFF, 0xFF, 0xFF, 0xFF, 0xFF, 0xFF, 0xF0, 0xFF, 0xFF, 0xFF,
  0xFF, 0xFF, 0xFF, 0xFF, 0xFF, 0xFF, 0xFF, 0xFF, 0xFF, 0xFF, 0xFF, 0xFF,
  0xFF, 0xFF, 0xFF, 0xFF, 0xF0, 0x00, 0x00, 0x3F, 0xC0, 0x00, 0x0F, 0xF0,
  0x00, 0x07, 0xF8, 0x00, 0x01, 0xFE, 0x00, 0x00, 0x7F, 0x80, 0x00, 0x1F,
  0xC0, 0x00, 0x0F, 0xF0, 0x00, 0x03, 0xFC, 0x00, 0x00, 0xFE, 0x00, 0x00,
  0x7F, 0x80, 0x00, 0x1F, 0xE0, 0x00, 0x07, 0xF0, 0x00, 0x03, 0xFC, 0x00,
  0x00, 0xFF, 0x00, 0x00, 0x3F, 0x80, 0x00, 0x1F, 0xE0, 0x00, 0x07, 0xF8,
  0x00, 0x01, 0xFC, 0x00, 0x00, 0xFF, 0x00, 0x00, 0x3F, 0xC0, 0x00, 0x0F,
  0xF0, 0x00, 0x07, 0xF8, 0x00, 0x01, 0xFE, 0x00, 0x00, 0x7F, 0x80, 0x00,
  0x1F, 0xC0, 0x00, 0x0F, 0xF0, 0x00, 0x03, 0xFC, 0x00, 0x00, 0xFE, 0x00,
  0x00, 0x7F, 0x80, 0x00, 0x1F, 0xE0, 0x00, 0x07, 0xF0, 0x00, 0x03, 0xFC,
  0x00, 0x00, 0xFF, 0x00, 0x00, 0x3F, 0x80, 0x00, 0x1F, 0xE0, 0x00, 0x07,
  0xF8, 0x00, 0x01, 0xFC, 0x00, 0x00, 0xFF, 0x00, 0x00, 0x3F, 0xC0, 0x00,
  0x0F, 0xF0, 0x00, 0x03, 0xF8, 0x00, 0x01, 0xFE, 0x00, 0x00, 0x7F, 0x80,
  0x00, 0x1F, 0xC0, 0x00, 0x0F, 0xF0, 0x00, 0x03, 0xFC, 0x00, 0x00, 0xFE,
  0x00, 0x00, 0x7F, 0x80, 0x00, 0x1F, 0xE0, 0x00, 0x07, 0xF0, 0x00, 0x03,
  0xFC, 0x00, 0x00, 0xFF, 0x00, 0x00, 0x3F, 0x80, 0x00, 0x1F, 0xE0, 0x00,
  0x07, 0xF8, 0x00, 0x01, 0xFC, 0x00, 0x00, 0xFF, 0x00, 0x00, 0x3F, 0xC0,
  0x00, 0x00, 0x00, 0x00, 0xFF, 0xE0, 0x00, 0x00, 0x00, 0xFF, 0xFF, 0x80,
  0x00, 0x00, 0x7F, 0xFF, 0xFC, 0x00, 0x00, 0x3F, 0xFF, 0xFF, 0xE0, 0x00,
  0x0F, 0xFF, 0xFF, 0xFE, 0x00, 0x03, 0xFF, 0xFF, 0xFF, 0xE0, 0x00, 0xFF,
  0xFF, 0xFF, 0xFE, 0x00, 0x3F, 0xFF, 0xFF, 0xFF, 0xE0, 0x07, 0xFF, 0xFF,
  0xFF, 0xFC, 0x01, 0xFF, 0xFC, 0x1F, 0xFF, 0xC0, 0x7F, 0xFE, 0x00, 0xFF,
  0xFC, 0x0F, 0xFF, 0x80, 0x0F, 0xFF, 0x83, 0xFF, 0xE0, 0x00, 0xFF, 0xF8,
  0x7F, 0xFC, 0x00, 0x1F, 0xFF, 0x0F, 0xFF, 0x00, 0x01, 0xFF, 0xE3, 0xFF,
  0xE0, 0x00, 0x3F, 0xFE, 0x7F, 0xFC, 0x00, 0x07, 0xFF, 0xCF, 0xFF, 0x80,
  0x00, 0xFF, 0xF9, 0xFF, 0xE0, 0x00, 0x1F, 0xFF, 0x3F, 0xFC, 0x00, 0x01,
  0xFF, 0xEF, 0xFF, 0x80, 0x00, 0x3F, 0xFF, 0xFF, 0xF0, 0x00, 0x07, 0xFF,
  0xFF, 0xFE, 0x00, 0x00, 0xFF, 0xFF, 0xFF, 0xC0, 0x00, 0x1F, 0xFF, 0xFF,
  0xF8, 0x00, 0x03, 0xFF, 0xFF, 0xFF, 0x00, 0x00, 0x7F, 0xFF, 0xFF, 0xE0,
  0x00, 0x0F, 0xFF, 0xFF, 0xFC, 0x00, 0x01, 0xFF, 0xFF, 0xFF, 0x80, 0x00,
  0x3F, 0xFF, 0xFF, 0xF0, 0x00, 0x07, 0xFF, 0xFF, 0xFE, 0x00, 0x00, 0xFF,
  0xFF, 0xFF, 0xC0, 0x00, 0x1F, 0xFF, 0xFF, 0xF8, 0x00, 0x03, 0xFF, 0xFF,
  0xFF, 0x00, 0x00, 0x7F, 0xFD, 0xFF, 0xE0, 0x00, 0x0F, 0xFF, 0x3F, 0xFE,
  0x00, 0x03, 0xFF, 0xE7, 0xFF, 0xC0, 0x00, 0x7F, 0xFC, 0xFF, 0xF8, 0x00,
  0x0F, 0xFF, 0x9F, 0xFF, 0x00, 0x01, 0xFF, 0xF1, 0xFF, 0xE0, 0x00, 0x3F,
  0xFC, 0x3F, 0xFE, 0x00, 0x0F, 0xFF, 0x87, 0xFF, 0xC0, 0x01, 0xFF, 0xF0,
  0x7F, 0xFC, 0x00, 0x7F, 0xFC, 0x0F, 0xFF, 0xC0, 0x1F, 0xFF, 0x80, 0xFF,
  0xFE, 0x0F, 0xFF, 0xE0, 0x1F, 0xFF, 0xFF, 0xFF, 0xF8, 0x01, 0xFF, 0xFF,
  0xFF, 0xFF, 0x00, 0x1F, 0xFF, 0xFF, 0xFF, 0xC0, 0x01, 0xFF, 0xFF, 0xFF,
  0xF0, 0x00, 0x1F, 0xFF, 0xFF, 0xFC, 0x00, 0x01, 0xFF, 0xFF, 0xFF, 0x00,
  0x00, 0x0F, 0xFF, 0xFF, 0x80, 0x00, 0x00, 0x7F, 0xFF, 0xC0, 0x00, 0x00,
  0x01, 0xFF, 0xC0, 0x00, 0x00, 0x00, 0x3F, 0xFF, 0x00, 0x00, 0x3F, 0xFF,
  0xF0, 0x00, 0x3F, 0xFF, 0xFF, 0x00, 0x0F, 0xFF, 0xFF, 0xF0, 0x00, 0xFF,
  0xFF, 0xFF, 0x00, 0x0F, 0xFF, 0xFF, 0xF0, 0x00, 0xFF, 0xFF, 0xFF, 0x00,
  0x0F, 0xFF, 0xFF, 0xF0, 0x00, 0xFF, 0xFF, 0xFF, 0x00, 0x0F, 0xFF, 0xFF,
  0xF0, 0x00, 0xFF, 0xCF, 0xFF, 0x00, 0x0F, 0xC0, 0xFF, 0xF0, 0x00, 0xC0,
  0x0F, 0xFF, 0x00, 0x00, 0x00, 0xFF, 0xF0, 0x00, 0x00, 0x0F, 0xFF, 0x00,
  0x00, 0x00, 0xFF, 0xF0, 0x00, 0x00, 0x0F, 0xFF, 0x00, 0x00, 0x00, 0xFF,
  0xF0, 0x00, 0x00, 0x0F, 0xFF, 0x00, 0x00, 0x00, 0xFF, 0xF0, 0x00, 0x00,
  0x0F, 0xFF, 0x00, 0x00, 0x00, 0xFF, 0xF0, 0x00, 0x00, 0x0F, 0xFF, 0x00,
  0x00, 0x00, 0xFF, 0xF0, 0x00, 0x00, 0x0F, 0xFF, 0x00, 0x00, 0x00, 0xFF,
  0xF0, 0x00, 0x00, 0x0F, 0xFF, 0x00, 0x00, 0x00, 0xFF, 0xF0, 0x00, 0x00,
  0x0F, 0xFF, 0x00, 0x00, 0x00, 0xFF, 0xF0, 0x00, 0x00, 0x0F, 0xFF, 0x00,
  0x00, 0x00, 0xFF, 0xF0, 0x00, 0x00, 0x0F, 0xFF, 0x00, 0x00, 0x00, 0xFF,
  0xF0, 0x00, 0x00, 0x0F, 0xFF, 0x00, 0x00, 0x00, 0xFF, 0xF0, 0x00, 0x00,
  0x0F, 0xFF, 0x00, 0x00, 0x00, 0xFF, 0xF0, 0x00, 0x00, 0x0F, 0xFF, 0x00,
  0x00, 0x00, 0xFF, 0xF0, 0x00, 0x00, 0x0F, 0xFF, 0x00, 0x00, 0x00, 0xFF,
  0xF0, 0x00, 0xFF, 0xFF, 0xFF, 0xFF, 0xFF, 0xFF, 0xFF, 0xFF, 0xFF, 0xFF,
  0xFF, 0xFF, 0xFF, 0xFF, 0xFF, 0xFF, 0xFF, 0xFF, 0xFF, 0xFF, 0xFF, 0xFF,
  0xFF, 0xFF, 0xFF, 0xFF, 0xFF, 0xFF, 0xFF, 0xFF, 0xFF, 0xFF, 0xFF, 0xFF,
  0xFF, 0xFF, 0xFF, 0xFF, 0xFF, 0xFF, 0xFF, 0xFF, 0xFF, 0xFF, 0xFF, 0x00,
  0x1F, 0xFF, 0x00, 0x00, 0x1F, 0xFF, 0xFF, 0xC0, 0x03, 0xFF, 0xFF, 0xFF,
  0xC0, 0x3F, 0xFF, 0xFF, 0xFF, 0xC0, 0xFF, 0xFF, 0xFF, 0xFF, 0x83, 0xFF,
  0xFF, 0xFF, 0xFF, 0x0F, 0xFF, 0xFF, 0xFF, 0xFE, 0x3F, 0xFF, 0xFF, 0xFF,
  0xFC, 0xFF, 0xFF, 0xFF, 0xFF, 0xF3, 0xFF, 0x80, 0x7F, 0xFF, 0xEF, 0xF0,
  0x00, 0x7F, 0xFF, 0xBE, 0x00, 0x00, 0x7F, 0xFF, 0xE0, 0x00, 0x00, 0xFF,
  0xFE, 0x00, 0x00, 0x03, 0xFF, 0xF0, 0x00, 0x00, 0x07, 0xFF, 0xC0, 0x00,
  0x00, 0x1F, 0xFF, 0x00, 0x00, 0x00, 0x7F, 0xFC, 0x00, 0x00, 0x01, 0xFF,
  0xF0, 0x00, 0x00, 0x07, 0xFF, 0xC0, 0x00, 0x00, 0x1F, 0xFE, 0x00, 0x00,
  0x00, 0xFF, 0xF8, 0x00, 0x00, 0x03, 0xFF, 0xE0, 0x00, 0x00, 0x1F, 0xFF,
  0x00, 0x00, 0x00, 0xFF, 0xFC, 0x00, 0x00, 0x07, 0xFF, 0xE0, 0x00, 0x00,
  0x3F, 0xFF, 0x00, 0x00, 0x01, 0xFF, 0xFC, 0x00, 0x00, 0x0F, 0xFF, 0xE0,
  0x00, 0x00, 0x7F, 0xFF, 0x00, 0x00, 0x03, 0xFF, 0xF8, 0x00, 0x00, 0x1F,
  0xFF, 0xC0, 0x00, 0x01, 0xFF, 0xFE, 0x00, 0x00, 0x0F, 0xFF, 0xF0, 0x00,
  0x00, 0x7F, 0xFF, 0x80, 0x00, 0x03, 0xFF, 0xF8, 0x00, 0x00, 0x1F, 0xFF,
  0xC0, 0x00, 0x00, 0xFF, 0xFE, 0x00, 0x00, 0x0F, 0xFF, 0xF0, 0x00, 0x00,
  0x7F, 0xFF, 0x80, 0x00, 0x03, 0xFF, 0xFC, 0x00, 0x00, 0x1F, 0xFF, 0xC0,
  0x00, 0x00, 0xFF, 0xFE, 0x00, 0x00, 0x07, 0xFF, 0xF0, 0x00, 0x00, 0x3F,
  0xFF, 0xFF, 0xFF, 0xFF, 0xFF, 0xFF, 0xFF, 0xFF, 0xFF, 0xFF, 0xFF, 0xFF,
  0xFF, 0xFF, 0xFF, 0xFF, 0xFF, 0xFF, 0xFF, 0xFF, 0xFF, 0xFF, 0xFF, 0xFF,
  0xFF, 0xFF, 0xFF, 0xFF, 0xFF, 0xFF, 0xFF, 0xFF, 0xFF, 0xFF, 0xFF, 0xFF,
  0xFF, 0xFF, 0xFF, 0xFF, 0xFF, 0xFF, 0xFF, 0xFF, 0xFF, 0xFF, 0xFC, 0x00,
  0x3F, 0xFF, 0x80, 0x00, 0x1F, 0xFF, 0xFF, 0xF0, 0x00, 0xFF, 0xFF, 0xFF,
  0xFC, 0x01, 0xFF, 0xFF, 0xFF, 0xFC, 0x03, 0xFF, 0xFF, 0xFF, 0xFE, 0x07,
  0xFF, 0xFF, 0xFF, 0xFE, 0x0F, 0xFF, 0xFF, 0xFF, 0xFC, 0x1F, 0xFF, 0xFF,
  0xFF, 0xFC, 0x3F, 0xFF, 0xFF, 0xFF, 0xF8, 0x7F, 0x80, 0x1F, 0xFF, 0xF8,
  0xF0, 0x00, 0x0F, 0xFF, 0xF1, 0x00, 0x00, 0x07, 0xFF, 0xE0, 0x00, 0x00,
  0x0F, 0xFF, 0xC0, 0x00, 0x00, 0x0F, 0xFF, 0x80, 0x00, 0x00, 0x1F, 0xFF,
  0x00, 0x00, 0x00, 0x3F, 0xFE, 0x00, 0x00, 0x00, 0x7F, 0xFC, 0x00, 0x00,
  0x01, 0xFF, 0xF0, 0x00, 0x00, 0x03, 0xFF, 0xE0, 0x00, 0x00, 0x1F, 0xFF,
  0x80, 0x00, 0x00, 0xFF, 0xFE, 0x00, 0x0F, 0xFF, 0xFF, 0xF8, 0x00, 0x1F,
  0xFF, 0xFF, 0xE0, 0x00, 0x3F, 0xFF, 0xFF, 0x00, 0x00, 0x7F, 0xFF, 0xFC,
  0x00, 0x00, 0xFF, 0xFF, 0xFE, 0x00, 0x01, 0xFF, 0xFF, 0xFF, 0x00, 0x03,
  0xFF, 0xFF, 0xFF, 0x00, 0x07, 0xFF, 0xFF, 0xFF, 0x00, 0x0F, 0xFF, 0xFF,
  0xFF, 0x00, 0x00, 0x03, 0xFF, 0xFE, 0x00, 0x00, 0x01, 0xFF, 0xFE, 0x00,
  0x00, 0x00, 0xFF, 0xFC, 0x00, 0x00, 0x00, 0xFF, 0xF8, 0x00, 0x00, 0x01,
  0xFF, 0xF8, 0x00, 0x00, 0x01, 0xFF, 0xF0, 0x00, 0x00, 0x03, 0xFF, 0xE0,
  0x00, 0x00, 0x07, 0xFF, 0xC0, 0x00, 0x00, 0x0F, 0xFF, 0x80, 0x00, 0x00,
  0x1F, 0xFF, 0x00, 0x00, 0x00, 0x7F, 0xFF, 0x00, 0x00, 0x00, 0xFF, 0xFF,
  0x80, 0x00, 0x03, 0xFF, 0xF7, 0xE0, 0x00, 0x1F, 0xFF, 0xEF, 0xFC, 0x00,
  0xFF, 0xFF, 0xDF, 0xFF, 0xFF, 0xFF, 0xFF, 0x3F, 0xFF, 0xFF, 0xFF, 0xFC,
  0x7F, 0xFF, 0xFF, 0xFF, 0xF8, 0xFF, 0xFF, 0xFF, 0xFF, 0xE1, 0xFF, 0xFF,
  0xFF, 0xFF, 0x83, 0xFF, 0xFF, 0xFF, 0xFC, 0x03, 0xFF, 0xFF, 0xFF, 0xE0,
  0x00, 0x7F, 0xFF, 0xFE, 0x00, 0x00, 0x0F, 0xFF, 0xC0, 0x00, 0x00, 0x00,
  0x00, 0x07, 0xFF, 0xF0, 0x00, 0x00, 0x01, 0xFF, 0xFE, 0x00, 0x00, 0x00,
  0x7F, 0xFF, 0xC0, 0x00, 0x00, 0x0F, 0xFF, 0xF8, 0x00, 0x00, 0x03, 0xFF,
  0xFF, 0x00, 0x00, 0x00, 0xFF, 0xFF, 0xE0, 0x00, 0x00, 0x1F, 0xFF, 0xFC,
  0x00, 0x00, 0x07, 0xFF, 0xFF, 0x80, 0x00, 0x01, 0xFF, 0xFF, 0xF0, 0x00,
  0x00, 0x3F, 0xFF, 0xFE, 0x00, 0x00, 0x0F, 0xFF, 0xFF, 0xC0, 0x00, 0x03,
  0xFF, 0xFF, 0xF8, 0x00, 0x00, 0x7F, 0xEF, 0xFF, 0x00, 0x00, 0x1F, 0xF9,
  0xFF, 0xE0, 0x00, 0x07, 0xFF, 0x3F, 0xFC, 0x00, 0x00, 0xFF, 0xC7, 0xFF,
  0x80, 0x00, 0x3F, 0xF0, 0xFF, 0xF0, 0x00, 0x0F, 0xFE, 0x1F, 0xFE, 0x00,
  0x01, 0xFF, 0x83, 0xFF, 0xC0, 0x00, 0x7F, 0xE0, 0x7F, 0xF8, 0x00, 0x1F,
  0xF8, 0x0F, 0xFF, 0x00, 0x03, 0xFF, 0x01, 0xFF, 0xE0, 0x00, 0xFF, 0xC0,
  0x3F, 0xFC, 0x00, 0x3F, 0xF0, 0x07, 0xFF, 0x80, 0x07, 0xFE, 0x00, 0xFF,
  0xF0, 0x01, 0xFF, 0x80, 0x1F, 0xFE, 0x00, 0x7F, 0xE0, 0x03, 0xFF, 0xC0,
  0x0F, 0xFC, 0x00, 0x7F, 0xF8, 0x03, 0xFF, 0x00, 0x0F, 0xFF, 0x00, 0xFF,
  0xC0, 0x01, 0xFF, 0xE0, 0x1F, 0xF0, 0x00, 0x3F, 0xFC, 0x07, 0xFE, 0x00,
  0x07, 0xFF, 0x80, 0xFF, 0x80, 0x00, 0xFF, 0xF0, 0x1F, 0xFF, 0xFF, 0xFF,
  0xFF, 0xFF, 0xFF, 0xFF, 0xFF, 0xFF, 0xFF, 0xFF, 0xFF, 0xFF, 0xFF, 0xFF,
  0xFF, 0xFF, 0xFF, 0xFF, 0xFF, 0xFF, 0xFF, 0xFF, 0xFF, 0xFF, 0xFF, 0xFF,
  0xFF, 0xFF, 0xFF, 0xFF, 0xFF, 0xFF, 0xFF, 0xFF, 0xFF, 0xFF, 0xFF, 0xFF,
  0xFF, 0xFF, 0xFF, 0xFF, 0xFF, 0xFF, 0xFF, 0xFF, 0xFF, 0xFF, 0xFF, 0xFF,
  0xFF, 0xFF, 0x80, 0x00, 0x00, 0x7F, 0xF8, 0x00, 0x00, 0x00, 0x0F, 0xFF,
  0x00, 0x00, 0x00, 0x01, 0xFF, 0xE0, 0x00, 0x00, 0x00, 0x3F, 0xFC, 0x00,
  0x00, 0x00, 0x07, 0xFF, 0x80, 0x00, 0x00, 0x00, 0xFF, 0xF0, 0x00, 0x00,
  0x00, 0x1F, 0xFE, 0x00, 0x00, 0x00, 0x03, 0xFF, 0xC0, 0x00, 0x00, 0x00,
  0x7F, 0xF8, 0x00, 0x3F, 0xFF, 0xFF, 0xFF, 0xE0, 0x7F, 0xFF, 0xFF, 0xFF,
  0xC0, 0xFF, 0xFF, 0xFF, 0xFF, 0x81, 0xFF, 0xFF, 0xFF, 0xFF, 0x03, 0xFF,
  0xFF, 0xFF, 0xFE, 0x07, 0xFF, 0xFF, 0xFF, 0xFC, 0x0F, 0xFF, 0xFF, 0xFF,
  0xF8, 0x1F, 0xFF, 0xFF, 0xFF, 0xF0, 0x3F, 0xFF, 0xFF, 0xFF, 0xE0, 0x7F,
  0xFF, 0xFF, 0xFF, 0xC0, 0xFF, 0xE0, 0x00, 0x00, 0x01, 0xFF, 0xC0, 0x00,
  0x00, 0x03, 0xFF, 0x80, 0x00, 0x00, 0x07, 0xFF, 0x00, 0x00, 0x00, 0x0F,
  0xFE, 0x00, 0x00, 0x00, 0x1F, 0xFC, 0x00, 0x00, 0x00, 0x3F, 0xF8, 0x00,
  0x00, 0x00, 0x7F, 0xF7, 0xFF, 0x00, 0x00, 0xFF, 0xFF, 0xFF, 0xC0, 0x01,
  0xFF, 0xFF, 0xFF, 0xF0, 0x03, 0xFF, 0xFF, 0xFF, 0xF0, 0x07, 0xFF, 0xFF,
  0xFF, 0xF8, 0x0F, 0xFF, 0xFF, 0xFF, 0xF8, 0x1F, 0xFF, 0xFF, 0xFF, 0xF0,
  0x3F, 0xFF, 0xFF, 0xFF, 0xF0, 0x7F, 0xFF, 0xFF, 0xFF, 0xF0, 0xFF, 0x00,
  0x7F, 0xFF, 0xE1, 0xE0, 0x00, 0x1F, 0xFF, 0xE2, 0x00, 0x00, 0x1F, 0xFF,
  0xC0, 0x00, 0x00, 0x1F, 0xFF, 0x80, 0x00, 0x00, 0x1F, 0xFF, 0x80, 0x00,
  0x00, 0x3F, 0xFF, 0x00, 0x00, 0x00, 0x3F, 0xFE, 0x00, 0x00, 0x00, 0x7F,
  0xFC, 0x00, 0x00, 0x00, 0xFF, 0xF8, 0x00, 0x00, 0x01, 0xFF, 0xF0, 0x00,
  0x00, 0x03, 0xFF, 0xE0, 0x00, 0x00, 0x07, 0xFF, 0xC0, 0x00, 0x00, 0x1F,
  0xFF, 0xC0, 0x00, 0x00, 0x3F, 0xFF, 0xE0, 0x00, 0x00, 0xFF, 0xFD, 0xF0,
  0x00, 0x03, 0xFF, 0xFB, 0xF8, 0x00, 0x0F, 0xFF, 0xF7, 0xFF, 0x00, 0xFF,
  0xFF, 0xCF, 0xFF, 0xFF, 0xFF, 0xFF, 0x9F, 0xFF, 0xFF, 0xFF, 0xFE, 0x3F,
  0xFF, 0xFF, 0xFF, 0xF8, 0x7F, 0xFF, 0xFF, 0xFF, 0xE0, 0xFF, 0xFF, 0xFF,
  0xFF, 0x81, 0xFF, 0xFF, 0xFF, 0xFC, 0x01, 0xFF, 0xFF, 0xFF, 0xF0, 0x00,
  0x3F, 0xFF, 0xFF, 0x00, 0x00, 0x03, 0xFF, 0xE0, 0x00, 0x00, 0x00, 0x00,
  0x1F, 0xFE, 0x00, 0x00, 0x00, 0xFF, 0xFF, 0xF8, 0x00, 0x01, 0xFF, 0xFF,
  0xFF, 0x00, 0x03, 0xFF, 0xFF, 0xFF, 0x80, 0x03, 0xFF, 0xFF, 0xFF, 0xC0,
  0x07, 0xFF, 0xFF, 0xFF, 0xE0, 0x07, 0xFF, 0xFF, 0xFF, 0xF0, 0x07, 0xFF,
  0xFF, 0xFF, 0xF8, 0x03, 0xFF, 0xFF, 0xFF, 0xFC, 0x03, 0xFF, 0xFC, 0x01,
  0xFE, 0x03, 0xFF, 0xF8, 0x00, 0x0F, 0x01, 0xFF, 0xF0, 0x00, 0x00, 0x81,
  0xFF, 0xF0, 0x00, 0x00, 0x00, 0xFF, 0xF0, 0x00, 0x00, 0x00, 0xFF, 0xF0,
  0x00, 0x00, 0x00, 0x7F, 0xF8, 0x00, 0x00, 0x00, 0x3F, 0xF8, 0x00, 0x00,
  0x00, 0x3F, 0xFC, 0x00, 0x00, 0x00, 0x1F, 0xFE, 0x00, 0x00, 0x00, 0x0F,
  0xFE, 0x07, 0xFE, 0x00, 0x07, 0xFF, 0x1F, 0xFF, 0xE0, 0x07, 0xFF, 0x9F,
  0xFF, 0xFC, 0x03, 0xFF, 0xFF, 0xFF, 0xFF, 0x81, 0xFF, 0xFF, 0xFF, 0xFF,
  0xE0, 0xFF, 0xFF, 0xFF, 0xFF, 0xF8, 0x7F, 0xFF, 0xFF, 0xFF, 0xFE, 0x3F,
  0xFF, 0xFF, 0xFF, 0xFF, 0x1F, 0xFF, 0xFF, 0xFF, 0xFF, 0xCF, 0xFF, 0xFC,
  0x07, 0xFF, 0xF7, 0xFF, 0xF8, 0x01, 0xFF, 0xFB, 0xFF, 0xFC, 0x00, 0x7F,
  0xFD, 0xFF, 0xFC, 0x00, 0x1F, 0xFF, 0xFF, 0xFE, 0x00, 0x0F, 0xFF, 0xFF,
  0xFE, 0x00, 0x03, 0xFF, 0xFF, 0xFF, 0x00, 0x01, 0xFF, 0xEF, 0xFF, 0x80,
  0x00, 0xFF, 0xF7, 0xFF, 0xC0, 0x00, 0x7F, 0xFB, 0xFF, 0xE0, 0x00, 0x3F,
  0xFD, 0xFF, 0xF0, 0x00, 0x1F, 0xFE, 0x7F, 0xF8, 0x00, 0x0F, 0xFF, 0x3F,
  0xFE, 0x00, 0x0F, 0xFF, 0x1F, 0xFF, 0x00, 0x07, 0xFF, 0x87, 0xFF, 0xC0,
  0x07, 0xFF, 0xC3, 0xFF, 0xF0, 0x07, 0xFF, 0xE0, 0xFF, 0xFC, 0x07, 0xFF,
  0xE0, 0x7F, 0xFF, 0xFF, 0xFF, 0xE0, 0x1F, 0xFF, 0xFF, 0xFF, 0xF0, 0x07,
  0xFF, 0xFF, 0xFF, 0xF0, 0x01, 0xFF, 0xFF, 0xFF, 0xF0, 0x00, 0x7F, 0xFF,
  0xFF, 0xF0, 0x00, 0x1F, 0xFF, 0xFF, 0xF0, 0x00, 0x03, 0xFF, 0xFF, 0xE0,
  0x00, 0x00, 0x7F, 0xFF, 0xC0, 0x00, 0x00, 0x07, 0xFE, 0x00, 0x00, 0xFF,
  0xFF, 0xFF, 0xFF, 0xFF, 0xFF, 0xFF, 0xFF, 0xFF, 0xFF, 0xFF, 0xFF, 0xFF,
  0xFF, 0xFF, 0xFF, 0xFF, 0xFF, 0xFF, 0xFF, 0xFF, 0xFF, 0xFF, 0xFF, 0xFF,
  0xFF, 0xFF, 0xFF, 0xFF, 0xFF, 0xFF, 0xFF, 0xFF, 0xFF, 0xFF, 0xFF, 0xFF,
  0xFF, 0xFF, 0xFF, 0xFF, 0xFF, 0xFF, 0xFF, 0xFF, 0xFF, 0xFF, 0xFF, 0xF8,
  0x00, 0x00, 0x01, 0xFF, 0xF0, 0x00, 0x00, 0x07, 0xFF, 0xC0, 0x00, 0x00,
  0x0F, 0xFF, 0x80, 0x00, 0x00, 0x3F, 0xFE, 0x00, 0x00, 0x00, 0x7F, 0xFC,
  0x00, 0x00, 0x01, 0xFF, 0xF0, 0x00, 0x00, 0x03, 0xFF, 0xE0, 0x00, 0x00,
  0x0F, 0xFF, 0xC0, 0x00, 0x00, 0x1F, 0xFF, 0x00, 0x00, 0x00, 0x3F, 0xFE,
  0x00, 0x00, 0x00, 0xFF, 0xF8, 0x00, 0x00, 0x01, 0xFF, 0xF0, 0x00, 0x00,
  0x07, 0xFF, 0xC0, 0x00, 0x00, 0x0F, 0xFF, 0x80, 0x00, 0x00, 0x3F, 0xFE,
  0x00, 0x00, 0x00, 0x7F, 0xFC, 0x00, 0x00, 0x01, 0xFF, 0xF0, 0x00, 0x00,
  0x03, 0xFF, 0xE0, 0x00, 0x00, 0x0F, 0xFF, 0xC0, 0x00, 0x00, 0x1F, 0xFF,
  0x00, 0x00, 0x00, 0x3F, 0xFE, 0x00, 0x00, 0x00, 0xFF, 0xF8, 0x00, 0x00,
  0x01, 0xFF, 0xF0, 0x00, 0x00, 0x07, 0xFF, 0xC0, 0x00, 0x00, 0x0F, 0xFF,
  0x80, 0x00, 0x00, 0x3F, 0xFE, 0x00, 0x00, 0x00, 0x7F, 0xFC, 0x00, 0x00,
  0x01, 0xFF, 0xF0, 0x00, 0x00, 0x03, 0xFF, 0xE0, 0x00, 0x00, 0x0F, 0xFF,
  0xC0, 0x00, 0x00, 0x1F, 0xFF, 0x00, 0x00, 0x00, 0x3F, 0xFE, 0x00, 0x00,
  0x00, 0xFF, 0xF8, 0x00, 0x00, 0x01, 0xFF, 0xF0, 0x00, 0x00, 0x07, 0xFF,
  0xC0, 0x00, 0x00, 0x0F, 0xFF, 0x80, 0x00, 0x00, 0x3F, 0xFE, 0x00, 0x00,
  0x00, 0x7F, 0xFC, 0x00, 0x00, 0x01, 0xFF, 0xF0, 0x00, 0x00, 0x03, 0xFF,
  0xE0, 0x00, 0x00, 0x0F, 0xFF, 0xC0, 0x00, 0x00, 0x1F, 0xFF, 0x00, 0x00,
  0x00, 0x00, 0x03, 0xFF, 0xE0, 0x00, 0x00, 0x1F, 0xFF, 0xFF, 0x00, 0x00,
  0x3F, 0xFF, 0xFF, 0xE0, 0x00, 0x7F, 0xFF, 0xFF, 0xFC, 0x00, 0x7F, 0xFF,
  0xFF, 0xFF, 0x00, 0x7F, 0xFF, 0xFF, 0xFF, 0xC0, 0x7F, 0xFF, 0xFF, 0xFF,
  0xF0, 0x7F, 0xFF, 0xFF, 0xFF, 0xFC, 0x3F, 0xFF, 0xFF, 0xFF, 0xFE, 0x1F,
  0xFF, 0xC0, 0x7F, 0xFF, 0x1F, 0xFF, 0x80, 0x0F, 0xFF, 0xCF, 0xFF, 0x80,
  0x03, 0xFF, 0xE7, 0xFF, 0x80, 0x00, 0xFF, 0xF3, 0xFF, 0xC0, 0x00, 0x7F,
  0xF9, 0xFF, 0xE0, 0x00, 0x3F, 0xFC, 0xFF, 0xF0, 0x00, 0x1F, 0xFE, 0x7F,
  0xF8, 0x00, 0x0F, 0xFF, 0x1F, 0xFC, 0x00, 0x07, 0xFF, 0x0F, 0xFF, 0x00,
  0x07, 0xFF, 0x87, 0xFF, 0xC0, 0x07, 0xFF, 0xC1, 0xFF, 0xF8, 0x0F, 0xFF,
  0xC0, 0x7F, 0xFF, 0xFF, 0xFF, 0xC0, 0x1F, 0xFF, 0xFF, 0xFF, 0xC0, 0x07,
  0xFF, 0xFF, 0xFF, 0xC0, 0x00, 0xFF, 0xFF, 0xFF, 0x80, 0x00, 0x3F, 0xFF,
  0xFF, 0x80, 0x00, 0x7F, 0xFF, 0xFF, 0xF0, 0x00, 0xFF, 0xFF, 0xFF, 0xFE,
  0x00, 0xFF, 0xFF, 0xFF, 0xFF, 0x80, 0xFF, 0xFF, 0xFF, 0xFF, 0xE0, 0xFF,
  0xFE, 0x03, 0xFF, 0xF8, 0x7F, 0xFC, 0x00, 0x7F, 0xFC, 0x7F, 0xFC, 0x00,
  0x1F, 0xFF, 0x3F, 0xFC, 0x00, 0x07, 0xFF, 0xBF, 0xFE, 0x00, 0x03, 0xFF,
  0xFF, 0xFE, 0x00, 0x00, 0xFF, 0xFF, 0xFF, 0x00, 0x00, 0x7F, 0xFF, 0xFF,
  0x80, 0x00, 0x3F, 0xFF, 0xFF, 0xC0, 0x00, 0x1F, 0xFF, 0xFF, 0xE0, 0x00,
  0x0F, 0xFF, 0xFF, 0xF0, 0x00, 0x07, 0xFF, 0xFF, 0xFC, 0x00, 0x07, 0xFF,
  0xFF, 0xFF, 0x00, 0x07, 0xFF, 0xEF, 0xFF, 0xC0, 0x07, 0xFF, 0xE7, 0xFF,
  0xF8, 0x0F, 0xFF, 0xF3, 0xFF, 0xFF, 0xFF, 0xFF, 0xF8, 0xFF, 0xFF, 0xFF,
  0xFF, 0xF8, 0x3F, 0xFF, 0xFF, 0xFF, 0xF8, 0x1F, 0xFF, 0xFF, 0xFF, 0xF8,
  0x07, 0xFF, 0xFF, 0xFF, 0xF8, 0x00, 0xFF, 0xFF, 0xFF, 0xF8, 0x00, 0x3F,
  0xFF, 0xFF, 0xF0, 0x00, 0x03, 0xFF, 0xFF, 0xE0, 0x00, 0x00, 0x1F, 0xFF,
  0x00, 0x00, 0x00, 0x03, 0xFF, 0x80, 0x00, 0x00, 0x0F, 0xFF, 0xF8, 0x00,
  0x00, 0x1F, 0xFF, 0xFF, 0x00, 0x00, 0x3F, 0xFF, 0xFF, 0xE0, 0x00, 0x3F,
  0xFF, 0xFF, 0xF8, 0x00, 0x3F, 0xFF, 0xFF, 0xFE, 0x00, 0x3F, 0xFF, 0xFF,
  0xFF, 0x80, 0x3F, 0xFF, 0xFF, 0xFF, 0xE0, 0x1F, 0xFF, 0xFF, 0xFF, 0xF8,
  0x1F, 0xFF, 0x80, 0xFF, 0xFC, 0x1F, 0xFF, 0x80, 0x3F, 0xFF, 0x0F, 0xFF,
  0x80, 0x0F, 0xFF, 0x87, 0xFF, 0x80, 0x03, 0xFF, 0xE7, 0xFF, 0xC0, 0x01,
  0xFF, 0xF3, 0xFF, 0xC0, 0x00, 0x7F, 0xF9, 0xFF, 0xE0, 0x00, 0x3F, 0xFE,
  0xFF, 0xF0, 0x00, 0x1F, 0xFF, 0x7F, 0xF8, 0x00, 0x0F, 0xFF, 0xBF, 0xFC,
  0x00, 0x07, 0xFF, 0xDF, 0xFE, 0x00, 0x03, 0xFF, 0xFF, 0xFF, 0x00, 0x01,
  0xFF, 0xFF, 0xFF, 0xC0, 0x01, 0xFF, 0xFF, 0xFF, 0xE0, 0x00, 0xFF, 0xFE,
  0xFF, 0xF8, 0x00, 0xFF, 0xFF, 0x7F, 0xFE, 0x00, 0xFF, 0xFF, 0xBF, 0xFF,
  0x80, 0xFF, 0xFF, 0xCF, 0xFF, 0xFF, 0xFF, 0xFF, 0xE7, 0xFF, 0xFF, 0xFF,
  0xFF, 0xF1, 0xFF, 0xFF, 0xFF, 0xFF, 0xF8, 0x7F, 0xFF, 0xFF, 0xFF, 0xFC,
  0x1F, 0xFF, 0xFF, 0xFF, 0xFE, 0x07, 0xFF, 0xFF, 0xFF, 0xFF, 0x00, 0xFF,
  0xFF, 0xE7, 0xFF, 0x80, 0x1F, 0xFF, 0xE3, 0xFF, 0x80, 0x01, 0xFF, 0x01,
  0xFF, 0xC0, 0x00, 0x00, 0x01, 0xFF, 0xE0, 0x00, 0x00, 0x00, 0xFF, 0xF0,
  0x00, 0x00, 0x00, 0x7F, 0xF8, 0x00, 0x00, 0x00, 0x7F, 0xF8, 0x00, 0x00,
  0x00, 0x3F, 0xFC, 0x00, 0x00, 0x00, 0x3F, 0xFC, 0x00, 0x00, 0x00, 0x3F,
  0xFE, 0x04, 0x00, 0x00, 0x3F, 0xFE, 0x03, 0xC0, 0x00, 0x7F, 0xFF, 0x01,
  0xFC, 0x00, 0xFF, 0xFF, 0x00, 0xFF, 0xFF, 0xFF, 0xFF, 0x00, 0x7F, 0xFF,
  0xFF, 0xFF, 0x80, 0x3F, 0xFF, 0xFF, 0xFF, 0x80, 0x1F, 0xFF, 0xFF, 0xFF,
  0x80, 0x0F, 0xFF, 0xFF, 0xFF, 0x00, 0x07, 0xFF, 0xFF, 0xFF, 0x00, 0x03,
  0xFF, 0xFF, 0xFE, 0x00, 0x00, 0x7F, 0xFF, 0xFC, 0x00, 0x00, 0x01, 0xFF,
  0xE0, 0x00, 0x00, 0xFF, 0xFF, 0xFF, 0xFF, 0xFF, 0xFF, 0xFF, 0xFF, 0xFF,
  0xFF, 0xFF, 0xFF, 0xFF, 0xFF, 0xFF, 0xFF, 0xFF, 0xFF, 0xFF, 0xF0, 0x00,
  0x00, 0x00, 0x00, 0x00, 0x00, 0x00, 0x00, 0x00, 0x00, 0x00, 0x00, 0x00,
  0x00, 0x00, 0x00, 0x00, 0x00, 0x00, 0xFF, 0xFF, 0xFF, 0xFF, 0xFF, 0xFF,
  0xFF, 0xFF, 0xFF, 0xFF, 0xFF, 0xFF, 0xFF, 0xFF, 0xFF, 0xFF, 0xFF, 0xFF,
  0xFF, 0xF0, 0x1F, 0xFE, 0x3F, 0xFC, 0x7F, 0xF8, 0xFF, 0xF1, 0xFF, 0xE3,
  0xFF, 0xC7, 0xFF, 0x8F, 0xFF, 0x1F, 0xFE, 0x3F, 0xFC, 0x7F, 0xF8, 0xFF,
  0xF1, 0xFF, 0xE0, 0x00, 0x00, 0x00, 0x00, 0x00, 0x00, 0x00, 0x00, 0x00,
  0x00, 0x00, 0x00, 0x00, 0x00, 0x00, 0x00, 0x00, 0x00, 0x00, 0x00, 0x00,
  0x00, 0x00, 0x00, 0x7F, 0xF8, 0xFF, 0xF1, 0xFF, 0xE3, 0xFF, 0xC7, 0xFF,
  0x8F, 0xFF, 0x1F, 0xFE, 0x3F, 0xFC, 0x7F, 0xF8, 0xFF, 0xF1, 0xFF, 0xE3,
  0xFF, 0xC7, 0xFF, 0x1F, 0xFC, 0x3F, 0xF8, 0x7F, 0xE0, 0xFF, 0xC3, 0xFF,
  0x07, 0xFC, 0x0F, 0xF8, 0x1F, 0xE0, 0x3F, 0xC0, 0xFF, 0x01, 0xFC, 0x00,
  0x00, 0x00, 0x00, 0x00, 0x00, 0x10, 0x00, 0x00, 0x00, 0x00, 0x0F, 0x00,
  0x00, 0x00, 0x00, 0x07, 0xF0, 0x00, 0x00, 0x00, 0x03, 0xFF, 0x00, 0x00,
  0x00, 0x00, 0xFF, 0xF0, 0x00, 0x00, 0x00, 0x7F, 0xFF, 0x00, 0x00, 0x00,
  0x3F, 0xFF, 0xF0, 0x00, 0x00, 0x1F, 0xFF, 0xFF, 0x00, 0x00, 0x07, 0xFF,
  0xFF, 0xF0, 0x00, 0x03, 0xFF, 0xFF, 0xF8, 0x00, 0x01, 0xFF, 0xFF, 0xFE,
  0x00, 0x00, 0xFF, 0xFF, 0xFF, 0x00, 0x00, 0x7F, 0xFF, 0xFF, 0x80, 0x00,
  0x1F, 0xFF, 0xFF, 0xC0, 0x00, 0x0F, 0xFF, 0xFF, 0xE0, 0x00, 0x07, 0xFF,
  0xFF, 0xF0, 0x00, 0x00, 0xFF, 0xFF, 0xF8, 0x00, 0x00, 0x0F, 0xFF, 0xFC,
  0x00, 0x00, 0x00, 0xFF, 0xFE, 0x00, 0x00, 0x00, 0x0F, 0xFF, 0x00, 0x00,
  0x00, 0x00, 0xFF, 0xF0, 0x00, 0x00, 0x00, 0x0F, 0xFF, 0xE0, 0x00, 0x00,
  0x00, 0xFF, 0xFF, 0xC0, 0x00, 0x00, 0x0F, 0xFF, 0xFF, 0x80, 0x00, 0x00,
  0x7F, 0xFF, 0xFF, 0x00, 0x00, 0x00, 0xFF, 0xFF, 0xFE, 0x00, 0x00, 0x01,
  0xFF, 0xFF, 0xFC, 0x00, 0x00, 0x07, 0xFF, 0xFF, 0xF8, 0x00, 0x00, 0x0F,
  0xFF, 0xFF, 0xF0, 0x00, 0x00, 0x1F, 0xFF, 0xFF, 0xE0, 0x00, 0x00, 0x3F,
  0xFF, 0xFF, 0x80, 0x00, 0x00, 0xFF, 0xFF, 0xFF, 0x00, 0x00, 0x01, 0xFF,
  0xFF, 0xF0, 0x00, 0x00, 0x03, 0xFF, 0xFF, 0x00, 0x00, 0x00, 0x07, 0xFF,
  0xF0, 0x00, 0x00, 0x00, 0x0F, 0xFF, 0x00, 0x00, 0x00, 0x00, 0x3F, 0xF0,
  0x00, 0x00, 0x00, 0x00, 0x7F, 0x00, 0x00, 0x00, 0x00, 0x00, 0xF0, 0x00,
  0x00, 0x00, 0x00, 0x01, 0xFF, 0xFF, 0xFF, 0xFF, 0xFF, 0xFF, 0xFF, 0xFF,
  0xFF, 0xFF, 0xFF, 0xFF, 0xFF, 0xFF, 0xFF, 0xFF, 0xFF, 0xFF, 0xFF, 0xFF,
  0xFF, 0xFF, 0xFF, 0xFF, 0xFF, 0xFF, 0xFF, 0xFF, 0xFF, 0xFF, 0xFF, 0xFF,
  0xFF, 0xFF, 0xFF, 0xFF, 0xFF, 0xFF, 0xFF, 0xFF, 0xFF, 0xFF, 0xFF, 0xFF,
  0x00, 0x00, 0x00, 0x00, 0x00, 0x00, 0x00, 0x00, 0x00, 0x00, 0x00, 0x00,
  0x00, 0x00, 0x00, 0x00, 0x00, 0x00, 0x00, 0x00, 0x00, 0x00, 0x00, 0x00,
  0x00, 0x00, 0x00, 0x00, 0x00, 0x00, 0x00, 0x00, 0x00, 0x00, 0x00, 0x00,
  0x00, 0x00, 0x00, 0x00, 0x00, 0x00, 0x00, 0x00, 0xFF, 0xFF, 0xFF, 0xFF,
  0xFF, 0xFF, 0xFF, 0xFF, 0xFF, 0xFF, 0xFF, 0xFF, 0xFF, 0xFF, 0xFF, 0xFF,
  0xFF, 0xFF, 0xFF, 0xFF, 0xFF, 0xFF, 0xFF, 0xFF, 0xFF, 0xFF, 0xFF, 0xFF,
  0xFF, 0xFF, 0xFF, 0xFF, 0xFF, 0xFF, 0xFF, 0xFF, 0xFF, 0xFF, 0xFF, 0xFF,
  0xFF, 0xFF, 0xFF, 0xFF, 0x80, 0x00, 0x00, 0x00, 0x00, 0x0F, 0x00, 0x00,
  0x00, 0x00, 0x00, 0xFE, 0x00, 0x00, 0x00, 0x00, 0x0F, 0xFC, 0x00, 0x00,
  0x00, 0x00, 0xFF, 0xF0, 0x00, 0x00, 0x00, 0x0F, 0xFF, 0xE0, 0x00, 0x00,
  0x00, 0xFF, 0xFF, 0xC0, 0x00, 0x00, 0x0F, 0xFF, 0xFF, 0x80, 0x00, 0x00,
  0xFF, 0xFF, 0xFF, 0x00, 0x00, 0x01, 0xFF, 0xFF, 0xFC, 0x00, 0x00, 0x07,
  0xFF, 0xFF, 0xF8, 0x00, 0x00, 0x0F, 0xFF, 0xFF, 0xF0, 0x00, 0x00, 0x1F,
  0xFF, 0xFF, 0xE0, 0x00, 0x00, 0x3F, 0xFF, 0xFF, 0x80, 0x00, 0x00, 0x7F,
  0xFF, 0xFF, 0x00, 0x00, 0x00, 0xFF, 0xFF, 0xFE, 0x00, 0x00, 0x01, 0xFF,
  0xFF, 0xF0, 0x00, 0x00, 0x03, 0xFF, 0xFF, 0x00, 0x00, 0x00, 0x07, 0xFF,
  0xF0, 0x00, 0x00, 0x00, 0x0F, 0xFF, 0x00, 0x00, 0x00, 0x00, 0xFF, 0xF0,
  0x00, 0x00, 0x00, 0x7F, 0xFF, 0x00, 0x00, 0x00, 0x3F, 0xFF, 0xF0, 0x00,
  0x00, 0x1F, 0xFF, 0xFF, 0x00, 0x00, 0x0F, 0xFF, 0xFF, 0xE0, 0x00, 0x07,
  0xFF, 0xFF, 0xF0, 0x00, 0x03, 0xFF, 0xFF, 0xF8, 0x00, 0x01, 0xFF, 0xFF,
  0xFE, 0x00, 0x00, 0xFF, 0xFF, 0xFF, 0x00, 0x00, 0x7F, 0xFF, 0xFF, 0x80,
  0x00, 0x1F, 0xFF, 0xFF, 0xC0, 0x00, 0x0F, 0xFF, 0xFF, 0xE0, 0x00, 0x00,
  0xFF, 0xFF, 0xF8, 0x00, 0x00, 0x0F, 0xFF, 0xFC, 0x00, 0x00, 0x00, 0xFF,
  0xFE, 0x00, 0x00, 0x00, 0x0F, 0xFF, 0x00, 0x00, 0x00, 0x00, 0xFF, 0xC0,
  0x00, 0x00, 0x00, 0x0F, 0xE0, 0x00, 0x00, 0x00, 0x00, 0xF0, 0x00, 0x00,
  0x00, 0x00, 0x08, 0x00, 0x00, 0x00, 0x00, 0x00, 0x00, 0x7F, 0xF0, 0x00,
  0x07, 0xFF, 0xFF, 0x00, 0x7F, 0xFF, 0xFF, 0xC0, 0xFF, 0xFF, 0xFF, 0xF0,
  0xFF, 0xFF, 0xFF, 0xF8, 0xFF, 0xFF, 0xFF, 0xFC, 0xFF, 0xFF, 0xFF, 0xFC,
  0xFF, 0xFF, 0xFF, 0xFE, 0xFF, 0xFF, 0xFF, 0xFE, 0xFF, 0x80, 0x7F, 0xFF,
  0xFC, 0x00, 0x3F, 0xFF, 0xF0, 0x00, 0x1F, 0xFF, 0xC0, 0x00, 0x0F, 0xFF,
  0x80, 0x00, 0x0F, 0xFF, 0x00, 0x00, 0x0F, 0xFF, 0x00, 0x00, 0x0F, 0xFF,
  0x00, 0x00, 0x0F, 0xFF, 0x00, 0x00, 0x1F, 0xFE, 0x00, 0x00, 0x3F, 0xFE,
  0x00, 0x00, 0x7F, 0xFE, 0x00, 0x00, 0xFF, 0xFC, 0x00, 0x01, 0xFF, 0xF8,
  0x00, 0x03, 0xFF, 0xF0, 0x00, 0x07, 0xFF, 0xE0, 0x00, 0x0F, 0xFF, 0xC0,
  0x00, 0x1F, 0xFF, 0x80, 0x00, 0x3F, 0xFF, 0x00, 0x00, 0x7F, 0xFE, 0x00,
  0x00, 0xFF, 0xFC, 0x00, 0x00, 0xFF, 0xF8, 0x00, 0x01, 0xFF, 0xF0, 0x00,
  0x01, 0xFF, 0xE0, 0x00, 0x01, 0xFF, 0xE0, 0x00, 0x01, 0xFF, 0xE0, 0x00,
  0x01, 0xFF, 0xE0, 0x00, 0x00, 0x00, 0x00, 0x00, 0x00, 0x00, 0x00, 0x00,
  0x00, 0x00, 0x00, 0x00, 0x00, 0x00, 0x00, 0x00, 0x00, 0x00, 0x00, 0x00,
  0x01, 0xFF, 0xE0, 0x00, 0x01, 0xFF, 0xE0, 0x00, 0x01, 0xFF, 0xE0, 0x00,
  0x01, 0xFF, 0xE0, 0x00, 0x01, 0xFF, 0xE0, 0x00, 0x01, 0xFF, 0xE0, 0x00,
  0x01, 0xFF, 0xE0, 0x00, 0x01, 0xFF, 0xE0, 0x00, 0x01, 0xFF, 0xE0, 0x00,
  0x01, 0xFF, 0xE0, 0x00, 0x01, 0xFF, 0xE0, 0x00, 0x01, 0xFF, 0xE0, 0x00,
  0x00, 0x00, 0x00, 0x3F, 0xF8, 0x00, 0x00, 0x00, 0x00, 0x00, 0x3F, 0xFF,
  0xFC, 0x00, 0x00, 0x00, 0x00, 0x07, 0xFF, 0xFF, 0xFC, 0x00, 0x00, 0x00,
  0x00, 0xFF, 0xFF, 0xFF, 0xF8, 0x00, 0x00, 0x00, 0x1F, 0xFF, 0xFF, 0xFF,
  0xF0, 0x00, 0x00, 0x03, 0xFF, 0xFF, 0xFF, 0xFF, 0xE0, 0x00, 0x00, 0x3F,
  0xFF, 0x80, 0x1F, 0xFF, 0x80, 0x00, 0x03, 0xFF, 0xC0, 0x00, 0x1F, 0xFE,
  0x00, 0x00, 0x3F, 0xF0, 0x00, 0x00, 0x1F, 0xF8, 0x00, 0x03, 0xFE, 0x00,
  0x00, 0x00, 0x3F, 0xE0, 0x00, 0x3F, 0xE0, 0x00, 0x00, 0x00, 0xFF, 0x80,
  0x03, 0xFC, 0x00, 0x00, 0x00, 0x03, 0xFE, 0x00, 0x3F, 0xC0, 0x00, 0x00,
  0x00, 0x07, 0xF0, 0x03, 0xFC, 0x00, 0x00, 0x00, 0x00, 0x1F, 0xC0, 0x1F,
  0xC0, 0x00, 0x00, 0x00, 0x00, 0xFF, 0x01, 0xFC, 0x00, 0x00, 0x00, 0x00,
  0x03, 0xF8, 0x1F, 0xE0, 0x00, 0x7F, 0x00, 0x00, 0x0F, 0xE0, 0xFE, 0x00,
  0x0F, 0xFE, 0x3F, 0xC0, 0x7F, 0x07, 0xE0, 0x01, 0xFF, 0xF9, 0xFE, 0x01,
  0xFC, 0x7F, 0x00, 0x1F, 0xFF, 0xEF, 0xF0, 0x0F, 0xE3, 0xF0, 0x01, 0xFF,
  0xFF, 0xFF, 0x80, 0x3F, 0x3F, 0x80, 0x0F, 0xFF, 0xFF, 0xFC, 0x01, 0xF9,
  0xF8, 0x00, 0xFF, 0xC3, 0xFF, 0xE0, 0x0F, 0xEF, 0xC0, 0x07, 0xF8, 0x0F,
  0xFF, 0x00, 0x3F, 0x7E, 0x00, 0x7F, 0xC0, 0x3F, 0xF8, 0x01, 0xFF, 0xF0,
  0x03, 0xFC, 0x00, 0xFF, 0xC0, 0x0F, 0xFF, 0x00, 0x1F, 0xE0, 0x07, 0xFE,
  0x00, 0x7F, 0xF8, 0x01, 0xFE, 0x00, 0x1F, 0xF0, 0x03, 0xFF, 0xC0, 0x0F,
  0xF0, 0x00, 0xFF, 0x80, 0x1F, 0xFE, 0x00, 0x7F, 0x80, 0x07, 0xFC, 0x00,
  0xFF, 0xF0, 0x03, 0xFC, 0x00, 0x3F, 0xE0, 0x07, 0xFF, 0x80, 0x1F, 0xE0,
  0x01, 0xFF, 0x00, 0x3F, 0xFC, 0x00, 0xFF, 0x00, 0x0F, 0xF8, 0x03, 0xFF,
  0xE0, 0x07, 0xF8, 0x00, 0x7F, 0xC0, 0x1F, 0xBF, 0x00, 0x3F, 0xC0, 0x03,
  0xFE, 0x00, 0xFD, 0xF8, 0x01, 0xFE, 0x00, 0x1F, 0xF0, 0x0F, 0xEF, 0xE0,
  0x07, 0xF8, 0x01, 0xFF, 0x80, 0xFE, 0x3F, 0x00, 0x3F, 0xC0, 0x0F, 0xFC,
  0x07, 0xF1, 0xF8, 0x01, 0xFF, 0x00, 0xFF, 0xE0, 0x7F, 0x0F, 0xC0, 0x0F,
  0xF8, 0x07, 0xFF, 0x0F, 0xF0, 0x7F, 0x00, 0x3F, 0xF0, 0xFF, 0xF9, 0xFF,
  0x81, 0xF8, 0x00, 0xFF, 0xFF, 0xFF, 0xFF, 0xF8, 0x0F, 0xE0, 0x07, 0xFF,
  0xFF, 0xFF, 0xFF, 0x00, 0x7F, 0x00, 0x1F, 0xFF, 0xEF, 0xFF, 0xF0, 0x01,
  0xFC, 0x00, 0x7F, 0xFE, 0x7F, 0xFE, 0x00, 0x0F, 0xE0, 0x00, 0xFF, 0xE3,
  0xFF, 0xC0, 0x00, 0x3F, 0x80, 0x01, 0xFC, 0x1F, 0xE0, 0x00, 0x01, 0xFE,
  0x00, 0x00, 0x00, 0x00, 0x00, 0x00, 0x07, 0xF8, 0x00, 0x00, 0x00, 0x00,
  0x00, 0x00, 0x1F, 0xE0, 0x00, 0x00, 0x00, 0x00, 0x00, 0x00, 0x7F, 0x80,
  0x00, 0x00, 0x00, 0x80, 0x00, 0x03, 0xFE, 0x00, 0x00, 0x00, 0x0E, 0x00,
  0x00, 0x0F, 0xFC, 0x00, 0x00, 0x00, 0xF8, 0x00, 0x00, 0x3F, 0xF8, 0x00,
  0x00, 0x1F, 0xE0, 0x00, 0x00, 0xFF, 0xF0, 0x00, 0x07, 0xFF, 0x00, 0x00,
  0x01, 0xFF, 0xF8, 0x01, 0xFF, 0xFC, 0x00, 0x00, 0x07, 0xFF, 0xFF, 0xFF,
  0xFF, 0xC0, 0x00, 0x00, 0x0F, 0xFF, 0xFF, 0xFF, 0xF8, 0x00, 0x00, 0x00,
  0x3F, 0xFF, 0xFF, 0xFF, 0x00, 0x00, 0x00, 0x00, 0x3F, 0xFF, 0xFF, 0xE0,
  0x00, 0x00, 0x00, 0x00, 0x7F, 0xFF, 0xF8, 0x00, 0x00, 0x00, 0x00, 0x00,
  0x3F, 0xFC, 0x00, 0x00, 0x00, 0x00, 0x00, 0x1F, 0xFF, 0xE0, 0x00, 0x00,
  0x00, 0x00, 0x7F, 0xFF, 0x80, 0x00, 0x00, 0x00, 0x03, 0xFF, 0xFF, 0x00,
  0x00, 0x00, 0x00, 0x0F, 0xFF, 0xFC, 0x00, 0x00, 0x00, 0x00, 0x7F, 0xFF,
  0xF8, 0x00, 0x00, 0x00, 0x01, 0xFF, 0xFF, 0xE0, 0x00, 0x00, 0x00, 0x07,
  0xFF, 0xFF, 0x80, 0x00, 0x00, 0x00, 0x3F, 0xFF, 0xFF, 0x00, 0x00, 0x00,
  0x00, 0xFF, 0xFF, 0xFC, 0x00, 0x00, 0x00, 0x03, 0xFF, 0xFF, 0xF0, 0x00,
  0x00, 0x00, 0x1F, 0xFF, 0xFF, 0xE0, 0x00, 0x00, 0x00, 0x7F, 0xFF, 0xFF,
  0x80, 0x00, 0x00, 0x03, 0xFF, 0xFF, 0xFF, 0x00, 0x00, 0x00, 0x0F, 0xFF,
  0xFF, 0xFC, 0x00, 0x00, 0x00, 0x3F, 0xFC, 0xFF, 0xF0, 0x00, 0x00, 0x01,
  0xFF, 0xF3, 0xFF, 0xE0, 0x00, 0x00, 0x07, 0xFF, 0xCF, 0xFF, 0x80, 0x00,
  0x00, 0x1F, 0xFE, 0x1F, 0xFE, 0x00, 0x00, 0x00, 0xFF, 0xF8, 0x7F, 0xFC,
  0x00, 0x00, 0x03, 0xFF, 0xE1, 0xFF, 0xF0, 0x00, 0x00, 0x0F, 0xFF, 0x03,
  0xFF, 0xC0, 0x00, 0x00, 0x7F, 0xFC, 0x0F, 0xFF, 0x80, 0x00, 0x01, 0xFF,
  0xF0, 0x3F, 0xFE, 0x00, 0x00, 0x0F, 0xFF, 0x80, 0x7F, 0xFC, 0x00, 0x00,
  0x3F, 0xFE, 0x01, 0xFF, 0xF0, 0x00, 0x00, 0xFF, 0xF8, 0x03, 0xFF, 0xC0,
  0x00, 0x07, 0xFF, 0xC0, 0x0F, 0xFF, 0x80, 0x00, 0x1F, 0xFF, 0x00, 0x3F,
  0xFE, 0x00, 0x00, 0x7F, 0xF8, 0x00, 0x7F, 0xF8, 0x00, 0x03, 0xFF, 0xE0,
  0x01, 0xFF, 0xF0, 0x00, 0x0F, 0xFF, 0x80, 0x07, 0xFF, 0xC0, 0x00, 0x3F,
  0xFC, 0x00, 0x0F, 0xFF, 0x00, 0x01, 0xFF, 0xF0, 0x00, 0x3F, 0xFE, 0x00,
  0x07, 0xFF, 0xFF, 0xFF, 0xFF, 0xF8, 0x00, 0x3F, 0xFF, 0xFF, 0xFF, 0xFF,
  0xF0, 0x00, 0xFF, 0xFF, 0xFF, 0xFF, 0xFF, 0xC0, 0x03, 0xFF, 0xFF, 0xFF,
  0xFF, 0xFF, 0x00, 0x1F, 0xFF, 0xFF, 0xFF, 0xFF, 0xFE, 0x00, 0x7F, 0xFF,
  0xFF, 0xFF, 0xFF, 0xF8, 0x01, 0xFF, 0xFF, 0xFF, 0xFF, 0xFF, 0xE0, 0x0F,
  0xFF, 0xFF, 0xFF, 0xFF, 0xFF, 0xC0, 0x3F, 0xFF, 0xFF, 0xFF, 0xFF, 0xFF,
  0x01, 0xFF, 0xFF, 0xFF, 0xFF, 0xFF, 0xFE, 0x07, 0xFF, 0xC0, 0x00, 0x00,
  0xFF, 0xF8, 0x1F, 0xFF, 0x00, 0x00, 0x03, 0xFF, 0xE0, 0xFF, 0xFC, 0x00,
  0x00, 0x0F, 0xFF, 0xC3, 0xFF, 0xE0, 0x00, 0x00, 0x1F, 0xFF, 0x0F, 0xFF,
  0x80, 0x00, 0x00, 0x7F, 0xFC, 0x7F, 0xFE, 0x00, 0x00, 0x01, 0xFF, 0xF9,
  0xFF, 0xF0, 0x00, 0x00, 0x03, 0xFF, 0xE7, 0xFF, 0xC0, 0x00, 0x00, 0x0F,
  0xFF, 0xBF, 0xFF, 0x00, 0x00, 0x00, 0x3F, 0xFF, 0xFF, 0xFF, 0xFF, 0xF0,
  0x00, 0x1F, 0xFF, 0xFF, 0xFF, 0xE0, 0x03, 0xFF, 0xFF, 0xFF, 0xFF, 0x80,
  0x7F, 0xFF, 0xFF, 0xFF, 0xF8, 0x0F, 0xFF, 0xFF, 0xFF, 0xFF, 0xC1, 0xFF,
  0xFF, 0xFF, 0xFF, 0xFC, 0x3F, 0xFF, 0xFF, 0xFF, 0xFF, 0x87, 0xFF, 0xFF,
  0xFF, 0xFF, 0xF8, 0xFF, 0xFF, 0xFF, 0xFF, 0xFF, 0x1F, 0xFF, 0x00, 0x1F,
  0xFF, 0xF3, 0xFF, 0xE0, 0x00, 0xFF, 0xFE, 0x7F, 0xFC, 0x00, 0x0F, 0xFF,
  0xCF, 0xFF, 0x80, 0x00, 0xFF, 0xF9, 0xFF, 0xF0, 0x00, 0x1F, 0xFF, 0x3F,
  0xFE, 0x00, 0x03, 0xFF, 0xE7, 0xFF, 0xC0, 0x00, 0x7F, 0xFC, 0xFF, 0xF8,
  0x00, 0x0F, 0xFF, 0x9F, 0xFF, 0x00, 0x03, 0xFF, 0xE3, 0xFF, 0xE0, 0x00,
  0xFF, 0xFC, 0x7F, 0xFC, 0x00, 0x3F, 0xFF, 0x8F, 0xFF, 0xFF, 0xFF, 0xFF,
  0xE1, 0xFF, 0xFF, 0xFF, 0xFF, 0xF8, 0x3F, 0xFF, 0xFF, 0xFF, 0xFE, 0x07,
  0xFF, 0xFF, 0xFF, 0xFF, 0x00, 0xFF, 0xFF, 0xFF, 0xFF, 0xF0, 0x1F, 0xFF,
  0xFF, 0xFF, 0xFF, 0x83, 0xFF, 0xFF, 0xFF, 0xFF, 0xF8, 0x7F, 0xFF, 0xFF,
  0xFF, 0xFF, 0x8F, 0xFF, 0xFF, 0xFF, 0xFF, 0xF9, 0xFF, 0xF0, 0x00, 0xFF,
  0xFF, 0x3F, 0xFE, 0x00, 0x03, 0xFF, 0xF7, 0xFF, 0xC0, 0x00, 0x3F, 0xFE,
  0xFF, 0xF8, 0x00, 0x07, 0xFF, 0xDF, 0xFF, 0x00, 0x00, 0x7F, 0xFF, 0xFF,
  0xE0, 0x00, 0x0F, 0xFF, 0xFF, 0xFC, 0x00, 0x01, 0xFF, 0xFF, 0xFF, 0x80,
  0x00, 0x3F, 0xFF, 0xFF, 0xF0, 0x00, 0x07, 0xFF, 0xFF, 0xFE, 0x00, 0x00,
  0xFF, 0xFF, 0xFF, 0xC0, 0x00, 0x3F, 0xFF, 0xFF, 0xF8, 0x00, 0x07, 0xFF,
  0xFF, 0xFF, 0x00, 0x01, 0xFF, 0xFB, 0xFF, 0xE0, 0x01, 0xFF, 0xFF, 0x7F,
  0xFF, 0xFF, 0xFF, 0xFF, 0xEF, 0xFF, 0xFF, 0xFF, 0xFF, 0xF9, 0xFF, 0xFF,
  0xFF, 0xFF, 0xFF, 0x3F, 0xFF, 0xFF, 0xFF, 0xFF, 0xC7, 0xFF, 0xFF, 0xFF,
  0xFF, 0xF0, 0xFF, 0xFF, 0xFF, 0xFF, 0xFC, 0x1F, 0xFF, 0xFF, 0xFF, 0xFE,
  0x03, 0xFF, 0xFF, 0xFF, 0xFE, 0x00, 0x7F, 0xFF, 0xFF, 0xFC, 0x00, 0x00,
  0x00, 0x00, 0x03, 0xFF, 0xC0, 0x00, 0x00, 0x07, 0xFF, 0xFF, 0xC0, 0x00,
  0x01, 0xFF, 0xFF, 0xFF, 0x80, 0x00, 0x7F, 0xFF, 0xFF, 0xFE, 0x00, 0x1F,
  0xFF, 0xFF, 0xFF, 0xF0, 0x03, 0xFF, 0xFF, 0xFF, 0xFF, 0x00, 0xFF, 0xFF,
  0xFF, 0xFF, 0xF0, 0x1F, 0xFF, 0xFF, 0xFF, 0xFF, 0x03, 0xFF, 0xFF, 0xFF,
  0xFF, 0xF0, 0x7F, 0xFF, 0xFF, 0xFF, 0xFF, 0x07, 0xFF, 0xFF, 0x80, 0x3F,
  0xF0, 0xFF, 0xFF, 0xC0, 0x00, 0x7F, 0x1F, 0xFF, 0xF0, 0x00, 0x00, 0xF1,
  0xFF, 0xFE, 0x00, 0x00, 0x03, 0x3F, 0xFF, 0xC0, 0x00, 0x00, 0x13, 0xFF,
  0xF8, 0x00, 0x00, 0x00, 0x3F, 0xFF, 0x80, 0x00, 0x00, 0x07, 0xFF, 0xF0,
  0x00, 0x00, 0x00, 0x7F, 0xFF, 0x00, 0x00, 0x00, 0x07, 0xFF, 0xE0, 0x00,
  0x00, 0x00, 0x7F, 0xFE, 0x00, 0x00, 0x00, 0x0F, 0xFF, 0xE0, 0x00, 0x00,
  0x00, 0xFF, 0xFC, 0x00, 0x00, 0x00, 0x0F, 0xFF, 0xC0, 0x00, 0x00, 0x00,
  0xFF, 0xFC, 0x00, 0x00, 0x00, 0x0F, 0xFF, 0xC0, 0x00, 0x00, 0x00, 0xFF,
  0xFC, 0x00, 0x00, 0x00, 0x0F, 0xFF, 0xC0, 0x00, 0x00, 0x00, 0xFF, 0xFC,
  0x00, 0x00, 0x00, 0x0F, 0xFF, 0xC0, 0x00, 0x00, 0x00, 0xFF, 0xFC, 0x00,
  0x00, 0x00, 0x0F, 0xFF, 0xC0, 0x00, 0x00, 0x00, 0xFF, 0xFE, 0x00, 0x00,
  0x00, 0x07, 0xFF, 0xE0, 0x00, 0x00, 0x00, 0x7F, 0xFE, 0x00, 0x00, 0x00,
  0x07, 0xFF, 0xF0, 0x00, 0x00, 0x00, 0x7F, 0xFF, 0x00, 0x00, 0x00, 0x03,
  0xFF, 0xF8, 0x00, 0x00, 0x00, 0x3F, 0xFF, 0x80, 0x00, 0x00, 0x03, 0xFF,
  0xFC, 0x00, 0x00, 0x01, 0x1F, 0xFF, 0xE0, 0x00, 0x00, 0x31, 0xFF, 0xFF,
  0x00, 0x00, 0x0F, 0x0F, 0xFF, 0xFC, 0x00, 0x03, 0xF0, 0x7F, 0xFF, 0xF8,
  0x03, 0xFF, 0x07, 0xFF, 0xFF, 0xFF, 0xFF, 0xF0, 0x3F, 0xFF, 0xFF, 0xFF,
  0xFF, 0x01, 0xFF, 0xFF, 0xFF, 0xFF, 0xF0, 0x0F, 0xFF, 0xFF, 0xFF, 0xFF,
  0x00, 0x3F, 0xFF, 0xFF, 0xFF, 0xF0, 0x01, 0xFF, 0xFF, 0xFF, 0xFF, 0x00,
  0x07, 0xFF, 0xFF, 0xFF, 0xE0, 0x00, 0x1F, 0xFF, 0xFF, 0xF8, 0x00, 0x00,
  0x7F, 0xFF, 0xFC, 0x00, 0x00, 0x00, 0x3F, 0xFC, 0x00, 0xFF, 0xFF, 0xFF,
  0x80, 0x00, 0x00, 0x7F, 0xFF, 0xFF, 0xFF, 0x00, 0x00, 0x3F, 0xFF, 0xFF,
  0xFF, 0xF0, 0x00, 0x1F, 0xFF, 0xFF, 0xFF, 0xFE, 0x00, 0x0F, 0xFF, 0xFF,
  0xFF, 0xFF, 0xC0, 0x07, 0xFF, 0xFF, 0xFF, 0xFF, 0xF0, 0x03, 0xFF, 0xFF,
  0xFF, 0xFF, 0xFE, 0x01, 0xFF, 0xFF, 0xFF, 0xFF, 0xFF, 0x80, 0xFF, 0xFF,
  0xFF, 0xFF, 0xFF, 0xE0, 0x7F, 0xFF, 0xFF, 0xFF, 0xFF, 0xF8, 0x3F, 0xFE,
  0x00, 0x7F, 0xFF, 0xFC, 0x1F, 0xFF, 0x00, 0x07, 0xFF, 0xFF, 0x0F, 0xFF,
  0x80, 0x00, 0xFF, 0xFF, 0xC7, 0xFF, 0xC0, 0x00, 0x1F, 0xFF, 0xE3, 0xFF,
  0xE0, 0x00, 0x07, 0xFF, 0xF9, 0xFF, 0xF0, 0x00, 0x01, 0xFF, 0xFC, 0xFF,
  0xF8, 0x00, 0x00, 0x7F, 0xFF, 0x7F, 0xFC, 0x00, 0x00, 0x3F, 0xFF, 0xBF,
  0xFE, 0x00, 0x00, 0x0F, 0xFF, 0xDF, 0xFF, 0x00, 0x00, 0x07, 0xFF, 0xEF,
  0xFF, 0x80, 0x00, 0x03, 0xFF, 0xFF, 0xFF, 0xC0, 0x00, 0x00, 0xFF, 0xFF,
  0xFF, 0xE0, 0x00, 0x00, 0x7F, 0xFF, 0xFF, 0xF0, 0x00, 0x00, 0x3F, 0xFF,
  0xFF, 0xF8, 0x00, 0x00, 0x1F, 0xFF, 0xFF, 0xFC, 0x00, 0x00, 0x0F, 0xFF,
  0xFF, 0xFE, 0x00, 0x00, 0x07, 0xFF, 0xFF, 0xFF, 0x00, 0x00, 0x03, 0xFF,
  0xFF, 0xFF, 0x80, 0x00, 0x01, 0xFF, 0xFF, 0xFF, 0xC0, 0x00, 0x00, 0xFF,
  0xFF, 0xFF, 0xE0, 0x00, 0x00, 0x7F, 0xFF, 0xFF, 0xF0, 0x00, 0x00, 0x7F,
  0xFF, 0xFF, 0xF8, 0x00, 0x00, 0x3F, 0xFF, 0x7F, 0xFC, 0x00, 0x00, 0x1F,
  0xFF, 0xBF, 0xFE, 0x00, 0x00, 0x1F, 0xFF, 0xDF, 0xFF, 0x00, 0x00, 0x0F,
  0xFF, 0xEF, 0xFF, 0x80, 0x00, 0x0F, 0xFF, 0xE7, 0xFF, 0xC0, 0x00, 0x0F,
  0xFF, 0xF3, 0xFF, 0xE0, 0x00, 0x0F, 0xFF, 0xF1, 0xFF, 0xF0, 0x00, 0x1F,
  0xFF, 0xF8, 0xFF, 0xF8, 0x00, 0x3F, 0xFF, 0xF8, 0x7F, 0xFC, 0x00, 0xFF,
  0xFF, 0xF8, 0x3F, 0xFF, 0xFF, 0xFF, 0xFF, 0xFC, 0x1F, 0xFF, 0xFF, 0xFF,
  0xFF, 0xFC, 0x0F, 0xFF, 0xFF, 0xFF, 0xFF, 0xFC, 0x07, 0xFF, 0xFF, 0xFF,
  0xFF, 0xFC, 0x03, 0xFF, 0xFF, 0xFF, 0xFF, 0xF8, 0x01, 0xFF, 0xFF, 0xFF,
  0xFF, 0xF8, 0x00, 0xFF, 0xFF, 0xFF, 0xFF, 0xF0, 0x00, 0x7F, 0xFF, 0xFF,
  0xFF, 0xE0, 0x00, 0x3F, 0xFF, 0xFF, 0xFF, 0x80, 0x00, 0x1F, 0xFF, 0xFF,
  0xF0, 0x00, 0x00, 0x00, 0xFF, 0xFF, 0xFF, 0xFF, 0xF7, 0xFF, 0xFF, 0xFF,
  0xFF, 0xBF, 0xFF, 0xFF, 0xFF, 0xFD, 0xFF, 0xFF, 0xFF, 0xFF, 0xEF, 0xFF,
  0xFF, 0xFF, 0xFF, 0x7F, 0xFF, 0xFF, 0xFF, 0xFB, 0xFF, 0xFF, 0xFF, 0xFF,
  0xDF, 0xFF, 0xFF, 0xFF, 0xFE, 0xFF, 0xFF, 0xFF, 0xFF, 0xF7, 0xFF, 0xFF,
  0xFF, 0xFF, 0xBF, 0xFE, 0x00, 0x00, 0x01, 0xFF, 0xF0, 0x00, 0x00, 0x0F,
  0xFF, 0x80, 0x00, 0x00, 0x7F, 0xFC, 0x00, 0x00, 0x03, 0xFF, 0xE0, 0x00,
  0x00, 0x1F, 0xFF, 0x00, 0x00, 0x00, 0xFF, 0xF8, 0x00, 0x00, 0x07, 0xFF,
  0xC0, 0x00, 0x00, 0x3F, 0xFE, 0x00, 0x00, 0x01, 0xFF, 0xF0, 0x00, 0x00,
  0x0F, 0xFF, 0xFF, 0xFF, 0xFE, 0x7F, 0xFF, 0xFF, 0xFF, 0xF3, 0xFF, 0xFF,
  0xFF, 0xFF, 0x9F, 0xFF, 0xFF, 0xFF, 0xFC, 0xFF, 0xFF, 0xFF, 0xFF, 0xE7,
  0xFF, 0xFF, 0xFF, 0xFF, 0x3F, 0xFF, 0xFF, 0xFF, 0xF9, 0xFF, 0xFF, 0xFF,
  0xFF, 0xCF, 0xFF, 0xFF, 0xFF, 0xFE, 0x7F, 0xFF, 0xFF, 0xFF, 0xF3, 0xFF,
  0xE0, 0x00, 0x00, 0x1F, 0xFF, 0x00, 0x00, 0x00, 0xFF, 0xF8, 0x00, 0x00,
  0x07, 0xFF, 0xC0, 0x00, 0x00, 0x3F, 0xFE, 0x00, 0x00, 0x01, 0xFF, 0xF0,
  0x00, 0x00, 0x0F, 0xFF, 0x80, 0x00, 0x00, 0x7F, 0xFC, 0x00, 0x00, 0x03,
  0xFF, 0xE0, 0x00, 0x00, 0x1F, 0xFF, 0x00, 0x00, 0x00, 0xFF, 0xF8, 0x00,
  0x00, 0x07, 0xFF, 0xC0, 0x00, 0x00, 0x3F, 0xFF, 0xFF, 0xFF, 0xFF, 0xFF,
  0xFF, 0xFF, 0xFF, 0xFF, 0xFF, 0xFF, 0xFF, 0xFF, 0xFF, 0xFF, 0xFF, 0xFF,
  0xFF, 0xFF, 0xFF, 0xFF, 0xFF, 0xFF, 0xFF, 0xFF, 0xFF, 0xFF, 0xFF, 0xFF,
  0xFF, 0xFF, 0xFF, 0xFF, 0xFF, 0xFF, 0xFF, 0xFF, 0xFF, 0xFF, 0xFF, 0xFF,
  0xFF, 0xFF, 0xFF, 0xFF, 0xF0, 0xFF, 0xFF, 0xFF, 0xFF, 0xFF, 0xFF, 0xFF,
  0xFF, 0xFF, 0xFF, 0xFF, 0xFF, 0xFF, 0xFF, 0xFF, 0xFF, 0xFF, 0xFF, 0xFF,
  0xFF, 0xFF, 0xFF, 0xFF, 0xFF, 0xFF, 0xFF, 0xFF, 0xFF, 0xFF, 0xFF, 0xFF,
  0xFF, 0xFF, 0xFF, 0xFF, 0xFF, 0xFF, 0xFF, 0xFF, 0xFF, 0xFF, 0xFF, 0xFF,
  0xFF, 0xFF, 0xFF, 0xF8, 0x00, 0x00, 0x0F, 0xFF, 0x80, 0x00, 0x00, 0xFF,
  0xF8, 0x00, 0x00, 0x0F, 0xFF, 0x80, 0x00, 0x00, 0xFF, 0xF8, 0x00, 0x00,
  0x0F, 0xFF, 0x80, 0x00, 0x00, 0xFF, 0xF8, 0x00, 0x00, 0x0F, 0xFF, 0x80,
  0x00, 0x00, 0xFF, 0xF8, 0x00, 0x00, 0x0F, 0xFF, 0x80, 0x00, 0x00, 0xFF,
  0xFF, 0xFF, 0xFF, 0xEF, 0xFF, 0xFF, 0xFF, 0xFE, 0xFF, 0xFF, 0xFF, 0xFF,
  0xEF, 0xFF, 0xFF, 0xFF, 0xFE, 0xFF, 0xFF, 0xFF, 0xFF, 0xEF, 0xFF, 0xFF,
  0xFF, 0xFE, 0xFF, 0xFF, 0xFF, 0xFF, 0xEF, 0xFF, 0xFF, 0xFF, 0xFE, 0xFF,
  0xFF, 0xFF, 0xFF, 0xEF, 0xFF, 0xFF, 0xFF, 0xFE, 0xFF, 0xF8, 0x00, 0x00,
  0x0F, 0xFF, 0x80, 0x00, 0x00, 0xFF, 0xF8, 0x00, 0x00, 0x0F, 0xFF, 0x80,
  0x00, 0x00, 0xFF, 0xF8, 0x00, 0x00, 0x0F, 0xFF, 0x80, 0x00, 0x00, 0xFF,
  0xF8, 0x00, 0x00, 0x0F, 0xFF, 0x80, 0x00, 0x00, 0xFF, 0xF8, 0x00, 0x00,
  0x0F, 0xFF, 0x80, 0x00, 0x00, 0xFF, 0xF8, 0x00, 0x00, 0x0F, 0xFF, 0x80,
  0x00, 0x00, 0xFF, 0xF8, 0x00, 0x00, 0x0F, 0xFF, 0x80, 0x00, 0x00, 0xFF,
  0xF8, 0x00, 0x00, 0x0F, 0xFF, 0x80, 0x00, 0x00, 0xFF, 0xF8, 0x00, 0x00,
  0x0F, 0xFF, 0x80, 0x00, 0x00, 0xFF, 0xF8, 0x00, 0x00, 0x0F, 0xFF, 0x80,
  0x00, 0x00, 0xFF, 0xF8, 0x00, 0x00, 0x0F, 0xFF, 0x80, 0x00, 0x00, 0x00,
  0x00, 0x03, 0xFF, 0xF0, 0x00, 0x00, 0x00, 0x0F, 0xFF, 0xFF, 0xE0, 0x00,
  0x00, 0x1F, 0xFF, 0xFF, 0xFF, 0x00, 0x00, 0x1F, 0xFF, 0xFF, 0xFF, 0xF8,
  0x00, 0x1F, 0xFF, 0xFF, 0xFF, 0xFF, 0x00, 0x0F, 0xFF, 0xFF, 0xFF, 0xFF,
  0xC0, 0x07, 0xFF, 0xFF, 0xFF, 0xFF, 0xF0, 0x07, 0xFF, 0xFF, 0xFF, 0xFF,
  0xFC, 0x03, 0xFF, 0xFF, 0xFF, 0xFF, 0xFF, 0x00, 0xFF, 0xFF, 0xFF, 0xFF,
  0xFF, 0xC0, 0x7F, 0xFF, 0xFC, 0x00, 0xFF, 0xF0, 0x3F, 0xFF, 0xF8, 0x00,
  0x03, 0xFC, 0x0F, 0xFF, 0xF8, 0x00, 0x00, 0x1F, 0x07, 0xFF, 0xF8, 0x00,
  0x00, 0x01, 0xC3, 0xFF, 0xFC, 0x00, 0x00, 0x00, 0x10, 0xFF, 0xFE, 0x00,
  0x00, 0x00, 0x00, 0x3F, 0xFF, 0x80, 0x00, 0x00, 0x00, 0x1F, 0xFF, 0xC0,
  0x00, 0x00, 0x00, 0x07, 0xFF, 0xF0, 0x00, 0x00, 0x00, 0x01, 0xFF, 0xF8,
  0x00, 0x00, 0x00, 0x00, 0x7F, 0xFE, 0x00, 0x00, 0x00, 0x00, 0x3F, 0xFF,
  0x80, 0x00, 0x00, 0x00, 0x0F, 0xFF, 0xC0, 0x00, 0x00, 0x00, 0x03, 0xFF,
  0xF0, 0x00, 0x00, 0x00, 0x00, 0xFF, 0xFC, 0x00, 0x03, 0xFF, 0xFF, 0xFF,
  0xFF, 0x00, 0x00, 0xFF, 0xFF, 0xFF, 0xFF, 0xC0, 0x00, 0x3F, 0xFF, 0xFF,
  0xFF, 0xF0, 0x00, 0x0F, 0xFF, 0xFF, 0xFF, 0xFC, 0x00, 0x03, 0xFF, 0xFF,
  0xFF, 0xFF, 0x00, 0x00, 0xFF, 0xFF, 0xFF, 0xFF, 0xC0, 0x00, 0x3F, 0xFF,
  0xFF, 0xFF, 0xF0, 0x00, 0x0F, 0xFF, 0xFF, 0xFF, 0xFE, 0x00, 0x03, 0xFF,
  0xFF, 0xDF, 0xFF, 0x80, 0x00, 0x00, 0xFF, 0xF7, 0xFF, 0xE0, 0x00, 0x00,
  0x3F, 0xFD, 0xFF, 0xFC, 0x00, 0x00, 0x0F, 0xFF, 0x7F, 0xFF, 0x00, 0x00,
  0x03, 0xFF, 0xCF, 0xFF, 0xE0, 0x00, 0x00, 0xFF, 0xF3, 0xFF, 0xF8, 0x00,
  0x00, 0x3F, 0xFC, 0xFF, 0xFF, 0x00, 0x00, 0x0F, 0xFF, 0x1F, 0xFF, 0xE0,
  0x00, 0x03, 0xFF, 0xC7, 0xFF, 0xFE, 0x00, 0x00, 0xFF, 0xF0, 0xFF, 0xFF,
  0xE0, 0x00, 0x3F, 0xFC, 0x1F, 0xFF, 0xFF, 0x00, 0x3F, 0xFF, 0x03, 0xFF,
  0xFF, 0xFF, 0xFF, 0xFF, 0xC0, 0xFF, 0xFF, 0xFF, 0xFF, 0xFF, 0xF0, 0x1F,
  0xFF, 0xFF, 0xFF, 0xFF, 0xFC, 0x03, 0xFF, 0xFF, 0xFF, 0xFF, 0xFF, 0x00,
  0x3F, 0xFF, 0xFF, 0xFF, 0xFF, 0xC0, 0x07, 0xFF, 0xFF, 0xFF, 0xFF, 0xE0,
  0x00, 0x7F, 0xFF, 0xFF, 0xFF, 0xE0, 0x00, 0x07, 0xFF, 0xFF, 0xFF, 0xC0,
  0x00, 0x00, 0x7F, 0xFF, 0xFF, 0x00, 0x00, 0x00, 0x00, 0xFF, 0xF8, 0x00,
  0x00, 0xFF, 0xF8, 0x00, 0x00, 0x7F, 0xFF, 0xFF, 0xE0, 0x00, 0x01, 0xFF,
  0xFF, 0xFF, 0x80, 0x00, 0x07, 0xFF, 0xFF, 0xFE, 0x00, 0x00, 0x1F, 0xFF,
  0xFF, 0xF8, 0x00, 0x00, 0x7F, 0xFF, 0xFF, 0xE0, 0x00, 0x01, 0xFF, 0xFF,
  0xFF, 0x80, 0x00, 0x07, 0xFF, 0xFF, 0xFE, 0x00, 0x00, 0x1F, 0xFF, 0xFF,
  0xF8, 0x00, 0x00, 0x7F, 0xFF, 0xFF, 0xE0, 0x00, 0x01, 0xFF, 0xFF, 0xFF,
  0x80, 0x00, 0x07, 0xFF, 0xFF, 0xFE, 0x00, 0x00, 0x1F, 0xFF, 0xFF, 0xF8,
  0x00, 0x00, 0x7F, 0xFF, 0xFF, 0xE0, 0x00, 0x01, 0xFF, 0xFF, 0xFF, 0x80,
  0x00, 0x07, 0xFF, 0xFF, 0xFE, 0x00, 0x00, 0x1F, 0xFF, 0xFF, 0xF8, 0x00,
  0x00, 0x7F, 0xFF, 0xFF, 0xE0, 0x00, 0x01, 0xFF, 0xFF, 0xFF, 0x80, 0x00,
  0x07, 0xFF, 0xFF, 0xFE, 0x00, 0x00, 0x1F, 0xFF, 0xFF, 0xFF, 0xFF, 0xFF,
  0xFF, 0xFF, 0xFF, 0xFF, 0xFF, 0xFF, 0xFF, 0xFF, 0xFF, 0xFF, 0xFF, 0xFF,
  0xFF, 0xFF, 0xFF, 0xFF, 0xFF, 0xFF, 0xFF, 0xFF, 0xFF, 0xFF, 0xFF, 0xFF,
  0xFF, 0xFF, 0xFF, 0xFF, 0xFF, 0xFF, 0xFF, 0xFF, 0xFF, 0xFF, 0xFF, 0xFF,
  0xFF, 0xFF, 0xFF, 0xFF, 0xFF, 0xFF, 0xFF, 0xFF, 0xFF, 0xFF, 0xFF, 0xFF,
  0xFF, 0xFF, 0xFF, 0xFF, 0xFF, 0xFF, 0xFF, 0x80, 0x00, 0x07, 0xFF, 0xFF,
  0xFE, 0x00, 0x00, 0x1F, 0xFF, 0xFF, 0xF8, 0x00, 0x00, 0x7F, 0xFF, 0xFF,
  0xE0, 0x00, 0x01, 0xFF, 0xFF, 0xFF, 0x80, 0x00, 0x07, 0xFF, 0xFF, 0xFE,
  0x00, 0x00, 0x1F, 0xFF, 0xFF, 0xF8, 0x00, 0x00, 0x7F, 0xFF, 0xFF, 0xE0,
  0x00, 0x01, 0xFF, 0xFF, 0xFF, 0x80, 0x00, 0x07, 0xFF, 0xFF, 0xFE, 0x00,
  0x00, 0x1F, 0xFF, 0xFF, 0xF8, 0x00, 0x00, 0x7F, 0xFF, 0xFF, 0xE0, 0x00,
  0x01, 0xFF, 0xFF, 0xFF, 0x80, 0x00, 0x07, 0xFF, 0xFF, 0xFE, 0x00, 0x00,
  0x1F, 0xFF, 0xFF, 0xF8, 0x00, 0x00, 0x7F, 0xFF, 0xFF, 0xE0, 0x00, 0x01,
  0xFF, 0xFF, 0xFF, 0x80, 0x00, 0x07, 0xFF, 0xFF, 0xFE, 0x00, 0x00, 0x1F,
  0xFF, 0xFF, 0xF8, 0x00, 0x00, 0x7F, 0xFF, 0xFF, 0xE0, 0x00, 0x01, 0xFF,
  0xFF, 0xFF, 0x80, 0x00, 0x07, 0xFF, 0xFF, 0xFE, 0x00, 0x00, 0x1F, 0xFF,
  0xFF, 0xFF, 0xFF, 0xFF, 0xFF, 0xFF, 0xFF, 0xFF, 0xFF, 0xFF, 0xFF, 0xFF,
  0xFF, 0xFF, 0xFF, 0xFF, 0xFF, 0xFF, 0xFF, 0xFF, 0xFF, 0xFF, 0xFF, 0xFF,
  0xFF, 0xFF, 0xFF, 0xFF, 0xFF, 0xFF, 0xFF, 0xFF, 0xFF, 0xFF, 0xFF, 0xFF,
  0xFF, 0xFF, 0xFF, 0xFF, 0xFF, 0xFF, 0xFF, 0xFF, 0xFF, 0xFF, 0xFF, 0xFF,
  0xFF, 0xFF, 0xFF, 0xFF, 0xFF, 0xFF, 0xFF, 0xFF, 0xFF, 0xFF, 0xFF, 0xFF,
  0xFF, 0xFF, 0xFF, 0xFF, 0xFF, 0xFF, 0xFF, 0xFF, 0xFF, 0xFF, 0xFF, 0xFF,
  0xFF, 0xFF, 0xFF, 0xFF, 0xFF, 0xFF, 0xFF, 0xFF, 0xFF, 0xFF, 0xFF, 0xFF,
  0xF0, 0x00, 0x1F, 0xFF, 0x00, 0x1F, 0xFF, 0x00, 0x1F, 0xFF, 0x00, 0x1F,
  0xFF, 0x00, 0x1F, 0xFF, 0x00, 0x1F, 0xFF, 0x00, 0x1F, 0xFF, 0x00, 0x1F,
  0xFF, 0x00, 0x1F, 0xFF, 0x00, 0x1F, 0xFF, 0x00, 0x1F, 0xFF, 0x00, 0x1F,
  0xFF, 0x00, 0x1F, 0xFF, 0x00, 0x1F, 0xFF, 0x00, 0x1F, 0xFF, 0x00, 0x1F,
  0xFF, 0x00, 0x1F, 0xFF, 0x00, 0x1F, 0xFF, 0x00, 0x1F, 0xFF, 0x00, 0x1F,
  0xFF, 0x00, 0x1F, 0xFF, 0x00, 0x1F, 0xFF, 0x00, 0x1F, 0xFF, 0x00, 0x1F,
  0xFF, 0x00, 0x1F, 0xFF, 0x00, 0x1F, 0xFF, 0x00, 0x1F, 0xFF, 0x00, 0x1F,
  0xFF, 0x00, 0x1F, 0xFF, 0x00, 0x1F, 0xFF, 0x00, 0x1F, 0xFF, 0x00, 0x1F,
  0xFF, 0x00, 0x1F, 0xFF, 0x00, 0x1F, 0xFF, 0x00, 0x1F, 0xFF, 0x00, 0x1F,
  0xFF, 0x00, 0x1F, 0xFF, 0x00, 0x1F, 0xFF, 0x00, 0x1F, 0xFF, 0x00, 0x1F,
  0xFF, 0x00, 0x1F, 0xFF, 0x00, 0x1F, 0xFF, 0x00, 0x1F, 0xFF, 0x00, 0x1F,
  0xFF, 0x00, 0x1F, 0xFF, 0x00, 0x1F, 0xFF, 0x00, 0x1F, 0xFF, 0x00, 0x1F,
  0xFF, 0x00, 0x1F, 0xFF, 0x00, 0x1F, 0xFF, 0x00, 0x1F, 0xFF, 0x00, 0x3F,
  0xFF, 0x00, 0x3F, 0xFE, 0x00, 0x7F, 0xFE, 0x00, 0xFF, 0xFE, 0x03, 0xFF,
  0xFE, 0xFF, 0xFF, 0xFC, 0xFF, 0xFF, 0xFC, 0xFF, 0xFF, 0xF8, 0xFF, 0xFF,
  0xF0, 0xFF, 0xFF, 0xE0, 0xFF, 0xFF, 0xC0, 0xFF, 0xFF, 0x80, 0xFF, 0xFF,
  0x00, 0xFF, 0xF8, 0x00, 0xFF, 0x80, 0x00, 0xFF, 0xF8, 0x00, 0x00, 0xFF,
  0xFF, 0x1F, 0xFF, 0x00, 0x00, 0x3F, 0xFF, 0x83, 0xFF, 0xE0, 0x00, 0x0F,
  0xFF, 0xE0, 0x7F, 0xFC, 0x00, 0x03, 0xFF, 0xF8, 0x0F, 0xFF, 0x80, 0x00,
  0xFF, 0xFE, 0x01, 0xFF, 0xF0, 0x00, 0x3F, 0xFF, 0x80, 0x3F, 0xFE, 0x00,
  0x0F, 0xFF, 0xE0, 0x07, 0xFF, 0xC0, 0x03, 0xFF, 0xF8, 0x00, 0xFF, 0xF8,
  0x00, 0xFF, 0xFE, 0x00, 0x1F, 0xFF, 0x00, 0x3F, 0xFF, 0x80, 0x03, 0xFF,
  0xE0, 0x0F, 0xFF, 0xE0, 0x00, 0x7F, 0xFC, 0x03, 0xFF, 0xF8, 0x00, 0x0F,
  0xFF, 0x80, 0xFF, 0xFE, 0x00, 0x01, 0xFF, 0xF0, 0x3F, 0xFF, 0x80, 0x00,
  0x3F, 0xFE, 0x0F, 0xFF, 0xE0, 0x00, 0x07, 0xFF, 0xC3, 0xFF, 0xF8, 0x00,
  0x00, 0xFF, 0xF8, 0xFF, 0xFE, 0x00, 0x00, 0x1F, 0xFF, 0x3F, 0xFF, 0x80,
  0x00, 0x03, 0xFF, 0xFF, 0xFF, 0xE0, 0x00, 0x00, 0x7F, 0xFF, 0xFF, 0xF8,
  0x00, 0x00, 0x0F, 0xFF, 0xFF, 0xFE, 0x00, 0x00, 0x01, 0xFF, 0xFF, 0xFF,
  0x80, 0x00, 0x00, 0x3F, 0xFF, 0xFF, 0xE0, 0x00, 0x00, 0x07, 0xFF, 0xFF,
  0xF8, 0x00, 0x00, 0x00, 0xFF, 0xFF, 0xFE, 0x00, 0x00, 0x00, 0x1F, 0xFF,
  0xFF, 0xE0, 0x00, 0x00, 0x03, 0xFF, 0xFF, 0xFE, 0x00, 0x00, 0x00, 0x7F,
  0xFF, 0xFF, 0xE0, 0x00, 0x00, 0x0F, 0xFF, 0xFF, 0xFE, 0x00, 0x00, 0x01,
  0xFF, 0xFF, 0xFF, 0xE0, 0x00, 0x00, 0x3F, 0xFF, 0xFF, 0xFE, 0x00, 0x00,
  0x07, 0xFF, 0xFF, 0xFF, 0xE0, 0x00, 0x00, 0xFF, 0xFB, 0xFF, 0xFE, 0x00,
  0x00, 0x1F, 0xFF, 0x3F, 0xFF, 0xE0, 0x00, 0x03, 0xFF, 0xE3, 0xFF, 0xFE,
  0x00, 0x00, 0x7F, 0xFC, 0x3F, 0xFF, 0xE0, 0x00, 0x0F, 0xFF, 0x83, 0xFF,
  0xFE, 0x00, 0x01, 0xFF, 0xF0, 0x3F, 0xFF, 0xE0, 0x00, 0x3F, 0xFE, 0x03,
  0xFF, 0xFE, 0x00, 0x07, 0xFF, 0xC0, 0x3F, 0xFF, 0xE0, 0x00, 0xFF, 0xF8,
  0x03, 0xFF, 0xFE, 0x00, 0x1F, 0xFF, 0x00, 0x3F, 0xFF, 0xE0, 0x03, 0xFF,
  0xE0, 0x03, 0xFF, 0xFE, 0x00, 0x7F, 0xFC, 0x00, 0x3F, 0xFF, 0xE0, 0x0F,
  0xFF, 0x80, 0x03, 0xFF, 0xFE, 0x01, 0xFF, 0xF0, 0x00, 0x3F, 0xFF, 0xE0,
  0x3F, 0xFE, 0x00, 0x03, 0xFF, 0xFE, 0x07, 0xFF, 0xC0, 0x00, 0x3F, 0xFF,
  0xE0, 0xFF, 0xF8, 0x00, 0x03, 0xFF, 0xFE, 0x1F, 0xFF, 0x00, 0x00, 0x3F,
  0xFF, 0xE3, 0xFF, 0xE0, 0x00, 0x03, 0xFF, 0xFE, 0x7F, 0xFC, 0x00, 0x00,
  0x3F, 0xFF, 0xF0, 0xFF, 0xF8, 0x00, 0x00, 0x07, 0xFF, 0xC0, 0x00, 0x00,
  0x3F, 0xFE, 0x00, 0x00, 0x01, 0xFF, 0xF0, 0x00, 0x00, 0x0F, 0xFF, 0x80,
  0x00, 0x00, 0x7F, 0xFC, 0x00, 0x00, 0x03, 0xFF, 0xE0, 0x00, 0x00, 0x1F,
  0xFF, 0x00, 0x00, 0x00, 0xFF, 0xF8, 0x00, 0x00, 0x07, 0xFF, 0xC0, 0x00,
  0x00, 0x3F, 0xFE, 0x00, 0x00, 0x01, 0xFF, 0xF0, 0x00, 0x00, 0x0F, 0xFF,
  0x80, 0x00, 0x00, 0x7F, 0xFC, 0x00, 0x00, 0x03, 0xFF, 0xE0, 0x00, 0x00,
  0x1F, 0xFF, 0x00, 0x00, 0x00, 0xFF, 0xF8, 0x00, 0x00, 0x07, 0xFF, 0xC0,
  0x00, 0x00, 0x3F, 0xFE, 0x00, 0x00, 0x01, 0xFF, 0xF0, 0x00, 0x00, 0x0F,
  0xFF, 0x80, 0x00, 0x00, 0x7F, 0xFC, 0x00, 0x00, 0x03, 0xFF, 0xE0, 0x00,
  0x00, 0x1F, 0xFF, 0x00, 0x00, 0x00, 0xFF, 0xF8, 0x00, 0x00, 0x07, 0xFF,
  0xC0, 0x00, 0x00, 0x3F, 0xFE, 0x00, 0x00, 0x01, 0xFF, 0xF0, 0x00, 0x00,
  0x0F, 0xFF, 0x80, 0x00, 0x00, 0x7F, 0xFC, 0x00, 0x00, 0x03, 0xFF, 0xE0,
  0x00, 0x00, 0x1F, 0xFF, 0x00, 0x00, 0x00, 0xFF, 0xF8, 0x00, 0x00, 0x07,
  0xFF, 0xC0, 0x00, 0x00, 0x3F, 0xFE, 0x00, 0x00, 0x01, 0xFF, 0xF0, 0x00,
  0x00, 0x0F, 0xFF, 0x80, 0x00, 0x00, 0x7F, 0xFC, 0x00, 0x00, 0x03, 0xFF,
  0xE0, 0x00, 0x00, 0x1F, 0xFF, 0x00, 0x00, 0x00, 0xFF, 0xF8, 0x00, 0x00,
  0x07, 0xFF, 0xC0, 0x00, 0x00, 0x3F, 0xFF, 0xFF, 0xFF, 0xFF, 0xFF, 0xFF,
  0xFF, 0xFF, 0xFF, 0xFF, 0xFF, 0xFF, 0xFF, 0xFF, 0xFF, 0xFF, 0xFF, 0xFF,
  0xFF, 0xFF, 0xFF, 0xFF, 0xFF, 0xFF, 0xFF, 0xFF, 0xFF, 0xFF, 0xFF, 0xFF,
  0xFF, 0xFF, 0xFF, 0xFF, 0xFF, 0xFF, 0xFF, 0xFF, 0xFF, 0xFF, 0xFF, 0xFF,
  0xFF, 0xFF, 0xFF, 0xF0, 0xFF, 0xFF, 0x80, 0x00, 0x00, 0x7F, 0xFF, 0xFF,
  0xFF, 0xE0, 0x00, 0x00, 0x1F, 0xFF, 0xFF, 0xFF, 0xFC, 0x00, 0x00, 0x0F,
  0xFF, 0xFF, 0xFF, 0xFF, 0x00, 0x00, 0x03, 0xFF, 0xFF, 0xFF, 0xFF, 0xE0,
  0x00, 0x01, 0xFF, 0xFF, 0xFF, 0xFF, 0xF8, 0x00, 0x00, 0x7F, 0xFF, 0xFF,
  0xFF, 0xFE, 0x00, 0x00, 0x1F, 0xFF, 0xFF, 0xFF, 0xFF, 0xC0, 0x00, 0x0F,
  0xFF, 0xFF, 0xFF, 0xFF, 0xF0, 0x00, 0x03, 0xFF, 0xFF, 0xFF, 0xFF, 0xFE,
  0x00, 0x01, 0xFF, 0xFF, 0xFF, 0xFF, 0xFF, 0x80, 0x00, 0x7F, 0xFF, 0xFF,
  0xFF, 0xFF, 0xF0, 0x00, 0x3F, 0xFF, 0xFF, 0xFF, 0xFF, 0xFC, 0x00, 0x0F,
  0xFF, 0xFF, 0xFF, 0xFF, 0xFF, 0x80, 0x07, 0xFF, 0xFF, 0xFF, 0xFF, 0xFF,
  0xE0, 0x01, 0xFF, 0xFF, 0xFF, 0xFF, 0xDF, 0xF8, 0x00, 0xFF, 0xEF, 0xFF,
  0xFF, 0xF7, 0xFF, 0x00, 0x3F, 0xFB, 0xFF, 0xFF, 0xFC, 0xFF, 0xC0, 0x0F,
  0xFC, 0xFF, 0xFF, 0xFF, 0x3F, 0xF8, 0x07, 0xFF, 0x3F, 0xFF, 0xFF, 0xCF,
  0xFE, 0x01, 0xFF, 0xCF, 0xFF, 0xFF, 0xF1, 0xFF, 0xC0, 0xFF, 0xE3, 0xFF,
  0xFF, 0xFC, 0x7F, 0xF0, 0x3F, 0xF8, 0xFF, 0xFF, 0xFF, 0x0F, 0xFE, 0x1F,
  0xFC, 0x3F, 0xFF, 0xFF, 0xC3, 0xFF, 0x87, 0xFF, 0x0F, 0xFF, 0xFF, 0xF0,
  0x7F, 0xE3, 0xFF, 0x83, 0xFF, 0xFF, 0xFC, 0x1F, 0xFC, 0xFF, 0xE0, 0xFF,
  0xFF, 0xFF, 0x03, 0xFF, 0x3F, 0xF0, 0x3F, 0xFF, 0xFF, 0xC0, 0xFF, 0xFF,
  0xFC, 0x0F, 0xFF, 0xFF, 0xF0, 0x3F, 0xFF, 0xFF, 0x03, 0xFF, 0xFF, 0xFC,
  0x07, 0xFF, 0xFF, 0x80, 0xFF, 0xFF, 0xFF, 0x01, 0xFF, 0xFF, 0xE0, 0x3F,
  0xFF, 0xFF, 0xC0, 0x3F, 0xFF, 0xF0, 0x0F, 0xFF, 0xFF, 0xF0, 0x0F, 0xFF,
  0xFC, 0x03, 0xFF, 0xFF, 0xFC, 0x01, 0xFF, 0xFE, 0x00, 0xFF, 0xFF, 0xFF,
  0x00, 0x7F, 0xFF, 0x80, 0x3F, 0xFF, 0xFF, 0xC0, 0x0F, 0xFF, 0xC0, 0x0F,
  0xFF, 0xFF, 0xF0, 0x03, 0xFF, 0xF0, 0x03, 0xFF, 0xFF, 0xFC, 0x00, 0x7F,
  0xF8, 0x00, 0xFF, 0xFF, 0xFF, 0x00, 0x1F, 0xFE, 0x00, 0x3F, 0xFF, 0xFF,
  0xC0, 0x07, 0xFF, 0x80, 0x0F, 0xFF, 0xFF, 0xF0, 0x00, 0xFF, 0xC0, 0x03,
  0xFF, 0xFF, 0xFC, 0x00, 0x3F, 0xF0, 0x00, 0xFF, 0xFF, 0xFF, 0x00, 0x00,
  0x00, 0x00, 0x3F, 0xFF, 0xFF, 0xC0, 0x00, 0x00, 0x00, 0x0F, 0xFF, 0xFF,
  0xF0, 0x00, 0x00, 0x00, 0x03, 0xFF, 0xFF, 0xFC, 0x00, 0x00, 0x00, 0x00,
  0xFF, 0xFF, 0xFF, 0x00, 0x00, 0x00, 0x00, 0x3F, 0xFF, 0xFF, 0xC0, 0x00,
  0x00, 0x00, 0x0F, 0xFF, 0xFF, 0xF0, 0x00, 0x00, 0x00, 0x03, 0xFF, 0xFF,
  0xFC, 0x00, 0x00, 0x00, 0x00, 0xFF, 0xFF, 0xFF, 0x00, 0x00, 0x00, 0x00,
  0x3F, 0xFF, 0xFF, 0xC0, 0x00, 0x00, 0x00, 0x0F, 0xFF, 0xFF, 0xFE, 0x00,
  0x00, 0x3F, 0xFF, 0xFF, 0xF8, 0x00, 0x00, 0xFF, 0xFF, 0xFF, 0xF0, 0x00,
  0x03, 0xFF, 0xFF, 0xFF, 0xC0, 0x00, 0x0F, 0xFF, 0xFF, 0xFF, 0x80, 0x00,
  0x3F, 0xFF, 0xFF, 0xFE, 0x00, 0x00, 0xFF, 0xFF, 0xFF, 0xFC, 0x00, 0x03,
  0xFF, 0xFF, 0xFF, 0xF0, 0x00, 0x0F, 0xFF, 0xFF, 0xFF, 0xE0, 0x00, 0x3F,
  0xFF, 0xFF, 0xFF, 0xC0, 0x00, 0xFF, 0xFF, 0xFF, 0xFF, 0x00, 0x03, 0xFF,
  0xFF, 0xFF, 0xFE, 0x00, 0x0F, 0xFF, 0xFF, 0xFF, 0xF8, 0x00, 0x3F, 0xFF,
  0xFF, 0xFF, 0xF0, 0x00, 0xFF, 0xFF, 0xFF, 0xFF, 0xC0, 0x03, 0xFF, 0xFF,
  0xFF, 0xFF, 0x80, 0x0F, 0xFF, 0xFF, 0xFF, 0xFE, 0x00, 0x3F, 0xFF, 0xFF,
  0xDF, 0xFC, 0x00, 0xFF, 0xFF, 0xFF, 0x7F, 0xF8, 0x03, 0xFF, 0xFF, 0xFC,
  0xFF, 0xE0, 0x0F, 0xFF, 0xFF, 0xF3, 0xFF, 0xC0, 0x3F, 0xFF, 0xFF, 0xC7,
  0xFF, 0x00, 0xFF, 0xFF, 0xFF, 0x1F, 0xFE, 0x03, 0xFF, 0xFF, 0xFC, 0x3F,
  0xF8, 0x0F, 0xFF, 0xFF, 0xF0, 0xFF, 0xF0, 0x3F, 0xFF, 0xFF, 0xC1, 0xFF,
  0xC0, 0xFF, 0xFF, 0xFF, 0x03, 0xFF, 0x83, 0xFF, 0xFF, 0xFC, 0x0F, 0xFF,
  0x0F, 0xFF, 0xFF, 0xF0, 0x1F, 0xFC, 0x3F, 0xFF, 0xFF, 0xC0, 0x7F, 0xF8,
  0xFF, 0xFF, 0xFF, 0x00, 0xFF, 0xE3, 0xFF, 0xFF, 0xFC, 0x03, 0xFF, 0xCF,
  0xFF, 0xFF, 0xF0, 0x07, 0xFF, 0x3F, 0xFF, 0xFF, 0xC0, 0x1F, 0xFE, 0xFF,
  0xFF, 0xFF, 0x00, 0x3F, 0xFB, 0xFF, 0xFF, 0xFC, 0x00, 0x7F, 0xFF, 0xFF,
  0xFF, 0xF0, 0x01, 0xFF, 0xFF, 0xFF, 0xFF, 0xC0, 0x03, 0xFF, 0xFF, 0xFF,
  0xFF, 0x00, 0x0F, 0xFF, 0xFF, 0xFF, 0xFC, 0x00, 0x1F, 0xFF, 0xFF, 0xFF,
  0xF0, 0x00, 0x7F, 0xFF, 0xFF, 0xFF, 0xC0, 0x00, 0xFF, 0xFF, 0xFF, 0xFF,
  0x00, 0x03, 0xFF, 0xFF, 0xFF, 0xFC, 0x00, 0x07, 0xFF, 0xFF, 0xFF, 0xF0,
  0x00, 0x0F, 0xFF, 0xFF, 0xFF, 0xC0, 0x00, 0x3F, 0xFF, 0xFF, 0xFF, 0x00,
  0x00, 0x7F, 0xFF, 0xFF, 0xFC, 0x00, 0x01, 0xFF, 0xFF, 0xFF, 0xF0, 0x00,
  0x03, 0xFF, 0xFF, 0xFF, 0xC0, 0x00, 0x0F, 0xFF, 0xFF, 0xFF, 0x00, 0x00,
  0x1F, 0xFF, 0xFF, 0xFC, 0x00, 0x00, 0x7F, 0xFF, 0x00, 0x00, 0x0F, 0xFF,
  0x80, 0x00, 0x00, 0x00, 0x07, 0xFF, 0xFF, 0xC0, 0x00, 0x00, 0x00, 0xFF,
  0xFF, 0xFF, 0x80, 0x00, 0x00, 0x1F, 0xFF, 0xFF, 0xFF, 0x00, 0x00, 0x03,
  0xFF, 0xFF, 0xFF, 0xFE, 0x00, 0x00, 0x3F, 0xFF, 0xFF, 0xFF, 0xF8, 0x00,
  0x03, 0xFF, 0xFF, 0xFF, 0xFF, 0xE0, 0x00, 0x3F, 0xFF, 0xFF, 0xFF, 0xFF,
  0x80, 0x03, 0xFF, 0xFF, 0xFF, 0xFF, 0xFE, 0x00, 0x3F, 0xFF, 0xFF, 0xFF,
  0xFF, 0xF8, 0x03, 0xFF, 0xFF, 0x80, 0xFF, 0xFF, 0xE0, 0x1F, 0xFF, 0xE0,
  0x01, 0xFF, 0xFF, 0x01, 0xFF, 0xFE, 0x00, 0x03, 0xFF, 0xFC, 0x0F, 0xFF,
  0xE0, 0x00, 0x0F, 0xFF, 0xE0, 0xFF, 0xFE, 0x00, 0x00, 0x3F, 0xFF, 0x87,
  0xFF, 0xF0, 0x00, 0x01, 0xFF, 0xFC, 0x7F, 0xFF, 0x00, 0x00, 0x07, 0xFF,
  0xF3, 0xFF, 0xF8, 0x00, 0x00, 0x3F, 0xFF, 0x9F, 0xFF, 0x80, 0x00, 0x00,
  0xFF, 0xFC, 0xFF, 0xFC, 0x00, 0x00, 0x07, 0xFF, 0xE7, 0xFF, 0xE0, 0x00,
  0x00, 0x3F, 0xFF, 0x7F, 0xFE, 0x00, 0x00, 0x00, 0xFF, 0xFF, 0xFF, 0xF0,
  0x00, 0x00, 0x07, 0xFF, 0xFF, 0xFF, 0x80, 0x00, 0x00, 0x3F, 0xFF, 0xFF,
  0xFC, 0x00, 0x00, 0x01, 0xFF, 0xFF, 0xFF, 0xE0, 0x00, 0x00, 0x0F, 0xFF,
  0xFF, 0xFF, 0x00, 0x00, 0x00, 0x7F, 0xFF, 0xFF, 0xF8, 0x00, 0x00, 0x03,
  0xFF, 0xFF, 0xFF, 0xC0, 0x00, 0x00, 0x1F, 0xFF, 0xFF, 0xFE, 0x00, 0x00,
  0x00, 0xFF, 0xFF, 0xFF, 0xF0, 0x00, 0x00, 0x07, 0xFF, 0xFF, 0xFF, 0x80,
  0x00, 0x00, 0x3F, 0xFF, 0xFF, 0xFC, 0x00, 0x00, 0x01, 0xFF, 0xFF, 0xFF,
  0xF0, 0x00, 0x00, 0x1F, 0xFF, 0x9F, 0xFF, 0x80, 0x00, 0x00, 0xFF, 0xFC,
  0xFF, 0xFC, 0x00, 0x00, 0x07, 0xFF, 0xE7, 0xFF, 0xF0, 0x00, 0x00, 0x7F,
  0xFF, 0x3F, 0xFF, 0x80, 0x00, 0x03, 0xFF, 0xF0, 0xFF, 0xFE, 0x00, 0x00,
  0x3F, 0xFF, 0x87, 0xFF, 0xF0, 0x00, 0x01, 0xFF, 0xFC, 0x1F, 0xFF, 0xC0,
  0x00, 0x1F, 0xFF, 0xC0, 0xFF, 0xFF, 0x00, 0x01, 0xFF, 0xFE, 0x03, 0xFF,
  0xFE, 0x00, 0x3F, 0xFF, 0xE0, 0x1F, 0xFF, 0xFC, 0x07, 0xFF, 0xFF, 0x00,
  0x7F, 0xFF, 0xFF, 0xFF, 0xFF, 0xF0, 0x01, 0xFF, 0xFF, 0xFF, 0xFF, 0xFF,
  0x00, 0x07, 0xFF, 0xFF, 0xFF, 0xFF, 0xF0, 0x00, 0x1F, 0xFF, 0xFF, 0xFF,
  0xFF, 0x00, 0x00, 0x7F, 0xFF, 0xFF, 0xFF, 0xF0, 0x00, 0x01, 0xFF, 0xFF,
  0xFF, 0xFF, 0x00, 0x00, 0x03, 0xFF, 0xFF, 0xFF, 0xE0, 0x00, 0x00, 0x07,
  0xFF, 0xFF, 0xFC, 0x00, 0x00, 0x00, 0x0F, 0xFF, 0xFF, 0x80, 0x00, 0x00,
  0x00, 0x07, 0xFF, 0xC0, 0x00, 0x00, 0xFF, 0xFF, 0xFF, 0xF0, 0x00, 0x1F,
  0xFF, 0xFF, 0xFF, 0xE0, 0x03, 0xFF, 0xFF, 0xFF, 0xFF, 0x80, 0x7F, 0xFF,
  0xFF, 0xFF, 0xF8, 0x0F, 0xFF, 0xFF, 0xFF, 0xFF, 0xC1, 0xFF, 0xFF, 0xFF,
  0xFF, 0xFC, 0x3F, 0xFF, 0xFF, 0xFF, 0xFF, 0xC7, 0xFF, 0xFF, 0xFF, 0xFF,
  0xF8, 0xFF, 0xFF, 0xFF, 0xFF, 0xFF, 0x9F, 0xFF, 0xFF, 0xFF, 0xFF, 0xFB,
  0xFF, 0xE0, 0x03, 0xFF, 0xFF, 0x7F, 0xFC, 0x00, 0x1F, 0xFF, 0xEF, 0xFF,
  0x80, 0x01, 0xFF, 0xFF, 0xFF, 0xF0, 0x00, 0x1F, 0xFF, 0xFF, 0xFE, 0x00,
  0x01, 0xFF, 0xFF, 0xFF, 0xC0, 0x00, 0x3F, 0xFF, 0xFF, 0xF8, 0x00, 0x07,
  0xFF, 0xFF, 0xFF, 0x00, 0x00, 0xFF, 0xFF, 0xFF, 0xE0, 0x00, 0x1F, 0xFF,
  0xFF, 0xFC, 0x00, 0x03, 0xFF, 0xFF, 0xFF, 0x80, 0x00, 0xFF, 0xFF, 0xFF,
  0xF0, 0x00, 0x3F, 0xFF, 0xBF, 0xFE, 0x00, 0x0F, 0xFF, 0xF7, 0xFF, 0xC0,
  0x07, 0xFF, 0xFE, 0xFF, 0xFF, 0xFF, 0xFF, 0xFF, 0xDF, 0xFF, 0xFF, 0xFF,
  0xFF, 0xF3, 0xFF, 0xFF, 0xFF, 0xFF, 0xFC, 0x7F, 0xFF, 0xFF, 0xFF, 0xFF,
  0x8F, 0xFF, 0xFF, 0xFF, 0xFF, 0xE1, 0xFF, 0xFF, 0xFF, 0xFF, 0xF8, 0x3F,
  0xFF, 0xFF, 0xFF, 0xFC, 0x07, 0xFF, 0xFF, 0xFF, 0xFF, 0x00, 0xFF, 0xFF,
  0xFF, 0xFF, 0x00, 0x1F, 0xFF, 0xFF, 0xFF, 0x00, 0x03, 0xFF, 0xE0, 0x00,
  0x00, 0x00, 0x7F, 0xFC, 0x00, 0x00, 0x00, 0x0F, 0xFF, 0x80, 0x00, 0x00,
  0x01, 0xFF, 0xF0, 0x00, 0x00, 0x00, 0x3F, 0xFE, 0x00, 0x00, 0x00, 0x07,
  0xFF, 0xC0, 0x00, 0x00, 0x00, 0xFF, 0xF8, 0x00, 0x00, 0x00, 0x1F, 0xFF,
  0x00, 0x00, 0x00, 0x03, 0xFF, 0xE0, 0x00, 0x00, 0x00, 0x7F, 0xFC, 0x00,
  0x00, 0x00, 0x0F, 0xFF, 0x80, 0x00, 0x00, 0x01, 0xFF, 0xF0, 0x00, 0x00,
  0x00, 0x3F, 0xFE, 0x00, 0x00, 0x00, 0x07, 0xFF, 0xC0, 0x00, 0x00, 0x00,
  0xFF, 0xF8, 0x00, 0x00, 0x00, 0x1F, 0xFF, 0x00, 0x00, 0x00, 0x03, 0xFF,
  0xE0, 0x00, 0x00, 0x00, 0x7F, 0xFC, 0x00, 0x00, 0x00, 0x00, 0x00, 0x00,
  0x0F, 0xFF, 0x80, 0x00, 0x00, 0x00, 0x07, 0xFF, 0xFF, 0xC0, 0x00, 0x00,
  0x00, 0xFF, 0xFF, 0xFF, 0x80, 0x00, 0x00, 0x1F, 0xFF, 0xFF, 0xFF, 0x00,
  0x00, 0x03, 0xFF, 0xFF, 0xFF, 0xFE, 0x00, 0x00, 0x3F, 0xFF, 0xFF, 0xFF,
  0xF8, 0x00, 0x03, 0xFF, 0xFF, 0xFF, 0xFF, 0xE0, 0x00, 0x3F, 0xFF, 0xFF,
  0xFF, 0xFF, 0x80, 0x03, 0xFF, 0xFF, 0xFF, 0xFF, 0xFE, 0x00, 0x3F, 0xFF,
  0xFF, 0xFF, 0xFF, 0xF8, 0x03, 0xFF, 0xFF, 0x80, 0xFF, 0xFF, 0xE0, 0x1F,
  0xFF, 0xE0, 0x01, 0xFF, 0xFF, 0x01, 0xFF, 0xFE, 0x00, 0x03, 0xFF, 0xFC,
  0x0F, 0xFF, 0xE0, 0x00, 0x0F, 0xFF, 0xE0, 0xFF, 0xFE, 0x00, 0x00, 0x3F,
  0xFF, 0x87, 0xFF, 0xF0, 0x00, 0x01, 0xFF, 0xFC, 0x7F, 0xFF, 0x00, 0x00,
  0x07, 0xFF, 0xF3, 0xFF, 0xF8, 0x00, 0x00, 0x3F, 0xFF, 0x9F, 0xFF, 0x80,
  0x00, 0x00, 0xFF, 0xFC, 0xFF, 0xFC, 0x00, 0x00, 0x07, 0xFF, 0xE7, 0xFF,
  0xE0, 0x00, 0x00, 0x3F, 0xFF, 0x7F, 0xFE, 0x00, 0x00, 0x00, 0xFF, 0xFF,
  0xFF, 0xF0, 0x00, 0x00, 0x07, 0xFF, 0xFF, 0xFF, 0x80, 0x00, 0x00, 0x3F,
  0xFF, 0xFF, 0xFC, 0x00, 0x00, 0x01, 0xFF, 0xFF, 0xFF, 0xE0, 0x00, 0x00,
  0x0F, 0xFF, 0xFF, 0xFF, 0x00, 0x00, 0x00, 0x7F, 0xFF, 0xFF, 0xF8, 0x00,
  0x00, 0x03, 0xFF, 0xFF, 0xFF, 0xC0, 0x00, 0x00, 0x1F, 0xFF, 0xFF, 0xFE,
  0x00, 0x00, 0x00, 0xFF, 0xFF, 0xFF, 0xF0, 0x00, 0x00, 0x07, 0xFF, 0xFF,
  0xFF, 0x80, 0x00, 0x00, 0x3F, 0xFF, 0xFF, 0xFC, 0x00, 0x00, 0x01, 0xFF,
  0xFF, 0xFF, 0xF0, 0x00, 0x00, 0x1F, 0xFF, 0x9F, 0xFF, 0x80, 0x00, 0x00,
  0xFF, 0xFC, 0xFF, 0xFC, 0x00, 0x00, 0x07, 0xFF, 0xE7, 0xFF, 0xF0, 0x00,
  0x00, 0x7F, 0xFF, 0x3F, 0xFF, 0x80, 0x00, 0x03, 0xFF, 0xF0, 0xFF, 0xFC,
  0x00, 0x00, 0x3F, 0xFF, 0x87, 0xFF, 0xF0, 0x00, 0x01, 0xFF, 0xFC, 0x1F,
  0xFF, 0xC0, 0x00, 0x1F, 0xFF, 0xC0, 0xFF, 0xFF, 0x00, 0x01, 0xFF, 0xFE,
  0x03, 0xFF, 0xFC, 0x00, 0x3F, 0xFF, 0xE0, 0x1F, 0xFF, 0xFC, 0x07, 0xFF,
  0xFE, 0x00, 0x7F, 0xFF, 0xFF, 0xFF, 0xFF, 0xF0, 0x01, 0xFF, 0xFF, 0xFF,
  0xFF, 0xFF, 0x00, 0x07, 0xFF, 0xFF, 0xFF, 0xFF, 0xF0, 0x00, 0x1F, 0xFF,
  0xFF, 0xFF, 0xFF, 0x00, 0x00, 0x7F, 0xFF, 0xFF, 0xFF, 0xF0, 0x00, 0x01,
  0xFF, 0xFF, 0xFF, 0xFE, 0x00, 0x00, 0x03, 0xFF, 0xFF, 0xFF, 0xE0, 0x00,
  0x00, 0x07, 0xFF, 0xFF, 0xFC, 0x00, 0x00, 0x00, 0x0F, 0xFF, 0xFF, 0xE0,
  0x00, 0x00, 0x00, 0x07, 0xFF, 0xFF, 0x80, 0x00, 0x00, 0x00, 0x00, 0x3F,
  0xFE, 0x00, 0x00, 0x00, 0x00, 0x00, 0xFF, 0xF8, 0x00, 0x00, 0x00, 0x00,
  0x03, 0xFF, 0xE0, 0x00, 0x00, 0x00, 0x00, 0x0F, 0xFF, 0x80, 0x00, 0x00,
  0x00, 0x00, 0x3F, 0xFE, 0x00, 0x00, 0x00, 0x00, 0x00, 0xFF, 0xF8, 0x00,
  0x00, 0x00, 0x00, 0x03, 0xFF, 0xE0, 0x00, 0x00, 0x00, 0x00, 0x0F, 0xFF,
  0x80, 0x00, 0x00, 0x00, 0x00, 0x3F, 0xFC, 0x00, 0xFF, 0xFF, 0xFF, 0xE0,
  0x00, 0x01, 0xFF, 0xFF, 0xFF, 0xFE, 0x00, 0x03, 0xFF, 0xFF, 0xFF, 0xFF,
  0x00, 0x07, 0xFF, 0xFF, 0xFF, 0xFF, 0x00, 0x0F, 0xFF, 0xFF, 0xFF, 0xFF,
  0x80, 0x1F, 0xFF, 0xFF, 0xFF, 0xFF, 0x80, 0x3F, 0xFF, 0xFF, 0xFF, 0xFF,
  0x00, 0x7F, 0xFF, 0xFF, 0xFF, 0xFF, 0x00, 0xFF, 0xFF, 0xFF, 0xFF, 0xFE,
  0x01, 0xFF, 0xFF, 0xFF, 0xFF, 0xFC, 0x03, 0xFF, 0xE0, 0x07, 0xFF, 0xFC,
  0x07, 0xFF, 0xC0, 0x03, 0xFF, 0xF8, 0x0F, 0xFF, 0x80, 0x03, 0xFF, 0xF0,
  0x1F, 0xFF, 0x00, 0x03, 0xFF, 0xE0, 0x3F, 0xFE, 0x00, 0x07, 0xFF, 0xC0,
  0x7F, 0xFC, 0x00, 0x0F, 0xFF, 0x80, 0xFF, 0xF8, 0x00, 0x1F, 0xFF, 0x01,
  0xFF, 0xF0, 0x00, 0x3F, 0xFE, 0x03, 0xFF, 0xE0, 0x00, 0x7F, 0xF8, 0x07,
  0xFF, 0xC0, 0x01, 0xFF, 0xF0, 0x0F, 0xFF, 0x80, 0x07, 0xFF, 0xE0, 0x1F,
  0xFF, 0x00, 0x3F, 0xFF, 0x80, 0x3F, 0xFF, 0xFF, 0xFF, 0xFE, 0x00, 0x7F,
  0xFF, 0xFF, 0xFF, 0xF8, 0x00, 0xFF, 0xFF, 0xFF, 0xFF, 0xE0, 0x01, 0xFF,
  0xFF, 0xFF, 0xFF, 0x80, 0x03, 0xFF, 0xFF, 0xFF, 0xFC, 0x00, 0x07, 0xFF,
  0xFF, 0xFF, 0xF8, 0x00, 0x0F, 0xFF, 0xFF, 0xFF, 0xF8, 0x00, 0x1F, 0xFF,
  0xFF, 0xFF, 0xFC, 0x00, 0x3F, 0xFF, 0xFF, 0xFF, 0xFC, 0x00, 0x7F, 0xFF,
  0xFF, 0xFF, 0xF8, 0x00, 0xFF, 0xF8, 0x0F, 0xFF, 0xF8, 0x01, 0xFF, 0xF0,
  0x07, 0xFF, 0xF8, 0x03, 0xFF, 0xE0, 0x07, 0xFF, 0xF0, 0x07, 0xFF, 0xC0,
  0x07, 0xFF, 0xF0, 0x0F, 0xFF, 0x80, 0x07, 0xFF, 0xE0, 0x1F, 0xFF, 0x00,
  0x07, 0xFF, 0xE0, 0x3F, 0xFE, 0x00, 0x0F, 0xFF, 0xC0, 0x7F, 0xFC, 0x00,
  0x0F, 0xFF, 0xC0, 0xFF, 0xF8, 0x00, 0x1F, 0xFF, 0x81, 0xFF, 0xF0, 0x00,
  0x1F, 0xFF, 0x83, 0xFF, 0xE0, 0x00, 0x3F, 0xFF, 0x07, 0xFF, 0xC0, 0x00,
  0x3F, 0xFF, 0x0F, 0xFF, 0x80, 0x00, 0x7F, 0xFE, 0x1F, 0xFF, 0x00, 0x00,
  0x7F, 0xFE, 0x3F, 0xFE, 0x00, 0x00, 0xFF, 0xFC, 0x7F, 0xFC, 0x00, 0x01,
  0xFF, 0xFC, 0xFF, 0xF8, 0x00, 0x01, 0xFF, 0xF9, 0xFF, 0xF0, 0x00, 0x03,
  0xFF, 0xFB, 0xFF, 0xE0, 0x00, 0x03, 0xFF, 0xF7, 0xFF, 0xC0, 0x00, 0x07,
  0xFF, 0xF0, 0x00, 0x03, 0xFF, 0xE0, 0x00, 0x00, 0x1F, 0xFF, 0xFF, 0xC0,
  0x00, 0x3F, 0xFF, 0xFF, 0xFE, 0x00, 0x7F, 0xFF, 0xFF, 0xFF, 0x80, 0x7F,
  0xFF, 0xFF, 0xFF, 0xC0, 0x7F, 0xFF, 0xFF, 0xFF, 0xE0, 0x7F, 0xFF, 0xFF,
  0xFF, 0xF0, 0x7F, 0xFF, 0xFF, 0xFF, 0xF8, 0x3F, 0xFF, 0xFF, 0xFF, 0xFC,
  0x3F, 0xFF, 0xFF, 0xFF, 0xFE, 0x1F, 0xFF, 0xC0, 0x07, 0xFF, 0x0F, 0xFF,
  0x80, 0x00, 0x3F, 0x8F, 0xFF, 0x80, 0x00, 0x03, 0xC7, 0xFF, 0x80, 0x00,
  0x00, 0x23, 0xFF, 0xC0, 0x00, 0x00, 0x01, 0xFF, 0xE0, 0x00, 0x00, 0x00,
  0xFF, 0xF0, 0x00, 0x00, 0x00, 0x7F, 0xFC, 0x00, 0x00, 0x00, 0x3F, 0xFE,
  0x00, 0x00, 0x00, 0x1F, 0xFF, 0xC0, 0x00, 0x00, 0x0F, 0xFF, 0xFE, 0x00,
  0x00, 0x03, 0xFF, 0xFF, 0xF8, 0x00, 0x01, 0xFF, 0xFF, 0xFF, 0xC0, 0x00,
  0x7F, 0xFF, 0xFF, 0xFE, 0x00, 0x3F, 0xFF, 0xFF, 0xFF, 0xC0, 0x0F, 0xFF,
  0xFF, 0xFF, 0xF0, 0x03, 0xFF, 0xFF, 0xFF, 0xFE, 0x00, 0xFF, 0xFF, 0xFF,
  0xFF, 0x80, 0x1F, 0xFF, 0xFF, 0xFF, 0xE0, 0x03, 0xFF, 0xFF, 0xFF, 0xF0,
  0x00, 0x7F, 0xFF, 0xFF, 0xFC, 0x00, 0x03, 0xFF, 0xFF, 0xFE, 0x00, 0x00,
  0x0F, 0xFF, 0xFF, 0x00, 0x00, 0x00, 0x7F, 0xFF, 0xC0, 0x00, 0x00, 0x07,
  0xFF, 0xE0, 0x00, 0x00, 0x01, 0xFF, 0xF0, 0x00, 0x00, 0x00, 0x7F, 0xF8,
  0x00, 0x00, 0x00, 0x3F, 0xFC, 0x00, 0x00, 0x00, 0x1F, 0xFF, 0x00, 0x00,
  0x00, 0x0F, 0xFF, 0xE0, 0x00, 0x00, 0x07, 0xFF, 0xFE, 0x00, 0x00, 0x07,
  0xFF, 0xFF, 0xE0, 0x00, 0x07, 0xFF, 0xDF, 0xFF, 0x80, 0x1F, 0xFF, 0xEF,
  0xFF, 0xFF, 0xFF, 0xFF, 0xF7, 0xFF, 0xFF, 0xFF, 0xFF, 0xF3, 0xFF, 0xFF,
  0xFF, 0xFF, 0xF9, 0xFF, 0xFF, 0xFF, 0xFF, 0xF8, 0xFF, 0xFF, 0xFF, 0xFF,
  0xF8, 0x7F, 0xFF, 0xFF, 0xFF, 0xF8, 0x1F, 0xFF, 0xFF, 0xFF, 0xF8, 0x01,
  0xFF, 0xFF, 0xFF, 0xF0, 0x00, 0x0F, 0xFF, 0xFF, 0xE0, 0x00, 0x00, 0x3F,
  0xFF, 0x00, 0x00, 0xFF, 0xFF, 0xFF, 0xFF, 0xFF, 0xFF, 0xFF, 0xFF, 0xFF,
  0xFF, 0xFF, 0xFF, 0xFF, 0xFF, 0xFF, 0xFF, 0xFF, 0xFF, 0xFF, 0xFF, 0xFF,
  0xFF, 0xFF, 0xFF, 0xFF, 0xFF, 0xFF, 0xFF, 0xFF, 0xFF, 0xFF, 0xFF, 0xFF,
  0xFF, 0xFF, 0xFF, 0xFF, 0xFF, 0xFF, 0xFF, 0xFF, 0xFF, 0xFF, 0xFF, 0xFF,
  0xFF, 0xFF, 0xFF, 0xFF, 0xFF, 0xFF, 0xFF, 0xFF, 0xFF, 0xFF, 0xFF, 0xFF,
  0xFF, 0xFC, 0x00, 0x01, 0xFF, 0xF0, 0x00, 0x00, 0x00, 0x03, 0xFF, 0xE0,
  0x00, 0x00, 0x00, 0x07, 0xFF, 0xC0, 0x00, 0x00, 0x00, 0x0F, 0xFF, 0x80,
  0x00, 0x00, 0x00, 0x1F, 0xFF, 0x00, 0x00, 0x00, 0x00, 0x3F, 0xFE, 0x00,
  0x00, 0x00, 0x00, 0x7F, 0xFC, 0x00, 0x00, 0x00, 0x00, 0xFF, 0xF8, 0x00,
  0x00, 0x00, 0x01, 0xFF, 0xF0, 0x00, 0x00, 0x00, 0x03, 0xFF, 0xE0, 0x00,
  0x00, 0x00, 0x07, 0xFF, 0xC0, 0x00, 0x00, 0x00, 0x0F, 0xFF, 0x80, 0x00,
  0x00, 0x00, 0x1F, 0xFF, 0x00, 0x00, 0x00, 0x00, 0x3F, 0xFE, 0x00, 0x00,
  0x00, 0x00, 0x7F, 0xFC, 0x00, 0x00, 0x00, 0x00, 0xFF, 0xF8, 0x00, 0x00,
  0x00, 0x01, 0xFF, 0xF0, 0x00, 0x00, 0x00, 0x03, 0xFF, 0xE0, 0x00, 0x00,
  0x00, 0x07, 0xFF, 0xC0, 0x00, 0x00, 0x00, 0x0F, 0xFF, 0x80, 0x00, 0x00,
  0x00, 0x1F, 0xFF, 0x00, 0x00, 0x00, 0x00, 0x3F, 0xFE, 0x00, 0x00, 0x00,
  0x00, 0x7F, 0xFC, 0x00, 0x00, 0x00, 0x00, 0xFF, 0xF8, 0x00, 0x00, 0x00,
  0x01, 0xFF, 0xF0, 0x00, 0x00, 0x00, 0x03, 0xFF, 0xE0, 0x00, 0x00, 0x00,
  0x07, 0xFF, 0xC0, 0x00, 0x00, 0x00, 0x0F, 0xFF, 0x80, 0x00, 0x00, 0x00,
  0x1F, 0xFF, 0x00, 0x00, 0x00, 0x00, 0x3F, 0xFE, 0x00, 0x00, 0x00, 0x00,
  0x7F, 0xFC, 0x00, 0x00, 0x00, 0x00, 0xFF, 0xF8, 0x00, 0x00, 0x00, 0x01,
  0xFF, 0xF0, 0x00, 0x00, 0x00, 0x03, 0xFF, 0xE0, 0x00, 0x00, 0x00, 0x07,
  0xFF, 0xC0, 0x00, 0x00, 0x00, 0x0F, 0xFF, 0x80, 0x00, 0x00, 0x00, 0x1F,
  0xFF, 0x00, 0x00, 0x00, 0x00, 0x3F, 0xFE, 0x00, 0x00, 0x00, 0x00, 0x7F,
  0xFC, 0x00, 0x00, 0x00, 0x00, 0xFF, 0xF8, 0x00, 0x00, 0x00, 0x01, 0xFF,
  0xF0, 0x00, 0x00, 0x00, 0x03, 0xFF, 0xE0, 0x00, 0x00, 0xFF, 0xF8, 0x00,
  0x00, 0xFF, 0xFF, 0xFF, 0xC0, 0x00, 0x07, 0xFF, 0xFF, 0xFE, 0x00, 0x00,
  0x3F, 0xFF, 0xFF, 0xF0, 0x00, 0x01, 0xFF, 0xFF, 0xFF, 0x80, 0x00, 0x0F,
  0xFF, 0xFF, 0xFC, 0x00, 0x00, 0x7F, 0xFF, 0xFF, 0xE0, 0x00, 0x03, 0xFF,
  0xFF, 0xFF, 0x00, 0x00, 0x1F, 0xFF, 0xFF, 0xF8, 0x00, 0x00, 0xFF, 0xFF,
  0xFF, 0xC0, 0x00, 0x07, 0xFF, 0xFF, 0xFE, 0x00, 0x00, 0x3F, 0xFF, 0xFF,
  0xF0, 0x00, 0x01, 0xFF, 0xFF, 0xFF, 0x80, 0x00, 0x0F, 0xFF, 0xFF, 0xFC,
  0x00, 0x00, 0x7F, 0xFF, 0xFF, 0xE0, 0x00, 0x03, 0xFF, 0xFF, 0xFF, 0x00,
  0x00, 0x1F, 0xFF, 0xFF, 0xF8, 0x00, 0x00, 0xFF, 0xFF, 0xFF, 0xC0, 0x00,
  0x07, 0xFF, 0xFF, 0xFE, 0x00, 0x00, 0x3F, 0xFF, 0xFF, 0xF0, 0x00, 0x01,
  0xFF, 0xFF, 0xFF, 0x80, 0x00, 0x0F, 0xFF, 0xFF, 0xFC, 0x00, 0x00, 0x7F,
  0xFF, 0xFF, 0xE0, 0x00, 0x03, 0xFF, 0xFF, 0xFF, 0x00, 0x00, 0x1F, 0xFF,
  0xFF, 0xF8, 0x00, 0x00, 0xFF, 0xFF, 0xFF, 0xC0, 0x00, 0x07, 0xFF, 0xFF,
  0xFE, 0x00, 0x00, 0x3F, 0xFF, 0xFF, 0xF0, 0x00, 0x01, 0xFF, 0xFF, 0xFF,
  0x80, 0x00, 0x0F, 0xFF, 0xFF, 0xFC, 0x00, 0x00, 0x7F, 0xFF, 0xFF, 0xE0,
  0x00, 0x03, 0xFF, 0xFF, 0xFF, 0x00, 0x00, 0x1F, 0xFF, 0xFF, 0xF8, 0x00,
  0x00, 0xFF, 0xFF, 0xFF, 0xC0, 0x00, 0x07, 0xFF, 0xFF, 0xFE, 0x00, 0x00,
  0x3F, 0xFF, 0xFF, 0xF0, 0x00, 0x01, 0xFF, 0xFF, 0xFF, 0xC0, 0x00, 0x1F,
  0xFF, 0xBF, 0xFE, 0x00, 0x00, 0xFF, 0xF9, 0xFF, 0xF0, 0x00, 0x07, 0xFF,
  0xCF, 0xFF, 0xC0, 0x00, 0x7F, 0xFE, 0x7F, 0xFE, 0x00, 0x03, 0xFF, 0xF1,
  0xFF, 0xFC, 0x00, 0x7F, 0xFF, 0x0F, 0xFF, 0xF8, 0x0F, 0xFF, 0xF8, 0x3F,
  0xFF, 0xFF, 0xFF, 0xFF, 0x81, 0xFF, 0xFF, 0xFF, 0xFF, 0xFC, 0x07, 0xFF,
  0xFF, 0xFF, 0xFF, 0xC0, 0x1F, 0xFF, 0xFF, 0xFF, 0xFC, 0x00, 0xFF, 0xFF,
  0xFF, 0xFF, 0xE0, 0x01, 0xFF, 0xFF, 0xFF, 0xFC, 0x00, 0x07, 0xFF, 0xFF,
  0xFF, 0xC0, 0x00, 0x0F, 0xFF, 0xFF, 0xF8, 0x00, 0x00, 0x1F, 0xFF, 0xFF,
  0x00, 0x00, 0x00, 0x0F, 0xFF, 0x80, 0x00, 0x00, 0xFF, 0xFC, 0x00, 0x00,
  0x00, 0xFF, 0xFD, 0xFF, 0xF0, 0x00, 0x00, 0x03, 0xFF, 0xE7, 0xFF, 0xC0,
  0x00, 0x00, 0x0F, 0xFF, 0x9F, 0xFF, 0x80, 0x00, 0x00, 0x7F, 0xFE, 0x3F,
  0xFE, 0x00, 0x00, 0x01, 0xFF, 0xF0, 0xFF, 0xF8, 0x00, 0x00, 0x07, 0xFF,
  0xC3, 0xFF, 0xF0, 0x00, 0x00, 0x3F, 0xFF, 0x07, 0xFF, 0xC0, 0x00, 0x00,
  0xFF, 0xF8, 0x1F, 0xFF, 0x00, 0x00, 0x03, 0xFF, 0xE0, 0x7F, 0xFE, 0x00,
  0x00, 0x1F, 0xFF, 0x80, 0xFF, 0xF8, 0x00, 0x00, 0x7F, 0xFC, 0x03, 0xFF,
  0xE0, 0x00, 0x01, 0xFF, 0xF0, 0x07, 0xFF, 0xC0, 0x00, 0x0F, 0xFF, 0x80,
  0x1F, 0xFF, 0x00, 0x00, 0x3F, 0xFE, 0x00, 0x7F, 0xFE, 0x00, 0x01, 0xFF,
  0xF8, 0x00, 0xFF, 0xF8, 0x00, 0x07, 0xFF, 0xC0, 0x03, 0xFF, 0xE0, 0x00,
  0x1F, 0xFF, 0x00, 0x0F, 0xFF, 0xC0, 0x00, 0xFF, 0xFC, 0x00, 0x1F, 0xFF,
  0x00, 0x03, 0xFF, 0xE0, 0x00, 0x7F, 0xFC, 0x00, 0x0F, 0xFF, 0x80, 0x00,
  0xFF, 0xF8, 0x00, 0x7F, 0xFC, 0x00, 0x03, 0xFF, 0xE0, 0x01, 0xFF, 0xF0,
  0x00, 0x0F, 0xFF, 0x80, 0x07, 0xFF, 0xC0, 0x00, 0x1F, 0xFF, 0x00, 0x3F,
  0xFE, 0x00, 0x00, 0x7F, 0xFC, 0x00, 0xFF, 0xF8, 0x00, 0x01, 0xFF, 0xF0,
  0x03, 0xFF, 0xE0, 0x00, 0x03, 0xFF, 0xE0, 0x1F, 0xFF, 0x00, 0x00, 0x0F,
  0xFF, 0x80, 0x7F, 0xFC, 0x00, 0x00, 0x3F, 0xFF, 0x01, 0xFF, 0xF0, 0x00,
  0x00, 0x7F, 0xFC, 0x0F, 0xFF, 0x80, 0x00, 0x01, 0xFF, 0xF0, 0x3F, 0xFE,
  0x00, 0x00, 0x03, 0xFF, 0xE1, 0xFF, 0xF0, 0x00, 0x00, 0x0F, 0xFF, 0x87,
  0xFF, 0xC0, 0x00, 0x00, 0x3F, 0xFE, 0x1F, 0xFF, 0x00, 0x00, 0x00, 0x7F,
  0xFC, 0xFF, 0xF8, 0x00, 0x00, 0x01, 0xFF, 0xF3, 0xFF, 0xE0, 0x00, 0x00,
  0x07, 0xFF, 0xCF, 0xFF, 0x80, 0x00, 0x00, 0x0F, 0xFF, 0xFF, 0xFC, 0x00,
  0x00, 0x00, 0x3F, 0xFF, 0xFF, 0xF0, 0x00, 0x00, 0x00, 0xFF, 0xFF, 0xFF,
  0xC0, 0x00, 0x00, 0x01, 0xFF, 0xFF, 0xFE, 0x00, 0x00, 0x00, 0x07, 0xFF,
  0xFF, 0xF8, 0x00, 0x00, 0x00, 0x0F, 0xFF, 0xFF, 0xC0, 0x00, 0x00, 0x00,
  0x3F, 0xFF, 0xFF, 0x00, 0x00, 0x00, 0x00, 0xFF, 0xFF, 0xFC, 0x00, 0x00,
  0x00, 0x01, 0xFF, 0xFF, 0xE0, 0x00, 0x00, 0x00, 0x07, 0xFF, 0xFF, 0x80,
  0x00, 0x00, 0x00, 0x1F, 0xFF, 0xFE, 0x00, 0x00, 0x00, 0x00, 0x3F, 0xFF,
  0xF0, 0x00, 0x00, 0x00, 0x00, 0xFF, 0xFF, 0xC0, 0x00, 0x00, 0x00, 0x01,
  0xFF, 0xFE, 0x00, 0x00, 0x00, 0x00, 0x07, 0xFF, 0xF8, 0x00, 0x00, 0xFF,
  0xF8, 0x00, 0x03, 0xFF, 0xF0, 0x00, 0x07, 0xFF, 0xFF, 0xFE, 0x00, 0x00,
  0xFF, 0xFC, 0x00, 0x01, 0xFF, 0xF7, 0xFF, 0x80, 0x00, 0x3F, 0xFF, 0x00,
  0x00, 0x7F, 0xF9, 0xFF, 0xF0, 0x00, 0x0F, 0xFF, 0xC0, 0x00, 0x3F, 0xFE,
  0x7F, 0xFC, 0x00, 0x03, 0xFF, 0xF8, 0x00, 0x0F, 0xFF, 0x9F, 0xFF, 0x00,
  0x01, 0xFF, 0xFE, 0x00, 0x03, 0xFF, 0xE3, 0xFF, 0xC0, 0x00, 0x7F, 0xFF,
  0x80, 0x00, 0xFF, 0xF0, 0xFF, 0xF8, 0x00, 0x1F, 0xFF, 0xE0, 0x00, 0x3F,
  0xFC, 0x3F, 0xFE, 0x00, 0x07, 0xFF, 0xF8, 0x00, 0x1F, 0xFF, 0x0F, 0xFF,
  0x80, 0x03, 0xFF, 0xFF, 0x00, 0x07, 0xFF, 0xC3, 0xFF, 0xE0, 0x00, 0xFF,
  0xFF, 0xC0, 0x01, 0xFF, 0xF0, 0x7F, 0xFC, 0x00, 0x3F, 0xFF, 0xF0, 0x00,
  0x7F, 0xF8, 0x1F, 0xFF, 0x00, 0x0F, 0xFF, 0xFC, 0x00, 0x3F, 0xFE, 0x07,
  0xFF, 0xC0, 0x07, 0xFF, 0xFF, 0x80, 0x0F, 0xFF, 0x81, 0xFF, 0xF0, 0x01,
  0xFF, 0xFF, 0xE0, 0x03, 0xFF, 0xE0, 0x3F, 0xFC, 0x00, 0x7F, 0xCF, 0xF8,
  0x00, 0xFF, 0xF0, 0x0F, 0xFF, 0x80, 0x1F, 0xF3, 0xFE, 0x00, 0x7F, 0xFC,
  0x03, 0xFF, 0xE0, 0x07, 0xFC, 0xFF, 0xC0, 0x1F, 0xFF, 0x00, 0xFF, 0xF8,
  0x03, 0xFF, 0x3F, 0xF0, 0x07, 0xFF, 0xC0, 0x1F, 0xFE, 0x00, 0xFF, 0x87,
  0xFC, 0x01, 0xFF, 0xE0, 0x07, 0xFF, 0xC0, 0x3F, 0xE1, 0xFF, 0x00, 0xFF,
  0xF8, 0x01, 0xFF, 0xF0, 0x0F, 0xF8, 0x7F, 0xE0, 0x3F, 0xFE, 0x00, 0x7F,
  0xFC, 0x07, 0xFE, 0x1F, 0xF8, 0x0F, 0xFF, 0x80, 0x0F, 0xFF, 0x01, 0xFF,
  0x03, 0xFE, 0x03, 0xFF, 0xE0, 0x03, 0xFF, 0xE0, 0x7F, 0xC0, 0xFF, 0x81,
  0xFF, 0xF0, 0x00, 0xFF, 0xF8, 0x1F, 0xF0, 0x3F, 0xE0, 0x7F, 0xFC, 0x00,
  0x3F, 0xFE, 0x0F, 0xFC, 0x0F, 0xFC, 0x1F, 0xFF, 0x00, 0x07, 0xFF, 0x83,
  0xFE, 0x01, 0xFF, 0x07, 0xFF, 0xC0, 0x01, 0xFF, 0xF0, 0xFF, 0x80, 0x7F,
  0xC1, 0xFF, 0xE0, 0x00, 0x7F, 0xFC, 0x3F, 0xE0, 0x1F, 0xF0, 0xFF, 0xF8,
  0x00, 0x1F, 0xFF, 0x1F, 0xF8, 0x07, 0xFE, 0x3F, 0xFE, 0x00, 0x07, 0xFF,
  0xC7, 0xFE, 0x00, 0xFF, 0x8F, 0xFF, 0x80, 0x00, 0xFF, 0xF1, 0xFF, 0x00,
  0x3F, 0xE3, 0xFF, 0xC0, 0x00, 0x3F, 0xFE, 0x7F, 0xC0, 0x0F, 0xF9, 0xFF,
  0xF0, 0x00, 0x0F, 0xFF, 0x9F, 0xF0, 0x03, 0xFF, 0x7F, 0xFC, 0x00, 0x03,
  0xFF, 0xEF, 0xFC, 0x00, 0xFF, 0xDF, 0xFF, 0x00, 0x00, 0x7F, 0xFB, 0xFE,
  0x00, 0x1F, 0xF7, 0xFF, 0x80, 0x00, 0x1F, 0xFF, 0xFF, 0x80, 0x07, 0xFF,
  0xFF, 0xE0, 0x00, 0x07, 0xFF, 0xFF, 0xE0, 0x01, 0xFF, 0xFF, 0xF8, 0x00,
  0x01, 0xFF, 0xFF, 0xF8, 0x00, 0x7F, 0xFF, 0xFE, 0x00, 0x00, 0x3F, 0xFF,
  0xFC, 0x00, 0x0F, 0xFF, 0xFF, 0x80, 0x00, 0x0F, 0xFF, 0xFF, 0x00, 0x03,
  0xFF, 0xFF, 0xC0, 0x00, 0x03, 0xFF, 0xFF, 0xC0, 0x00, 0xFF, 0xFF, 0xF0,
  0x00, 0x00, 0xFF, 0xFF, 0xF0, 0x00, 0x3F, 0xFF, 0xFC, 0x00, 0x00, 0x1F,
  0xFF, 0xF8, 0x00, 0x07, 0xFF, 0xFF, 0x00, 0x00, 0x07, 0xFF, 0xFE, 0x00,
  0x01, 0xFF, 0xFF, 0x80, 0x00, 0x01, 0xFF, 0xFF, 0x80, 0x00, 0x7F, 0xFF,
  0xE0, 0x00, 0x00, 0x7F, 0xFF, 0xE0, 0x00, 0x1F, 0xFF, 0xF8, 0x00, 0x00,
  0x1F, 0xFF, 0xF8, 0x00, 0x03, 0xFF, 0xFE, 0x00, 0x00, 0x03, 0xFF, 0xFC,
  0x00, 0x00, 0xFF, 0xFF, 0x00, 0x00, 0x00, 0xFF, 0xFF, 0x00, 0x00, 0x3F,
  0xFF, 0xC0, 0x00, 0x00, 0x3F, 0xFF, 0xC0, 0x00, 0x0F, 0xFF, 0xF0, 0x00,
  0x7F, 0xFE, 0x00, 0x00, 0x07, 0xFF, 0xE3, 0xFF, 0xF0, 0x00, 0x00, 0xFF,
  0xFC, 0x1F, 0xFF, 0x00, 0x00, 0x1F, 0xFF, 0x81, 0xFF, 0xF8, 0x00, 0x01,
  0xFF, 0xF8, 0x0F, 0xFF, 0xC0, 0x00, 0x3F, 0xFF, 0x00, 0x7F, 0xFC, 0x00,
  0x07, 0xFF, 0xE0, 0x07, 0xFF, 0xE0, 0x00, 0x7F, 0xFE, 0x00, 0x3F, 0xFF,
  0x00, 0x0F, 0xFF, 0xC0, 0x01, 0xFF, 0xF0, 0x01, 0xFF, 0xF8, 0x00, 0x1F,
  0xFF, 0x80, 0x1F, 0xFF, 0x80, 0x00, 0xFF, 0xFC, 0x03, 0xFF, 0xF0, 0x00,
  0x07, 0xFF, 0xC0, 0x7F, 0xFE, 0x00, 0x00, 0x7F, 0xFE, 0x07, 0xFF, 0xE0,
  0x00, 0x03, 0xFF, 0xF0, 0xFF, 0xFC, 0x00, 0x00, 0x1F, 0xFF, 0x1F, 0xFF,
  0x80, 0x00, 0x01, 0xFF, 0xF9, 0xFF, 0xF8, 0x00, 0x00, 0x0F, 0xFF, 0xFF,
  0xFF, 0x00, 0x00, 0x00, 0x7F, 0xFF, 0xFF, 0xE0, 0x00, 0x00, 0x07, 0xFF,
  0xFF, 0xFE, 0x00, 0x00, 0x00, 0x3F, 0xFF, 0xFF, 0xC0, 0x00, 0x00, 0x01,
  0xFF, 0xFF, 0xF8, 0x00, 0x00, 0x00, 0x1F, 0xFF, 0xFF, 0x80, 0x00, 0x00,
  0x00, 0xFF, 0xFF, 0xF0, 0x00, 0x00, 0x00, 0x07, 0xFF, 0xFE, 0x00, 0x00,
  0x00, 0x00, 0x7F, 0xFF, 0xE0, 0x00, 0x00, 0x00, 0x03, 0xFF, 0xFC, 0x00,
  0x00, 0x00, 0x00, 0x7F, 0xFF, 0xE0, 0x00, 0x00, 0x00, 0x07, 0xFF, 0xFE,
  0x00, 0x00, 0x00, 0x00, 0xFF, 0xFF, 0xF0, 0x00, 0x00, 0x00, 0x1F, 0xFF,
  0xFF, 0x80, 0x00, 0x00, 0x01, 0xFF, 0xFF, 0xF8, 0x00, 0x00, 0x00, 0x3F,
  0xFF, 0xFF, 0xC0, 0x00, 0x00, 0x07, 0xFF, 0xFF, 0xFE, 0x00, 0x00, 0x00,
  0x7F, 0xFF, 0xFF, 0xE0, 0x00, 0x00, 0x0F, 0xFF, 0xFF, 0xFF, 0x00, 0x00,
  0x01, 0xFF, 0xF9, 0xFF, 0xF8, 0x00, 0x00, 0x1F, 0xFF, 0x0F, 0xFF, 0x80,
  0x00, 0x03, 0xFF, 0xF0, 0xFF, 0xFC, 0x00, 0x00, 0x7F, 0xFE, 0x07, 0xFF,
  0xE0, 0x00, 0x0F, 0xFF, 0xC0, 0x3F, 0xFF, 0x00, 0x00, 0xFF, 0xFC, 0x03,
  0xFF, 0xF0, 0x00, 0x1F, 0xFF, 0x80, 0x1F, 0xFF, 0x80, 0x03, 0xFF, 0xF0,
  0x00, 0xFF, 0xFC, 0x00, 0x3F, 0xFF, 0x00, 0x0F, 0xFF, 0xC0, 0x07, 0xFF,
  0xE0, 0x00, 0x7F, 0xFE, 0x00, 0xFF, 0xFC, 0x00, 0x03, 0xFF, 0xF0, 0x0F,
  0xFF, 0xC0, 0x00, 0x3F, 0xFF, 0x01, 0xFF, 0xF8, 0x00, 0x01, 0xFF, 0xF8,
  0x3F, 0xFF, 0x00, 0x00, 0x0F, 0xFF, 0xC3, 0xFF, 0xF0, 0x00, 0x00, 0xFF,
  0xFC, 0x7F, 0xFE, 0x00, 0x00, 0x07, 0xFF, 0xEF, 0xFF, 0xC0, 0x00, 0x00,
  0x3F, 0xFF, 0xFF, 0xFE, 0x00, 0x00, 0x03, 0xFF, 0xFB, 0xFF, 0xF8, 0x00,
  0x00, 0x3F, 0xFF, 0x8F, 0xFF, 0xC0, 0x00, 0x01, 0xFF, 0xF8, 0x7F, 0xFF,
  0x00, 0x00, 0x1F, 0xFF, 0xC1, 0xFF, 0xFC, 0x00, 0x01, 0xFF, 0xFC, 0x07,
  0xFF, 0xE0, 0x00, 0x0F, 0xFF, 0xC0, 0x3F, 0xFF, 0x80, 0x00, 0xFF, 0xFE,
  0x00, 0xFF, 0xFC, 0x00, 0x07, 0xFF, 0xE0, 0x03, 0xFF, 0xF0, 0x00, 0x7F,
  0xFE, 0x00, 0x1F, 0xFF, 0xC0, 0x07, 0xFF, 0xF0, 0x00, 0x7F, 0xFE, 0x00,
  0x3F, 0xFF, 0x00, 0x01, 0xFF, 0xF8, 0x03, 0xFF, 0xF0, 0x00, 0x0F, 0xFF,
  0xE0, 0x3F, 0xFF, 0x80, 0x00, 0x3F, 0xFF, 0x01, 0xFF, 0xF8, 0x00, 0x00,
  0xFF, 0xFC, 0x1F, 0xFF, 0x80, 0x00, 0x07, 0xFF, 0xF1, 0xFF, 0xFC, 0x00,
  0x00, 0x1F, 0xFF, 0x8F, 0xFF, 0xC0, 0x00, 0x00, 0x7F, 0xFE, 0xFF, 0xFC,
  0x00, 0x00, 0x03, 0xFF, 0xFF, 0xFF, 0xE0, 0x00, 0x00, 0x0F, 0xFF, 0xFF,
  0xFE, 0x00, 0x00, 0x00, 0x3F, 0xFF, 0xFF, 0xE0, 0x00, 0x00, 0x01, 0xFF,
  0xFF, 0xFF, 0x00, 0x00, 0x00, 0x07, 0xFF, 0xFF, 0xF0, 0x00, 0x00, 0x00,
  0x1F, 0xFF, 0xFF, 0x00, 0x00, 0x00, 0x00, 0xFF, 0xFF, 0xF8, 0x00, 0x00,
  0x00, 0x03, 0xFF, 0xFF, 0x80, 0x00, 0x00, 0x00, 0x0F, 0xFF, 0xF8, 0x00,
  0x00, 0x00, 0x00, 0x7F, 0xFF, 0xC0, 0x00, 0x00, 0x00, 0x01, 0xFF, 0xFC,
  0x00, 0x00, 0x00, 0x00, 0x07, 0xFF, 0xC0, 0x00, 0x00, 0x00, 0x00, 0x3F,
  0xFE, 0x00, 0x00, 0x00, 0x00, 0x01, 0xFF, 0xF0, 0x00, 0x00, 0x00, 0x00,
  0x0F, 0xFF, 0x80, 0x00, 0x00, 0x00, 0x00, 0x7F, 0xFC, 0x00, 0x00, 0x00,
  0x00, 0x03, 0xFF, 0xE0, 0x00, 0x00, 0x00, 0x00, 0x1F, 0xFF, 0x00, 0x00,
  0x00, 0x00, 0x00, 0xFF, 0xF8, 0x00, 0x00, 0x00, 0x00, 0x07, 0xFF, 0xC0,
  0x00, 0x00, 0x00, 0x00, 0x3F, 0xFE, 0x00, 0x00, 0x00, 0x00, 0x01, 0xFF,
  0xF0, 0x00, 0x00, 0x00, 0x00, 0x0F, 0xFF, 0x80, 0x00, 0x00, 0x00, 0x00,
  0x7F, 0xFC, 0x00, 0x00, 0x00, 0x00, 0x03, 0xFF, 0xE0, 0x00, 0x00, 0x00,
  0x00, 0x1F, 0xFF, 0x00, 0x00, 0x00, 0x00, 0x00, 0xFF, 0xF8, 0x00, 0x00,
  0x00, 0x00, 0x07, 0xFF, 0xC0, 0x00, 0x00, 0x00, 0x00, 0x3F, 0xFE, 0x00,
  0x00, 0x00, 0x00, 0x01, 0xFF, 0xF0, 0x00, 0x00, 0x00, 0x00, 0x0F, 0xFF,
  0x80, 0x00, 0x00, 0x00, 0x00, 0x7F, 0xFC, 0x00, 0x00, 0x00, 0x00, 0x03,
  0xFF, 0xE0, 0x00, 0x00, 0x00, 0x00, 0x1F, 0xFF, 0x00, 0x00, 0x00, 0x7F,
  0xFF, 0xFF, 0xFF, 0xFF, 0xF3, 0xFF, 0xFF, 0xFF, 0xFF, 0xFF, 0x9F, 0xFF,
  0xFF, 0xFF, 0xFF, 0xFC, 0xFF, 0xFF, 0xFF, 0xFF, 0xFF, 0xE7, 0xFF, 0xFF,
  0xFF, 0xFF, 0xFF, 0x3F, 0xFF, 0xFF, 0xFF, 0xFF, 0xF9, 0xFF, 0xFF, 0xFF,
  0xFF, 0xFF, 0xCF, 0xFF, 0xFF, 0xFF, 0xFF, 0xFE, 0x7F, 0xFF, 0xFF, 0xFF,
  0xFF, 0xF3, 0xFF, 0xFF, 0xFF, 0xFF, 0xFF, 0x00, 0x00, 0x00, 0x07, 0xFF,
  0xF0, 0x00, 0x00, 0x00, 0x7F, 0xFF, 0x00, 0x00, 0x00, 0x03, 0xFF, 0xF0,
  0x00, 0x00, 0x00, 0x3F, 0xFF, 0x80, 0x00, 0x00, 0x03, 0xFF, 0xF8, 0x00,
  0x00, 0x00, 0x3F, 0xFF, 0x80, 0x00, 0x00, 0x03, 0xFF, 0xF8, 0x00, 0x00,
  0x00, 0x1F, 0xFF, 0x80, 0x00, 0x00, 0x01, 0xFF, 0xFC, 0x00, 0x00, 0x00,
  0x1F, 0xFF, 0xC0, 0x00, 0x00, 0x01, 0xFF, 0xFC, 0x00, 0x00, 0x00, 0x1F,
  0xFF, 0xC0, 0x00, 0x00, 0x01, 0xFF, 0xFC, 0x00, 0x00, 0x00, 0x0F, 0xFF,
  0xE0, 0x00, 0x00, 0x00, 0xFF, 0xFE, 0x00, 0x00, 0x00, 0x0F, 0xFF, 0xE0,
  0x00, 0x00, 0x00, 0xFF, 0xFE, 0x00, 0x00, 0x00, 0x0F, 0xFF, 0xE0, 0x00,
  0x00, 0x00, 0x7F, 0xFF, 0x00, 0x00, 0x00, 0x07, 0xFF, 0xF0, 0x00, 0x00,
  0x00, 0x7F, 0xFF, 0x00, 0x00, 0x00, 0x07, 0xFF, 0xF0, 0x00, 0x00, 0x00,
  0x7F, 0xFF, 0x00, 0x00, 0x00, 0x07, 0xFF, 0xF0, 0x00, 0x00, 0x00, 0x3F,
  0xFF, 0x80, 0x00, 0x00, 0x03, 0xFF, 0xF8, 0x00, 0x00, 0x00, 0x3F, 0xFF,
  0x80, 0x00, 0x00, 0x03, 0xFF, 0xF8, 0x00, 0x00, 0x00, 0x3F, 0xFF, 0x80,
  0x00, 0x00, 0x01, 0xFF, 0xFC, 0x00, 0x00, 0x00, 0x1F, 0xFF, 0xC0, 0x00,
  0x00, 0x01, 0xFF, 0xFC, 0x00, 0x00, 0x00, 0x1F, 0xFF, 0xFF, 0xFF, 0xFF,
  0xFF, 0xFF, 0xFF, 0xFF, 0xFF, 0xFF, 0xFF, 0xFF, 0xFF, 0xFF, 0xFF, 0xFF,
  0xFF, 0xFF, 0xFF, 0xFF, 0xFF, 0xFF, 0xFF, 0xFF, 0xFF, 0xFF, 0xFF, 0xFF,
  0xFF, 0xFF, 0xFF, 0xFF, 0xFF, 0xFF, 0xFF, 0xFF, 0xFF, 0xFF, 0xFF, 0xFF,
  0xFF, 0xFF, 0xFF, 0xFF, 0xFF, 0xFF, 0xFF, 0xFF, 0xFF, 0xFF, 0xFF, 0xFF,
  0xFF, 0xFF, 0xFF, 0xF0, 0xFF, 0xFF, 0xFF, 0xFF, 0xFF, 0xFF, 0xFF, 0xFF,
  0xFF, 0xFF, 0xFF, 0xFF, 0xFF, 0xFF, 0xFF, 0xFF, 0xFF, 0xFF, 0xFF, 0xFF,
  0xFF, 0xFF, 0xFF, 0xF0, 0x03, 0xFF, 0xC0, 0x0F, 0xFF, 0x00, 0x3F, 0xFC,
  0x00, 0xFF, 0xF0, 0x03, 0xFF, 0xC0, 0x0F, 0xFF, 0x00, 0x3F, 0xFC, 0x00,
  0xFF, 0xF0, 0x03, 0xFF, 0xC0, 0x0F, 0xFF, 0x00, 0x3F, 0xFC, 0x00, 0xFF,
  0xF0, 0x03, 0xFF, 0xC0, 0x0F, 0xFF, 0x00, 0x3F, 0xFC, 0x00, 0xFF, 0xF0,
  0x03, 0xFF, 0xC0, 0x0F, 0xFF, 0x00, 0x3F, 0xFC, 0x00, 0xFF, 0xF0, 0x03,
  0xFF, 0xC0, 0x0F, 0xFF, 0x00, 0x3F, 0xFC, 0x00, 0xFF, 0xF0, 0x03, 0xFF,
  0xC0, 0x0F, 0xFF, 0x00, 0x3F, 0xFC, 0x00, 0xFF, 0xF0, 0x03, 0xFF, 0xC0,
  0x0F, 0xFF, 0x00, 0x3F, 0xFC, 0x00, 0xFF, 0xF0, 0x03, 0xFF, 0xC0, 0x0F,
  0xFF, 0x00, 0x3F, 0xFC, 0x00, 0xFF, 0xF0, 0x03, 0xFF, 0xC0, 0x0F, 0xFF,
  0x00, 0x3F, 0xFC, 0x00, 0xFF, 0xF0, 0x03, 0xFF, 0xC0, 0x0F, 0xFF, 0x00,
  0x3F, 0xFC, 0x00, 0xFF, 0xF0, 0x03, 0xFF, 0xC0, 0x0F, 0xFF, 0x00, 0x3F,
  0xFF, 0xFF, 0xFF, 0xFF, 0xFF, 0xFF, 0xFF, 0xFF, 0xFF, 0xFF, 0xFF, 0xFF,
  0xFF, 0xFF, 0xFF, 0xFF, 0xFF, 0xFF, 0xFF, 0xFF, 0xFF, 0xC0, 0xFF, 0x00,
  0x00, 0x3F, 0xC0, 0x00, 0x07, 0xF0, 0x00, 0x01, 0xFE, 0x00, 0x00, 0x7F,
  0x80, 0x00, 0x0F, 0xE0, 0x00, 0x03, 0xFC, 0x00, 0x00, 0xFF, 0x00, 0x00,
  0x1F, 0xC0, 0x00, 0x07, 0xF8, 0x00, 0x01, 0xFE, 0x00, 0x00, 0x3F, 0x80,
  0x00, 0x0F, 0xF0, 0x00, 0x03, 0xFC, 0x00, 0x00, 0x7F, 0x00, 0x00, 0x1F,
  0xE0, 0x00, 0x07, 0xF8, 0x00, 0x00, 0xFE, 0x00, 0x00, 0x3F, 0xC0, 0x00,
  0x0F, 0xF0, 0x00, 0x03, 0xFC, 0x00, 0x00, 0x7F, 0x00, 0x00, 0x1F, 0xE0,
  0x00, 0x07, 0xF8, 0x00, 0x00, 0xFE, 0x00, 0x00, 0x3F, 0xC0, 0x00, 0x0F,
  0xF0, 0x00, 0x01, 0xFC, 0x00, 0x00, 0x7F, 0x80, 0x00, 0x1F, 0xE0, 0x00,
  0x03, 0xF8, 0x00, 0x00, 0xFF, 0x00, 0x00, 0x3F, 0xC0, 0x00, 0x07, 0xF0,
  0x00, 0x01, 0xFE, 0x00, 0x00, 0x7F, 0x80, 0x00, 0x1F, 0xE0, 0x00, 0x03,
  0xFC, 0x00, 0x00, 0xFF, 0x00, 0x00, 0x3F, 0xC0, 0x00, 0x07, 0xF0, 0x00,
  0x01, 0xFE, 0x00, 0x00, 0x7F, 0x80, 0x00, 0x0F, 0xE0, 0x00, 0x03, 0xFC,
  0x00, 0x00, 0xFF, 0x00, 0x00, 0x1F, 0xC0, 0x00, 0x07, 0xF8, 0x00, 0x01,
  0xFE, 0x00, 0x00, 0x3F, 0x80, 0x00, 0x0F, 0xF0, 0x00, 0x03, 0xFC, 0x00,
  0x00, 0x7F, 0x00, 0x00, 0x1F, 0xE0, 0x00, 0x07, 0xF8, 0x00, 0x01, 0xFE,
  0x00, 0x00, 0x3F, 0xC0, 0x00, 0x0F, 0xF0, 0xFF, 0xFF, 0xFF, 0xFF, 0xFF,
  0xFF, 0xFF, 0xFF, 0xFF, 0xFF, 0xFF, 0xFF, 0xFF, 0xFF, 0xFF, 0xFF, 0xFF,
  0xFF, 0xFF, 0xFF, 0xFF, 0xFF, 0x00, 0x3F, 0xFC, 0x00, 0xFF, 0xF0, 0x03,
  0xFF, 0xC0, 0x0F, 0xFF, 0x00, 0x3F, 0xFC, 0x00, 0xFF, 0xF0, 0x03, 0xFF,
  0xC0, 0x0F, 0xFF, 0x00, 0x3F, 0xFC, 0x00, 0xFF, 0xF0, 0x03, 0xFF, 0xC0,
  0x0F, 0xFF, 0x00, 0x3F, 0xFC, 0x00, 0xFF, 0xF0, 0x03, 0xFF, 0xC0, 0x0F,
  0xFF, 0x00, 0x3F, 0xFC, 0x00, 0xFF, 0xF0, 0x03, 0xFF, 0xC0, 0x0F, 0xFF,
  0x00, 0x3F, 0xFC, 0x00, 0xFF, 0xF0, 0x03, 0xFF, 0xC0, 0x0F, 0xFF, 0x00,
  0x3F, 0xFC, 0x00, 0xFF, 0xF0, 0x03, 0xFF, 0xC0, 0x0F, 0xFF, 0x00, 0x3F,
  0xFC, 0x00, 0xFF, 0xF0, 0x03, 0xFF, 0xC0, 0x0F, 0xFF, 0x00, 0x3F, 0xFC,
  0x00, 0xFF, 0xF0, 0x03, 0xFF, 0xC0, 0x0F, 0xFF, 0x00, 0x3F, 0xFC, 0x00,
  0xFF, 0xF0, 0x03, 0xFF, 0xC0, 0x0F, 0xFF, 0x00, 0x3F, 0xFC, 0x00, 0xFF,
  0xF0, 0x03, 0xFF, 0xC0, 0x0F, 0xFF, 0x00, 0x3F, 0xFC, 0x00, 0xFF, 0xF0,
  0x03, 0xFF, 0xFF, 0xFF, 0xFF, 0xFF, 0xFF, 0xFF, 0xFF, 0xFF, 0xFF, 0xFF,
  0xFF, 0xFF, 0xFF, 0xFF, 0xFF, 0xFF, 0xFF, 0xFF, 0xFF, 0xFF, 0xFF, 0xFF,
  0xC0, 0x00, 0x00, 0x3F, 0xE0, 0x00, 0x00, 0x00, 0x03, 0xFF, 0x80, 0x00,
  0x00, 0x00, 0x3F, 0xFE, 0x00, 0x00, 0x00, 0x03, 0xFF, 0xF8, 0x00, 0x00,
  0x00, 0x3F, 0xFF, 0xE0, 0x00, 0x00, 0x03, 0xFF, 0xFF, 0x80, 0x00, 0x00,
  0x3F, 0xFF, 0xFE, 0x00, 0x00, 0x03, 0xFF, 0xFF, 0xF8, 0x00, 0x00, 0x3F,
  0xFF, 0xFF, 0xE0, 0x00, 0x03, 0xFF, 0xC7, 0xFF, 0x80, 0x00, 0x3F, 0xFC,
  0x1F, 0xFE, 0x00, 0x03, 0xFF, 0xC0, 0x7F, 0xF8, 0x00, 0x3F, 0xF8, 0x00,
  0xFF, 0xE0, 0x03, 0xFF, 0x80, 0x03, 0xFF, 0x80, 0x3F, 0xF8, 0x00, 0x0F,
  0xFE, 0x03, 0xFF, 0x00, 0x00, 0x1F, 0xF8, 0x3F, 0xF0, 0x00, 0x00, 0x7F,
  0xE3, 0xFE, 0x00, 0x00, 0x00, 0xFF, 0xBF, 0xE0, 0x00, 0x00, 0x03, 0xFE,
  0xFF, 0xFF, 0xFF, 0xFF, 0xFF, 0xFF, 0xFF, 0xFF, 0xFF, 0xFF, 0xFF, 0xFF,
  0xFF, 0xFF, 0xFF, 0xFF, 0xFF, 0xFF, 0xFF, 0xFF, 0xFF, 0xFF, 0xFF, 0xFF,
  0xFF, 0xFF, 0xFF, 0xFF, 0xFF, 0xFF, 0xFF, 0xF0, 0xFF, 0xC0, 0x07, 0xFE,
  0x00, 0x3F, 0xF0, 0x00, 0xFF, 0x80, 0x07, 0xF8, 0x00, 0x3F, 0xC0, 0x01,
  0xFE, 0x00, 0x0F, 0xF0, 0x00, 0x7F, 0x80, 0x03, 0xF8, 0x00, 0x1F, 0xC0,
  0x00, 0xFE, 0x00, 0x07, 0xF0, 0x00, 0x1F, 0xFF, 0xC0, 0x00, 0x0F, 0xFF,
  0xFF, 0xF8, 0x00, 0x7F, 0xFF, 0xFF, 0xFC, 0x00, 0xFF, 0xFF, 0xFF, 0xFE,
  0x01, 0xFF, 0xFF, 0xFF, 0xFE, 0x03, 0xFF, 0xFF, 0xFF, 0xFE, 0x07, 0xFF,
  0xFF, 0xFF, 0xFC, 0x0F, 0xFF, 0xFF, 0xFF, 0xFC, 0x1F, 0xE0, 0x03, 0xFF,
  0xF8, 0x3C, 0x00, 0x00, 0xFF, 0xF8, 0x40, 0x00, 0x00, 0xFF, 0xF0, 0x00,
  0x00, 0x01, 0xFF, 0xE0, 0x00, 0x00, 0x01, 0xFF, 0xE0, 0x00, 0x00, 0x03,
  0xFF, 0xC0, 0x00, 0x00, 0x07, 0xFF, 0x80, 0x07, 0xFF, 0xFF, 0xFF, 0x00,
  0xFF, 0xFF, 0xFF, 0xFE, 0x07, 0xFF, 0xFF, 0xFF, 0xFC, 0x3F, 0xFF, 0xFF,
  0xFF, 0xF8, 0xFF, 0xFF, 0xFF, 0xFF, 0xF3, 0xFF, 0xFF, 0xFF, 0xFF, 0xE7,
  0xFF, 0xFF, 0xFF, 0xFF, 0xDF, 0xFF, 0xC0, 0x07, 0xFF, 0xBF, 0xFE, 0x00,
  0x0F, 0xFF, 0xFF, 0xF8, 0x00, 0x1F, 0xFF, 0xFF, 0xE0, 0x00, 0x3F, 0xFF,
  0xFF, 0xC0, 0x00, 0x7F, 0xFF, 0xFF, 0x80, 0x01, 0xFF, 0xFF, 0xFF, 0x00,
  0x03, 0xFF, 0xFF, 0xFE, 0x00, 0x0F, 0xFF, 0xFF, 0xFE, 0x00, 0x3F, 0xFF,
  0xFF, 0xFE, 0x00, 0xFF, 0xFF, 0x7F, 0xFE, 0x07, 0xFF, 0xFE, 0xFF, 0xFF,
  0xFF, 0xFF, 0xFD, 0xFF, 0xFF, 0xFF, 0xFF, 0xF9, 0xFF, 0xFF, 0xFE, 0xFF,
  0xF1, 0xFF, 0xFF, 0xF9, 0xFF, 0xE1, 0xFF, 0xFF, 0xE3, 0xFF, 0xC1, 0xFF,
  0xFF, 0x87, 0xFF, 0x80, 0xFF, 0xFC, 0x0F, 0xFF, 0x00, 0x7F, 0xC0, 0x00,
  0x00, 0xFF, 0xF0, 0x00, 0x00, 0x00, 0x3F, 0xFC, 0x00, 0x00, 0x00, 0x0F,
  0xFF, 0x00, 0x00, 0x00, 0x03, 0xFF, 0xC0, 0x00, 0x00, 0x00, 0xFF, 0xF0,
  0x00, 0x00, 0x00, 0x3F, 0xFC, 0x00, 0x00, 0x00, 0x0F, 0xFF, 0x00, 0x00,
  0x00, 0x03, 0xFF, 0xC0, 0x00, 0x00, 0x00, 0xFF, 0xF0, 0x00, 0x00, 0x00,
  0x3F, 0xFC, 0x00, 0x00, 0x00, 0x0F, 0xFF, 0x00, 0x00, 0x00, 0x03, 0xFF,
  0xC0, 0x00, 0x00, 0x00, 0xFF, 0xF0, 0x00, 0x00, 0x00, 0x3F, 0xFC, 0x00,
  0x00, 0x00, 0x0F, 0xFF, 0x00, 0x7F, 0x80, 0x03, 0xFF, 0xC0, 0xFF, 0xFC,
  0x00, 0xFF, 0xF0, 0x7F, 0xFF, 0xC0, 0x3F, 0xFC, 0x7F, 0xFF, 0xF8, 0x0F,
  0xFF, 0x3F, 0xFF, 0xFF, 0x03, 0xFF, 0xDF, 0xFF, 0xFF, 0xE0, 0xFF, 0xFF,
  0xFF, 0xFF, 0xFC, 0x3F, 0xFF, 0xFF, 0xFF, 0xFF, 0x8F, 0xFF, 0xFF, 0xFF,
  0xFF, 0xE3, 0xFF, 0xFE, 0x03, 0xFF, 0xFC, 0xFF, 0xFF, 0x00, 0x7F, 0xFF,
  0x3F, 0xFF, 0x80, 0x0F, 0xFF, 0xEF, 0xFF, 0xC0, 0x01, 0xFF, 0xFB, 0xFF,
  0xE0, 0x00, 0x3F, 0xFE, 0xFF, 0xF8, 0x00, 0x0F, 0xFF, 0xBF, 0xFE, 0x00,
  0x03, 0xFF, 0xFF, 0xFF, 0x00, 0x00, 0x7F, 0xFF, 0xFF, 0xC0, 0x00, 0x1F,
  0xFF, 0xFF, 0xF0, 0x00, 0x07, 0xFF, 0xFF, 0xFC, 0x00, 0x01, 0xFF, 0xFF,
  0xFF, 0x00, 0x00, 0x7F, 0xFF, 0xFF, 0xC0, 0x00, 0x1F, 0xFF, 0xFF, 0xF0,
  0x00, 0x07, 0xFF, 0xFF, 0xFC, 0x00, 0x01, 0xFF, 0xFF, 0xFF, 0x00, 0x00,
  0x7F, 0xFF, 0xFF, 0xE0, 0x00, 0x3F, 0xFF, 0xFF, 0xF8, 0x00, 0x0F, 0xFF,
  0xBF, 0xFE, 0x00, 0x03, 0xFF, 0xEF, 0xFF, 0xC0, 0x01, 0xFF, 0xFB, 0xFF,
  0xF8, 0x00, 0xFF, 0xFE, 0xFF, 0xFF, 0x00, 0x7F, 0xFF, 0x3F, 0xFF, 0xE0,
  0x3F, 0xFF, 0xCF, 0xFF, 0xFF, 0xFF, 0xFF, 0xE3, 0xFF, 0xFF, 0xFF, 0xFF,
  0xF8, 0xFF, 0xFF, 0xFF, 0xFF, 0xFC, 0x3F, 0xFD, 0xFF, 0xFF, 0xFE, 0x0F,
  0xFF, 0x3F, 0xFF, 0xFF, 0x03, 0xFF, 0xC7, 0xFF, 0xFF, 0x80, 0xFF, 0xF0,
  0xFF, 0xFF, 0xC0, 0x3F, 0xFC, 0x0F, 0xFF, 0xC0, 0x00, 0x00, 0x00, 0x7F,
  0xC0, 0x00, 0x00, 0x00, 0xFF, 0xF0, 0x00, 0x03, 0xFF, 0xFF, 0xC0, 0x03,
  0xFF, 0xFF, 0xFC, 0x03, 0xFF, 0xFF, 0xFF, 0x01, 0xFF, 0xFF, 0xFF, 0xC0,
  0xFF, 0xFF, 0xFF, 0xF0, 0x7F, 0xFF, 0xFF, 0xFC, 0x3F, 0xFF, 0xFF, 0xFF,
  0x1F, 0xFF, 0xFF, 0xFF, 0xC7, 0xFF, 0xFC, 0x03, 0xF3, 0xFF, 0xFC, 0x00,
  0x1C, 0xFF, 0xFC, 0x00, 0x01, 0x7F, 0xFE, 0x00, 0x00, 0x1F, 0xFF, 0x80,
  0x00, 0x07, 0xFF, 0xC0, 0x00, 0x03, 0xFF, 0xF0, 0x00, 0x00, 0xFF, 0xF8,
  0x00, 0x00, 0x3F, 0xFE, 0x00, 0x00, 0x0F, 0xFF, 0x80, 0x00, 0x03, 0xFF,
  0xE0, 0x00, 0x00, 0xFF, 0xF8, 0x00, 0x00, 0x3F, 0xFE, 0x00, 0x00, 0x0F,
  0xFF, 0x80, 0x00, 0x03, 0xFF, 0xE0, 0x00, 0x00, 0xFF, 0xF8, 0x00, 0x00,
  0x3F, 0xFF, 0x00, 0x00, 0x07, 0xFF, 0xC0, 0x00, 0x01, 0xFF, 0xF8, 0x00,
  0x00, 0x7F, 0xFE, 0x00, 0x00, 0x0F, 0xFF, 0xC0, 0x00, 0x13, 0xFF, 0xFC,
  0x00, 0x1C, 0x7F, 0xFF, 0xC0, 0x3F, 0x1F, 0xFF, 0xFF, 0xFF, 0xC3, 0xFF,
  0xFF, 0xFF, 0xF0, 0x7F, 0xFF, 0xFF, 0xFC, 0x0F, 0xFF, 0xFF, 0xFF, 0x01,
  0xFF, 0xFF, 0xFF, 0xC0, 0x3F, 0xFF, 0xFF, 0xF0, 0x03, 0xFF, 0xFF, 0xFC,
  0x00, 0x3F, 0xFF, 0xFE, 0x00, 0x00, 0xFF, 0xF0, 0x00, 0x00, 0x00, 0x00,
  0x03, 0xFF, 0xC0, 0x00, 0x00, 0x00, 0xFF, 0xF0, 0x00, 0x00, 0x00, 0x3F,
  0xFC, 0x00, 0x00, 0x00, 0x0F, 0xFF, 0x00, 0x00, 0x00, 0x03, 0xFF, 0xC0,
  0x00, 0x00, 0x00, 0xFF, 0xF0, 0x00, 0x00, 0x00, 0x3F, 0xFC, 0x00, 0x00,
  0x00, 0x0F, 0xFF, 0x00, 0x00, 0x00, 0x03, 0xFF, 0xC0, 0x00, 0x00, 0x00,
  0xFF, 0xF0, 0x00, 0x00, 0x00, 0x3F, 0xFC, 0x00, 0x00, 0x00, 0x0F, 0xFF,
  0x00, 0x00, 0x00, 0x03, 0xFF, 0xC0, 0x00, 0x00, 0x00, 0xFF, 0xF0, 0x00,
  0x7F, 0x80, 0x3F, 0xFC, 0x00, 0xFF, 0xFC, 0x0F, 0xFF, 0x00, 0xFF, 0xFF,
  0xC3, 0xFF, 0xC0, 0x7F, 0xFF, 0xF8, 0xFF, 0xF0, 0x3F, 0xFF, 0xFF, 0x3F,
  0xFC, 0x1F, 0xFF, 0xFF, 0xEF, 0xFF, 0x0F, 0xFF, 0xFF, 0xFF, 0xFF, 0xC7,
  0xFF, 0xFF, 0xFF, 0xFF, 0xF1, 0xFF, 0xFF, 0xFF, 0xFF, 0xFC, 0xFF, 0xFF,
  0x83, 0xFF, 0xFF, 0x3F, 0xFF, 0x80, 0x3F, 0xFF, 0xDF, 0xFF, 0xC0, 0x07,
  0xFF, 0xF7, 0xFF, 0xE0, 0x00, 0xFF, 0xFD, 0xFF, 0xF0, 0x00, 0x1F, 0xFF,
  0x7F, 0xFC, 0x00, 0x07, 0xFF, 0xFF, 0xFF, 0x00, 0x01, 0xFF, 0xFF, 0xFF,
  0x80, 0x00, 0x3F, 0xFF, 0xFF, 0xE0, 0x00, 0x0F, 0xFF, 0xFF, 0xF8, 0x00,
  0x03, 0xFF, 0xFF, 0xFE, 0x00, 0x00, 0xFF, 0xFF, 0xFF, 0x80, 0x00, 0x3F,
  0xFF, 0xFF, 0xE0, 0x00, 0x0F, 0xFF, 0xFF, 0xF8, 0x00, 0x03, 0xFF, 0xFF,
  0xFE, 0x00, 0x00, 0xFF, 0xFF, 0xFF, 0x80, 0x00, 0x3F, 0xFF, 0xFF, 0xF0,
  0x00, 0x1F, 0xFF, 0x7F, 0xFC, 0x00, 0x07, 0xFF, 0xDF, 0xFF, 0x00, 0x01,
  0xFF, 0xF7, 0xFF, 0xE0, 0x00, 0xFF, 0xFD, 0xFF, 0xFC, 0x00, 0x7F, 0xFF,
  0x3F, 0xFF, 0x80, 0x3F, 0xFF, 0xCF, 0xFF, 0xF0, 0x1F, 0xFF, 0xF1, 0xFF,
  0xFF, 0xFF, 0xFF, 0xFC, 0x7F, 0xFF, 0xFF, 0xFF, 0xFF, 0x0F, 0xFF, 0xFF,
  0xFF, 0xFF, 0xC1, 0xFF, 0xFF, 0xFE, 0xFF, 0xF0, 0x3F, 0xFF, 0xFF, 0x3F,
  0xFC, 0x07, 0xFF, 0xFF, 0x8F, 0xFF, 0x00, 0xFF, 0xFF, 0x83, 0xFF, 0xC0,
  0x0F, 0xFF, 0xC0, 0xFF, 0xF0, 0x00, 0x7F, 0x80, 0x00, 0x00, 0x00, 0x00,
  0xFF, 0xE0, 0x00, 0x00, 0x03, 0xFF, 0xFF, 0x00, 0x00, 0x03, 0xFF, 0xFF,
  0xF0, 0x00, 0x03, 0xFF, 0xFF, 0xFF, 0x00, 0x01, 0xFF, 0xFF, 0xFF, 0xE0,
  0x00, 0xFF, 0xFF, 0xFF, 0xFC, 0x00, 0x7F, 0xFF, 0xFF, 0xFF, 0x80, 0x3F,
  0xFF, 0xFF, 0xFF, 0xF0, 0x1F, 0xFF, 0xC0, 0x7F, 0xFE, 0x07, 0xFF, 0xC0,
  0x07, 0xFF, 0x83, 0xFF, 0xE0, 0x00, 0xFF, 0xF0, 0xFF, 0xF0, 0x00, 0x1F,
  0xFC, 0x7F, 0xF8, 0x00, 0x07, 0xFF, 0x9F, 0xFE, 0x00, 0x00, 0xFF, 0xE7,
  0xFF, 0x00, 0x00, 0x3F, 0xFB, 0xFF, 0xC0, 0x00, 0x0F, 0xFF, 0xFF, 0xFF,
  0xFF, 0xFF, 0xFF, 0xFF, 0xFF, 0xFF, 0xFF, 0xFF, 0xFF, 0xFF, 0xFF, 0xFF,
  0xFF, 0xFF, 0xFF, 0xFF, 0xFF, 0xFF, 0xFF, 0xFF, 0xFF, 0xFF, 0xFF, 0xFF,
  0xFF, 0xFF, 0xFF, 0xFF, 0xFF, 0xFF, 0xFF, 0xFF, 0xFF, 0xFF, 0xFF, 0xFF,
  0xFF, 0xFF, 0xFF, 0xFF, 0xFF, 0xF0, 0x00, 0x00, 0x00, 0x3F, 0xFC, 0x00,
  0x00, 0x00, 0x07, 0xFF, 0x00, 0x00, 0x00, 0x01, 0xFF, 0xE0, 0x00, 0x00,
  0x00, 0x7F, 0xF8, 0x00, 0x00, 0x01, 0x0F, 0xFF, 0x00, 0x00, 0x01, 0xC3,
  0xFF, 0xE0, 0x00, 0x01, 0xF0, 0x7F, 0xFC, 0x00, 0x03, 0xFC, 0x1F, 0xFF,
  0xE0, 0x0F, 0xFF, 0x03, 0xFF, 0xFF, 0xFF, 0xFF, 0xC0, 0x7F, 0xFF, 0xFF,
  0xFF, 0xF0, 0x0F, 0xFF, 0xFF, 0xFF, 0xFC, 0x01, 0xFF, 0xFF, 0xFF, 0xFF,
  0x00, 0x3F, 0xFF, 0xFF, 0xFF, 0xC0, 0x03, 0xFF, 0xFF, 0xFF, 0xC0, 0x00,
  0x3F, 0xFF, 0xFF, 0x80, 0x00, 0x00, 0xFF, 0xF8, 0x00, 0x00, 0x00, 0x01,
  0xFF, 0xFC, 0x00, 0x3F, 0xFF, 0xF0, 0x03, 0xFF, 0xFF, 0xC0, 0x1F, 0xFF,
  0xFF, 0x00, 0xFF, 0xFF, 0xFC, 0x07, 0xFF, 0xFF, 0xF0, 0x1F, 0xFF, 0xFF,
  0xC0, 0x7F, 0xFF, 0xFF, 0x03, 0xFF, 0xF0, 0x00, 0x0F, 0xFF, 0x80, 0x00,
  0x3F, 0xFC, 0x00, 0x00, 0xFF, 0xF0, 0x00, 0x03, 0xFF, 0xC0, 0x00, 0x0F,
  0xFF, 0x00, 0x00, 0x3F, 0xFC, 0x00, 0x3F, 0xFF, 0xFF, 0xFE, 0xFF, 0xFF,
  0xFF, 0xFB, 0xFF, 0xFF, 0xFF, 0xEF, 0xFF, 0xFF, 0xFF, 0xBF, 0xFF, 0xFF,
  0xFE, 0xFF, 0xFF, 0xFF, 0xFB, 0xFF, 0xFF, 0xFF, 0xEF, 0xFF, 0xFF, 0xFF,
  0xBF, 0xFF, 0xFF, 0xFE, 0x03, 0xFF, 0xC0, 0x00, 0x0F, 0xFF, 0x00, 0x00,
  0x3F, 0xFC, 0x00, 0x00, 0xFF, 0xF0, 0x00, 0x03, 0xFF, 0xC0, 0x00, 0x0F,
  0xFF, 0x00, 0x00, 0x3F, 0xFC, 0x00, 0x00, 0xFF, 0xF0, 0x00, 0x03, 0xFF,
  0xC0, 0x00, 0x0F, 0xFF, 0x00, 0x00, 0x3F, 0xFC, 0x00, 0x00, 0xFF, 0xF0,
  0x00, 0x03, 0xFF, 0xC0, 0x00, 0x0F, 0xFF, 0x00, 0x00, 0x3F, 0xFC, 0x00,
  0x00, 0xFF, 0xF0, 0x00, 0x03, 0xFF, 0xC0, 0x00, 0x0F, 0xFF, 0x00, 0x00,
  0x3F, 0xFC, 0x00, 0x00, 0xFF, 0xF0, 0x00, 0x03, 0xFF, 0xC0, 0x00, 0x0F,
  0xFF, 0x00, 0x00, 0x3F, 0xFC, 0x00, 0x00, 0xFF, 0xF0, 0x00, 0x03, 0xFF,
  0xC0, 0x00, 0x0F, 0xFF, 0x00, 0x00, 0x3F, 0xFC, 0x00, 0x00, 0xFF, 0xF0,
  0x00, 0x03, 0xFF, 0xC0, 0x00, 0x0F, 0xFF, 0x00, 0x00, 0x00, 0x07, 0xF8,
  0x00, 0x00, 0x00, 0x0F, 0xFF, 0xC0, 0xFF, 0xF0, 0x0F, 0xFF, 0xFC, 0x3F,
  0xFC, 0x07, 0xFF, 0xFF, 0x8F, 0xFF, 0x03, 0xFF, 0xFF, 0xF3, 0xFF, 0xC1,
  0xFF, 0xFF, 0xFE, 0xFF, 0xF0, 0xFF, 0xFF, 0xFF, 0xFF, 0xFC, 0x7F, 0xFF,
  0xFF, 0xFF, 0xFF, 0x1F, 0xFF, 0xFF, 0xFF, 0xFF, 0xCF, 0xFF, 0xF8, 0x3F,
  0xFF, 0xF3, 0xFF, 0xF8, 0x03, 0xFF, 0xFD, 0xFF, 0xFC, 0x00, 0x7F, 0xFF,
  0x7F, 0xFE, 0x00, 0x0F, 0xFF, 0xDF, 0xFF, 0x00, 0x01, 0xFF, 0xF7, 0xFF,
  0xC0, 0x00, 0x7F, 0xFF, 0xFF, 0xF0, 0x00, 0x1F, 0xFF, 0xFF, 0xF8, 0x00,
  0x03, 0xFF, 0xFF, 0xFE, 0x00, 0x00, 0xFF, 0xFF, 0xFF, 0x80, 0x00, 0x3F,
  0xFF, 0xFF, 0xE0, 0x00, 0x0F, 0xFF, 0xFF, 0xF8, 0x00, 0x03, 0xFF, 0xFF,
  0xFE, 0x00, 0x00, 0xFF, 0xFF, 0xFF, 0x80, 0x00, 0x3F, 0xFF, 0xFF, 0xE0,
  0x00, 0x0F, 0xFF, 0xFF, 0xF8, 0x00, 0x07, 0xFF, 0xDF, 0xFF, 0x00, 0x01,
  0xFF, 0xF7, 0xFF, 0xC0, 0x00, 0x7F, 0xFD, 0xFF, 0xF8, 0x00, 0x3F, 0xFF,
  0x7F, 0xFE, 0x00, 0x1F, 0xFF, 0xCF, 0xFF, 0xC0, 0x0F, 0xFF, 0xF3, 0xFF,
  0xFC, 0x07, 0xFF, 0xFC, 0x7F, 0xFF, 0xFF, 0xFF, 0xFF, 0x1F, 0xFF, 0xFF,
  0xFF, 0xFF, 0xC3, 0xFF, 0xFF, 0xFF, 0xFF, 0xF0, 0x7F, 0xFF, 0xFF, 0xBF,
  0xFC, 0x0F, 0xFF, 0xFF, 0xCF, 0xFF, 0x01, 0xFF, 0xFF, 0xE3, 0xFF, 0xC0,
  0x3F, 0xFF, 0xE0, 0xFF, 0xF0, 0x03, 0xFF, 0xF0, 0x3F, 0xFC, 0x00, 0x1F,
  0xE0, 0x0F, 0xFF, 0x00, 0x00, 0x00, 0x07, 0xFF, 0xC0, 0x00, 0x00, 0x01,
  0xFF, 0xE0, 0x00, 0x00, 0x00, 0x7F, 0xF8, 0x10, 0x00, 0x00, 0x3F, 0xFE,
  0x07, 0x00, 0x00, 0x1F, 0xFF, 0x01, 0xF0, 0x00, 0x1F, 0xFF, 0xC0, 0x7F,
  0x80, 0x1F, 0xFF, 0xE0, 0x1F, 0xFF, 0xFF, 0xFF, 0xF8, 0x07, 0xFF, 0xFF,
  0xFF, 0xFC, 0x01, 0xFF, 0xFF, 0xFF, 0xFE, 0x00, 0x7F, 0xFF, 0xFF, 0xFF,
  0x00, 0x1F, 0xFF, 0xFF, 0xFF, 0x00, 0x07, 0xFF, 0xFF, 0xFF, 0x00, 0x00,
  0x7F, 0xFF, 0xFF, 0x00, 0x00, 0x00, 0xFF, 0xF8, 0x00, 0x00, 0xFF, 0xF0,
  0x00, 0x00, 0x01, 0xFF, 0xE0, 0x00, 0x00, 0x03, 0xFF, 0xC0, 0x00, 0x00,
  0x07, 0xFF, 0x80, 0x00, 0x00, 0x0F, 0xFF, 0x00, 0x00, 0x00, 0x1F, 0xFE,
  0x00, 0x00, 0x00, 0x3F, 0xFC, 0x00, 0x00, 0x00, 0x7F, 0xF8, 0x00, 0x00,
  0x00, 0xFF, 0xF0, 0x00, 0x00, 0x01, 0xFF, 0xE0, 0x00, 0x00, 0x03, 0xFF,
  0xC0, 0x00, 0x00, 0x07, 0xFF, 0x80, 0x00, 0x00, 0x0F, 0xFF, 0x00, 0x00,
  0x00, 0x1F, 0xFE, 0x00, 0x00, 0x00, 0x3F, 0xFC, 0x01, 0xFE, 0x00, 0x7F,
  0xF8, 0x1F, 0xFF, 0x80, 0xFF, 0xF0, 0x7F, 0xFF, 0xC1, 0xFF, 0xE3, 0xFF,
  0xFF, 0xC3, 0xFF, 0xCF, 0xFF, 0xFF, 0xC7, 0xFF, 0xBF, 0xFF, 0xFF, 0x8F,
  0xFF, 0xFF, 0xFF, 0xFF, 0x9F, 0xFF, 0xFF, 0xFF, 0xFF, 0x3F, 0xFF, 0xFF,
  0xFF, 0xFF, 0x7F, 0xFF, 0xFF, 0xFF, 0xFE, 0xFF, 0xFF, 0xC1, 0xFF, 0xFD,
  0xFF, 0xFE, 0x00, 0xFF, 0xFF, 0xFF, 0xF8, 0x00, 0xFF, 0xFF, 0xFF, 0xE0,
  0x01, 0xFF, 0xFF, 0xFF, 0x80, 0x01, 0xFF, 0xFF, 0xFF, 0x00, 0x03, 0xFF,
  0xFF, 0xFE, 0x00, 0x07, 0xFF, 0xFF, 0xF8, 0x00, 0x0F, 0xFF, 0xFF, 0xF0,
  0x00, 0x1F, 0xFF, 0xFF, 0xE0, 0x00, 0x3F, 0xFF, 0xFF, 0xC0, 0x00, 0x7F,
  0xFF, 0xFF, 0x80, 0x00, 0xFF, 0xFF, 0xFF, 0x00, 0x01, 0xFF, 0xFF, 0xFE,
  0x00, 0x03, 0xFF, 0xFF, 0xFC, 0x00, 0x07, 0xFF, 0xFF, 0xF8, 0x00, 0x0F,
  0xFF, 0xFF, 0xF0, 0x00, 0x1F, 0xFF, 0xFF, 0xE0, 0x00, 0x3F, 0xFF, 0xFF,
  0xC0, 0x00, 0x7F, 0xFF, 0xFF, 0x80, 0x00, 0xFF, 0xFF, 0xFF, 0x00, 0x01,
  0xFF, 0xFF, 0xFE, 0x00, 0x03, 0xFF, 0xFF, 0xFC, 0x00, 0x07, 0xFF, 0xFF,
  0xF8, 0x00, 0x0F, 0xFF, 0xFF, 0xF0, 0x00, 0x1F, 0xFF, 0xFF, 0xE0, 0x00,
  0x3F, 0xFF, 0xFF, 0xC0, 0x00, 0x7F, 0xFF, 0xFF, 0x80, 0x00, 0xFF, 0xFF,
  0xFF, 0x00, 0x01, 0xFF, 0xFF, 0xFE, 0x00, 0x03, 0xFF, 0xC0, 0xFF, 0xFF,
  0xFF, 0xFF, 0xFF, 0xFF, 0xFF, 0xFF, 0xFF, 0xFF, 0xFF, 0xFF, 0xFF, 0xFF,
  0xFF, 0x00, 0x00, 0x00, 0x00, 0x00, 0x00, 0x00, 0x0F, 0xFF, 0xFF, 0xFF,
  0xFF, 0xFF, 0xFF, 0xFF, 0xFF, 0xFF, 0xFF, 0xFF, 0xFF, 0xFF, 0xFF, 0xFF,
  0xFF, 0xFF, 0xFF, 0xFF, 0xFF, 0xFF, 0xFF, 0xFF, 0xFF, 0xFF, 0xFF, 0xFF,
  0xFF, 0xFF, 0xFF, 0xFF, 0xFF, 0xFF, 0xFF, 0xFF, 0xFF, 0xFF, 0xFF, 0xFF,
  0xFF, 0xFF, 0xFF, 0xFF, 0xFF, 0xFF, 0xFF, 0xFF, 0xFF, 0xFF, 0xFF, 0xFF,
  0xFF, 0xFF, 0xFF, 0xFF, 0xFF, 0xFF, 0xFF, 0x00, 0xFF, 0xF0, 0x0F, 0xFF,
  0x00, 0xFF, 0xF0, 0x0F, 0xFF, 0x00, 0xFF, 0xF0, 0x0F, 0xFF, 0x00, 0xFF,
  0xF0, 0x0F, 0xFF, 0x00, 0xFF, 0xF0, 0x0F, 0xFF, 0x00, 0x00, 0x00, 0x00,
  0x00, 0x00, 0x00, 0x00, 0x00, 0x00, 0x00, 0x00, 0x00, 0x0F, 0xFF, 0x00,
  0xFF, 0xF0, 0x0F, 0xFF, 0x00, 0xFF, 0xF0, 0x0F, 0xFF, 0x00, 0xFF, 0xF0,
  0x0F, 0xFF, 0x00, 0xFF, 0xF0, 0x0F, 0xFF, 0x00, 0xFF, 0xF0, 0x0F, 0xFF,
  0x00, 0xFF, 0xF0, 0x0F, 0xFF, 0x00, 0xFF, 0xF0, 0x0F, 0xFF, 0x00, 0xFF,
  0xF0, 0x0F, 0xFF, 0x00, 0xFF, 0xF0, 0x0F, 0xFF, 0x00, 0xFF, 0xF0, 0x0F,
  0xFF, 0x00, 0xFF, 0xF0, 0x0F, 0xFF, 0x00, 0xFF, 0xF0, 0x0F, 0xFF, 0x00,
  0xFF, 0xF0, 0x0F, 0xFF, 0x00, 0xFF, 0xF0, 0x0F, 0xFF, 0x00, 0xFF, 0xF0,
  0x0F, 0xFF, 0x00, 0xFF, 0xF0, 0x0F, 0xFF, 0x00, 0xFF, 0xF0, 0x0F, 0xFF,
  0x00, 0xFF, 0xF0, 0x0F, 0xFF, 0x00, 0xFF, 0xF0, 0x0F, 0xFF, 0x00, 0xFF,
  0xF0, 0x0F, 0xFF, 0x00, 0xFF, 0xF0, 0x0F, 0xFF, 0x01, 0xFF, 0xE0, 0x1F,
  0xFE, 0x07, 0xFF, 0xEF, 0xFF, 0xFE, 0xFF, 0xFF, 0xCF, 0xFF, 0xFC, 0xFF,
  0xFF, 0x8F, 0xFF, 0xF0, 0xFF, 0xFE, 0x0F, 0xFF, 0x80, 0xFF, 0xC0, 0x00,
  0xFF, 0xF0, 0x00, 0x00, 0x00, 0x1F, 0xFE, 0x00, 0x00, 0x00, 0x03, 0xFF,
  0xC0, 0x00, 0x00, 0x00, 0x7F, 0xF8, 0x00, 0x00, 0x00, 0x0F, 0xFF, 0x00,
  0x00, 0x00, 0x01, 0xFF, 0xE0, 0x00, 0x00, 0x00, 0x3F, 0xFC, 0x00, 0x00,
  0x00, 0x07, 0xFF, 0x80, 0x00, 0x00, 0x00, 0xFF, 0xF0, 0x00, 0x00, 0x00,
  0x1F, 0xFE, 0x00, 0x00, 0x00, 0x03, 0xFF, 0xC0, 0x00, 0x00, 0x00, 0x7F,
  0xF8, 0x00, 0x00, 0x00, 0x0F, 0xFF, 0x00, 0x00, 0x00, 0x01, 0xFF, 0xE0,
  0x00, 0x00, 0x00, 0x3F, 0xFC, 0x00, 0x00, 0x00, 0x07, 0xFF, 0x80, 0x01,
  0xFF, 0xFC, 0xFF, 0xF0, 0x00, 0x7F, 0xFF, 0x1F, 0xFE, 0x00, 0x1F, 0xFF,
  0xC3, 0xFF, 0xC0, 0x07, 0xFF, 0xF0, 0x7F, 0xF8, 0x01, 0xFF, 0xFC, 0x0F,
  0xFF, 0x00, 0x7F, 0xFF, 0x01, 0xFF, 0xE0, 0x1F, 0xFF, 0xC0, 0x3F, 0xFC,
  0x07, 0xFF, 0xF0, 0x07, 0xFF, 0x81, 0xFF, 0xFC, 0x00, 0xFF, 0xF0, 0x7F,
  0xFE, 0x00, 0x1F, 0xFE, 0x1F, 0xFF, 0x80, 0x03, 0xFF, 0xC7, 0xFF, 0xE0,
  0x00, 0x7F, 0xF9, 0xFF, 0xF8, 0x00, 0x0F, 0xFF, 0x7F, 0xFE, 0x00, 0x01,
  0xFF, 0xFF, 0xFF, 0x80, 0x00, 0x3F, 0xFF, 0xFF, 0xE0, 0x00, 0x07, 0xFF,
  0xFF, 0xF8, 0x00, 0x00, 0xFF, 0xFF, 0xFE, 0x00, 0x00, 0x1F, 0xFF, 0xFF,
  0xC0, 0x00, 0x03, 0xFF, 0xFF, 0xFC, 0x00, 0x00, 0x7F, 0xFF, 0xFF, 0xC0,
  0x00, 0x0F, 0xFF, 0xFF, 0xFC, 0x00, 0x01, 0xFF, 0xFF, 0xFF, 0xC0, 0x00,
  0x3F, 0xFD, 0xFF, 0xFC, 0x00, 0x07, 0xFF, 0x9F, 0xFF, 0xC0, 0x00, 0xFF,
  0xF1, 0xFF, 0xFC, 0x00, 0x1F, 0xFE, 0x1F, 0xFF, 0xC0, 0x03, 0xFF, 0xC1,
  0xFF, 0xFC, 0x00, 0x7F, 0xF8, 0x3F, 0xFF, 0xC0, 0x0F, 0xFF, 0x03, 0xFF,
  0xFC, 0x01, 0xFF, 0xE0, 0x3F, 0xFF, 0xC0, 0x3F, 0xFC, 0x03, 0xFF, 0xFC,
  0x07, 0xFF, 0x80, 0x3F, 0xFF, 0xC0, 0xFF, 0xF0, 0x03, 0xFF, 0xFC, 0x1F,
  0xFE, 0x00, 0x3F, 0xFF, 0xC3, 0xFF, 0xC0, 0x03, 0xFF, 0xFC, 0x7F, 0xF8,
  0x00, 0x3F, 0xFF, 0xCF, 0xFF, 0x00, 0x03, 0xFF, 0xFD, 0xFF, 0xE0, 0x00,
  0x3F, 0xFF, 0xC0, 0xFF, 0xFF, 0xFF, 0xFF, 0xFF, 0xFF, 0xFF, 0xFF, 0xFF,
  0xFF, 0xFF, 0xFF, 0xFF, 0xFF, 0xFF, 0xFF, 0xFF, 0xFF, 0xFF, 0xFF, 0xFF,
  0xFF, 0xFF, 0xFF, 0xFF, 0xFF, 0xFF, 0xFF, 0xFF, 0xFF, 0xFF, 0xFF, 0xFF,
  0xFF, 0xFF, 0xFF, 0xFF, 0xFF, 0xFF, 0xFF, 0xFF, 0xFF, 0xFF, 0xFF, 0xFF,
  0xFF, 0xFF, 0xFF, 0xFF, 0xFF, 0xFF, 0xFF, 0xFF, 0xFF, 0xFF, 0xFF, 0xFF,
  0xFF, 0xFF, 0xFF, 0xFF, 0xFF, 0xFF, 0xFF, 0xFF, 0xFF, 0xFF, 0xFF, 0xFF,
  0xFF, 0xFF, 0xFF, 0xFF, 0xFF, 0xFF, 0xFF, 0xFF, 0xFF, 0xFF, 0xFF, 0xFF,
  0x00, 0x00, 0x0F, 0xF0, 0x00, 0x07, 0xF8, 0x03, 0xFF, 0xC0, 0xFF, 0xF0,
  0x00, 0xFF, 0xF8, 0x0F, 0xFF, 0x0F, 0xFF, 0xF0, 0x0F, 0xFF, 0xF8, 0x3F,
  0xFC, 0x7F, 0xFF, 0xE0, 0x7F, 0xFF, 0xF0, 0xFF, 0xF3, 0xFF, 0xFF, 0xC3,
  0xFF, 0xFF, 0xE3, 0xFF, 0xDF, 0xFF, 0xFF, 0x1F, 0xFF, 0xFF, 0x8F, 0xFF,
  0xFF, 0xFF, 0xFE, 0x7F, 0xFF, 0xFF, 0x3F, 0xFF, 0xFF, 0xFF, 0xFF, 0xFF,
  0xFF, 0xFC, 0xFF, 0xFF, 0xFF, 0xFF, 0xFF, 0xFF, 0xFF, 0xFB, 0xFF, 0xFF,
  0xFF, 0xFF, 0xFF, 0xFF, 0xFF, 0xEF, 0xFF, 0xF8, 0x3F, 0xFF, 0xFC, 0x1F,
  0xFF, 0xBF, 0xFF, 0x80, 0x3F, 0xFF, 0xC0, 0x1F, 0xFF, 0xFF, 0xFC, 0x00,
  0xFF, 0xFE, 0x00, 0x7F, 0xFF, 0xFF, 0xF0, 0x03, 0xFF, 0xF8, 0x00, 0xFF,
  0xFF, 0xFF, 0x80, 0x07, 0xFF, 0xC0, 0x03, 0xFF, 0xFF, 0xFE, 0x00, 0x1F,
  0xFF, 0x00, 0x0F, 0xFF, 0xFF, 0xF8, 0x00, 0x7F, 0xFC, 0x00, 0x3F, 0xFF,
  0xFF, 0xC0, 0x01, 0xFF, 0xE0, 0x00, 0xFF, 0xFF, 0xFF, 0x00, 0x07, 0xFF,
  0x80, 0x03, 0xFF, 0xFF, 0xFC, 0x00, 0x1F, 0xFE, 0x00, 0x0F, 0xFF, 0xFF,
  0xF0, 0x00, 0x7F, 0xF8, 0x00, 0x3F, 0xFF, 0xFF, 0xC0, 0x01, 0xFF, 0xE0,
  0x00, 0xFF, 0xFF, 0xFF, 0x00, 0x07, 0xFF, 0x80, 0x03, 0xFF, 0xFF, 0xFC,
  0x00, 0x1F, 0xFE, 0x00, 0x0F, 0xFF, 0xFF, 0xF0, 0x00, 0x7F, 0xF8, 0x00,
  0x3F, 0xFF, 0xFF, 0xC0, 0x01, 0xFF, 0xE0, 0x00, 0xFF, 0xFF, 0xFF, 0x00,
  0x07, 0xFF, 0x80, 0x03, 0xFF, 0xFF, 0xFC, 0x00, 0x1F, 0xFE, 0x00, 0x0F,
  0xFF, 0xFF, 0xF0, 0x00, 0x7F, 0xF8, 0x00, 0x3F, 0xFF, 0xFF, 0xC0, 0x01,
  0xFF, 0xE0, 0x00, 0xFF, 0xFF, 0xFF, 0x00, 0x07, 0xFF, 0x80, 0x03, 0xFF,
  0xFF, 0xFC, 0x00, 0x1F, 0xFE, 0x00, 0x0F, 0xFF, 0xFF, 0xF0, 0x00, 0x7F,
  0xF8, 0x00, 0x3F, 0xFF, 0xFF, 0xC0, 0x01, 0xFF, 0xE0, 0x00, 0xFF, 0xFF,
  0xFF, 0x00, 0x07, 0xFF, 0x80, 0x03, 0xFF, 0xFF, 0xFC, 0x00, 0x1F, 0xFE,
  0x00, 0x0F, 0xFF, 0xFF, 0xF0, 0x00, 0x7F, 0xF8, 0x00, 0x3F, 0xFF, 0xFF,
  0xC0, 0x01, 0xFF, 0xE0, 0x00, 0xFF, 0xFF, 0xFF, 0x00, 0x07, 0xFF, 0x80,
  0x03, 0xFF, 0xFF, 0xFC, 0x00, 0x1F, 0xFE, 0x00, 0x0F, 0xFF, 0x00, 0x00,
  0x07, 0xF8, 0x01, 0xFF, 0xE0, 0x7F, 0xFE, 0x03, 0xFF, 0xC1, 0xFF, 0xFF,
  0x07, 0xFF, 0x8F, 0xFF, 0xFF, 0x0F, 0xFF, 0x3F, 0xFF, 0xFF, 0x1F, 0xFE,
  0xFF, 0xFF, 0xFE, 0x3F, 0xFF, 0xFF, 0xFF, 0xFE, 0x7F, 0xFF, 0xFF, 0xFF,
  0xFC, 0xFF, 0xFF, 0xFF, 0xFF, 0xFD, 0xFF, 0xFF, 0xFF, 0xFF, 0xFB, 0xFF,
  0xFF, 0x07, 0xFF, 0xF7, 0xFF, 0xF8, 0x03, 0xFF, 0xFF, 0xFF, 0xE0, 0x03,
  0xFF, 0xFF, 0xFF, 0x80, 0x07, 0xFF, 0xFF, 0xFE, 0x00, 0x07, 0xFF, 0xFF,
  0xFC, 0x00, 0x0F, 0xFF, 0xFF, 0xF8, 0x00, 0x1F, 0xFF, 0xFF, 0xE0, 0x00,
  0x3F, 0xFF, 0xFF, 0xC0, 0x00, 0x7F, 0xFF, 0xFF, 0x80, 0x00, 0xFF, 0xFF,
  0xFF, 0x00, 0x01, 0xFF, 0xFF, 0xFE, 0x00, 0x03, 0xFF, 0xFF, 0xFC, 0x00,
  0x07, 0xFF, 0xFF, 0xF8, 0x00, 0x0F, 0xFF, 0xFF, 0xF0, 0x00, 0x1F, 0xFF,
  0xFF, 0xE0, 0x00, 0x3F, 0xFF, 0xFF, 0xC0, 0x00, 0x7F, 0xFF, 0xFF, 0x80,
  0x00, 0xFF, 0xFF, 0xFF, 0x00, 0x01, 0xFF, 0xFF, 0xFE, 0x00, 0x03, 0xFF,
  0xFF, 0xFC, 0x00, 0x07, 0xFF, 0xFF, 0xF8, 0x00, 0x0F, 0xFF, 0xFF, 0xF0,
  0x00, 0x1F, 0xFF, 0xFF, 0xE0, 0x00, 0x3F, 0xFF, 0xFF, 0xC0, 0x00, 0x7F,
  0xFF, 0xFF, 0x80, 0x00, 0xFF, 0xFF, 0xFF, 0x00, 0x01, 0xFF, 0xFF, 0xFE,
  0x00, 0x03, 0xFF, 0xFF, 0xFC, 0x00, 0x07, 0xFF, 0xFF, 0xF8, 0x00, 0x0F,
  0xFF, 0x00, 0x00, 0xFF, 0xE0, 0x00, 0x00, 0x01, 0xFF, 0xFF, 0xC0, 0x00,
  0x00, 0xFF, 0xFF, 0xFE, 0x00, 0x00, 0x7F, 0xFF, 0xFF, 0xF0, 0x00, 0x1F,
  0xFF, 0xFF, 0xFF, 0x00, 0x07, 0xFF, 0xFF, 0xFF, 0xF0, 0x01, 0xFF, 0xFF,
  0xFF, 0xFF, 0x00, 0x7F, 0xFF, 0xFF, 0xFF, 0xF0, 0x1F, 0xFF, 0xFF, 0xFF,
  0xFF, 0x03, 0xFF, 0xFC, 0x0F, 0xFF, 0xE0, 0xFF, 0xFE, 0x00, 0xFF, 0xFE,
  0x1F, 0xFF, 0x80, 0x0F, 0xFF, 0xC7, 0xFF, 0xE0, 0x00, 0xFF, 0xFC, 0xFF,
  0xF8, 0x00, 0x0F, 0xFF, 0x9F, 0xFF, 0x00, 0x01, 0xFF, 0xF7, 0xFF, 0xE0,
  0x00, 0x3F, 0xFF, 0xFF, 0xF8, 0x00, 0x03, 0xFF, 0xFF, 0xFF, 0x00, 0x00,
  0x7F, 0xFF, 0xFF, 0xE0, 0x00, 0x0F, 0xFF, 0xFF, 0xFC, 0x00, 0x01, 0xFF,
  0xFF, 0xFF, 0x80, 0x00, 0x3F, 0xFF, 0xFF, 0xF0, 0x00, 0x07, 0xFF, 0xFF,
  0xFE, 0x00, 0x00, 0xFF, 0xFF, 0xFF, 0xC0, 0x00, 0x1F, 0xFF, 0xFF, 0xF8,
  0x00, 0x03, 0xFF, 0xFF, 0xFF, 0x80, 0x00, 0xFF, 0xFD, 0xFF, 0xF0, 0x00,
  0x1F, 0xFF, 0x3F, 0xFE, 0x00, 0x03, 0xFF, 0xE7, 0xFF, 0xE0, 0x00, 0xFF,
  0xFC, 0x7F, 0xFE, 0x00, 0x3F, 0xFF, 0x0F, 0xFF, 0xE0, 0x0F, 0xFF, 0xE0,
  0xFF, 0xFE, 0x03, 0xFF, 0xF8, 0x1F, 0xFF, 0xFF, 0xFF, 0xFF, 0x01, 0xFF,
  0xFF, 0xFF, 0xFF, 0xC0, 0x1F, 0xFF, 0xFF, 0xFF, 0xF0, 0x01, 0xFF, 0xFF,
  0xFF, 0xFC, 0x00, 0x1F, 0xFF, 0xFF, 0xFF, 0x00, 0x01, 0xFF, 0xFF, 0xFF,
  0xC0, 0x00, 0x0F, 0xFF, 0xFF, 0xE0, 0x00, 0x00, 0x7F, 0xFF, 0xF0, 0x00,
  0x00, 0x00, 0xFF, 0xE0, 0x00, 0x00, 0x00, 0x00, 0x07, 0xF8, 0x00, 0x3F,
  0xFC, 0x0F, 0xFF, 0xC0, 0x0F, 0xFF, 0x07, 0xFF, 0xFC, 0x03, 0xFF, 0xC7,
  0xFF, 0xFF, 0x80, 0xFF, 0xF3, 0xFF, 0xFF, 0xF0, 0x3F, 0xFD, 0xFF, 0xFF,
  0xFE, 0x0F, 0xFF, 0xFF, 0xFF, 0xFF, 0xC3, 0xFF, 0xFF, 0xFF, 0xFF, 0xF8,
  0xFF, 0xFF, 0xFF, 0xFF, 0xFE, 0x3F, 0xFF, 0xE0, 0x3F, 0xFF, 0xCF, 0xFF,
  0xF0, 0x07, 0xFF, 0xF3, 0xFF, 0xF8, 0x00, 0xFF, 0xFE, 0xFF, 0xFC, 0x00,
  0x1F, 0xFF, 0xBF, 0xFE, 0x00, 0x03, 0xFF, 0xEF, 0xFF, 0x80, 0x00, 0xFF,
  0xFB, 0xFF, 0xE0, 0x00, 0x3F, 0xFF, 0xFF, 0xF0, 0x00, 0x07, 0xFF, 0xFF,
  0xFC, 0x00, 0x01, 0xFF, 0xFF, 0xFF, 0x00, 0x00, 0x7F, 0xFF, 0xFF, 0xC0,
  0x00, 0x1F, 0xFF, 0xFF, 0xF0, 0x00, 0x07, 0xFF, 0xFF, 0xFC, 0x00, 0x01,
  0xFF, 0xFF, 0xFF, 0x00, 0x00, 0x7F, 0xFF, 0xFF, 0xC0, 0x00, 0x1F, 0xFF,
  0xFF, 0xF0, 0x00, 0x07, 0xFF, 0xFF, 0xFE, 0x00, 0x03, 0xFF, 0xFF, 0xFF,
  0x80, 0x00, 0xFF, 0xFB, 0xFF, 0xE0, 0x00, 0x3F, 0xFE, 0xFF, 0xFC, 0x00,
  0x1F, 0xFF, 0xBF, 0xFF, 0x80, 0x0F, 0xFF, 0xEF, 0xFF, 0xF0, 0x07, 0xFF,
  0xF3, 0xFF, 0xFE, 0x03, 0xFF, 0xFC, 0xFF, 0xFF, 0xFF, 0xFF, 0xFE, 0x3F,
  0xFF, 0xFF, 0xFF, 0xFF, 0x8F, 0xFF, 0xFF, 0xFF, 0xFF, 0xC3, 0xFF, 0xDF,
  0xFF, 0xFF, 0xE0, 0xFF, 0xF3, 0xFF, 0xFF, 0xF0, 0x3F, 0xFC, 0x7F, 0xFF,
  0xF8, 0x0F, 0xFF, 0x0F, 0xFF, 0xFC, 0x03, 0xFF, 0xC0, 0xFF, 0xFC, 0x00,
  0xFF, 0xF0, 0x07, 0xFC, 0x00, 0x3F, 0xFC, 0x00, 0x00, 0x00, 0x0F, 0xFF,
  0x00, 0x00, 0x00, 0x03, 0xFF, 0xC0, 0x00, 0x00, 0x00, 0xFF, 0xF0, 0x00,
  0x00, 0x00, 0x3F, 0xFC, 0x00, 0x00, 0x00, 0x0F, 0xFF, 0x00, 0x00, 0x00,
  0x03, 0xFF, 0xC0, 0x00, 0x00, 0x00, 0xFF, 0xF0, 0x00, 0x00, 0x00, 0x3F,
  0xFC, 0x00, 0x00, 0x00, 0x0F, 0xFF, 0x00, 0x00, 0x00, 0x03, 0xFF, 0xC0,
  0x00, 0x00, 0x00, 0xFF, 0xF0, 0x00, 0x00, 0x00, 0x3F, 0xFC, 0x00, 0x00,
  0x00, 0x0F, 0xFF, 0x00, 0x00, 0x00, 0x00, 0x00, 0x07, 0xF8, 0x00, 0x00,
  0x00, 0x0F, 0xFF, 0xC0, 0xFF, 0xF0, 0x0F, 0xFF, 0xFC, 0x3F, 0xFC, 0x07,
  0xFF, 0xFF, 0x8F, 0xFF, 0x03, 0xFF, 0xFF, 0xF3, 0xFF, 0xC1, 0xFF, 0xFF,
  0xFE, 0xFF, 0xF0, 0xFF, 0xFF, 0xFF, 0xFF, 0xFC, 0x7F, 0xFF, 0xFF, 0xFF,
  0xFF, 0x1F, 0xFF, 0xFF, 0xFF, 0xFF, 0xCF, 0xFF, 0xF8, 0x3F, 0xFF, 0xF3,
  0xFF, 0xF8, 0x03, 0xFF, 0xFD, 0xFF, 0xFC, 0x00, 0x7F, 0xFF, 0x7F, 0xFE,
  0x00, 0x0F, 0xFF, 0xDF, 0xFF, 0x00, 0x01, 0xFF, 0xF7, 0xFF, 0xC0, 0x00,
  0x7F, 0xFF, 0xFF, 0xF0, 0x00, 0x1F, 0xFF, 0xFF, 0xF8, 0x00, 0x03, 0xFF,
  0xFF, 0xFE, 0x00, 0x00, 0xFF, 0xFF, 0xFF, 0x80, 0x00, 0x3F, 0xFF, 0xFF,
  0xE0, 0x00, 0x0F, 0xFF, 0xFF, 0xF8, 0x00, 0x03, 0xFF, 0xFF, 0xFE, 0x00,
  0x00, 0xFF, 0xFF, 0xFF, 0x80, 0x00, 0x3F, 0xFF, 0xFF, 0xE0, 0x00, 0x0F,
  0xFF, 0xFF, 0xF8, 0x00, 0x03, 0xFF, 0xFF, 0xFF, 0x00, 0x01, 0xFF, 0xF7,
  0xFF, 0xC0, 0x00, 0x7F, 0xFD, 0xFF, 0xF0, 0x00, 0x1F, 0xFF, 0x7F, 0xFE,
  0x00, 0x0F, 0xFF, 0xDF, 0xFF, 0xC0, 0x07, 0xFF, 0xF3, 0xFF, 0xF8, 0x03,
  0xFF, 0xFC, 0xFF, 0xFF, 0x01, 0xFF, 0xFF, 0x1F, 0xFF, 0xFF, 0xFF, 0xFF,
  0xC7, 0xFF, 0xFF, 0xFF, 0xFF, 0xF0, 0xFF, 0xFF, 0xFF, 0xFF, 0xFC, 0x1F,
  0xFF, 0xFF, 0xEF, 0xFF, 0x03, 0xFF, 0xFF, 0xF3, 0xFF, 0xC0, 0x7F, 0xFF,
  0xF8, 0xFF, 0xF0, 0x0F, 0xFF, 0xF8, 0x3F, 0xFC, 0x00, 0xFF, 0xFC, 0x0F,
  0xFF, 0x00, 0x07, 0xF8, 0x03, 0xFF, 0xC0, 0x00, 0x00, 0x00, 0xFF, 0xF0,
  0x00, 0x00, 0x00, 0x3F, 0xFC, 0x00, 0x00, 0x00, 0x0F, 0xFF, 0x00, 0x00,
  0x00, 0x03, 0xFF, 0xC0, 0x00, 0x00, 0x00, 0xFF, 0xF0, 0x00, 0x00, 0x00,
  0x3F, 0xFC, 0x00, 0x00, 0x00, 0x0F, 0xFF, 0x00, 0x00, 0x00, 0x03, 0xFF,
  0xC0, 0x00, 0x00, 0x00, 0xFF, 0xF0, 0x00, 0x00, 0x00, 0x3F, 0xFC, 0x00,
  0x00, 0x00, 0x0F, 0xFF, 0x00, 0x00, 0x00, 0x03, 0xFF, 0xC0, 0x00, 0x00,
  0x00, 0xFF, 0xF0, 0x00, 0x00, 0x00, 0x3F, 0xFC, 0x00, 0x00, 0x07, 0xFF,
  0xFF, 0x81, 0xFF, 0xFF, 0xFC, 0x3F, 0xFF, 0xFF, 0xE3, 0xFF, 0xFF, 0xFF,
  0x3F, 0xFF, 0xFF, 0xFB, 0xFF, 0xFF, 0xFF, 0xFF, 0xFF, 0xFF, 0xFF, 0xFF,
  0xFF, 0xFF, 0xFF, 0xFF, 0xFF, 0xFF, 0xFF, 0xFF, 0xFF, 0xFF, 0xF8, 0x07,
  0xFF, 0xFF, 0x00, 0x0F, 0xFF, 0xE0, 0x00, 0x7F, 0xFE, 0x00, 0x03, 0xFF,
  0xF0, 0x00, 0x1F, 0xFF, 0x00, 0x00, 0xFF, 0xF8, 0x00, 0x07, 0xFF, 0x80,
  0x00, 0x3F, 0xFC, 0x00, 0x01, 0xFF, 0xE0, 0x00, 0x0F, 0xFF, 0x00, 0x00,
  0x7F, 0xF8, 0x00, 0x03, 0xFF, 0xC0, 0x00, 0x1F, 0xFE, 0x00, 0x00, 0xFF,
  0xF0, 0x00, 0x07, 0xFF, 0x80, 0x00, 0x3F, 0xFC, 0x00, 0x01, 0xFF, 0xE0,
  0x00, 0x0F, 0xFF, 0x00, 0x00, 0x7F, 0xF8, 0x00, 0x03, 0xFF, 0xC0, 0x00,
  0x1F, 0xFE, 0x00, 0x00, 0xFF, 0xF0, 0x00, 0x07, 0xFF, 0x80, 0x00, 0x3F,
  0xFC, 0x00, 0x01, 0xFF, 0xE0, 0x00, 0x0F, 0xFF, 0x00, 0x00, 0x7F, 0xF8,
  0x00, 0x03, 0xFF, 0xC0, 0x00, 0x1F, 0xFE, 0x00, 0x00, 0x00, 0x1F, 0xFF,
  0x00, 0x00, 0x3F, 0xFF, 0xFF, 0x80, 0x1F, 0xFF, 0xFF, 0xFC, 0x0F, 0xFF,
  0xFF, 0xFF, 0x83, 0xFF, 0xFF, 0xFF, 0xF0, 0x7F, 0xFF, 0xFF, 0xFE, 0x1F,
  0xFF, 0xFF, 0xFF, 0xC3, 0xFF, 0xFF, 0xFF, 0xF8, 0xFF, 0xFE, 0x00, 0xFF,
  0x1F, 0xFF, 0x00, 0x01, 0xE3, 0xFF, 0xC0, 0x00, 0x04, 0x7F, 0xF8, 0x00,
  0x00, 0x0F, 0xFF, 0x00, 0x00, 0x01, 0xFF, 0xF0, 0x00, 0x00, 0x3F, 0xFF,
  0x80, 0x00, 0x07, 0xFF, 0xFF, 0xC0, 0x00, 0x7F, 0xFF, 0xFF, 0xC0, 0x0F,
  0xFF, 0xFF, 0xFF, 0x00, 0xFF, 0xFF, 0xFF, 0xF8, 0x1F, 0xFF, 0xFF, 0xFF,
  0x81, 0xFF, 0xFF, 0xFF, 0xF8, 0x0F, 0xFF, 0xFF, 0xFF, 0x80, 0x7F, 0xFF,
  0xFF, 0xF0, 0x01, 0xFF, 0xFF, 0xFE, 0x00, 0x00, 0xFF, 0xFF, 0xE0, 0x00,
  0x00, 0xFF, 0xFC, 0x00, 0x00, 0x0F, 0xFF, 0x80, 0x00, 0x00, 0xFF, 0xF0,
  0x00, 0x00, 0x1F, 0xFE, 0x80, 0x00, 0x03, 0xFF, 0xDC, 0x00, 0x00, 0x7F,
  0xFB, 0xF0, 0x00, 0x1F, 0xFF, 0x7F, 0xE0, 0x0F, 0xFF, 0xCF, 0xFF, 0xFF,
  0xFF, 0xF9, 0xFF, 0xFF, 0xFF, 0xFE, 0x3F, 0xFF, 0xFF, 0xFF, 0xC7, 0xFF,
  0xFF, 0xFF, 0xF0, 0xFF, 0xFF, 0xFF, 0xFC, 0x0F, 0xFF, 0xFF, 0xFE, 0x00,
  0x1F, 0xFF, 0xFF, 0x00, 0x00, 0x1F, 0xFE, 0x00, 0x00, 0x03, 0xFF, 0xC0,
  0x00, 0x07, 0xFF, 0x80, 0x00, 0x0F, 0xFF, 0x00, 0x00, 0x1F, 0xFE, 0x00,
  0x00, 0x3F, 0xFC, 0x00, 0x00, 0x7F, 0xF8, 0x00, 0x00, 0xFF, 0xF0, 0x00,
  0x01, 0xFF, 0xE0, 0x00, 0x03, 0xFF, 0xC0, 0x00, 0x07, 0xFF, 0x80, 0x00,
  0x0F, 0xFF, 0x00, 0x07, 0xFF, 0xFF, 0xFF, 0xFF, 0xFF, 0xFF, 0xFF, 0xFF,
  0xFF, 0xFF, 0xFF, 0xFF, 0xFF, 0xFF, 0xFF, 0xFF, 0xFF, 0xFF, 0xFF, 0xFF,
  0xFF, 0xFF, 0xFF, 0xFF, 0xFF, 0xFF, 0xFF, 0xFF, 0xFF, 0xFF, 0xFF, 0xFF,
  0xFF, 0xFF, 0xF0, 0x3F, 0xFC, 0x00, 0x00, 0x7F, 0xF8, 0x00, 0x00, 0xFF,
  0xF0, 0x00, 0x01, 0xFF, 0xE0, 0x00, 0x03, 0xFF, 0xC0, 0x00, 0x07, 0xFF,
  0x80, 0x00, 0x0F, 0xFF, 0x00, 0x00, 0x1F, 0xFE, 0x00, 0x00, 0x3F, 0xFC,
  0x00, 0x00, 0x7F, 0xF8, 0x00, 0x00, 0xFF, 0xF0, 0x00, 0x01, 0xFF, 0xE0,
  0x00, 0x03, 0xFF, 0xC0, 0x00, 0x07, 0xFF, 0x80, 0x00, 0x0F, 0xFF, 0x00,
  0x00, 0x1F, 0xFE, 0x00, 0x00, 0x3F, 0xFC, 0x00, 0x00, 0x7F, 0xF8, 0x00,
  0x00, 0xFF, 0xF0, 0x00, 0x01, 0xFF, 0xF0, 0x00, 0x03, 0xFF, 0xF0, 0x00,
  0x07, 0xFF, 0xFF, 0xF8, 0x07, 0xFF, 0xFF, 0xF0, 0x0F, 0xFF, 0xFF, 0xE0,
  0x1F, 0xFF, 0xFF, 0xC0, 0x1F, 0xFF, 0xFF, 0x80, 0x1F, 0xFF, 0xFF, 0x00,
  0x1F, 0xFF, 0xFE, 0x00, 0x1F, 0xFF, 0xFC, 0x00, 0x07, 0xFF, 0xF8, 0xFF,
  0xF0, 0x00, 0x1F, 0xFF, 0xFF, 0xE0, 0x00, 0x3F, 0xFF, 0xFF, 0xC0, 0x00,
  0x7F, 0xFF, 0xFF, 0x80, 0x00, 0xFF, 0xFF, 0xFF, 0x00, 0x01, 0xFF, 0xFF,
  0xFE, 0x00, 0x03, 0xFF, 0xFF, 0xFC, 0x00, 0x07, 0xFF, 0xFF, 0xF8, 0x00,
  0x0F, 0xFF, 0xFF, 0xF0, 0x00, 0x1F, 0xFF, 0xFF, 0xE0, 0x00, 0x3F, 0xFF,
  0xFF, 0xC0, 0x00, 0x7F, 0xFF, 0xFF, 0x80, 0x00, 0xFF, 0xFF, 0xFF, 0x00,
  0x01, 0xFF, 0xFF, 0xFE, 0x00, 0x03, 0xFF, 0xFF, 0xFC, 0x00, 0x07, 0xFF,
  0xFF, 0xF8, 0x00, 0x0F, 0xFF, 0xFF, 0xF0, 0x00, 0x1F, 0xFF, 0xFF, 0xE0,
  0x00, 0x3F, 0xFF, 0xFF, 0xC0, 0x00, 0x7F, 0xFF, 0xFF, 0x80, 0x00, 0xFF,
  0xFF, 0xFF, 0x00, 0x01, 0xFF, 0xFF, 0xFE, 0x00, 0x03, 0xFF, 0xFF, 0xFC,
  0x00, 0x07, 0xFF, 0xFF, 0xF8, 0x00, 0x1F, 0xFF, 0xFF, 0xF0, 0x00, 0x3F,
  0xFF, 0xFF, 0xE0, 0x00, 0x7F, 0xFF, 0xFF, 0xE0, 0x01, 0xFF, 0xFF, 0xFF,
  0xC0, 0x07, 0xFF, 0xFF, 0xFF, 0xC0, 0x1F, 0xFF, 0xEF, 0xFF, 0xE0, 0xFF,
  0xFF, 0xDF, 0xFF, 0xFF, 0xFF, 0xFF, 0xBF, 0xFF, 0xFF, 0xFF, 0xFF, 0x3F,
  0xFF, 0xFF, 0xFF, 0xFE, 0x7F, 0xFF, 0xFF, 0xFF, 0xFC, 0x7F, 0xFF, 0xFF,
  0x7F, 0xF8, 0xFF, 0xFF, 0xFC, 0xFF, 0xF0, 0xFF, 0xFF, 0xF1, 0xFF, 0xE0,
  0xFF, 0xFF, 0x83, 0xFF, 0xC0, 0x7F, 0xFE, 0x07, 0xFF, 0x80, 0x1F, 0xE0,
  0x00, 0x00, 0xFF, 0xF8, 0x00, 0x01, 0xFF, 0xF7, 0xFF, 0x80, 0x00, 0x1F,
  0xFE, 0x7F, 0xF8, 0x00, 0x01, 0xFF, 0xE7, 0xFF, 0xC0, 0x00, 0x3F, 0xFE,
  0x3F, 0xFC, 0x00, 0x03, 0xFF, 0xC3, 0xFF, 0xC0, 0x00, 0x3F, 0xFC, 0x1F,
  0xFE, 0x00, 0x07, 0xFF, 0x81, 0xFF, 0xE0, 0x00, 0x7F, 0xF8, 0x1F, 0xFE,
  0x00, 0x07, 0xFF, 0x80, 0xFF, 0xF0, 0x00, 0xFF, 0xF0, 0x0F, 0xFF, 0x00,
  0x0F, 0xFF, 0x00, 0xFF, 0xF0, 0x01, 0xFF, 0xF0, 0x07, 0xFF, 0x80, 0x1F,
  0xFE, 0x00, 0x7F, 0xF8, 0x01, 0xFF, 0xE0, 0x03, 0xFF, 0xC0, 0x3F, 0xFC,
  0x00, 0x3F, 0xFC, 0x03, 0xFF, 0xC0, 0x03, 0xFF, 0xC0, 0x3F, 0xFC, 0x00,
  0x1F, 0xFE, 0x07, 0xFF, 0x80, 0x01, 0xFF, 0xE0, 0x7F, 0xF8, 0x00, 0x0F,
  0xFE, 0x07, 0xFF, 0x00, 0x00, 0xFF, 0xF0, 0xFF, 0xF0, 0x00, 0x0F, 0xFF,
  0x0F, 0xFF, 0x00, 0x00, 0x7F, 0xF0, 0xFF, 0xE0, 0x00, 0x07, 0xFF, 0x9F,
  0xFE, 0x00, 0x00, 0x3F, 0xF9, 0xFF, 0xC0, 0x00, 0x03, 0xFF, 0x9F, 0xFC,
  0x00, 0x00, 0x3F, 0xFF, 0xFF, 0xC0, 0x00, 0x01, 0xFF, 0xFF, 0xF8, 0x00,
  0x00, 0x1F, 0xFF, 0xFF, 0x80, 0x00, 0x01, 0xFF, 0xFF, 0xF0, 0x00, 0x00,
  0x0F, 0xFF, 0xFF, 0x00, 0x00, 0x00, 0xFF, 0xFF, 0xF0, 0x00, 0x00, 0x07,
  0xFF, 0xFE, 0x00, 0x00, 0x00, 0x7F, 0xFF, 0xE0, 0x00, 0x00, 0x07, 0xFF,
  0xFE, 0x00, 0x00, 0x00, 0x3F, 0xFF, 0xC0, 0x00, 0x00, 0x03, 0xFF, 0xFC,
  0x00, 0x00, 0x00, 0x1F, 0xFF, 0x80, 0x00, 0x00, 0x01, 0xFF, 0xF8, 0x00,
  0x00, 0xFF, 0xF0, 0x00, 0x7F, 0xF0, 0x00, 0x7F, 0xFF, 0xFF, 0xC0, 0x03,
  0xFF, 0x80, 0x07, 0xFF, 0xDF, 0xFE, 0x00, 0x1F, 0xFC, 0x00, 0x3F, 0xFC,
  0xFF, 0xF0, 0x01, 0xFF, 0xF0, 0x01, 0xFF, 0xE7, 0xFF, 0x80, 0x0F, 0xFF,
  0x80, 0x0F, 0xFF, 0x3F, 0xFC, 0x00, 0x7F, 0xFC, 0x00, 0xFF, 0xF8, 0xFF,
  0xF0, 0x03, 0xFF, 0xE0, 0x07, 0xFF, 0x87, 0xFF, 0x80, 0x3F, 0xFF, 0x80,
  0x3F, 0xFC, 0x3F, 0xFC, 0x01, 0xFF, 0xFC, 0x01, 0xFF, 0xE0, 0xFF, 0xE0,
  0x0F, 0xFF, 0xE0, 0x1F, 0xFF, 0x07, 0xFF, 0x80, 0x7F, 0xFF, 0x00, 0xFF,
  0xF0, 0x3F, 0xFC, 0x07, 0xFF, 0xFC, 0x07, 0xFF, 0x81, 0xFF, 0xE0, 0x3F,
  0xDF, 0xE0, 0x3F, 0xFC, 0x07, 0xFF, 0x01, 0xFE, 0xFF, 0x03, 0xFF, 0xC0,
  0x3F, 0xFC, 0x0F, 0xF7, 0xF8, 0x1F, 0xFE, 0x01, 0xFF, 0xE0, 0xFF, 0xBF,
  0xE0, 0xFF, 0xF0, 0x0F, 0xFF, 0x07, 0xF8, 0xFF, 0x07, 0xFF, 0x80, 0x3F,
  0xF8, 0x3F, 0xC7, 0xF8, 0x3F, 0xF8, 0x01, 0xFF, 0xE1, 0xFE, 0x3F, 0xC3,
  0xFF, 0xC0, 0x0F, 0xFF, 0x1F, 0xF1, 0xFF, 0x1F, 0xFE, 0x00, 0x7F, 0xF8,
  0xFF, 0x07, 0xF8, 0xFF, 0xF0, 0x01, 0xFF, 0xC7, 0xF8, 0x3F, 0xC7, 0xFF,
  0x00, 0x0F, 0xFF, 0x3F, 0xC1, 0xFE, 0x7F, 0xF8, 0x00, 0x7F, 0xFB, 0xFE,
  0x0F, 0xFB, 0xFF, 0xC0, 0x03, 0xFF, 0xDF, 0xE0, 0x3F, 0xDF, 0xFE, 0x00,
  0x0F, 0xFE, 0xFF, 0x01, 0xFE, 0xFF, 0xE0, 0x00, 0x7F, 0xFF, 0xF8, 0x0F,
  0xFF, 0xFF, 0x00, 0x03, 0xFF, 0xFF, 0xC0, 0x7F, 0xFF, 0xF8, 0x00, 0x0F,
  0xFF, 0xFE, 0x03, 0xFF, 0xFF, 0xC0, 0x00, 0x7F, 0xFF, 0xE0, 0x0F, 0xFF,
  0xFC, 0x00, 0x03, 0xFF, 0xFF, 0x00, 0x7F, 0xFF, 0xE0, 0x00, 0x1F, 0xFF,
  0xF8, 0x03, 0xFF, 0xFF, 0x00, 0x00, 0x7F, 0xFF, 0xC0, 0x1F, 0xFF, 0xF0,
  0x00, 0x03, 0xFF, 0xFC, 0x00, 0x7F, 0xFF, 0x80, 0x00, 0x1F, 0xFF, 0xE0,
  0x03, 0xFF, 0xFC, 0x00, 0x00, 0xFF, 0xFF, 0x00, 0x1F, 0xFF, 0xE0, 0x00,
  0x03, 0xFF, 0xF8, 0x00, 0xFF, 0xFE, 0x00, 0x00, 0x1F, 0xFF, 0x80, 0x03,
  0xFF, 0xF0, 0x00, 0x00, 0xFF, 0xFC, 0x00, 0x1F, 0xFF, 0x80, 0x00, 0x7F,
  0xFC, 0x00, 0x03, 0xFF, 0xE3, 0xFF, 0xE0, 0x00, 0x7F, 0xFC, 0x1F, 0xFF,
  0x00, 0x0F, 0xFF, 0x80, 0xFF, 0xF0, 0x00, 0xFF, 0xF0, 0x0F, 0xFF, 0x80,
  0x1F, 0xFF, 0x00, 0x7F, 0xFC, 0x03, 0xFF, 0xE0, 0x03, 0xFF, 0xE0, 0x7F,
  0xFC, 0x00, 0x3F, 0xFE, 0x07, 0xFF, 0xC0, 0x01, 0xFF, 0xF0, 0xFF, 0xF8,
  0x00, 0x0F, 0xFF, 0x9F, 0xFF, 0x00, 0x00, 0x7F, 0xF9, 0xFF, 0xE0, 0x00,
  0x07, 0xFF, 0xFF, 0xFE, 0x00, 0x00, 0x3F, 0xFF, 0xFF, 0xC0, 0x00, 0x01,
  0xFF, 0xFF, 0xF8, 0x00, 0x00, 0x0F, 0xFF, 0xFF, 0x00, 0x00, 0x00, 0xFF,
  0xFF, 0xF0, 0x00, 0x00, 0x07, 0xFF, 0xFE, 0x00, 0x00, 0x00, 0x3F, 0xFF,
  0xC0, 0x00, 0x00, 0x01, 0xFF, 0xF8, 0x00, 0x00, 0x00, 0x1F, 0xFF, 0x80,
  0x00, 0x00, 0x03, 0xFF, 0xFC, 0x00, 0x00, 0x00, 0x7F, 0xFF, 0xE0, 0x00,
  0x00, 0x0F, 0xFF, 0xFF, 0x00, 0x00, 0x00, 0xFF, 0xFF, 0xF0, 0x00, 0x00,
  0x1F, 0xFF, 0xFF, 0x80, 0x00, 0x03, 0xFF, 0xFF, 0xFC, 0x00, 0x00, 0x7F,
  0xFF, 0xFF, 0xE0, 0x00, 0x07, 0xFF, 0x9F, 0xFE, 0x00, 0x00, 0xFF, 0xF9,
  0xFF, 0xF0, 0x00, 0x1F, 0xFF, 0x0F, 0xFF, 0x80, 0x03, 0xFF, 0xE0, 0x7F,
  0xFC, 0x00, 0x3F, 0xFE, 0x07, 0xFF, 0xC0, 0x07, 0xFF, 0xC0, 0x3F, 0xFE,
  0x00, 0xFF, 0xF8, 0x01, 0xFF, 0xF0, 0x1F, 0xFF, 0x00, 0x0F, 0xFF, 0x81,
  0xFF, 0xF0, 0x00, 0xFF, 0xF8, 0x3F, 0xFE, 0x00, 0x07, 0xFF, 0xC7, 0xFF,
  0xC0, 0x00, 0x3F, 0xFE, 0xFF, 0xFC, 0x00, 0x03, 0xFF, 0xF0, 0xFF, 0xF8,
  0x00, 0x01, 0xFF, 0xF7, 0xFF, 0x80, 0x00, 0x1F, 0xFE, 0x7F, 0xF8, 0x00,
  0x01, 0xFF, 0xE7, 0xFF, 0xC0, 0x00, 0x3F, 0xFE, 0x3F, 0xFC, 0x00, 0x03,
  0xFF, 0xC3, 0xFF, 0xE0, 0x00, 0x3F, 0xFC, 0x1F, 0xFE, 0x00, 0x07, 0xFF,
  0xC1, 0xFF, 0xE0, 0x00, 0x7F, 0xF8, 0x0F, 0xFF, 0x00, 0x07, 0xFF, 0x80,
  0xFF, 0xF0, 0x00, 0xFF, 0xF0, 0x0F, 0xFF, 0x80, 0x0F, 0xFF, 0x00, 0x7F,
  0xF8, 0x00, 0xFF, 0xF0, 0x07, 0xFF, 0x80, 0x1F, 0xFE, 0x00, 0x3F, 0xFC,
  0x01, 0xFF, 0xE0, 0x03, 0xFF, 0xC0, 0x1F, 0xFC, 0x00, 0x1F, 0xFC, 0x03,
  0xFF, 0xC0, 0x01, 0xFF, 0xE0, 0x3F, 0xFC, 0x00, 0x1F, 0xFE, 0x03, 0xFF,
  0x80, 0x00, 0xFF, 0xF0, 0x7F, 0xF8, 0x00, 0x0F, 0xFF, 0x07, 0xFF, 0x80,
  0x00, 0x7F, 0xF0, 0x7F, 0xF0, 0x00, 0x07, 0xFF, 0x8F, 0xFF, 0x00, 0x00,
  0x3F, 0xF8, 0xFF, 0xE0, 0x00, 0x03, 0xFF, 0xCF, 0xFE, 0x00, 0x00, 0x3F,
  0xFD, 0xFF, 0xE0, 0x00, 0x01, 0xFF, 0xDF, 0xFC, 0x00, 0x00, 0x1F, 0xFF,
  0xFF, 0xC0, 0x00, 0x00, 0xFF, 0xFF, 0xF8, 0x00, 0x00, 0x0F, 0xFF, 0xFF,
  0x80, 0x00, 0x00, 0x7F, 0xFF, 0xF8, 0x00, 0x00, 0x07, 0xFF, 0xFF, 0x00,
  0x00, 0x00, 0x7F, 0xFF, 0xF0, 0x00, 0x00, 0x03, 0xFF, 0xFF, 0x00, 0x00,
  0x00, 0x3F, 0xFF, 0xE0, 0x00, 0x00, 0x01, 0xFF, 0xFE, 0x00, 0x00, 0x00,
  0x1F, 0xFF, 0xC0, 0x00, 0x00, 0x00, 0xFF, 0xFC, 0x00, 0x00, 0x00, 0x0F,
  0xFF, 0xC0, 0x00, 0x00, 0x00, 0xFF, 0xF8, 0x00, 0x00, 0x00, 0x07, 0xFF,
  0x80, 0x00, 0x00, 0x00, 0x7F, 0xF8, 0x00, 0x00, 0x00, 0x07, 0xFF, 0x00,
  0x00, 0x00, 0x00, 0x7F, 0xF0, 0x00, 0x00, 0x00, 0x0F, 0xFE, 0x00, 0x00,
  0x00, 0x01, 0xFF, 0xE0, 0x00, 0x00, 0x00, 0x3F, 0xFC, 0x00, 0x00, 0x03,
  0xFF, 0xFF, 0xC0, 0x00, 0x00, 0x3F, 0xFF, 0xF8, 0x00, 0x00, 0x03, 0xFF,
  0xFF, 0x80, 0x00, 0x00, 0x3F, 0xFF, 0xF0, 0x00, 0x00, 0x03, 0xFF, 0xFE,
  0x00, 0x00, 0x00, 0x3F, 0xFF, 0xC0, 0x00, 0x00, 0x03, 0xFF, 0xF0, 0x00,
  0x00, 0x00, 0x3F, 0xFC, 0x00, 0x00, 0x00, 0x7F, 0xFF, 0xFF, 0xFF, 0xEF,
  0xFF, 0xFF, 0xFF, 0xFD, 0xFF, 0xFF, 0xFF, 0xFF, 0xBF, 0xFF, 0xFF, 0xFF,
  0xF7, 0xFF, 0xFF, 0xFF, 0xFE, 0xFF, 0xFF, 0xFF, 0xFF, 0xDF, 0xFF, 0xFF,
  0xFF, 0xFB, 0xFF, 0xFF, 0xFF, 0xFF, 0x7F, 0xFF, 0xFF, 0xFF, 0xE0, 0x00,
  0x01, 0xFF, 0xF8, 0x00, 0x00, 0x7F, 0xFE, 0x00, 0x00, 0x1F, 0xFF, 0x80,
  0x00, 0x07, 0xFF, 0xE0, 0x00, 0x01, 0xFF, 0xF8, 0x00, 0x00, 0x7F, 0xFE,
  0x00, 0x00, 0x1F, 0xFF, 0x80, 0x00, 0x07, 0xFF, 0xE0, 0x00, 0x01, 0xFF,
  0xFC, 0x00, 0x00, 0x7F, 0xFF, 0x00, 0x00, 0x1F, 0xFF, 0xC0, 0x00, 0x07,
  0xFF, 0xF0, 0x00, 0x00, 0xFF, 0xFC, 0x00, 0x00, 0x3F, 0xFF, 0x00, 0x00,
  0x0F, 0xFF, 0xC0, 0x00, 0x03, 0xFF, 0xF0, 0x00, 0x00, 0xFF, 0xFC, 0x00,
  0x00, 0x3F, 0xFF, 0x00, 0x00, 0x0F, 0xFF, 0xC0, 0x00, 0x03, 0xFF, 0xF0,
  0x00, 0x00, 0xFF, 0xFC, 0x00, 0x00, 0x3F, 0xFF, 0xFF, 0xFF, 0xFF, 0xFF,
  0xFF, 0xFF, 0xFF, 0xFF, 0xFF, 0xFF, 0xFF, 0xFF, 0xFF, 0xFF, 0xFF, 0xFF,
  0xFF, 0xFF, 0xFF, 0xFF, 0xFF, 0xFF, 0xFF, 0xFF, 0xFF, 0xFF, 0xFF, 0xFF,
  0xFF, 0xFF, 0xFF, 0xFF, 0xFF, 0xFF, 0xFF, 0xFF, 0xFF, 0xF8, 0x00, 0x00,
  0x0F, 0xFF, 0x80, 0x00, 0x3F, 0xFF, 0xC0, 0x00, 0x7F, 0xFF, 0xE0, 0x00,
  0x7F, 0xFF, 0xF0, 0x00, 0x7F, 0xFF, 0xF8, 0x00, 0x3F, 0xFF, 0xFC, 0x00,
  0x3F, 0xFF, 0xFE, 0x00, 0x1F, 0xFF, 0xFF, 0x00, 0x1F, 0xFF, 0xC0, 0x00,
  0x0F, 0xFF, 0xC0, 0x00, 0x07, 0xFF, 0xC0, 0x00, 0x03, 0xFF, 0xC0, 0x00,
  0x01, 0xFF, 0xE0, 0x00, 0x00, 0xFF, 0xF0, 0x00, 0x00, 0x7F, 0xF8, 0x00,
  0x00, 0x3F, 0xFC, 0x00, 0x00, 0x1F, 0xFE, 0x00, 0x00, 0x0F, 0xFF, 0x00,
  0x00, 0x07, 0xFF, 0x80, 0x00, 0x03, 0xFF, 0xC0, 0x00, 0x01, 0xFF, 0xE0,
  0x00, 0x00, 0xFF, 0xF0, 0x00, 0x00, 0x7F, 0xF8, 0x00, 0x00, 0x3F, 0xFC,
  0x00, 0x00, 0x1F, 0xFE, 0x00, 0x00, 0x1F, 0xFF, 0x00, 0x00, 0x0F, 0xFF,
  0x80, 0x00, 0x0F, 0xFF, 0x80, 0x00, 0x0F, 0xFF, 0xC0, 0x00, 0x1F, 0xFF,
  0xE0, 0x03, 0xFF, 0xFF, 0xE0, 0x01, 0xFF, 0xFF, 0xF0, 0x00, 0xFF, 0xFF,
  0xE0, 0x00, 0x7F, 0xFF, 0xC0, 0x00, 0x3F, 0xFF, 0xF0, 0x00, 0x1F, 0xFF,
  0xFE, 0x00, 0x0F, 0xFF, 0xFF, 0x80, 0x07, 0xFF, 0xFF, 0xE0, 0x00, 0x0F,
  0xFF, 0xF0, 0x00, 0x00, 0xFF, 0xF8, 0x00, 0x00, 0x3F, 0xFE, 0x00, 0x00,
  0x1F, 0xFF, 0x00, 0x00, 0x0F, 0xFF, 0x80, 0x00, 0x03, 0xFF, 0xC0, 0x00,
  0x01, 0xFF, 0xE0, 0x00, 0x00, 0xFF, 0xF0, 0x00, 0x00, 0x7F, 0xF8, 0x00,
  0x00, 0x3F, 0xFC, 0x00, 0x00, 0x1F, 0xFE, 0x00, 0x00, 0x0F, 0xFF, 0x00,
  0x00, 0x07, 0xFF, 0x80, 0x00, 0x03, 0xFF, 0xC0, 0x00, 0x01, 0xFF, 0xE0,
  0x00, 0x00, 0xFF, 0xF0, 0x00, 0x00, 0x7F, 0xF8, 0x00, 0x00, 0x3F, 0xFE,
  0x00, 0x00, 0x1F, 0xFF, 0x00, 0x00, 0x0F, 0xFF, 0xE0, 0x00, 0x03, 0xFF,
  0xFF, 0xE0, 0x01, 0xFF, 0xFF, 0xF0, 0x00, 0x7F, 0xFF, 0xF8, 0x00, 0x3F,
  0xFF, 0xFC, 0x00, 0x0F, 0xFF, 0xFE, 0x00, 0x03, 0xFF, 0xFF, 0x00, 0x00,
  0x7F, 0xFF, 0x80, 0x00, 0x07, 0xFF, 0xC0, 0xFF, 0xFF, 0xFF, 0xFF, 0xFF,
  0xFF, 0xFF, 0xFF, 0xFF, 0xFF, 0xFF, 0xFF, 0xFF, 0xFF, 0xFF, 0xFF, 0xFF,
  0xFF, 0xFF, 0xFF, 0xFF, 0xFF, 0xFF, 0xFF, 0xFF, 0xFF, 0xFF, 0xFF, 0xFF,
  0xFF, 0xFF, 0xFF, 0xFF, 0xFF, 0xFF, 0xFF, 0xFF, 0xFF, 0xFF, 0xFF, 0xFF,
  0xFF, 0xFF, 0xFF, 0xFF, 0xFF, 0xFF, 0xFF, 0xFF, 0xFF, 0xFF, 0xFF, 0xFF,
  0xFF, 0xFF, 0xFF, 0xFF, 0xFF, 0xFF, 0xFF, 0xFF, 0xFF, 0xFF, 0xFF, 0xFF,
  0xFF, 0xFF, 0xFF, 0xFF, 0xFF, 0xFF, 0xFF, 0xF8, 0x00, 0x00, 0x7F, 0xFF,
  0x80, 0x00, 0x3F, 0xFF, 0xF0, 0x00, 0x1F, 0xFF, 0xFC, 0x00, 0x0F, 0xFF,
  0xFF, 0x00, 0x07, 0xFF, 0xFF, 0x80, 0x03, 0xFF, 0xFF, 0xE0, 0x01, 0xFF,
  0xFF, 0xF0, 0x00, 0x01, 0xFF, 0xFC, 0x00, 0x00, 0x7F, 0xFE, 0x00, 0x00,
  0x1F, 0xFF, 0x00, 0x00, 0x0F, 0xFF, 0x80, 0x00, 0x03, 0xFF, 0xC0, 0x00,
  0x01, 0xFF, 0xE0, 0x00, 0x00, 0xFF, 0xF0, 0x00, 0x00, 0x7F, 0xF8, 0x00,
  0x00, 0x3F, 0xFC, 0x00, 0x00, 0x1F, 0xFE, 0x00, 0x00, 0x0F, 0xFF, 0x00,
  0x00, 0x07, 0xFF, 0x80, 0x00, 0x03, 0xFF, 0xC0, 0x00, 0x01, 0xFF, 0xE0,
  0x00, 0x00, 0xFF, 0xF0, 0x00, 0x00, 0x7F, 0xF8, 0x00, 0x00, 0x3F, 0xFC,
  0x00, 0x00, 0x1F, 0xFF, 0x00, 0x00, 0x0F, 0xFF, 0x80, 0x00, 0x07, 0xFF,
  0xE0, 0x00, 0x01, 0xFF, 0xF8, 0x00, 0x00, 0xFF, 0xFF, 0x00, 0x00, 0x3F,
  0xFF, 0xFE, 0x00, 0x1F, 0xFF, 0xFF, 0x00, 0x03, 0xFF, 0xFF, 0x80, 0x00,
  0x7F, 0xFF, 0xC0, 0x00, 0x7F, 0xFF, 0xE0, 0x00, 0xFF, 0xFF, 0xF0, 0x00,
  0xFF, 0xFF, 0xF8, 0x00, 0xFF, 0xFF, 0xFC, 0x00, 0x7F, 0xFF, 0x00, 0x00,
  0x3F, 0xFE, 0x00, 0x00, 0x3F, 0xFE, 0x00, 0x00, 0x1F, 0xFF, 0x00, 0x00,
  0x0F, 0xFF, 0x80, 0x00, 0x07, 0xFF, 0x80, 0x00, 0x03, 0xFF, 0xC0, 0x00,
  0x01, 0xFF, 0xE0, 0x00, 0x00, 0xFF, 0xF0, 0x00, 0x00, 0x7F, 0xF8, 0x00,
  0x00, 0x3F, 0xFC, 0x00, 0x00, 0x1F, 0xFE, 0x00, 0x00, 0x0F, 0xFF, 0x00,
  0x00, 0x07, 0xFF, 0x80, 0x00, 0x03, 0xFF, 0xC0, 0x00, 0x01, 0xFF, 0xE0,
  0x00, 0x00, 0xFF, 0xF0, 0x00, 0x00, 0xFF, 0xF8, 0x00, 0x00, 0x7F, 0xFC,
  0x00, 0x00, 0xFF, 0xFE, 0x00, 0x3F, 0xFF, 0xFE, 0x00, 0x1F, 0xFF, 0xFF,
  0x00, 0x0F, 0xFF, 0xFF, 0x00, 0x07, 0xFF, 0xFF, 0x80, 0x03, 0xFF, 0xFF,
  0x80, 0x01, 0xFF, 0xFF, 0x80, 0x00, 0xFF, 0xFF, 0x00, 0x00, 0x7F, 0xFC,
  0x00, 0x00, 0x00, 0x00, 0x00, 0x00, 0x00, 0x00, 0x00, 0x07, 0xF8, 0x00,
  0x00, 0x03, 0x03, 0xFF, 0xF0, 0x00, 0x00, 0x70, 0xFF, 0xFF, 0xE0, 0x00,
  0x0F, 0x1F, 0xFF, 0xFF, 0x80, 0x03, 0xF7, 0xFF, 0xFF, 0xFF, 0x01, 0xFF,
  0xFF, 0xFF, 0xFF, 0xFF, 0xFF, 0xFF, 0xFF, 0xFF, 0xFF, 0xFF, 0xFF, 0xFF,
  0xFF, 0xFF, 0xFF, 0xFF, 0xFF, 0xF8, 0x0F, 0xFF, 0xFF, 0xFE, 0xFC, 0x00,
  0x1F, 0xFF, 0xFF, 0xCF, 0x00, 0x00, 0x7F, 0xFF, 0xF0, 0xE0, 0x00, 0x00,
  0xFF, 0xFC, 0x08, 0x00, 0x00, 0x01, 0xFE, 0x00, 0x00, 0x00, 0x00, 0x00,
  0x00, 0x00 };

const GFXglyph DejaVuSans_Bold36pt7bGlyphs[] PROGMEM = {
  {     0,   1,   1,  25,    0,    0 },   // 0x20 ' '
  {     1,  12,  52,  32,   10,  -51 },   // 0x21 '!'
  {    79,  23,  19,  37,    7,  -51 },   // 0x22 '"'
  {   134,  50,  51,  59,    5,  -50 },   // 0x23 '#'
  {   453,  39,  64,  49,    6,  -53 },   // 0x24 '$'
  {   765,  67,  54,  71,    2,  -52 },   // 0x25 '%'
  {  1218,  55,  54,  62,    4,  -52 },   // 0x26 '&'
  {  1590,   8,  19,  22,    7,  -51 },   // 0x27 '''
  {  1609,  21,  63,  32,    6,  -53 },   // 0x28 '('
  {  1775,  21,  63,  32,    6,  -53 },   // 0x29 ')'
  {  1941,  34,  33,  37,    2,  -52 },   // 0x2A '*'
  {  2082,  44,  44,  59,    8,  -43 },   // 0x2B '+'
  {  2324,  15,  24,  27,    4,  -12 },   // 0x2C ','
  {  2369,  22,  10,  29,    4,  -24 },   // 0x2D '-'
  {  2397,  12,  13,  27,    7,  -12 },   // 0x2E '.'
  {  2417,  26,  58,  26,    0,  -51 },   // 0x2F '/'
  {  2606,  43,  54,  49,    3,  -52 },   // 0x30 '0'
  {  2897,  36,  52,  49,    8,  -51 },   // 0x31 '1'
  {  3131,  38,  53,  49,    6,  -52 },   // 0x32 '2'
  {  3383,  39,  54,  49,    5,  -52 },   // 0x33 '3'
  {  3647,  43,  52,  49,    3,  -51 },   // 0x34 '4'
  {  3927,  39,  53,  49,    5,  -51 },   // 0x35 '5'
  {  4186,  41,  54,  49,    4,  -52 },   // 0x36 '6'
  {  4463,  39,  52,  49,    5,  -51 },   // 0x37 '7'
  {  4717,  41,  54,  49,    4,  -52 },   // 0x38 '8'
  {  4994,  41,  54,  49,    4,  -52 },   // 0x39 '9'
  {  5271,  12,  39,  28,    8,  -38 },   // 0x3A ':'
  {  5330,  15,  50,  28,    5,  -38 },   // 0x3B ';'
  {  5424,  44,  40,  59,    8,  -41 },   // 0x3C '<'
  {  5644,  44,  24,  59,    8,  -33 },   // 0x3D '='
  {  5776,  44,  40,  59,    8,  -41 },   // 0x3E '>'
  {  5996,  32,  52,  41,    5,  -51 },   // 0x3F '?'
  {  6204,  61,  62,  71,    5,  -49 },   // 0x40 '@'
  {  6677,  54,  52,  55,    0,  -51 },   // 0x41 'A'
  {  7028,  43,  52,  54,    7,  -51 },   // 0x42 'B'
  {  7308,  44,  54,  52,    4,  -52 },   // 0x43 'C'
  {  7605,  49,  52,  59,    7,  -51 },   // 0x44 'D'
  {  7924,  37,  52,  49,    7,  -51 },   // 0x45 'E'
  {  8165,  36,  52,  49,    7,  -51 },   // 0x46 'F'
  {  8399,  50,  54,  58,    4,  -52 },   // 0x47 'G'
  {  8737,  46,  52,  59,    7,  -51 },   // 0x48 'H'
  {  9036,  13,  52,  26,    7,  -51 },   // 0x49 'I'
  {  9121,  24,  66,  26,   -4,  -51 },   // 0x4A 'J'
  {  9319,  51,  52,  55,    7,  -51 },   // 0x4B 'K'
  {  9651,  37,  52,  45,    7,  -51 },   // 0x4C 'L'
  {  9892,  58,  52,  71,    7,  -51 },   // 0x4D 'M'
  { 10269,  46,  52,  59,    7,  -51 },   // 0x4E 'N'
  { 10568,  53,  54,  60,    4,  -52 },   // 0x4F 'O'
  { 10926,  43,  52,  52,    7,  -51 },   // 0x50 'P'
  { 11206,  53,  63,  60,    4,  -52 },   // 0x51 'Q'
  { 11624,  47,  52,  55,    7,  -51 },   // 0x52 'R'
  { 11930,  41,  54,  51,    5,  -52 },   // 0x53 'S'
  { 12207,  47,  52,  48,    1,  -51 },   // 0x54 'T'
  { 12513,  45,  53,  58,    7,  -51 },   // 0x55 'U'
  { 12812,  54,  52,  55,    0,  -51 },   // 0x56 'V'
  { 13163,  74,  52,  78,    2,  -51 },   // 0x57 'W'
  { 13644,  52,  52,  55,    1,  -51 },   // 0x58 'X'
  { 13982,  53,  52,  51,   -1,  -51 },   // 0x59 'Y'
  { 14327,  45,  52,  51,    3,  -51 },   // 0x5A 'Z'
  { 14620,  22,  63,  32,    6,  -53 },   // 0x5B '['
  { 14794,  26,  58,  26,    0,  -51 },   // 0x5C '\'
  { 14983,  22,  63,  32,    5,  -53 },   // 0x5D ']'
  { 15157,  45,  19,  59,    7,  -51 },   // 0x5E '^'
  { 15264,  36,   7,  36,    0,   11 },   // 0x5F '_'
  { 15296,  20,  13,  36,    3,  -56 },   // 0x60 '`'
  { 15329,  39,  41,  48,    3,  -39 },   // 0x61 'a'
  { 15529,  42,  55,  51,    6,  -53 },   // 0x62 'b'
  { 15818,  34,  41,  42,    3,  -39 },   // 0x63 'c'
  { 15993,  42,  55,  51,    3,  -53 },   // 0x64 'd'
  { 16282,  42,  41,  48,    3,  -39 },   // 0x65 'e'
  { 16498,  30,  54,  31,    2,  -53 },   // 0x66 'f'
  { 16701,  42,  55,  51,    3,  -39 },   // 0x67 'g'
  { 16990,  39,  54,  51,    6,  -53 },   // 0x68 'h'
  { 17254,  12,  54,  24,    6,  -53 },   // 0x69 'i'
  { 17335,  20,  69,  24,   -2,  -53 },   // 0x6A 'j'
  { 17508,  43,  54,  47,    6,  -53 },   // 0x6B 'k'
  { 17799,  12,  54,  24,    6,  -53 },   // 0x6C 'l'
  { 17880,  62,  40,  74,    6,  -39 },   // 0x6D 'm'
  { 18190,  39,  40,  51,    6,  -39 },   // 0x6E 'n'
  { 18385,  43,  41,  49,    3,  -39 },   // 0x6F 'o'
  { 18606,  42,  55,  51,    6,  -39 },   // 0x70 'p'
  { 18895,  42,  55,  51,    3,  -39 },   // 0x71 'q'
  { 19184,  29,  40,  35,    6,  -39 },   // 0x72 'r'
  { 19329,  35,  41,  42,    4,  -39 },   // 0x73 's'
  { 19509,  31,  50,  34,    1,  -49 },   // 0x74 't'
  { 19703,  39,  40,  51,    6,  -38 },   // 0x75 'u'
  { 19898,  44,  39,  46,    1,  -38 },   // 0x76 'v'
  { 20113,  61,  39,  66,    3,  -38 },   // 0x77 'w'
  { 20411,  44,  39,  46,    1,  -38 },   // 0x78 'x'
  { 20626,  44,  54,  46,    1,  -38 },   // 0x79 'y'
  { 20923,  35,  39,  41,    3,  -38 },   // 0x7A 'z'
  { 21094,  33,  66,  51,    9,  -53 },   // 0x7B '{'
  { 21367,   8,  71,  26,    9,  -53 },   // 0x7C '|'
  { 21438,  33,  66,  51,    9,  -53 },   // 0x7D '}'
  { 21711,  44,  15,  59,    8,  -29 } }; // 0x7E '~'

const GFXfont DejaVuSans_Bold36pt7b PROGMEM = {
  (uint8_t  *)DejaVuSans_Bold36pt7bBitmaps,
  (GFXglyph *)DejaVuSans_Bold36pt7bGlyphs,
  0x20, 0x7E, 82 };